order_id,order_date,customer_id,customer_age,customer_region,product_category,product_name,quantity,unit_price,discount_percent,payment_method,shipping_cost,delivery_days,customer_rating,is_returned,revenue,order_month,order_weekday
104710,2023-06-01,676,46.0,Nord,Mode,Mütze,1,29.84,10.0,Sofortüberweisung,2.99,4,5.0,False,26.856,2023-06,Thursday
100691,2024-06-06,371,30.0,West,Elektronik,Bluetooth-Lautsprecher,2,21.07,0.0,Rechnung,2.99,6,5.0,False,42.14,2024-06,Thursday
100065,2023-09-09,501,26.0,Ost,Mode,T-Shirt,1,26.9,20.0,PayPal,6.99,3,3.0,False,21.52,2023-09,Saturday
103426,2023-11-02,961,30.0,Süd,Haushalt,Staubsauger,1,13.9,10.0,Kreditkarte,6.99,4,5.0,False,12.51,2023-11,Thursday
104820,2023-01-21,1213,48.0,Süd,Mode,Mütze,1,53.6,0.0,Sofortüberweisung,4.99,3,4.0,False,53.6,2023-01,Saturday
100393,2023-01-23,140,31.0,Mitte,Sport,Laufschuhe,3,26.16,0.0,Kreditkarte,4.99,2,4.0,False,78.48,2023-01,Monday
101424,2023-04-06,116,45.0,Mitte,Mode,Sneaker,2,4.71,0.0,PayPal,4.99,5,5.0,False,9.42,2023-04,Thursday
100642,2023-10-14,181,36.0,Ost,Elektronik,Kopfhörer,1,67.81,5.0,Lastschrift,6.99,6,4.0,False,64.4195,2023-10,Saturday
102835,2024-01-01,1497,18.0,Süd,Haushalt,Pfannenset,1,59.7,5.0,Sofortüberweisung,0.0,4,5.0,False,56.715,2024-01,Monday
101738,2023-03-07,1006,43.0,Nord,Elektronik,Powerbank,2,16.99,5.0,Lastschrift,6.99,6,3.0,False,32.281,2023-03,Tuesday
102945,2023-04-24,1738,38.0,Süd,Elektronik,Smartphone-Hülle,1,38.67,0.0,Lastschrift,0.0,3,4.0,False,38.67,2023-04,Monday
102067,2023-05-10,940,35.0,Nord,Elektronik,Bluetooth-Lautsprecher,1,41.85,0.0,Rechnung,4.99,2,2.0,False,41.85,2023-05,Wednesday
103347,2024-11-03,1053,45.0,Mitte,Sport,Yogamatte,2,58.33,0.0,Kreditkarte,2.99,2,5.0,True,116.66,2024-11,Sunday
100530,2024-12-23,674,31.0,Mitte,Elektronik,Powerbank,1,54.21,0.0,Sofortüberweisung,2.99,4,4.0,False,54.21,2024-12,Monday
104301,2024-03-20,503,56.0,Süd,Mode,Mütze,3,15.9,25.0,Sofortüberweisung,0.0,1,3.0,False,35.775000000000006,2024-03,Wednesday
100828,2024-09-22,1772,55.0,Ost,Elektronik,Powerbank,1,64.86,0.0,Rechnung,2.99,5,4.0,False,64.86,2024-09,Sunday
101204,2024-03-01,19,31.0,Süd,Mode,Jeans,1,31.57,10.0,Rechnung,2.99,3,4.0,False,28.413,2024-03,Friday
100179,2024-09-04,1029,46.0,Nord,Bücher,Sachbuch,2,4.04,25.0,Kreditkarte,2.99,4,4.0,False,6.0600000000000005,2024-09,Wednesday
102765,2023-03-28,719,37.0,Süd,Mode,Sneaker,1,37.07,20.0,Sofortüberweisung,2.99,3,5.0,False,29.656000000000002,2023-03,Tuesday
101777,2024-01-09,396,41.0,West,Elektronik,Bluetooth-Lautsprecher,1,36.42,0.0,PayPal,4.99,6,5.0,False,36.42,2024-01,Tuesday
104927,2023-09-15,481,38.0,West,Bücher,Comic,1,18.12,0.0,Sofortüberweisung,0.0,6,4.0,False,18.12,2023-09,Friday
100491,2023-11-14,957,54.0,Ost,Elektronik,Smartphone-Hülle,1,33.3,20.0,Lastschrift,0.0,1,4.0,False,26.64,2023-11,Tuesday
104653,2024-12-08,1593,31.0,Süd,Elektronik,Kopfhörer,1,30.37,5.0,Kreditkarte,2.99,8,4.0,False,28.851499999999998,2024-12,Sunday
100033,2023-07-06,1145,31.0,Mitte,Haushalt,Pfannenset,1,64.52,0.0,Rechnung,4.99,2,5.0,False,64.52,2023-07,Thursday
103022,2024-03-12,984,35.0,West,Mode,Jacke,4,60.61,0.0,Sofortüberweisung,2.99,4,4.0,False,242.44,2024-03,Tuesday
103620,2023-07-08,472,38.0,Ost,Elektronik,Powerbank,1,52.84,0.0,Kreditkarte,0.0,1,4.0,False,52.84,2023-07,Saturday
100485,2024-12-24,1155,37.0,Ost,Mode,Mütze,2,58.41,0.0,Rechnung,6.99,4,4.0,False,116.82,2024-12,Tuesday
100079,2024-12-29,1376,44.0,Süd,Mode,Mütze,1,39.78,15.0,Lastschrift,4.99,4,5.0,False,33.813,2024-12,Sunday
101344,2023-07-18,285,22.0,Mitte,Haushalt,Staubsauger,1,41.0,0.0,Lastschrift,0.0,5,2.0,True,41.0,2023-07,Tuesday
100577,2023-11-29,53,44.0,Nord,Elektronik,Powerbank,1,37.14,0.0,PayPal,0.0,2,5.0,False,37.14,2023-11,Wednesday
101175,2023-02-05,947,22.0,West,Elektronik,Smartphone-Hülle,1,21.59,5.0,PayPal,0.0,2,4.0,True,20.5105,2023-02,Sunday
101487,2023-10-02,1679,58.0,Nord,Mode,Sneaker,1,39.18,0.0,Lastschrift,0.0,5,5.0,False,39.18,2023-10,Monday
100497,2024-06-05,1365,38.0,Süd,Mode,Jeans,1,12.62,0.0,Sofortüberweisung,4.99,6,4.0,False,12.62,2024-06,Wednesday
104102,2023-04-27,1295,18.0,Süd,Sport,Yogamatte,1,12.37,0.0,PayPal,6.99,5,5.0,False,12.37,2023-04,Thursday
101144,2024-08-08,1228,30.0,West,Elektronik,Kopfhörer,1,40.01,10.0,Lastschrift,2.99,2,1.0,True,36.009,2024-08,Thursday
103734,2023-04-18,836,26.0,Mitte,Bücher,Kochbuch,1,28.53,20.0,Lastschrift,2.99,4,-1.0,False,22.824,2023-04,Tuesday
104237,2024-09-05,858,21.0,Mitte,Sport,Laufschuhe,1,39.93,5.0,PayPal,2.99,2,5.0,False,37.933499999999995,2024-09,Thursday
103243,2024-06-24,1608,47.0,Süd,Sport,Hantel,1,24.63,10.0,PayPal,2.99,2,4.0,False,22.166999999999998,2024-06,Monday
101235,2024-01-04,236,35.0,Süd,Mode,Mütze,2,20.01,0.0,Sofortüberweisung,4.99,4,5.0,False,40.02,2024-01,Thursday
104568,2023-11-03,1302,34.0,Süd,Haushalt,Pfannenset,2,53.24,0.0,Sofortüberweisung,4.99,1,3.0,False,106.48,2023-11,Friday
104267,2023-03-14,1006,23.0,Nord,Mode,Jeans,1,17.64,0.0,Rechnung,2.99,6,-1.0,False,17.64,2023-03,Tuesday
100624,2024-12-02,884,43.0,Ost,Mode,Jeans,1,28.72,0.0,PayPal,6.99,8,5.0,False,28.72,2024-12,Monday
101629,2023-09-12,382,18.0,Süd,Haushalt,Bettwäsche,1,15.82,0.0,Kreditkarte,4.99,2,4.0,False,15.82,2023-09,Tuesday
100199,2024-01-20,1783,39.0,Ost,Elektronik,USB-Kabel,1,28.69,0.0,Kreditkarte,2.99,2,5.0,False,28.69,2024-01,Saturday
103613,2024-01-12,632,30.0,Mitte,Mode,T-Shirt,2,21.11,10.0,Sofortüberweisung,4.99,4,5.0,False,37.998,2024-01,Friday
101988,2023-10-06,1732,34.0,West,Sport,Hantel,2,53.04,10.0,Rechnung,4.99,5,4.0,False,95.472,2023-10,Friday
102344,2024-01-18,1453,51.0,Süd,Sport,Laufschuhe,1,23.77,0.0,Lastschrift,0.0,1,1.0,False,23.77,2024-01,Thursday
103263,2023-09-22,786,59.0,West,Haushalt,Bettwäsche,1,39.8,0.0,Kreditkarte,2.99,4,5.0,False,39.8,2023-09,Friday
101905,2023-12-27,546,51.0,West,Mode,T-Shirt,1,18.63,5.0,Kreditkarte,4.99,4,4.0,False,17.6985,2023-12,Wednesday
100765,2024-01-22,1652,33.0,Mitte,Mode,T-Shirt,1,11.47,0.0,Rechnung,6.99,1,5.0,False,11.47,2024-01,Monday
100803,2023-01-02,1661,37.0,Mitte,Bücher,Kochbuch,1,8.98,0.0,Sofortüberweisung,4.99,5,5.0,False,8.98,2023-01,Monday
101501,2024-04-30,853,45.0,West,Sport,Yogamatte,1,50.93,0.0,Kreditkarte,4.99,8,5.0,False,50.93,2024-04,Tuesday
101770,2024-07-10,277,50.0,Nord,Mode,Jeans,2,21.15,0.0,Sofortüberweisung,0.0,2,1.0,False,42.3,2024-07,Wednesday
100106,2023-04-23,1173,37.0,Mitte,Elektronik,Smartphone-Hülle,3,29.13,0.0,Lastschrift,4.99,3,-1.0,False,87.39,2023-04,Sunday
102964,2024-04-14,1747,23.0,Süd,Bücher,Kochbuch,2,18.99,0.0,Lastschrift,2.99,6,4.0,False,37.98,2024-04,Sunday
100838,2024-11-19,1278,51.0,Mitte,Sport,Laufschuhe,1,95.11,0.0,Lastschrift,0.0,3,5.0,True,95.11,2024-11,Tuesday
103971,2024-11-10,650,38.0,Ost,Elektronik,USB-Kabel,3,94.06,0.0,Sofortüberweisung,4.99,1,3.0,False,282.18,2024-11,Sunday
100705,2023-10-13,1709,27.0,Mitte,Haushalt,Lampe,1,173.15,0.0,Lastschrift,4.99,2,5.0,False,173.15,2023-10,Friday
104150,2024-09-02,1490,35.0,Mitte,Mode,Jacke,1,11.72,0.0,Lastschrift,2.99,4,5.0,False,11.72,2024-09,Monday
103179,2023-08-18,71,45.0,Ost,Haushalt,Lampe,1,76.88,0.0,Lastschrift,2.99,3,5.0,False,76.88,2023-08,Friday
104776,2023-04-27,1267,21.0,Nord,Elektronik,Bluetooth-Lautsprecher,1,39.67,5.0,Rechnung,6.99,4,4.0,False,37.6865,2023-04,Thursday
100228,2024-12-02,676,51.0,West,Elektronik,Kopfhörer,1,47.07,0.0,Rechnung,0.0,4,5.0,False,47.07,2024-12,Monday
103336,2023-02-20,1211,53.0,Süd,Haushalt,Staubsauger,1,67.26,0.0,Rechnung,4.99,3,5.0,False,67.26,2023-02,Monday
102268,2023-08-31,985,39.0,Ost,Haushalt,Kaffeemaschine,2,63.57,5.0,Rechnung,2.99,1,4.0,False,120.783,2023-08,Thursday
103852,2024-06-22,199,45.0,West,Elektronik,Kopfhörer,2,383.7046384462407,0.0,Kreditkarte,2.99,5,4.0,False,767.4092768924814,2024-06,Saturday
100501,2023-03-11,1301,27.0,Nord,Elektronik,USB-Kabel,1,24.85,0.0,PayPal,6.99,5,5.0,False,24.85,2023-03,Saturday
103128,2023-02-26,1052,29.0,Mitte,Sport,Yogamatte,2,28.84,0.0,Sofortüberweisung,2.99,2,5.0,False,57.68,2023-02,Sunday
103352,2023-06-11,346,38.0,West,Mode,Mütze,5,13.49,0.0,PayPal,4.99,4,5.0,False,67.45,2023-06,Sunday
104174,2024-04-12,636,28.0,Süd,Mode,Jeans,1,40.1,0.0,Kreditkarte,2.99,2,4.0,False,40.1,2024-04,Friday
101634,2024-05-22,231,20.0,Nord,Bücher,Kochbuch,2,26.78,5.0,PayPal,0.0,4,5.0,False,50.882,2024-05,Wednesday
101480,2024-08-29,605,44.0,West,Haushalt,Kaffeemaschine,2,99.38,0.0,Rechnung,2.99,4,4.0,False,198.76,2024-08,Thursday
102115,2024-01-22,932,50.0,Ost,Elektronik,Smartphone-Hülle,2,39.47,10.0,PayPal,0.0,1,5.0,False,71.046,2024-01,Monday
103999,2024-03-21,665,19.0,Mitte,Bücher,Kinderbuch,1,5.3,10.0,Lastschrift,4.99,1,5.0,False,4.77,2024-03,Thursday
100561,2023-12-14,262,30.0,West,Elektronik,USB-Kabel,1,43.76,0.0,Rechnung,6.99,5,5.0,False,43.76,2023-12,Thursday
104198,2024-05-28,190,46.0,Nord,Mode,Sneaker,1,18.99,0.0,Lastschrift,4.99,1,4.0,True,18.99,2024-05,Tuesday
103697,2024-09-23,434,18.0,West,Mode,Sneaker,1,71.76,0.0,Rechnung,2.99,2,5.0,False,71.76,2024-09,Monday
101744,2024-10-30,1470,34.0,Ost,Elektronik,USB-Kabel,1,20.75,0.0,Rechnung,2.99,4,5.0,False,20.75,2024-10,Wednesday
100279,2023-07-19,37,38.0,Nord,Haushalt,Kaffeemaschine,1,44.76,0.0,Kreditkarte,0.0,2,4.0,False,44.76,2023-07,Wednesday
102266,2023-07-17,1780,43.0,Ost,Sport,Yogamatte,1,18.71,10.0,Rechnung,2.99,6,5.0,False,16.839000000000002,2023-07,Monday
100157,2024-07-12,555,39.0,Nord,Mode,Mütze,2,19.73,10.0,Sofortüberweisung,4.99,4,4.0,False,35.514,2024-07,Friday
100538,2023-12-23,1323,47.0,Ost,Haushalt,Lampe,1,46.24,15.0,Rechnung,2.99,4,4.0,False,39.304,2023-12,Saturday
104114,2024-05-01,1724,48.0,Ost,Mode,Mütze,2,30.14,0.0,Kreditkarte,6.99,2,5.0,False,60.28,2024-05,Wednesday
104457,2023-06-26,643,30.0,West,Haushalt,Bettwäsche,1,52.43,10.0,Sofortüberweisung,0.0,2,4.0,False,47.187,2023-06,Monday
101650,2023-03-07,1747,39.0,Mitte,Mode,Jacke,2,21.34,0.0,Rechnung,2.99,3,4.0,False,42.68,2023-03,Tuesday
103150,2023-06-24,709,52.0,Nord,Mode,Mütze,1,28.95,0.0,Lastschrift,0.0,2,5.0,False,28.95,2023-06,Saturday
100764,2024-12-06,789,20.0,Ost,Mode,Jacke,2,48.51,0.0,Rechnung,4.99,3,4.0,False,97.02,2024-12,Friday
101864,2023-06-05,439,18.0,Mitte,Mode,T-Shirt,1,48.68,5.0,Rechnung,4.99,1,5.0,False,46.245999999999995,2023-06,Monday
103485,2024-04-02,530,30.0,Nord,Mode,Jacke,3,17.27,0.0,Sofortüberweisung,0.0,2,4.0,False,51.81,2024-04,Tuesday
100731,2024-11-10,200,59.0,Ost,Elektronik,Bluetooth-Lautsprecher,1,13.48,5.0,Lastschrift,4.99,1,5.0,False,12.806,2024-11,Sunday
100084,2023-11-01,554,39.0,Ost,Sport,Hantel,1,50.02,15.0,PayPal,0.0,6,5.0,True,42.517,2023-11,Wednesday
102580,2024-03-08,599,62.0,Süd,Elektronik,Smartphone-Hülle,1,31.89,10.0,Sofortüberweisung,4.99,5,4.0,False,28.701,2024-03,Friday
103207,2024-11-02,848,44.0,Süd,Elektronik,Kopfhörer,1,60.9,0.0,Rechnung,2.99,7,4.0,False,60.9,2024-11,Saturday
102974,2023-10-21,1645,30.0,Süd,Bücher,Roman,1,19.34,0.0,Lastschrift,2.99,5,5.0,False,19.34,2023-10,Saturday
102696,2024-10-24,927,36.0,Mitte,Mode,Sneaker,1,39.3,20.0,Sofortüberweisung,2.99,5,4.0,False,31.439999999999998,2024-10,Thursday
101338,2024-08-04,811,42.0,West,Mode,T-Shirt,1,514.1127929196556,0.0,Lastschrift,4.99,4,5.0,False,514.1127929196556,2024-08,Sunday
103902,2024-11-19,517,37.0,Süd,Elektronik,Powerbank,4,44.15,20.0,Rechnung,4.99,5,5.0,False,141.28,2024-11,Tuesday
100911,2023-06-14,1600,36.0,Süd,Elektronik,Bluetooth-Lautsprecher,1,42.57,0.0,Sofortüberweisung,4.99,4,4.0,False,42.57,2023-06,Wednesday
100029,2023-02-02,1582,44.0,West,Mode,Jacke,1,8.13,0.0,PayPal,6.99,1,-1.0,False,8.13,2023-02,Thursday
100677,2024-02-15,53,44.0,West,Haushalt,Kaffeemaschine,1,54.65,5.0,PayPal,2.99,4,5.0,False,51.9175,2024-02,Thursday
104501,2024-06-05,651,48.0,Ost,Mode,Mütze,1,38.09,0.0,PayPal,2.99,3,5.0,False,38.09,2024-06,Wednesday
103685,2023-01-26,899,31.0,West,Haushalt,Bettwäsche,2,60.03,10.0,Sofortüberweisung,0.0,3,3.0,False,108.054,2023-01,Thursday
103741,2023-12-16,861,27.0,Nord,Bücher,Kochbuch,1,9.0,0.0,Kreditkarte,6.99,4,2.0,False,9.0,2023-12,Saturday
101620,2024-06-04,840,60.0,Nord,Sport,Hantel,1,38.89,0.0,Lastschrift,6.99,3,4.0,False,38.89,2024-06,Tuesday
100422,2024-12-09,777,43.0,Süd,Bücher,Kochbuch,2,20.67,10.0,Kreditkarte,2.99,4,5.0,False,37.206,2024-12,Monday
101665,2024-02-27,253,53.0,Mitte,Sport,Fitnessband,1,38.93,0.0,Rechnung,2.99,3,5.0,False,38.93,2024-02,Tuesday
104989,2024-11-04,446,66.0,Mitte,Elektronik,USB-Kabel,1,31.48,0.0,Rechnung,2.99,5,5.0,False,31.48,2024-11,Monday
102727,2023-03-29,1479,48.0,Mitte,Bücher,Kinderbuch,2,7.37,0.0,Lastschrift,4.99,4,5.0,False,14.74,2023-03,Wednesday
103193,2024-08-04,707,41.0,Mitte,Elektronik,Kopfhörer,1,46.05,0.0,Rechnung,6.99,4,4.0,False,46.05,2024-08,Sunday
103968,2024-01-17,627,30.0,West,Haushalt,Staubsauger,1,126.64,0.0,Sofortüberweisung,2.99,5,4.0,False,126.64,2024-01,Wednesday
100168,2024-07-12,1110,49.0,Nord,Bücher,Kinderbuch,2,7.24,0.0,Sofortüberweisung,4.99,2,4.0,False,14.48,2024-07,Friday
103834,2023-02-16,1139,35.0,Nord,Elektronik,USB-Kabel,1,51.25,0.0,Rechnung,4.99,3,-1.0,False,51.25,2023-02,Thursday
103481,2024-01-14,1481,29.0,Ost,Elektronik,Powerbank,1,33.16,10.0,PayPal,0.0,3,3.0,False,29.843999999999998,2024-01,Sunday
103469,2023-04-12,1794,21.0,West,Sport,Trinkflasche,1,20.02,0.0,Lastschrift,4.99,2,4.0,False,20.02,2023-04,Wednesday
100227,2024-03-28,464,56.0,Nord,Mode,Jeans,2,33.34,20.0,Kreditkarte,2.99,2,2.0,False,53.34400000000001,2024-03,Thursday
102654,2023-10-13,475,26.0,Mitte,Elektronik,Powerbank,2,52.13,0.0,Sofortüberweisung,4.99,2,4.0,False,104.26,2023-10,Friday
100486,2024-05-10,1172,69.0,Nord,Haushalt,Pfannenset,2,75.19,0.0,Lastschrift,2.99,5,5.0,False,150.38,2024-05,Friday
101694,2023-10-19,428,23.0,Nord,Mode,Mütze,4,36.09,0.0,Sofortüberweisung,2.99,6,-1.0,False,144.36,2023-10,Thursday
101200,2023-01-07,93,45.0,Mitte,Mode,T-Shirt,2,65.15,25.0,Lastschrift,0.0,5,1.0,False,97.72500000000001,2023-01,Saturday
102685,2024-10-25,1092,50.0,Nord,Mode,Jeans,1,44.37,0.0,Rechnung,4.99,3,5.0,False,44.37,2024-10,Friday
103172,2023-09-28,403,48.0,Süd,Mode,T-Shirt,1,12.45,0.0,Kreditkarte,0.0,4,4.0,False,12.45,2023-09,Thursday
100023,2024-12-03,1527,44.0,Ost,Mode,Jeans,1,21.65,20.0,Lastschrift,2.99,6,4.0,False,17.32,2024-12,Tuesday
103084,2024-06-06,11,48.0,Süd,Elektronik,Bluetooth-Lautsprecher,2,18.9,0.0,Rechnung,0.0,4,4.0,False,37.8,2024-06,Thursday
103130,2023-05-30,1015,27.0,Ost,Elektronik,Powerbank,2,70.42,0.0,PayPal,2.99,5,1.0,False,140.84,2023-05,Tuesday
102536,2024-12-04,753,26.0,Süd,Elektronik,Powerbank,1,45.94,0.0,Sofortüberweisung,0.0,4,5.0,False,45.94,2024-12,Wednesday
102897,2024-07-05,504,55.0,West,Elektronik,Bluetooth-Lautsprecher,1,93.65,0.0,Kreditkarte,2.99,3,5.0,False,93.65,2024-07,Friday
104840,2023-08-01,1006,47.0,Ost,Bücher,Sachbuch,2,25.43,0.0,PayPal,2.99,3,4.0,False,50.86,2023-08,Tuesday
102093,2023-01-09,1094,28.0,West,Sport,Trinkflasche,2,27.31,0.0,Kreditkarte,0.0,3,5.0,False,54.62,2023-01,Monday
100239,2023-01-04,143,20.0,Nord,Bücher,Comic,1,21.69,10.0,Lastschrift,0.0,5,4.0,False,19.521,2023-01,Wednesday
103571,2023-07-17,450,58.0,West,Sport,Trinkflasche,3,13.02,0.0,Kreditkarte,4.99,2,5.0,True,39.06,2023-07,Monday
103765,2023-05-16,986,34.0,Ost,Elektronik,Powerbank,2,3.86,0.0,Sofortüberweisung,4.99,3,4.0,False,7.72,2023-05,Tuesday
102016,2023-12-26,220,43.0,Süd,Bücher,Comic,2,19.4,5.0,PayPal,6.99,3,3.0,False,36.85999999999999,2023-12,Tuesday
104038,2023-12-13,474,54.0,West,Elektronik,Powerbank,1,131.31,0.0,Kreditkarte,0.0,6,-1.0,False,131.31,2023-12,Wednesday
100297,2024-04-23,1490,28.0,Süd,Mode,T-Shirt,1,25.6,5.0,Sofortüberweisung,2.99,2,-1.0,False,24.32,2024-04,Tuesday
100248,2024-09-17,869,62.0,Mitte,Elektronik,Bluetooth-Lautsprecher,1,51.84,15.0,Lastschrift,6.99,5,5.0,False,44.064,2024-09,Tuesday
102135,2023-03-28,1727,34.0,Ost,Elektronik,Bluetooth-Lautsprecher,1,34.92,0.0,PayPal,4.99,2,4.0,False,34.92,2023-03,Tuesday
100373,2024-08-29,523,30.0,Mitte,Haushalt,Kaffeemaschine,1,26.51,20.0,Rechnung,6.99,3,5.0,False,21.208000000000002,2024-08,Thursday
100881,2024-01-14,1053,37.0,Mitte,Sport,Laufschuhe,3,11.74,0.0,PayPal,6.99,8,2.0,False,35.22,2024-01,Sunday
102307,2023-04-07,508,38.0,West,Mode,T-Shirt,1,36.76,15.0,Rechnung,4.99,1,4.0,False,31.246,2023-04,Friday
103887,2023-07-27,737,18.0,Nord,Elektronik,USB-Kabel,2,25.58,5.0,Lastschrift,0.0,3,5.0,False,48.602,2023-07,Thursday
104503,2023-06-21,1082,43.0,Ost,Mode,Mütze,2,19.09,0.0,Sofortüberweisung,0.0,6,4.0,False,38.18,2023-06,Wednesday
102991,2023-03-30,874,50.0,Mitte,Mode,Mütze,2,50.42,20.0,PayPal,2.99,2,5.0,False,80.67200000000001,2023-03,Thursday
100724,2024-08-22,1247,21.0,Nord,Elektronik,Bluetooth-Lautsprecher,1,62.32,10.0,Sofortüberweisung,0.0,7,3.0,False,56.088,2024-08,Thursday
102220,2023-01-14,1634,54.0,Ost,Mode,Jeans,2,32.8,20.0,Rechnung,2.99,1,5.0,False,52.48,2023-01,Saturday
102217,2024-08-11,44,57.0,Mitte,Sport,Fitnessband,1,14.06,0.0,PayPal,2.99,4,5.0,False,14.06,2024-08,Sunday
101468,2024-05-02,1786,34.0,Nord,Elektronik,Bluetooth-Lautsprecher,1,66.88,10.0,Kreditkarte,6.99,1,3.0,False,60.192,2024-05,Thursday
101592,2024-08-11,1692,23.0,West,Sport,Hantel,1,56.08,10.0,Kreditkarte,6.99,7,5.0,False,50.472,2024-08,Sunday
103951,2023-05-04,1354,18.0,Mitte,Sport,Yogamatte,1,23.22,15.0,Kreditkarte,0.0,6,4.0,False,19.737,2023-05,Thursday
102445,2024-04-21,609,31.0,West,Bücher,Comic,2,201.1439154098505,0.0,Rechnung,0.0,4,5.0,False,402.287830819701,2024-04,Sunday
103091,2023-07-13,511,43.0,West,Haushalt,Lampe,1,36.85,0.0,Sofortüberweisung,4.99,4,4.0,False,36.85,2023-07,Thursday
100927,2023-12-26,748,23.0,West,Mode,Jacke,1,103.792051418842,0.0,Sofortüberweisung,0.0,1,4.0,False,103.792051418842,2023-12,Tuesday
104579,2024-02-24,142,35.0,West,Elektronik,Kopfhörer,3,18.15,10.0,Sofortüberweisung,4.99,2,3.0,False,49.004999999999995,2024-02,Saturday
104652,2024-08-05,88,37.0,Süd,Elektronik,Powerbank,1,34.38,0.0,PayPal,2.99,3,5.0,False,34.38,2024-08,Monday
100599,2024-12-03,1359,27.0,Mitte,Haushalt,Staubsauger,3,75.52,0.0,Rechnung,0.0,4,4.0,True,226.56,2024-12,Tuesday
101392,2024-05-17,1447,18.0,Ost,Elektronik,USB-Kabel,2,62.99,0.0,Kreditkarte,2.99,3,5.0,False,125.98,2024-05,Friday
102227,2023-10-29,138,23.0,Nord,Haushalt,Pfannenset,1,53.61,20.0,Kreditkarte,0.0,7,4.0,False,42.888000000000005,2023-10,Sunday
104176,2023-07-01,462,29.0,Mitte,Mode,Mütze,1,35.79,0.0,Kreditkarte,2.99,1,5.0,False,35.79,2023-07,Saturday
101609,2023-03-24,480,36.0,Nord,Haushalt,Kaffeemaschine,1,58.41,15.0,Sofortüberweisung,2.99,1,2.0,False,49.6485,2023-03,Friday
104290,2024-02-20,1379,31.0,Ost,Mode,T-Shirt,1,44.41,20.0,PayPal,4.99,3,4.0,False,35.528,2024-02,Tuesday
102876,2023-07-17,1616,32.0,West,Elektronik,USB-Kabel,1,17.83,10.0,Sofortüberweisung,0.0,6,4.0,False,16.047,2023-07,Monday
103288,2024-03-07,720,38.0,Mitte,Bücher,Sachbuch,2,12.32,0.0,PayPal,4.99,4,2.0,False,24.64,2024-03,Thursday
102142,2023-11-26,801,27.0,Nord,Mode,T-Shirt,3,29.37,0.0,Lastschrift,0.0,3,5.0,False,88.11,2023-11,Sunday
100471,2024-04-15,699,42.0,Nord,Elektronik,Powerbank,1,17.97,0.0,Rechnung,2.99,5,3.0,False,17.97,2024-04,Monday
101244,2024-11-17,755,60.0,West,Bücher,Kochbuch,1,26.15,0.0,Sofortüberweisung,4.99,7,5.0,False,26.15,2024-11,Sunday
103690,2024-11-10,307,19.0,Mitte,Mode,T-Shirt,2,33.03,0.0,PayPal,4.99,1,5.0,False,66.06,2024-11,Sunday
104221,2023-07-01,1143,49.0,West,Mode,Sneaker,2,29.98,0.0,Lastschrift,0.0,2,2.0,False,59.96,2023-07,Saturday
101073,2024-04-16,1371,20.0,Mitte,Mode,Mütze,1,9.23,0.0,Rechnung,0.0,9,5.0,False,9.23,2024-04,Tuesday
101044,2023-11-09,1478,40.0,Mitte,Elektronik,Smartphone-Hülle,1,85.7,20.0,Lastschrift,2.99,4,4.0,False,68.56,2023-11,Thursday
101714,2024-06-12,270,57.0,Nord,Sport,Laufschuhe,4,33.61,0.0,PayPal,0.0,4,5.0,True,134.44,2024-06,Wednesday
104040,2023-04-10,1064,38.0,Nord,Sport,Yogamatte,1,9.11,0.0,Sofortüberweisung,6.99,3,1.0,False,9.11,2023-04,Monday
104778,2024-03-31,547,44.0,Süd,Bücher,Sachbuch,1,34.58,0.0,Lastschrift,4.99,4,4.0,False,34.58,2024-03,Sunday
101034,2023-09-01,1120,44.0,Süd,Haushalt,Bettwäsche,1,46.06,0.0,PayPal,0.0,4,5.0,False,46.06,2023-09,Friday
104417,2024-05-11,575,19.0,West,Elektronik,USB-Kabel,5,23.89,0.0,Kreditkarte,4.99,4,2.0,False,119.45,2024-05,Saturday
101752,2023-01-21,928,26.0,Ost,Bücher,Kochbuch,5,15.41,5.0,Lastschrift,2.99,3,2.0,False,73.19749999999999,2023-01,Saturday
103649,2023-01-21,1648,26.0,Ost,Bücher,Kinderbuch,1,5.43,10.0,Rechnung,2.99,4,-1.0,False,4.887,2023-01,Saturday
104808,2024-10-07,399,43.0,Süd,Elektronik,Powerbank,1,8.05,0.0,Lastschrift,2.99,5,5.0,False,8.05,2024-10,Monday
101554,2023-10-08,322,44.0,Mitte,Elektronik,Smartphone-Hülle,1,64.04,0.0,Sofortüberweisung,2.99,3,5.0,False,64.04,2023-10,Sunday
104195,2024-11-30,823,41.0,Süd,Mode,Jacke,4,19.54,0.0,Rechnung,2.99,4,5.0,False,78.16,2024-11,Saturday
102986,2024-12-24,1755,57.0,Mitte,Mode,Jeans,1,22.72,0.0,Lastschrift,0.0,4,5.0,False,22.72,2024-12,Tuesday
102721,2024-04-03,1566,37.0,West,Bücher,Comic,1,16.28,0.0,Kreditkarte,4.99,7,3.0,False,16.28,2024-04,Wednesday
100829,2024-12-20,1575,49.0,Ost,Sport,Hantel,5,12.95,20.0,Kreditkarte,0.0,2,5.0,False,51.800000000000004,2024-12,Friday
101095,2024-07-12,1457,52.0,Ost,Elektronik,Smartphone-Hülle,2,24.46,0.0,Rechnung,2.99,5,3.0,False,48.92,2024-07,Friday
100426,2023-02-15,602,42.0,Süd,Sport,Laufschuhe,2,31.65,5.0,PayPal,0.0,5,5.0,False,60.135,2023-02,Wednesday
102145,2023-03-11,272,47.0,Nord,Sport,Trinkflasche,2,57.31,0.0,Sofortüberweisung,4.99,3,-1.0,False,114.62,2023-03,Saturday
103135,2024-08-22,1405,43.0,Süd,Mode,T-Shirt,1,14.6,0.0,Sofortüberweisung,4.99,3,5.0,False,14.6,2024-08,Thursday
104160,2024-09-04,717,32.0,Süd,Elektronik,USB-Kabel,2,38.25,0.0,Lastschrift,4.99,1,5.0,False,76.5,2024-09,Wednesday
104064,2024-02-26,1338,57.0,West,Sport,Laufschuhe,1,75.78,5.0,PayPal,0.0,1,4.0,False,71.991,2024-02,Monday
104342,2023-06-29,1413,41.0,Ost,Haushalt,Pfannenset,1,91.32,0.0,Rechnung,0.0,3,4.0,False,91.32,2023-06,Thursday
104951,2024-11-09,331,24.0,Ost,Haushalt,Staubsauger,3,101.26,10.0,Sofortüberweisung,2.99,2,4.0,False,273.40200000000004,2024-11,Saturday
103580,2024-10-26,435,50.0,West,Haushalt,Bettwäsche,2,28.37,0.0,Rechnung,2.99,1,5.0,False,56.74,2024-10,Saturday
104230,2023-10-18,358,49.0,Süd,Sport,Laufschuhe,5,29.49,0.0,Rechnung,0.0,6,5.0,False,147.45,2023-10,Wednesday
102662,2023-02-08,112,37.0,Süd,Mode,Jeans,3,26.55,20.0,Kreditkarte,0.0,1,5.0,False,63.720000000000006,2023-02,Wednesday
102705,2024-01-02,843,49.0,Mitte,Mode,Jeans,1,19.49,0.0,Rechnung,2.99,1,5.0,False,19.49,2024-01,Tuesday
101323,2023-12-19,413,53.0,Mitte,Elektronik,Bluetooth-Lautsprecher,1,30.89,0.0,Sofortüberweisung,6.99,4,5.0,False,30.89,2023-12,Tuesday
104129,2024-12-31,936,44.0,Mitte,Mode,Sneaker,4,30.35,0.0,Rechnung,4.99,6,2.0,False,121.4,2024-12,Tuesday
103984,2024-10-15,1632,26.0,Süd,Haushalt,Bettwäsche,1,31.75,0.0,Lastschrift,6.99,1,3.0,False,31.75,2024-10,Tuesday
104825,2024-12-09,935,38.0,Nord,Bücher,Kinderbuch,2,26.4,0.0,Kreditkarte,4.99,2,5.0,False,52.8,2024-12,Monday
104459,2024-07-13,1089,29.0,Mitte,Mode,T-Shirt,1,79.87,0.0,Kreditkarte,2.99,1,3.0,False,79.87,2024-07,Saturday
102883,2023-04-13,330,29.0,Ost,Bücher,Kochbuch,1,22.6,0.0,Lastschrift,4.99,5,3.0,False,22.6,2023-04,Thursday
102117,2024-11-10,1096,52.0,Nord,Elektronik,Kopfhörer,2,25.53,10.0,Lastschrift,6.99,4,4.0,False,45.954,2024-11,Sunday
100653,2024-05-30,964,52.0,Mitte,Mode,Mütze,1,51.52,0.0,PayPal,0.0,3,4.0,False,51.52,2024-05,Thursday
104436,2024-05-01,1576,28.0,Mitte,Mode,Jacke,1,42.45,0.0,Sofortüberweisung,4.99,1,4.0,False,42.45,2024-05,Wednesday
101018,2023-04-09,291,42.0,West,Sport,Trinkflasche,3,38.01,15.0,Kreditkarte,2.99,2,4.0,False,96.9255,2023-04,Sunday
100088,2023-07-31,1114,33.0,Süd,Haushalt,Lampe,2,16.22,5.0,PayPal,2.99,1,2.0,False,30.817999999999998,2023-07,Monday
101129,2023-07-13,461,51.0,Nord,Elektronik,Bluetooth-Lautsprecher,1,50.84,0.0,Sofortüberweisung,2.99,1,5.0,False,50.84,2023-07,Thursday
103773,2024-03-29,1721,47.0,Mitte,Sport,Yogamatte,1,34.25,10.0,PayPal,0.0,2,5.0,False,30.825,2024-03,Friday
100008,2024-10-21,556,20.0,West,Elektronik,USB-Kabel,1,64.32,0.0,Kreditkarte,2.99,2,5.0,False,64.32,2024-10,Monday
101886,2024-11-25,551,20.0,Mitte,Mode,T-Shirt,1,20.06,0.0,Lastschrift,2.99,7,4.0,False,20.06,2024-11,Monday
101662,2023-08-17,1388,25.0,Mitte,Mode,Mütze,1,24.16,0.0,Lastschrift,2.99,3,5.0,False,24.16,2023-08,Thursday
103910,2024-01-16,21,26.0,Süd,Sport,Trinkflasche,4,44.92,0.0,Lastschrift,4.99,4,5.0,False,179.68,2024-01,Tuesday
100681,2024-07-13,183,29.0,West,Sport,Fitnessband,1,21.37,15.0,Sofortüberweisung,2.99,3,3.0,False,18.1645,2024-07,Saturday
103658,2024-10-13,1688,46.0,West,Elektronik,Kopfhörer,1,49.2,0.0,Sofortüberweisung,0.0,1,4.0,False,49.2,2024-10,Sunday
100144,2024-02-07,1265,50.0,West,Bücher,Roman,1,18.37,0.0,Kreditkarte,0.0,1,3.0,False,18.37,2024-02,Wednesday
100994,2023-03-12,1511,38.0,Mitte,Elektronik,Powerbank,1,26.46,0.0,Sofortüberweisung,6.99,5,5.0,False,26.46,2023-03,Sunday
103652,2024-12-18,975,47.0,West,Haushalt,Staubsauger,1,61.17,0.0,Lastschrift,4.99,2,2.0,False,61.17,2024-12,Wednesday
101741,2023-05-01,1728,39.0,Nord,Mode,Jacke,1,11.4,0.0,PayPal,2.99,5,4.0,False,11.4,2023-05,Monday
103340,2024-10-09,1034,24.0,West,Elektronik,Smartphone-Hülle,1,40.09,0.0,Kreditkarte,2.99,3,4.0,False,40.09,2024-10,Wednesday
103835,2023-12-20,1129,34.0,West,Mode,Jacke,2,15.12,0.0,Lastschrift,6.99,5,-1.0,False,30.24,2023-12,Wednesday
102741,2023-07-18,999,37.0,West,Elektronik,USB-Kabel,1,24.47,0.0,PayPal,4.99,4,5.0,False,24.47,2023-07,Tuesday
100151,2024-12-21,479,59.0,West,Bücher,Roman,1,12.58,0.0,Rechnung,6.99,3,4.0,False,12.58,2024-12,Saturday
101670,2024-07-12,1612,50.0,Ost,Bücher,Sachbuch,1,15.96,0.0,PayPal,2.99,3,5.0,False,15.96,2024-07,Friday
103917,2024-06-27,592,48.0,Nord,Haushalt,Staubsauger,1,61.82,0.0,PayPal,0.0,4,5.0,True,61.82,2024-06,Thursday
101831,2024-07-01,890,46.0,Ost,Elektronik,USB-Kabel,2,8.7,15.0,Sofortüberweisung,4.99,4,5.0,False,14.79,2024-07,Monday
100240,2023-09-05,1024,50.0,West,Mode,Mütze,4,9.53,0.0,Rechnung,4.99,3,5.0,False,38.12,2023-09,Tuesday
100848,2023-05-30,1315,53.0,Ost,Mode,Jacke,2,7.93,0.0,Lastschrift,2.99,3,3.0,False,15.86,2023-05,Tuesday
102172,2024-11-14,1550,56.0,Nord,Haushalt,Pfannenset,1,44.2,20.0,Kreditkarte,2.99,5,5.0,False,35.36000000000001,2024-11,Thursday
101881,2024-03-10,1246,52.0,West,Bücher,Kinderbuch,2,2.27,0.0,PayPal,6.99,6,5.0,True,4.54,2024-03,Sunday
100856,2024-05-28,684,34.0,Süd,Haushalt,Lampe,1,54.57,0.0,Kreditkarte,0.0,3,5.0,False,54.57,2024-05,Tuesday
103355,2024-02-01,337,18.0,Ost,Mode,Jacke,1,33.19,5.0,Lastschrift,2.99,4,3.0,False,31.530499999999996,2024-02,Thursday
101413,2023-04-03,1021,38.0,West,Haushalt,Pfannenset,1,66.0,0.0,PayPal,0.0,2,3.0,False,66.0,2023-04,Monday
100964,2023-03-22,805,31.0,Mitte,Bücher,Roman,2,19.46,0.0,Kreditkarte,0.0,2,5.0,False,38.92,2023-03,Wednesday
101417,2023-04-25,378,46.0,Ost,Elektronik,Kopfhörer,2,33.83,15.0,Kreditkarte,2.99,7,-1.0,False,57.510999999999996,2023-04,Tuesday
102749,2023-07-29,1342,58.0,West,Sport,Trinkflasche,2,34.34,25.0,Rechnung,4.99,1,4.0,False,51.510000000000005,2023-07,Saturday
100457,2023-01-17,319,46.0,Ost,Mode,Sneaker,1,33.03,0.0,Kreditkarte,4.99,2,5.0,False,33.03,2023-01,Tuesday
101103,2023-05-11,16,27.0,West,Haushalt,Pfannenset,1,50.46,15.0,Sofortüberweisung,4.99,2,3.0,True,42.891,2023-05,Thursday
101436,2023-05-04,261,29.0,Nord,Haushalt,Bettwäsche,2,1778.1924327474612,0.0,PayPal,2.99,3,5.0,False,3556.3848654949225,2023-05,Thursday
104759,2023-05-28,603,35.0,West,Elektronik,Smartphone-Hülle,1,41.9,0.0,Lastschrift,2.99,2,4.0,False,41.9,2023-05,Sunday
104084,2023-11-05,1551,37.0,Ost,Sport,Fitnessband,1,9.18,0.0,PayPal,0.0,3,5.0,False,9.18,2023-11,Sunday
101590,2024-09-30,1092,42.0,Mitte,Mode,Sneaker,2,21.9,0.0,Rechnung,4.99,4,3.0,False,43.8,2024-09,Monday
103386,2024-09-24,1516,30.0,West,Bücher,Comic,1,24.41,0.0,PayPal,2.99,1,4.0,False,24.41,2024-09,Tuesday
100465,2024-07-25,493,35.0,Mitte,Bücher,Comic,4,32.8,5.0,Rechnung,2.99,3,5.0,False,124.63999999999999,2024-07,Thursday
102673,2023-04-18,1137,47.0,West,Haushalt,Kaffeemaschine,2,45.69,0.0,Rechnung,4.99,3,4.0,False,91.38,2023-04,Tuesday
103257,2024-02-27,1783,25.0,West,Elektronik,Smartphone-Hülle,1,97.04,0.0,Kreditkarte,2.99,4,2.0,False,97.04,2024-02,Tuesday
104293,2023-08-04,463,65.0,Ost,Elektronik,Kopfhörer,1,39.74,10.0,Rechnung,4.99,4,5.0,False,35.766000000000005,2023-08,Friday
101786,2023-07-06,1212,41.0,Nord,Elektronik,Smartphone-Hülle,1,30.63,5.0,PayPal,2.99,6,5.0,False,29.098499999999998,2023-07,Thursday
101718,2024-03-29,1125,43.0,Süd,Mode,T-Shirt,3,25.71,0.0,Kreditkarte,4.99,2,4.0,False,77.13,2024-03,Friday
100100,2023-10-03,922,36.0,Mitte,Haushalt,Kaffeemaschine,1,15.44,0.0,Kreditkarte,0.0,1,3.0,False,15.44,2023-10,Tuesday
104028,2023-03-25,337,33.0,Ost,Bücher,Comic,1,7.01,0.0,PayPal,0.0,1,4.0,False,7.01,2023-03,Saturday
101705,2024-04-07,1245,44.0,Mitte,Bücher,Sachbuch,1,9.93,0.0,Sofortüberweisung,0.0,2,5.0,False,9.93,2024-04,Sunday
103319,2023-05-07,563,52.0,West,Sport,Fitnessband,1,25.29,0.0,Kreditkarte,2.99,2,4.0,False,25.29,2023-05,Sunday
101049,2023-03-30,1010,39.0,Ost,Elektronik,Kopfhörer,1,18.26,0.0,Sofortüberweisung,0.0,6,3.0,False,18.26,2023-03,Thursday
101406,2023-09-20,1738,59.0,Nord,Sport,Hantel,1,41.67,0.0,Kreditkarte,4.99,5,5.0,False,41.67,2023-09,Wednesday
103625,2023-08-20,499,38.0,Nord,Elektronik,USB-Kabel,1,57.9,0.0,Sofortüberweisung,0.0,5,5.0,False,57.9,2023-08,Sunday
104192,2024-05-26,89,31.0,Mitte,Elektronik,Bluetooth-Lautsprecher,1,50.76,0.0,PayPal,4.99,3,5.0,False,50.76,2024-05,Sunday
101253,2024-11-21,1422,43.0,West,Mode,Jeans,1,30.96,0.0,Sofortüberweisung,0.0,4,4.0,False,30.96,2024-11,Thursday
104738,2024-07-31,718,18.0,Nord,Elektronik,Smartphone-Hülle,3,75.54,0.0,PayPal,0.0,2,5.0,True,226.62,2024-07,Wednesday
102420,2024-09-08,73,62.0,Mitte,Haushalt,Pfannenset,5,69.81,0.0,Kreditkarte,6.99,4,5.0,False,349.05,2024-09,Sunday
104273,2023-04-05,1303,39.0,Süd,Haushalt,Pfannenset,1,28.42,0.0,PayPal,2.99,4,5.0,False,28.42,2023-04,Wednesday
102847,2023-10-04,575,41.0,West,Elektronik,Kopfhörer,1,57.56,0.0,Kreditkarte,4.99,3,3.0,False,57.56,2023-10,Wednesday
101056,2024-04-13,1744,31.0,Süd,Elektronik,Smartphone-Hülle,1,25.26,5.0,Rechnung,4.99,3,4.0,False,23.997,2024-04,Saturday
102072,2023-08-18,711,45.0,West,Elektronik,Kopfhörer,4,30.17,10.0,Lastschrift,0.0,3,2.0,False,108.61200000000001,2023-08,Friday
101726,2023-08-11,867,46.0,Nord,Sport,Yogamatte,2,92.38,0.0,PayPal,2.99,4,3.0,False,184.76,2023-08,Friday
104252,2023-01-09,1207,52.0,Ost,Elektronik,Bluetooth-Lautsprecher,1,28.89,0.0,Kreditkarte,0.0,2,-1.0,False,28.89,2023-01,Monday
103361,2023-06-16,1668,20.0,Mitte,Elektronik,Powerbank,1,20.41,0.0,Rechnung,0.0,4,4.0,False,20.41,2023-06,Friday
101295,2024-02-12,159,28.0,Süd,Mode,Jacke,1,25.02,0.0,Sofortüberweisung,4.99,4,5.0,False,25.02,2024-02,Monday
103592,2024-03-19,800,41.0,Ost,Elektronik,Bluetooth-Lautsprecher,2,41.48,0.0,Rechnung,4.99,4,4.0,False,82.96,2024-03,Tuesday
103488,2024-03-04,734,33.0,Süd,Elektronik,Smartphone-Hülle,1,40.83,0.0,Kreditkarte,4.99,4,4.0,False,40.83,2024-03,Monday
101292,2023-05-10,655,32.0,Süd,Elektronik,Smartphone-Hülle,2,13.79,0.0,PayPal,2.99,3,4.0,False,27.58,2023-05,Wednesday
100589,2024-05-13,1287,20.0,Süd,Mode,T-Shirt,1,16.16,0.0,Sofortüberweisung,0.0,5,4.0,False,16.16,2024-05,Monday
104116,2024-03-09,285,45.0,Mitte,Elektronik,USB-Kabel,1,68.78,0.0,Sofortüberweisung,0.0,2,2.0,False,68.78,2024-03,Saturday
102837,2024-04-04,1443,56.0,Ost,Elektronik,Smartphone-Hülle,2,102.89,0.0,Lastschrift,2.99,8,2.0,False,205.78,2024-04,Thursday
104610,2024-12-31,1540,39.0,West,Elektronik,USB-Kabel,4,50.28,0.0,PayPal,2.99,1,5.0,False,201.12,2024-12,Tuesday
100931,2024-10-18,1390,39.0,Mitte,Elektronik,Powerbank,3,42.24,0.0,Rechnung,4.99,5,5.0,False,126.72,2024-10,Friday
101170,2024-02-26,1465,22.0,Süd,Bücher,Roman,1,24.35,0.0,Rechnung,0.0,1,4.0,False,24.35,2024-02,Monday
103167,2024-01-22,855,36.0,West,Elektronik,USB-Kabel,1,54.67,0.0,Kreditkarte,0.0,5,4.0,False,54.67,2024-01,Monday
101699,2024-01-09,404,37.0,West,Sport,Yogamatte,2,76.11,0.0,Sofortüberweisung,2.99,3,5.0,False,152.22,2024-01,Tuesday
102619,2023-01-04,1524,59.0,Nord,Elektronik,USB-Kabel,1,28.2,0.0,Kreditkarte,4.99,2,4.0,False,28.2,2023-01,Wednesday
100683,2023-08-30,1221,44.0,Mitte,Haushalt,Bettwäsche,1,63.92,10.0,Rechnung,0.0,4,5.0,False,57.528000000000006,2023-08,Wednesday
100230,2024-11-21,70,40.0,Süd,Haushalt,Pfannenset,1,36.82,5.0,Kreditkarte,4.99,4,5.0,False,34.979,2024-11,Thursday
104605,2024-03-06,933,49.0,Ost,Elektronik,Bluetooth-Lautsprecher,1,56.03,0.0,Sofortüberweisung,4.99,2,4.0,False,56.03,2024-03,Wednesday
103408,2024-09-06,1343,55.0,Süd,Mode,Jacke,1,5.29,20.0,PayPal,6.99,3,2.0,False,4.232,2024-09,Friday
104322,2023-05-25,630,27.0,Süd,Elektronik,Kopfhörer,2,80.87,0.0,PayPal,2.99,6,5.0,False,161.74,2023-05,Thursday
104046,2024-09-02,76,38.0,Ost,Elektronik,Kopfhörer,1,62.5,5.0,Kreditkarte,2.99,7,4.0,False,59.375,2024-09,Monday
102407,2023-10-31,1371,34.0,Ost,Sport,Fitnessband,2,99.37,0.0,PayPal,2.99,7,4.0,False,198.74,2023-10,Tuesday
102337,2024-01-02,1233,18.0,West,Mode,Mütze,1,20.65,25.0,Kreditkarte,4.99,4,5.0,False,15.487499999999999,2024-01,Tuesday
104051,2023-01-19,1382,43.0,Ost,Elektronik,Smartphone-Hülle,4,40.32,5.0,Kreditkarte,0.0,2,5.0,False,153.21599999999998,2023-01,Thursday
100296,2023-09-17,930,52.0,West,Mode,T-Shirt,1,28.59,0.0,Lastschrift,2.99,6,4.0,False,28.59,2023-09,Sunday
104749,2024-01-31,1017,26.0,West,Elektronik,Powerbank,1,61.35,0.0,Lastschrift,0.0,2,5.0,False,61.35,2024-01,Wednesday
103780,2024-10-05,1709,42.0,Nord,Sport,Trinkflasche,1,8.15,15.0,Lastschrift,0.0,6,5.0,False,6.9275,2024-10,Saturday
101173,2023-06-25,1042,44.0,Mitte,Sport,Trinkflasche,1,13.88,5.0,Kreditkarte,4.99,3,4.0,False,13.186,2023-06,Sunday
103127,2024-02-01,1692,62.0,Nord,Mode,Mütze,1,25.32,20.0,Lastschrift,4.99,5,5.0,False,20.256,2024-02,Thursday
103035,2024-06-17,661,36.0,Mitte,Elektronik,Kopfhörer,2,17.31,15.0,PayPal,6.99,1,4.0,False,29.426999999999996,2024-06,Monday
100742,2024-02-01,212,38.0,Mitte,Bücher,Roman,1,4.21,0.0,Lastschrift,0.0,2,3.0,False,4.21,2024-02,Thursday
103940,2023-10-16,106,38.0,Süd,Sport,Yogamatte,1,39.57,0.0,PayPal,0.0,4,4.0,False,39.57,2023-10,Monday
103868,2024-07-30,948,49.0,Mitte,Mode,Mütze,3,24.0,0.0,Sofortüberweisung,4.99,4,4.0,False,72.0,2024-07,Tuesday
100505,2024-08-31,1667,30.0,Ost,Mode,Mütze,1,30.95,0.0,Kreditkarte,0.0,4,4.0,False,30.95,2024-08,Saturday
104600,2024-07-25,1502,34.0,Ost,Mode,T-Shirt,1,17.82,0.0,Rechnung,6.99,1,4.0,False,17.82,2024-07,Thursday
104258,2024-07-06,1292,40.0,Nord,Bücher,Sachbuch,1,3.75,5.0,Lastschrift,0.0,6,5.0,False,3.5625,2024-07,Saturday
101485,2024-05-05,1163,29.0,Nord,Mode,T-Shirt,2,57.51,10.0,Lastschrift,4.99,7,4.0,False,103.518,2024-05,Sunday
101419,2023-08-30,735,64.0,Süd,Mode,Sneaker,1,53.53,0.0,Lastschrift,4.99,4,5.0,False,53.53,2023-08,Wednesday
103098,2023-02-28,1610,42.0,West,Sport,Trinkflasche,1,109.95,0.0,PayPal,6.99,6,3.0,False,109.95,2023-02,Tuesday
104725,2024-01-26,1408,52.0,Nord,Mode,Jacke,1,38.1,0.0,Lastschrift,2.99,7,5.0,False,38.1,2024-01,Friday
100333,2023-10-30,1781,40.0,West,Haushalt,Pfannenset,2,16.41,15.0,Rechnung,0.0,5,4.0,False,27.897,2023-10,Monday
100468,2024-10-03,120,38.0,West,Elektronik,Kopfhörer,1,33.14,0.0,Rechnung,4.99,3,4.0,False,33.14,2024-10,Thursday
103450,2024-05-28,612,37.0,Nord,Haushalt,Lampe,2,46.6,0.0,Sofortüberweisung,0.0,8,3.0,False,93.2,2024-05,Tuesday
103105,2024-08-11,12,28.0,Mitte,Mode,Jacke,2,14.1,0.0,Sofortüberweisung,6.99,4,5.0,False,28.2,2024-08,Sunday
101434,2023-05-19,628,27.0,West,Sport,Yogamatte,1,8.76,10.0,Kreditkarte,6.99,5,5.0,True,7.884,2023-05,Friday
100149,2024-09-16,758,28.0,West,Elektronik,Kopfhörer,1,53.2,0.0,Kreditkarte,2.99,4,1.0,False,53.2,2024-09,Monday
104031,2024-12-20,1277,38.0,West,Haushalt,Staubsauger,2,52.25,0.0,PayPal,0.0,5,4.0,False,104.5,2024-12,Friday
100414,2023-02-05,1772,19.0,Mitte,Haushalt,Bettwäsche,2,20.62,0.0,Kreditkarte,2.99,3,3.0,False,41.24,2023-02,Sunday
101305,2024-06-10,330,27.0,Ost,Mode,Jeans,3,4.93,0.0,Sofortüberweisung,2.99,6,4.0,False,14.79,2024-06,Monday
102629,2024-06-10,1696,41.0,Süd,Bücher,Kinderbuch,1,14.58,10.0,Rechnung,4.99,4,5.0,False,13.122,2024-06,Monday
101126,2024-12-16,1288,44.0,Ost,Elektronik,Kopfhörer,4,29.96,0.0,Sofortüberweisung,0.0,3,4.0,False,119.84,2024-12,Monday
103692,2024-09-15,1345,57.0,Süd,Mode,Sneaker,1,15.13,15.0,Lastschrift,4.99,2,3.0,False,12.8605,2024-09,Sunday
100012,2023-01-28,1784,38.0,Mitte,Elektronik,Smartphone-Hülle,2,24.74,0.0,Kreditkarte,0.0,3,4.0,True,49.48,2023-01,Saturday
100093,2024-04-23,578,39.0,Süd,Sport,Hantel,1,21.77,20.0,Kreditkarte,0.0,2,4.0,False,17.416,2024-04,Tuesday
103657,2024-11-27,230,39.0,Nord,Mode,Jacke,1,29.69,10.0,Kreditkarte,2.99,6,3.0,False,26.721,2024-11,Wednesday
101541,2023-04-25,1460,52.0,Mitte,Mode,Jacke,1,56.11,0.0,PayPal,0.0,3,-1.0,False,56.11,2023-04,Tuesday
104372,2024-03-02,244,30.0,Mitte,Sport,Trinkflasche,1,35.97,5.0,PayPal,6.99,3,4.0,False,34.171499999999995,2024-03,Saturday
103759,2023-03-20,968,49.0,Ost,Bücher,Roman,2,2.02,0.0,Kreditkarte,2.99,6,4.0,False,4.04,2023-03,Monday
103733,2023-10-09,636,62.0,West,Mode,Sneaker,1,72.77,0.0,Kreditkarte,2.99,1,3.0,False,72.77,2023-10,Monday
103767,2023-08-18,258,42.0,Süd,Elektronik,Kopfhörer,1,38.16,5.0,Sofortüberweisung,2.99,3,5.0,False,36.251999999999995,2023-08,Friday
102902,2023-10-01,1139,41.0,Ost,Sport,Trinkflasche,1,28.82,10.0,Rechnung,0.0,3,4.0,False,25.938000000000002,2023-10,Sunday
100733,2024-02-17,365,18.0,Ost,Mode,Jeans,1,23.61,0.0,Kreditkarte,4.99,1,4.0,False,23.61,2024-02,Saturday
103497,2023-07-04,1668,59.0,Ost,Mode,Mütze,1,9.47,0.0,Lastschrift,4.99,3,5.0,False,9.47,2023-07,Tuesday
104125,2023-05-28,331,57.0,Süd,Elektronik,Bluetooth-Lautsprecher,1,46.71,10.0,Kreditkarte,2.99,5,5.0,False,42.039,2023-05,Sunday
101784,2023-08-14,1021,27.0,Nord,Elektronik,Bluetooth-Lautsprecher,2,49.76,0.0,Kreditkarte,2.99,2,5.0,False,99.52,2023-08,Monday
102181,2023-04-02,7,31.0,Mitte,Elektronik,Smartphone-Hülle,2,18.1,0.0,Kreditkarte,0.0,3,1.0,False,36.2,2023-04,Sunday
100416,2024-10-13,1777,23.0,Ost,Elektronik,USB-Kabel,2,49.4,0.0,PayPal,0.0,4,4.0,False,98.8,2024-10,Sunday
102316,2023-09-26,1382,27.0,Nord,Haushalt,Kaffeemaschine,1,59.58,0.0,Lastschrift,2.99,7,3.0,False,59.58,2023-09,Tuesday
104325,2024-03-12,970,33.0,Mitte,Haushalt,Staubsauger,1,47.08,5.0,Rechnung,4.99,1,5.0,False,44.726,2024-03,Tuesday
104177,2023-07-10,1449,48.0,West,Mode,Sneaker,1,30.84,0.0,Kreditkarte,2.99,5,5.0,False,30.84,2023-07,Monday
101094,2023-09-12,1074,39.0,Nord,Mode,Mütze,1,30.18,0.0,Sofortüberweisung,2.99,8,4.0,False,30.18,2023-09,Tuesday
100746,2023-08-21,565,25.0,West,Mode,Mütze,2,23.55,0.0,Sofortüberweisung,6.99,3,4.0,True,47.1,2023-08,Monday
103899,2024-08-06,1081,34.0,Ost,Elektronik,Smartphone-Hülle,1,49.23,10.0,Sofortüberweisung,4.99,5,-1.0,False,44.306999999999995,2024-08,Tuesday
103979,2024-03-08,1522,39.0,Ost,Elektronik,Kopfhörer,1,45.76,15.0,Kreditkarte,0.0,4,4.0,False,38.896,2024-03,Friday
102687,2024-07-26,839,30.0,Ost,Mode,T-Shirt,2,32.46,0.0,Kreditkarte,2.99,7,2.0,False,64.92,2024-07,Friday
103017,2024-07-01,1048,44.0,Ost,Haushalt,Kaffeemaschine,1,27.98,15.0,Lastschrift,2.99,3,-1.0,False,23.783,2024-07,Monday
101992,2024-06-24,529,25.0,Süd,Haushalt,Lampe,1,24.15,0.0,Sofortüberweisung,6.99,7,-1.0,False,24.15,2024-06,Monday
104904,2023-07-23,185,32.0,Nord,Mode,Jeans,1,34.73,0.0,Sofortüberweisung,0.0,2,5.0,False,34.73,2023-07,Sunday
102651,2024-07-21,994,47.0,Ost,Haushalt,Pfannenset,1,56.35,0.0,PayPal,0.0,2,5.0,False,56.35,2024-07,Sunday
102850,2024-08-02,610,23.0,Ost,Bücher,Sachbuch,2,36.08,0.0,PayPal,2.99,8,4.0,False,72.16,2024-08,Friday
102858,2023-05-07,778,46.0,Ost,Mode,Jeans,3,19.02,0.0,Kreditkarte,4.99,2,-1.0,False,57.06,2023-05,Sunday
103527,2024-03-19,1419,34.0,Süd,Elektronik,Bluetooth-Lautsprecher,2,1568.5959686455371,0.0,Rechnung,6.99,5,2.0,False,3137.1919372910743,2024-03,Tuesday
104242,2024-02-26,684,33.0,Ost,Elektronik,Smartphone-Hülle,1,833.463877231682,25.0,Rechnung,6.99,6,1.0,False,625.0979079237615,2024-02,Monday
103682,2023-12-08,655,39.0,Süd,Sport,Yogamatte,1,21.68,0.0,Kreditkarte,6.99,1,4.0,False,21.68,2023-12,Friday
100132,2024-05-18,590,58.0,West,Elektronik,USB-Kabel,1,26.67,0.0,Lastschrift,0.0,1,5.0,False,26.67,2024-05,Saturday
102413,2024-06-17,585,29.0,Ost,Elektronik,USB-Kabel,2,26.78,5.0,Kreditkarte,6.99,4,4.0,False,50.882,2024-06,Monday
103634,2024-12-25,633,33.0,Süd,Haushalt,Bettwäsche,1,39.82,20.0,Sofortüberweisung,6.99,6,3.0,False,31.856,2024-12,Wednesday
101482,2024-10-06,1268,33.0,West,Sport,Fitnessband,1,27.41,0.0,Kreditkarte,4.99,1,4.0,False,27.41,2024-10,Sunday
100429,2023-11-23,998,32.0,Mitte,Elektronik,Bluetooth-Lautsprecher,1,50.13,0.0,PayPal,2.99,4,5.0,False,50.13,2023-11,Thursday
104805,2024-08-17,1193,53.0,Mitte,Mode,Sneaker,1,25.92,0.0,Rechnung,4.99,3,5.0,True,25.92,2024-08,Saturday
104739,2023-06-11,1617,27.0,West,Bücher,Roman,1,7.84,0.0,Kreditkarte,0.0,2,3.0,False,7.84,2023-06,Sunday
101907,2023-08-22,1721,21.0,Süd,Elektronik,Powerbank,1,64.02,5.0,PayPal,0.0,6,5.0,False,60.818999999999996,2023-08,Tuesday
100287,2024-02-08,713,34.0,Nord,Mode,Jacke,1,20.33,10.0,PayPal,2.99,6,4.0,False,18.297,2024-02,Thursday
103274,2023-03-11,1470,29.0,Mitte,Sport,Fitnessband,1,60.92,5.0,PayPal,2.99,5,4.0,False,57.874,2023-03,Saturday
103653,2024-12-24,979,22.0,Mitte,Haushalt,Lampe,1,870.2779522954324,20.0,Lastschrift,4.99,1,3.0,False,696.222361836346,2024-12,Tuesday
103922,2023-05-11,50,26.0,Mitte,Mode,T-Shirt,1,22.29,0.0,Rechnung,4.99,4,4.0,False,22.29,2023-05,Thursday
104163,2024-10-25,936,23.0,West,Sport,Trinkflasche,1,9.83,0.0,Lastschrift,2.99,3,4.0,False,9.83,2024-10,Friday
103107,2024-03-31,1159,27.0,West,Haushalt,Kaffeemaschine,1,77.1,0.0,PayPal,4.99,5,5.0,False,77.1,2024-03,Sunday
102094,2024-06-30,167,21.0,Ost,Haushalt,Pfannenset,1,21.64,25.0,Lastschrift,2.99,4,5.0,False,16.23,2024-06,Sunday
102436,2023-08-02,1400,41.0,Nord,Elektronik,Powerbank,2,47.77,0.0,Sofortüberweisung,0.0,3,4.0,False,95.54,2023-08,Wednesday
101870,2023-07-16,398,26.0,Mitte,Bücher,Comic,1,22.94,0.0,Lastschrift,4.99,5,5.0,False,22.94,2023-07,Sunday
102694,2024-09-21,1498,41.0,West,Elektronik,Powerbank,1,31.7,0.0,Rechnung,4.99,1,5.0,False,31.7,2024-09,Saturday
102970,2023-12-28,388,39.0,Mitte,Mode,Jacke,1,30.11,0.0,Lastschrift,4.99,1,3.0,False,30.11,2023-12,Thursday
104975,2023-09-04,1467,43.0,Ost,Haushalt,Staubsauger,1,13.34,0.0,Kreditkarte,2.99,2,-1.0,False,13.34,2023-09,Monday
103544,2024-02-27,1361,25.0,West,Sport,Trinkflasche,4,23.02,5.0,Lastschrift,4.99,5,5.0,False,87.476,2024-02,Tuesday
104894,2024-01-29,1137,40.0,Mitte,Elektronik,USB-Kabel,2,16.85,10.0,Kreditkarte,0.0,3,-1.0,False,30.330000000000002,2024-01,Monday
103724,2023-11-19,226,42.0,Ost,Bücher,Comic,1,12.33,0.0,Rechnung,4.99,6,5.0,False,12.33,2023-11,Sunday
100437,2023-02-24,1391,18.0,Nord,Mode,Sneaker,1,32.64,0.0,PayPal,2.99,5,4.0,False,32.64,2023-02,Friday
103873,2024-08-31,273,41.0,Süd,Sport,Trinkflasche,1,21.53,0.0,Rechnung,2.99,6,4.0,False,21.53,2024-08,Saturday
100584,2023-02-01,705,35.0,Ost,Elektronik,Smartphone-Hülle,1,38.44,10.0,Lastschrift,6.99,8,5.0,False,34.596,2023-02,Wednesday
102299,2024-09-26,161,39.0,Nord,Mode,Jacke,2,27.47,0.0,PayPal,0.0,6,5.0,False,54.94,2024-09,Thursday
101438,2023-10-24,794,24.0,Mitte,Elektronik,Smartphone-Hülle,1,59.93,0.0,Sofortüberweisung,0.0,2,4.0,False,59.93,2023-10,Tuesday
104576,2024-06-08,54,40.0,Nord,Haushalt,Staubsauger,1,24.23,10.0,Rechnung,2.99,3,5.0,False,21.807000000000002,2024-06,Saturday
103871,2023-02-19,137,36.0,Süd,Elektronik,Smartphone-Hülle,1,22.61,0.0,Rechnung,0.0,4,5.0,False,22.61,2023-02,Sunday
100711,2024-01-01,553,33.0,Süd,Mode,Jacke,1,29.52,0.0,Kreditkarte,0.0,5,3.0,False,29.52,2024-01,Monday
102851,2023-07-10,1527,56.0,Ost,Elektronik,Powerbank,4,63.04,0.0,Kreditkarte,4.99,1,5.0,False,252.16,2023-07,Monday
104484,2024-10-29,417,38.0,Süd,Elektronik,Powerbank,1,52.16,0.0,Rechnung,6.99,2,5.0,False,52.16,2024-10,Tuesday
102416,2024-07-11,1318,32.0,Ost,Sport,Trinkflasche,1,39.58,0.0,Rechnung,2.99,4,4.0,False,39.58,2024-07,Thursday
104552,2023-02-26,1023,45.0,Nord,Haushalt,Bettwäsche,2,22.81,0.0,Rechnung,4.99,3,5.0,False,45.62,2023-02,Sunday
102321,2024-01-14,127,40.0,Nord,Mode,Mütze,1,35.56,15.0,Sofortüberweisung,4.99,5,5.0,False,30.226000000000003,2024-01,Sunday
103007,2023-09-24,238,34.0,Mitte,Elektronik,Smartphone-Hülle,1,7.3,0.0,Rechnung,2.99,5,5.0,False,7.3,2023-09,Sunday
102131,2024-08-10,1039,31.0,Mitte,Bücher,Sachbuch,1,14.57,0.0,PayPal,4.99,5,3.0,False,14.57,2024-08,Saturday
104734,2024-07-16,350,37.0,Ost,Haushalt,Staubsauger,2,68.45,0.0,Lastschrift,4.99,2,-1.0,False,136.9,2024-07,Tuesday
102669,2023-06-01,1755,38.0,Süd,Sport,Yogamatte,1,39.44,0.0,Rechnung,4.99,6,5.0,True,39.44,2023-06,Thursday
100586,2023-04-09,741,39.0,Ost,Mode,Jeans,1,9.91,15.0,PayPal,4.99,4,1.0,False,8.4235,2023-04,Sunday
102372,2023-12-15,1110,27.0,Ost,Sport,Laufschuhe,1,28.25,5.0,Rechnung,0.0,2,5.0,False,26.8375,2023-12,Friday
101534,2024-05-07,854,55.0,Nord,Mode,Jeans,2,48.24,0.0,Kreditkarte,4.99,1,4.0,False,96.48,2024-05,Tuesday
100734,2023-10-17,1784,38.0,West,Elektronik,Smartphone-Hülle,2,17.97,0.0,Rechnung,0.0,2,3.0,False,35.94,2023-10,Tuesday
102164,2023-11-24,923,21.0,Ost,Elektronik,Powerbank,1,42.16,0.0,Rechnung,0.0,5,5.0,False,42.16,2023-11,Friday
103106,2023-03-10,1094,36.0,West,Elektronik,Kopfhörer,2,107.83,10.0,Lastschrift,4.99,4,5.0,False,194.094,2023-03,Friday
104424,2024-08-31,1581,31.0,Ost,Haushalt,Bettwäsche,2,26.38,0.0,PayPal,4.99,4,4.0,False,52.76,2024-08,Saturday
102586,2024-01-14,1230,45.0,Nord,Mode,T-Shirt,5,73.72,5.0,Lastschrift,4.99,1,5.0,False,350.17,2024-01,Sunday
100553,2024-10-02,1655,32.0,Nord,Mode,Mütze,1,20.57,15.0,PayPal,4.99,6,4.0,False,17.4845,2024-10,Wednesday
104943,2024-03-03,1043,30.0,Mitte,Haushalt,Bettwäsche,2,108.51,0.0,Kreditkarte,0.0,2,5.0,False,217.02,2024-03,Sunday
100472,2024-02-25,99,52.0,Süd,Sport,Laufschuhe,1,110.34,5.0,Sofortüberweisung,0.0,4,5.0,False,104.823,2024-02,Sunday
101057,2024-05-04,682,46.0,Süd,Elektronik,Powerbank,3,19.59,5.0,Lastschrift,4.99,5,5.0,False,55.83149999999999,2024-05,Saturday
103290,2023-04-14,556,26.0,Süd,Mode,T-Shirt,1,18.55,0.0,Rechnung,6.99,4,5.0,False,18.55,2023-04,Friday
104675,2024-02-20,860,33.0,Süd,Elektronik,Kopfhörer,2,84.52,0.0,PayPal,6.99,3,4.0,False,169.04,2024-02,Tuesday
101047,2024-05-11,1645,42.0,Mitte,Mode,Sneaker,2,61.19,0.0,Sofortüberweisung,2.99,3,-1.0,False,122.38,2024-05,Saturday
101220,2024-08-24,1046,22.0,West,Mode,Jeans,2,25.49,5.0,Lastschrift,0.0,3,5.0,False,48.431,2024-08,Saturday
100544,2023-12-04,557,38.0,Ost,Sport,Trinkflasche,1,25.91,0.0,Sofortüberweisung,0.0,1,3.0,False,25.91,2023-12,Monday
100800,2023-12-15,1715,54.0,West,Mode,Jeans,1,3.89,10.0,Sofortüberweisung,4.99,7,5.0,False,3.5010000000000003,2023-12,Friday
104231,2024-10-03,304,38.0,Mitte,Haushalt,Pfannenset,1,42.58,25.0,Sofortüberweisung,6.99,6,-1.0,False,31.935,2024-10,Thursday
103524,2023-08-30,638,42.0,Süd,Haushalt,Pfannenset,1,42.91,0.0,Lastschrift,2.99,1,3.0,False,42.91,2023-08,Wednesday
100290,2024-10-06,84,38.0,Ost,Elektronik,Smartphone-Hülle,1,9.43,0.0,PayPal,0.0,1,5.0,False,9.43,2024-10,Sunday
104720,2024-04-11,1464,42.0,Ost,Elektronik,Powerbank,1,32.5,0.0,Rechnung,2.99,4,5.0,False,32.5,2024-04,Thursday
100926,2024-06-11,1275,40.0,Süd,Bücher,Kinderbuch,3,16.0,0.0,Lastschrift,4.99,3,4.0,False,48.0,2024-06,Tuesday
100252,2023-03-05,1782,18.0,Süd,Mode,Jacke,1,27.74,0.0,Rechnung,2.99,6,4.0,True,27.74,2023-03,Sunday
100969,2024-04-26,702,32.0,Nord,Elektronik,Kopfhörer,3,51.0,0.0,Sofortüberweisung,2.99,1,5.0,False,153.0,2024-04,Friday
103311,2023-09-03,374,46.0,Süd,Sport,Fitnessband,1,14.4,5.0,Rechnung,2.99,4,-1.0,False,13.68,2023-09,Sunday
100350,2023-06-06,1356,38.0,Süd,Haushalt,Pfannenset,1,62.81,0.0,Lastschrift,0.0,2,2.0,False,62.81,2023-06,Tuesday
103206,2023-03-11,1735,37.0,Mitte,Mode,T-Shirt,1,5.76,20.0,Sofortüberweisung,2.99,3,4.0,False,4.608,2023-03,Saturday
102034,2024-10-19,1647,41.0,Süd,Elektronik,Powerbank,3,43.56,0.0,Rechnung,6.99,6,5.0,False,130.68,2024-10,Saturday
103034,2024-11-30,542,52.0,Mitte,Bücher,Roman,1,25.17,10.0,Sofortüberweisung,4.99,3,5.0,False,22.653000000000002,2024-11,Saturday
101593,2024-09-23,759,55.0,Ost,Mode,Jacke,2,30.48,0.0,Kreditkarte,2.99,6,4.0,False,60.96,2024-09,Monday
100090,2024-10-12,1606,61.0,Nord,Elektronik,Bluetooth-Lautsprecher,1,90.48,0.0,Rechnung,0.0,2,3.0,False,90.48,2024-10,Saturday
101618,2023-09-21,417,39.0,Süd,Sport,Trinkflasche,1,51.25,0.0,PayPal,2.99,2,4.0,True,51.25,2023-09,Thursday
100811,2023-09-24,400,31.0,Nord,Mode,Mütze,3,13.09,0.0,PayPal,0.0,1,5.0,False,39.269999999999996,2023-09,Sunday
100721,2023-12-06,1071,38.0,Mitte,Sport,Fitnessband,2,47.23,0.0,PayPal,6.99,5,4.0,False,94.46,2023-12,Wednesday
103102,2024-08-09,1230,70.0,Süd,Sport,Hantel,3,35.53,5.0,Lastschrift,6.99,6,4.0,False,101.2605,2024-08,Friday
100026,2024-01-18,1312,45.0,Ost,Mode,Jacke,1,27.86,20.0,Sofortüberweisung,4.99,6,3.0,False,22.288,2024-01,Thursday
101345,2023-02-21,148,43.0,Mitte,Bücher,Sachbuch,1,9.27,5.0,Lastschrift,2.99,4,5.0,False,8.8065,2023-02,Tuesday
102083,2023-07-20,378,75.0,Ost,Mode,Sneaker,1,27.18,0.0,Kreditkarte,2.99,2,5.0,False,27.18,2023-07,Thursday
101755,2023-08-10,1742,47.0,Süd,Elektronik,Kopfhörer,1,13.07,10.0,Lastschrift,6.99,1,4.0,False,11.763,2023-08,Thursday
101210,2024-06-25,990,32.0,Ost,Mode,T-Shirt,1,42.39,0.0,Rechnung,6.99,1,5.0,False,42.39,2024-06,Tuesday
104022,2024-12-07,618,51.0,Süd,Mode,T-Shirt,2,22.12,0.0,PayPal,0.0,4,4.0,False,44.24,2024-12,Saturday
104071,2024-09-27,1444,55.0,Mitte,Haushalt,Kaffeemaschine,2,39.89,0.0,Rechnung,0.0,6,3.0,False,79.78,2024-09,Friday
102373,2024-04-24,1123,34.0,Ost,Elektronik,Smartphone-Hülle,1,29.63,0.0,Sofortüberweisung,2.99,3,3.0,False,29.63,2024-04,Wednesday
104965,2024-07-22,1019,43.0,West,Elektronik,Powerbank,3,95.49,0.0,PayPal,0.0,5,3.0,False,286.46999999999997,2024-07,Monday
103771,2023-03-29,1760,42.0,Mitte,Elektronik,Kopfhörer,3,14.43,20.0,Rechnung,4.99,1,3.0,False,34.632,2023-03,Wednesday
100915,2024-12-04,1163,25.0,Mitte,Elektronik,Smartphone-Hülle,2,56.37,5.0,Kreditkarte,6.99,1,5.0,False,107.103,2024-12,Wednesday
102525,2024-11-14,974,50.0,Nord,Sport,Hantel,1,30.9,15.0,PayPal,2.99,6,3.0,False,26.264999999999997,2024-11,Thursday
101074,2023-06-05,1551,62.0,West,Mode,Jacke,1,38.93,0.0,Kreditkarte,6.99,1,5.0,False,38.93,2023-06,Monday
103698,2024-11-14,1784,49.0,West,Sport,Trinkflasche,1,12.58,10.0,PayPal,2.99,2,2.0,False,11.322000000000001,2024-11,Thursday
100254,2023-01-26,696,41.0,Süd,Elektronik,Kopfhörer,3,57.35,0.0,Lastschrift,0.0,2,4.0,False,172.05,2023-01,Thursday
104299,2023-05-19,813,21.0,Süd,Mode,Jacke,1,28.74,0.0,PayPal,0.0,4,5.0,False,28.74,2023-05,Friday
103210,2024-12-04,950,22.0,Mitte,Mode,Jeans,1,36.95,0.0,Kreditkarte,2.99,6,5.0,False,36.95,2024-12,Wednesday
104086,2024-01-26,326,44.0,Mitte,Mode,Mütze,2,24.41,15.0,Rechnung,6.99,3,5.0,False,41.497,2024-01,Friday
104354,2024-05-17,1422,30.0,Ost,Mode,Jeans,1,79.25,5.0,PayPal,0.0,5,4.0,False,75.2875,2024-05,Friday
104596,2024-09-14,464,33.0,Nord,Elektronik,Smartphone-Hülle,1,83.81,5.0,Rechnung,4.99,5,5.0,False,79.6195,2024-09,Saturday
101729,2023-02-21,110,21.0,Ost,Haushalt,Kaffeemaschine,1,111.36,0.0,PayPal,2.99,4,5.0,False,111.36,2023-02,Tuesday
102275,2024-06-18,520,36.0,West,Sport,Trinkflasche,1,24.81,0.0,Rechnung,2.99,6,5.0,False,24.81,2024-06,Tuesday
101952,2023-09-20,1108,44.0,Mitte,Elektronik,Kopfhörer,1,51.08,10.0,Kreditkarte,4.99,1,5.0,False,45.972,2023-09,Wednesday
101270,2023-01-19,1166,42.0,Mitte,Elektronik,Powerbank,1,33.05,15.0,Kreditkarte,6.99,5,4.0,False,28.092499999999998,2023-01,Thursday
104694,2024-05-17,346,41.0,Ost,Elektronik,Kopfhörer,2,20.1,5.0,Rechnung,4.99,4,1.0,False,38.19,2024-05,Friday
100315,2024-12-30,959,27.0,Süd,Bücher,Comic,1,23.32,0.0,Lastschrift,2.99,1,4.0,False,23.32,2024-12,Monday
104964,2024-06-11,803,56.0,Mitte,Elektronik,Powerbank,1,34.71,0.0,Sofortüberweisung,4.99,1,4.0,False,34.71,2024-06,Tuesday
104921,2024-10-21,380,37.0,Mitte,Sport,Trinkflasche,2,675.5849959295712,0.0,PayPal,0.0,5,5.0,False,1351.1699918591423,2024-10,Monday
103828,2023-12-30,464,46.0,West,Elektronik,Powerbank,2,44.29,15.0,PayPal,6.99,4,4.0,False,75.29299999999999,2023-12,Saturday
100555,2024-10-20,1423,42.0,Ost,Elektronik,Powerbank,3,14.55,0.0,Rechnung,0.0,4,-1.0,False,43.650000000000006,2024-10,Sunday
101919,2023-12-03,1725,46.0,West,Mode,Sneaker,1,10.55,0.0,Sofortüberweisung,0.0,2,1.0,False,10.55,2023-12,Sunday
103945,2023-08-07,1753,34.0,West,Haushalt,Staubsauger,1,84.22,0.0,Kreditkarte,0.0,4,5.0,False,84.22,2023-08,Monday
100069,2024-06-10,447,49.0,Süd,Elektronik,Bluetooth-Lautsprecher,1,19.0,0.0,PayPal,2.99,6,5.0,False,19.0,2024-06,Monday
102527,2024-07-16,56,26.0,West,Elektronik,Bluetooth-Lautsprecher,1,76.61,15.0,Lastschrift,4.99,5,5.0,False,65.1185,2024-07,Tuesday
103443,2024-07-25,1512,51.0,West,Bücher,Roman,1,5.59,0.0,PayPal,2.99,6,3.0,False,5.59,2024-07,Thursday
103409,2023-05-23,1187,54.0,Mitte,Elektronik,Smartphone-Hülle,1,75.73,0.0,PayPal,0.0,5,5.0,False,75.73,2023-05,Tuesday
102874,2023-09-10,157,49.0,Nord,Sport,Fitnessband,2,98.17,15.0,Kreditkarte,2.99,6,4.0,False,166.889,2023-09,Sunday
104335,2023-06-15,1472,38.0,Süd,Haushalt,Kaffeemaschine,1,24.97,0.0,PayPal,0.0,4,5.0,False,24.97,2023-06,Thursday
103169,2023-05-20,1359,25.0,Nord,Haushalt,Pfannenset,2,90.7,0.0,Kreditkarte,2.99,7,4.0,False,181.4,2023-05,Saturday
100805,2024-10-09,490,51.0,Süd,Bücher,Kochbuch,1,18.09,0.0,Kreditkarte,2.99,2,4.0,False,18.09,2024-10,Wednesday
101553,2023-11-18,1661,18.0,Ost,Mode,T-Shirt,4,45.53,15.0,Sofortüberweisung,0.0,3,4.0,False,154.802,2023-11,Saturday
102118,2023-06-06,1527,49.0,West,Mode,Jeans,1,45.16,15.0,Sofortüberweisung,0.0,9,5.0,False,38.385999999999996,2023-06,Tuesday
104220,2024-10-31,1064,39.0,Süd,Sport,Trinkflasche,1,19.28,20.0,Kreditkarte,0.0,4,4.0,False,15.424000000000001,2024-10,Thursday
103703,2024-12-26,682,49.0,Süd,Bücher,Comic,2,32.95,0.0,PayPal,0.0,1,5.0,False,65.9,2024-12,Thursday
100893,2024-04-23,1674,31.0,Nord,Mode,Sneaker,1,19.91,15.0,Lastschrift,4.99,6,4.0,False,16.9235,2024-04,Tuesday
104992,2024-10-02,739,33.0,Nord,Elektronik,Kopfhörer,1,60.93,0.0,Sofortüberweisung,6.99,9,4.0,False,60.93,2024-10,Wednesday
102146,2024-04-02,1486,51.0,Mitte,Haushalt,Bettwäsche,1,89.09,0.0,PayPal,4.99,4,5.0,False,89.09,2024-04,Tuesday
100387,2024-02-19,1316,38.0,West,Mode,Mütze,2,16.07,0.0,Sofortüberweisung,0.0,5,5.0,False,32.14,2024-02,Monday
100751,2024-04-02,1675,47.0,Nord,Mode,Mütze,1,241.09749406015027,0.0,Lastschrift,0.0,3,2.0,False,241.09749406015027,2024-04,Tuesday
102842,2024-05-07,1711,21.0,Ost,Mode,Jacke,4,30.35,10.0,Kreditkarte,0.0,4,4.0,False,109.26,2024-05,Tuesday
103182,2023-09-04,546,37.0,West,Mode,Jeans,1,44.75,0.0,Rechnung,2.99,2,5.0,False,44.75,2023-09,Monday
101983,2024-12-27,294,41.0,West,Elektronik,Powerbank,1,51.71,15.0,Kreditkarte,0.0,4,4.0,False,43.9535,2024-12,Friday
104037,2023-09-06,552,37.0,Mitte,Elektronik,Bluetooth-Lautsprecher,2,33.41,0.0,Rechnung,2.99,3,5.0,False,66.82,2023-09,Wednesday
103024,2023-05-28,688,40.0,Mitte,Haushalt,Pfannenset,2,42.73,10.0,PayPal,0.0,3,4.0,False,76.914,2023-05,Sunday
102187,2024-11-28,446,47.0,Nord,Haushalt,Bettwäsche,1,108.78,0.0,Rechnung,4.99,5,-1.0,False,108.78,2024-11,Thursday
100410,2024-06-07,1643,45.0,Ost,Haushalt,Pfannenset,1,24.09,0.0,PayPal,2.99,5,5.0,False,24.09,2024-06,Friday
104490,2024-05-02,422,39.0,Mitte,Haushalt,Staubsauger,1,15.99,15.0,Lastschrift,0.0,1,5.0,False,13.5915,2024-05,Thursday
100109,2024-06-10,1167,34.0,West,Haushalt,Bettwäsche,5,105.85,0.0,Lastschrift,4.99,3,4.0,False,529.25,2024-06,Monday
102555,2023-01-04,1581,39.0,Mitte,Sport,Fitnessband,2,35.75,0.0,Rechnung,6.99,4,5.0,False,71.5,2023-01,Wednesday
103220,2023-11-10,1157,37.0,Ost,Haushalt,Lampe,1,32.63,0.0,Rechnung,2.99,3,3.0,False,32.63,2023-11,Friday
102153,2024-07-10,429,43.0,Nord,Elektronik,Kopfhörer,1,34.08,0.0,Sofortüberweisung,2.99,4,5.0,False,34.08,2024-07,Wednesday
104731,2024-01-27,1732,46.0,Nord,Elektronik,Powerbank,1,24.66,0.0,Kreditkarte,4.99,4,4.0,False,24.66,2024-01,Saturday
102663,2023-07-31,1448,47.0,West,Mode,Jacke,2,10.39,0.0,Sofortüberweisung,6.99,5,5.0,False,20.78,2023-07,Monday
102191,2023-05-10,1298,37.0,West,Elektronik,Powerbank,2,54.22,10.0,Sofortüberweisung,6.99,6,1.0,False,97.596,2023-05,Wednesday
104328,2024-09-06,108,41.0,West,Sport,Trinkflasche,1,29.39,0.0,Sofortüberweisung,4.99,3,4.0,False,29.39,2024-09,Friday
101647,2023-06-07,85,43.0,Mitte,Haushalt,Pfannenset,3,19.61,5.0,Rechnung,0.0,7,4.0,True,55.88849999999999,2023-06,Wednesday
100221,2024-07-16,1706,40.0,Süd,Haushalt,Kaffeemaschine,1,116.4,15.0,Kreditkarte,4.99,4,5.0,False,98.94,2024-07,Tuesday
104409,2023-03-27,1320,36.0,Nord,Elektronik,USB-Kabel,1,102.32,0.0,Sofortüberweisung,4.99,1,3.0,False,102.32,2023-03,Monday
104637,2024-10-03,101,32.0,Nord,Sport,Yogamatte,2,24.81,15.0,Sofortüberweisung,2.99,1,4.0,False,42.177,2024-10,Thursday
100655,2023-07-13,1377,45.0,Mitte,Bücher,Sachbuch,1,19.93,0.0,Lastschrift,0.0,5,3.0,False,19.93,2023-07,Thursday
104144,2023-03-15,112,18.0,Nord,Haushalt,Kaffeemaschine,1,58.91,15.0,Kreditkarte,0.0,5,5.0,False,50.073499999999996,2023-03,Wednesday
101788,2024-10-14,1610,43.0,Ost,Haushalt,Pfannenset,1,31.24,0.0,Sofortüberweisung,6.99,4,5.0,False,31.24,2024-10,Monday
102921,2024-02-17,1500,41.0,Nord,Bücher,Comic,2,4.98,20.0,PayPal,0.0,2,4.0,False,7.968000000000001,2024-02,Saturday
101255,2024-12-01,128,38.0,West,Sport,Trinkflasche,2,90.29,20.0,Rechnung,6.99,1,5.0,False,144.46400000000003,2024-12,Sunday
104013,2024-12-16,1452,37.0,Süd,Haushalt,Bettwäsche,1,98.33,20.0,Sofortüberweisung,2.99,1,4.0,False,78.664,2024-12,Monday
104454,2024-12-10,1626,34.0,Ost,Mode,Jacke,2,77.13,10.0,PayPal,4.99,7,5.0,False,138.834,2024-12,Tuesday
101209,2024-08-09,923,38.0,Mitte,Mode,T-Shirt,1,28.29,0.0,Lastschrift,2.99,1,5.0,False,28.29,2024-08,Friday
104248,2024-01-31,91,48.0,Süd,Mode,T-Shirt,2,26.14,0.0,Sofortüberweisung,6.99,4,5.0,False,52.28,2024-01,Wednesday
101128,2023-08-06,414,49.0,Süd,Haushalt,Lampe,4,62.55,0.0,Rechnung,0.0,5,4.0,False,250.2,2023-08,Sunday
104173,2023-10-19,1133,56.0,Nord,Elektronik,Bluetooth-Lautsprecher,1,72.73,0.0,Rechnung,6.99,1,5.0,False,72.73,2023-10,Thursday
102319,2023-05-10,234,50.0,West,Sport,Yogamatte,4,6.44,0.0,Lastschrift,2.99,2,3.0,False,25.76,2023-05,Wednesday
103989,2023-09-28,348,40.0,Nord,Mode,Jeans,1,30.35,0.0,Sofortüberweisung,4.99,5,5.0,False,30.35,2023-09,Thursday
100177,2023-04-11,122,68.0,Mitte,Mode,Sneaker,1,61.44,0.0,Sofortüberweisung,2.99,6,3.0,False,61.44,2023-04,Tuesday
102949,2023-02-23,586,38.0,Süd,Bücher,Sachbuch,1,8.27,0.0,Lastschrift,6.99,3,-1.0,False,8.27,2023-02,Thursday
104792,2023-07-23,773,24.0,Ost,Sport,Hantel,1,37.98,20.0,Lastschrift,2.99,6,3.0,False,30.384,2023-07,Sunday
100080,2023-06-25,659,55.0,Nord,Mode,Jacke,1,29.19,0.0,Kreditkarte,0.0,6,5.0,False,29.19,2023-06,Sunday
101224,2024-01-22,1741,33.0,Süd,Mode,Jacke,1,12.15,0.0,Kreditkarte,6.99,4,5.0,False,12.15,2024-01,Monday
102298,2024-07-29,1468,33.0,Süd,Haushalt,Staubsauger,2,35.94,0.0,PayPal,0.0,1,5.0,False,71.88,2024-07,Monday
102915,2024-12-26,1555,51.0,Süd,Haushalt,Kaffeemaschine,1,16.52,15.0,Sofortüberweisung,2.99,7,4.0,False,14.042,2024-12,Thursday
102543,2023-07-02,790,42.0,Ost,Elektronik,Smartphone-Hülle,1,55.71,5.0,PayPal,0.0,2,4.0,True,52.9245,2023-07,Sunday
104323,2023-10-24,1588,42.0,Nord,Haushalt,Lampe,1,46.25,0.0,Kreditkarte,6.99,1,3.0,True,46.25,2023-10,Tuesday
101779,2023-08-26,797,46.0,West,Haushalt,Lampe,2,24.2,0.0,Rechnung,2.99,3,-1.0,False,48.4,2023-08,Saturday
104767,2023-12-29,1442,39.0,Süd,Bücher,Comic,1,23.56,5.0,Lastschrift,6.99,4,5.0,False,22.381999999999998,2023-12,Friday
101611,2024-06-08,1765,38.0,Ost,Sport,Laufschuhe,1,658.8812652396866,0.0,Rechnung,4.99,6,4.0,False,658.8812652396866,2024-06,Saturday
103778,2024-01-30,502,25.0,Nord,Haushalt,Lampe,2,50.07,0.0,Kreditkarte,0.0,6,3.0,False,100.14,2024-01,Tuesday
101867,2024-09-21,594,36.0,West,Haushalt,Bettwäsche,1,74.77,0.0,PayPal,0.0,7,5.0,False,74.77,2024-09,Saturday
100670,2023-08-19,103,34.0,Süd,Haushalt,Pfannenset,1,40.59,5.0,PayPal,2.99,6,5.0,False,38.560500000000005,2023-08,Saturday
104831,2024-03-05,1053,28.0,Süd,Haushalt,Lampe,1,31.37,0.0,Sofortüberweisung,2.99,4,5.0,False,31.37,2024-03,Tuesday
103618,2023-03-04,228,37.0,West,Bücher,Sachbuch,1,7.14,0.0,Sofortüberweisung,2.99,4,4.0,False,7.14,2023-03,Saturday
101807,2024-02-07,857,36.0,Ost,Elektronik,USB-Kabel,1,55.69,0.0,Lastschrift,6.99,4,2.0,False,55.69,2024-02,Wednesday
103393,2023-09-29,982,30.0,Ost,Sport,Trinkflasche,1,39.31,0.0,Kreditkarte,4.99,4,5.0,False,39.31,2023-09,Friday
102688,2023-07-19,1538,52.0,West,Mode,Sneaker,1,29.06,0.0,Lastschrift,4.99,2,4.0,False,29.06,2023-07,Wednesday
102894,2023-12-27,1744,22.0,Nord,Sport,Trinkflasche,2,36.54,0.0,Rechnung,2.99,5,4.0,False,73.08,2023-12,Wednesday
104873,2023-05-16,1433,61.0,Süd,Mode,Sneaker,1,27.87,0.0,PayPal,2.99,1,5.0,False,27.87,2023-05,Tuesday
100219,2023-05-31,1099,25.0,West,Sport,Trinkflasche,1,5.0,0.0,Lastschrift,0.0,2,2.0,False,5.0,2023-05,Wednesday
102095,2023-06-12,157,42.0,Mitte,Bücher,Kochbuch,5,20.26,0.0,Rechnung,4.99,1,4.0,False,101.30000000000001,2023-06,Monday
103044,2024-02-09,506,44.0,Ost,Mode,Mütze,2,28.24,10.0,PayPal,2.99,6,4.0,False,50.832,2024-02,Friday
100043,2024-02-19,14,30.0,Ost,Bücher,Roman,1,13.76,0.0,PayPal,2.99,4,4.0,False,13.76,2024-02,Monday
100210,2024-04-28,1517,44.0,Ost,Bücher,Kochbuch,1,24.49,0.0,Lastschrift,0.0,3,3.0,False,24.49,2024-04,Sunday
101513,2023-04-06,501,50.0,Ost,Bücher,Comic,1,33.69,0.0,PayPal,0.0,1,5.0,False,33.69,2023-04,Thursday
100354,2024-05-29,1094,31.0,West,Haushalt,Staubsauger,1,62.65,10.0,Kreditkarte,4.99,2,5.0,False,56.385,2024-05,Wednesday
102441,2023-09-16,1661,38.0,Nord,Elektronik,USB-Kabel,3,70.4,20.0,Sofortüberweisung,2.99,4,5.0,False,168.96000000000004,2023-09,Saturday
101197,2023-10-06,1368,18.0,Ost,Haushalt,Bettwäsche,2,98.46,0.0,Sofortüberweisung,4.99,4,5.0,False,196.92,2023-10,Friday
103975,2023-10-18,1612,51.0,Nord,Mode,Jacke,2,27.95,0.0,Kreditkarte,0.0,5,5.0,False,55.9,2023-10,Wednesday
103204,2024-06-16,894,42.0,Nord,Mode,T-Shirt,1,26.11,5.0,PayPal,2.99,2,-1.0,False,24.804499999999997,2024-06,Sunday
100367,2024-09-06,1263,34.0,Mitte,Mode,T-Shirt,2,36.15,0.0,Rechnung,4.99,3,4.0,False,72.3,2024-09,Friday
102596,2024-01-24,782,50.0,Nord,Elektronik,USB-Kabel,5,58.81,0.0,Kreditkarte,0.0,3,5.0,False,294.05,2024-01,Wednesday
103789,2024-06-11,385,36.0,West,Mode,Jeans,2,30.1,0.0,Rechnung,0.0,3,4.0,False,60.2,2024-06,Tuesday
101728,2024-07-31,481,44.0,West,Bücher,Kinderbuch,2,17.65,20.0,PayPal,6.99,2,5.0,False,28.24,2024-07,Wednesday
100135,2024-12-07,302,34.0,Ost,Elektronik,Bluetooth-Lautsprecher,2,927.9758609338872,5.0,Lastschrift,6.99,3,5.0,False,1763.1541357743856,2024-12,Saturday
101503,2023-09-02,891,48.0,Nord,Bücher,Kinderbuch,1,16.56,15.0,Lastschrift,4.99,5,-1.0,False,14.075999999999999,2023-09,Saturday
100047,2024-07-09,723,38.0,West,Sport,Trinkflasche,1,46.79,15.0,Sofortüberweisung,0.0,2,-1.0,False,39.771499999999996,2024-07,Tuesday
102318,2023-03-30,115,36.0,Ost,Mode,Mütze,3,35.24,15.0,Kreditkarte,2.99,6,-1.0,False,89.862,2023-03,Thursday
101391,2024-09-15,1218,39.0,Nord,Mode,Jeans,1,38.78,10.0,Lastschrift,0.0,5,4.0,False,34.902,2024-09,Sunday
102063,2023-08-18,667,18.0,Ost,Sport,Laufschuhe,1,44.45,0.0,Rechnung,4.99,4,4.0,False,44.45,2023-08,Friday
101010,2023-11-30,1624,42.0,Mitte,Mode,Jacke,2,31.3,0.0,Sofortüberweisung,2.99,6,4.0,False,62.6,2023-11,Thursday
102121,2023-03-29,1159,39.0,West,Elektronik,Smartphone-Hülle,1,24.71,0.0,PayPal,4.99,1,-1.0,False,24.71,2023-03,Wednesday
103995,2024-05-21,1706,27.0,Nord,Haushalt,Kaffeemaschine,3,110.82,0.0,Sofortüberweisung,0.0,2,4.0,False,332.46,2024-05,Tuesday
100061,2024-11-20,23,36.0,Nord,Haushalt,Lampe,2,23.09,0.0,Lastschrift,2.99,3,5.0,False,46.18,2024-11,Wednesday
101032,2023-03-31,422,19.0,West,Mode,Jeans,2,70.13,0.0,Rechnung,4.99,6,5.0,False,140.26,2023-03,Friday
103245,2023-10-16,1241,37.0,Mitte,Elektronik,Smartphone-Hülle,1,68.32,0.0,PayPal,2.99,3,4.0,False,68.32,2023-10,Monday
100095,2024-07-08,1360,49.0,Ost,Haushalt,Bettwäsche,1,32.38,0.0,PayPal,2.99,5,4.0,False,32.38,2024-07,Monday
100478,2023-02-02,553,38.0,West,Mode,Jeans,1,15.16,0.0,Lastschrift,6.99,3,3.0,False,15.16,2023-02,Thursday
104321,2023-04-30,927,39.0,West,Elektronik,Powerbank,1,53.72,0.0,Kreditkarte,0.0,6,3.0,False,53.72,2023-04,Sunday
100842,2023-02-09,1269,19.0,Süd,Elektronik,Smartphone-Hülle,2,47.8,10.0,Lastschrift,4.99,7,5.0,False,86.03999999999999,2023-02,Thursday
100889,2024-12-23,540,47.0,Nord,Mode,Jacke,1,8.07,5.0,Lastschrift,4.99,2,5.0,False,7.6665,2024-12,Monday
101616,2024-05-06,1742,30.0,Süd,Elektronik,Smartphone-Hülle,1,72.59,15.0,PayPal,0.0,3,4.0,False,61.7015,2024-05,Monday
101902,2024-11-06,1123,21.0,West,Mode,T-Shirt,1,43.14,15.0,Rechnung,0.0,3,4.0,False,36.669,2024-11,Wednesday
101505,2024-02-18,1343,25.0,West,Sport,Hantel,1,26.57,20.0,Kreditkarte,4.99,1,3.0,False,21.256,2024-02,Sunday
100322,2024-09-07,89,29.0,Süd,Mode,T-Shirt,2,41.93,0.0,Rechnung,4.99,4,5.0,False,83.86,2024-09,Saturday
101322,2023-03-28,1525,52.0,Ost,Elektronik,Powerbank,1,46.85,0.0,PayPal,4.99,3,5.0,False,46.85,2023-03,Tuesday
103473,2024-10-30,560,31.0,Mitte,Mode,T-Shirt,4,31.42,0.0,Rechnung,6.99,2,-1.0,True,125.68,2024-10,Wednesday
104041,2024-11-03,1276,43.0,Mitte,Mode,T-Shirt,2,5.75,15.0,Lastschrift,2.99,4,3.0,False,9.775,2024-11,Sunday
102387,2023-09-03,836,18.0,Nord,Mode,Mütze,1,40.84,0.0,Rechnung,0.0,4,3.0,False,40.84,2023-09,Sunday
101425,2023-10-20,464,28.0,Ost,Mode,Jacke,1,49.22,15.0,Lastschrift,2.99,6,3.0,False,41.836999999999996,2023-10,Friday
102521,2023-02-22,1782,48.0,Süd,Elektronik,Powerbank,1,91.04,0.0,Kreditkarte,0.0,7,3.0,False,91.04,2023-02,Wednesday
103129,2023-03-30,707,38.0,Mitte,Mode,Sneaker,2,20.0,15.0,Kreditkarte,2.99,5,4.0,False,34.0,2023-03,Thursday
101187,2023-03-16,1236,44.0,Nord,Haushalt,Kaffeemaschine,2,27.58,0.0,Lastschrift,4.99,6,2.0,False,55.16,2023-03,Thursday
102463,2024-10-15,1663,72.0,Nord,Haushalt,Bettwäsche,1,35.86,0.0,Sofortüberweisung,2.99,5,4.0,False,35.86,2024-10,Tuesday
100291,2023-02-20,258,23.0,West,Elektronik,Bluetooth-Lautsprecher,2,48.22,0.0,Sofortüberweisung,2.99,4,3.0,False,96.44,2023-02,Monday
102357,2024-08-31,235,43.0,West,Elektronik,Kopfhörer,1,4.98,10.0,Rechnung,2.99,3,-1.0,False,4.482,2024-08,Saturday
102754,2024-07-19,422,48.0,Mitte,Bücher,Roman,1,10.25,0.0,Lastschrift,4.99,2,-1.0,False,10.25,2024-07,Friday
100533,2023-12-15,1331,37.0,Nord,Mode,Jacke,1,42.69,5.0,Lastschrift,4.99,4,4.0,False,40.555499999999995,2023-12,Friday
102053,2024-03-11,365,62.0,Ost,Mode,Mütze,1,13.68,10.0,Kreditkarte,0.0,3,4.0,False,12.312,2024-03,Monday
103935,2024-02-03,1680,54.0,West,Elektronik,USB-Kabel,1,26.0,0.0,Sofortüberweisung,0.0,4,5.0,False,26.0,2024-02,Saturday
101261,2024-06-14,1746,54.0,Ost,Sport,Laufschuhe,1,8.17,10.0,Kreditkarte,2.99,3,5.0,False,7.353,2024-06,Friday
101876,2024-08-01,38,39.0,Süd,Elektronik,Powerbank,2,45.41,0.0,Sofortüberweisung,0.0,4,3.0,True,90.82,2024-08,Thursday
102587,2024-10-04,556,29.0,Nord,Elektronik,Kopfhörer,2,18.66,0.0,Kreditkarte,6.99,3,4.0,True,37.32,2024-10,Friday
104019,2024-10-16,1724,41.0,Nord,Bücher,Roman,3,12.49,0.0,Sofortüberweisung,0.0,6,4.0,False,37.47,2024-10,Wednesday
104982,2024-06-29,1383,50.0,Nord,Elektronik,USB-Kabel,4,39.1,0.0,Lastschrift,0.0,2,4.0,False,156.4,2024-06,Saturday
103334,2024-03-25,171,28.0,Nord,Elektronik,Bluetooth-Lautsprecher,1,39.36,0.0,Lastschrift,6.99,4,4.0,False,39.36,2024-03,Monday
100428,2023-03-12,190,26.0,Mitte,Mode,Jeans,1,6.45,0.0,Lastschrift,2.99,6,4.0,False,6.45,2023-03,Sunday
101038,2024-08-02,106,35.0,Mitte,Elektronik,Bluetooth-Lautsprecher,2,38.17,0.0,Rechnung,4.99,3,4.0,False,76.34,2024-08,Friday
103308,2024-11-01,1291,50.0,Ost,Elektronik,Powerbank,2,90.84,0.0,Lastschrift,0.0,2,5.0,False,181.68,2024-11,Friday
104302,2024-01-18,613,57.0,Mitte,Elektronik,Powerbank,1,48.48,0.0,Kreditkarte,2.99,2,5.0,False,48.48,2024-01,Thursday
103648,2024-08-11,119,56.0,West,Mode,Sneaker,1,5.8,0.0,Kreditkarte,0.0,2,5.0,False,5.8,2024-08,Sunday
101192,2024-12-20,837,45.0,Süd,Mode,T-Shirt,1,80.01,20.0,Lastschrift,0.0,1,5.0,False,64.00800000000001,2024-12,Friday
102238,2023-01-29,220,35.0,Ost,Sport,Trinkflasche,2,40.35,10.0,Rechnung,6.99,1,3.0,False,72.63000000000001,2023-01,Sunday
102426,2023-10-21,1332,18.0,West,Mode,T-Shirt,2,15.31,0.0,Lastschrift,2.99,4,-1.0,False,30.62,2023-10,Saturday
101084,2024-08-10,452,35.0,West,Elektronik,Bluetooth-Lautsprecher,1,43.3,5.0,PayPal,0.0,6,4.0,False,41.135,2024-08,Saturday
100626,2023-05-14,604,23.0,West,Elektronik,Kopfhörer,1,37.69,0.0,PayPal,4.99,1,5.0,False,37.69,2023-05,Sunday
102021,2024-11-22,632,18.0,West,Haushalt,Pfannenset,1,61.94,20.0,Sofortüberweisung,0.0,2,4.0,False,49.552,2024-11,Friday
104711,2023-10-02,1247,58.0,Mitte,Sport,Fitnessband,1,59.09,0.0,Kreditkarte,0.0,3,4.0,False,59.09,2023-10,Monday
104570,2023-01-03,1656,33.0,Süd,Elektronik,Bluetooth-Lautsprecher,1,43.56,0.0,PayPal,4.99,5,3.0,False,43.56,2023-01,Tuesday
104970,2024-10-03,1157,47.0,Nord,Elektronik,Kopfhörer,1,50.93,15.0,Sofortüberweisung,2.99,5,5.0,False,43.2905,2024-10,Thursday
100657,2023-12-14,1558,38.0,Mitte,Elektronik,Kopfhörer,1,39.94,0.0,PayPal,2.99,3,4.0,False,39.94,2023-12,Thursday
102559,2024-03-17,100,38.0,Ost,Elektronik,Smartphone-Hülle,1,20.83,0.0,Sofortüberweisung,0.0,9,5.0,True,20.83,2024-03,Sunday
100763,2024-07-07,42,26.0,Nord,Elektronik,Bluetooth-Lautsprecher,1,38.71,10.0,Kreditkarte,2.99,3,5.0,False,34.839,2024-07,Sunday
100787,2023-12-16,834,28.0,Süd,Bücher,Roman,3,9.38,0.0,PayPal,0.0,7,5.0,False,28.14,2023-12,Saturday
103286,2024-07-21,1154,39.0,Nord,Sport,Trinkflasche,5,2.42,0.0,PayPal,0.0,3,4.0,False,12.1,2024-07,Sunday
101183,2023-12-03,53,38.0,Mitte,Sport,Hantel,1,16.69,25.0,Kreditkarte,6.99,4,5.0,False,12.517500000000002,2023-12,Sunday
104510,2023-02-01,881,55.0,West,Elektronik,Smartphone-Hülle,1,37.49,0.0,PayPal,0.0,2,5.0,False,37.49,2023-02,Wednesday
102280,2024-10-18,378,32.0,Nord,Sport,Trinkflasche,1,68.39,0.0,PayPal,4.99,1,2.0,False,68.39,2024-10,Friday
100952,2024-08-28,465,35.0,West,Mode,T-Shirt,2,95.72,0.0,Sofortüberweisung,0.0,6,-1.0,False,191.44,2024-08,Wednesday
103543,2024-05-10,340,28.0,Ost,Elektronik,Kopfhörer,1,49.89,0.0,Rechnung,6.99,5,2.0,False,49.89,2024-05,Friday
101937,2023-12-29,566,38.0,Süd,Mode,Sneaker,1,53.87,0.0,Rechnung,4.99,4,5.0,False,53.87,2023-12,Friday
101543,2023-10-21,1203,21.0,Nord,Haushalt,Bettwäsche,3,31.29,0.0,Sofortüberweisung,0.0,5,5.0,False,93.87,2023-10,Saturday
102282,2024-09-06,88,32.0,Ost,Elektronik,Smartphone-Hülle,1,21.75,0.0,Rechnung,0.0,2,5.0,False,21.75,2024-09,Friday
101020,2024-07-05,167,20.0,Mitte,Elektronik,Smartphone-Hülle,1,43.73,0.0,Sofortüberweisung,0.0,3,5.0,False,43.73,2024-07,Friday
101736,2023-01-17,864,39.0,West,Bücher,Comic,1,3.83,0.0,PayPal,4.99,3,5.0,False,3.83,2023-01,Tuesday
101281,2024-12-29,1455,59.0,Süd,Mode,Sneaker,1,24.23,15.0,PayPal,0.0,3,5.0,False,20.5955,2024-12,Sunday
102201,2024-10-12,701,38.0,West,Bücher,Roman,1,11.77,15.0,Lastschrift,0.0,1,3.0,False,10.0045,2024-10,Saturday
100070,2024-10-11,161,35.0,Ost,Bücher,Roman,1,9.19,0.0,Sofortüberweisung,6.99,4,3.0,False,9.19,2024-10,Friday
100949,2023-02-13,803,27.0,Süd,Haushalt,Bettwäsche,1,128.82,0.0,Lastschrift,4.99,1,-1.0,False,128.82,2023-02,Monday
101231,2023-02-18,1612,30.0,Süd,Bücher,Roman,1,13.14,25.0,Lastschrift,2.99,4,5.0,False,9.855,2023-02,Saturday
100831,2023-05-02,192,50.0,Ost,Elektronik,USB-Kabel,2,22.35,20.0,Kreditkarte,2.99,3,5.0,False,35.760000000000005,2023-05,Tuesday
103303,2023-04-25,657,37.0,Süd,Elektronik,Smartphone-Hülle,1,40.83,0.0,Rechnung,0.0,4,3.0,False,40.83,2023-04,Tuesday
101934,2023-11-24,1190,53.0,Süd,Sport,Yogamatte,1,12.14,20.0,Rechnung,4.99,1,4.0,False,9.712000000000002,2023-11,Friday
103738,2023-12-13,166,48.0,Mitte,Sport,Hantel,1,36.78,0.0,PayPal,4.99,2,5.0,False,36.78,2023-12,Wednesday
104277,2024-11-17,1244,28.0,Ost,Haushalt,Kaffeemaschine,1,38.53,10.0,Sofortüberweisung,2.99,2,5.0,False,34.677,2024-11,Sunday
104676,2023-06-12,79,37.0,West,Mode,T-Shirt,1,35.11,0.0,PayPal,2.99,2,4.0,False,35.11,2023-06,Monday
101612,2023-05-22,1636,49.0,Süd,Sport,Trinkflasche,1,53.89,0.0,Rechnung,4.99,4,5.0,False,53.89,2023-05,Monday
101221,2023-10-01,265,49.0,Süd,Elektronik,Smartphone-Hülle,1,30.3,0.0,Rechnung,4.99,6,4.0,False,30.3,2023-10,Sunday
103519,2024-08-30,811,28.0,Ost,Elektronik,Powerbank,2,22.61,0.0,PayPal,2.99,2,3.0,False,45.22,2024-08,Friday
101174,2024-12-08,1644,53.0,Süd,Elektronik,Powerbank,1,28.07,20.0,Lastschrift,4.99,2,5.0,False,22.456000000000003,2024-12,Sunday
102700,2024-06-27,1190,36.0,West,Elektronik,Smartphone-Hülle,1,37.69,0.0,Sofortüberweisung,2.99,4,4.0,False,37.69,2024-06,Thursday
104908,2024-12-26,1293,22.0,Mitte,Sport,Laufschuhe,2,17.62,10.0,PayPal,0.0,1,5.0,False,31.716,2024-12,Thursday
104391,2023-11-20,1706,33.0,Mitte,Mode,T-Shirt,1,13.83,5.0,Rechnung,0.0,1,-1.0,False,13.138499999999999,2023-11,Monday
101330,2023-04-11,394,65.0,Süd,Elektronik,Kopfhörer,1,104.45,0.0,Lastschrift,2.99,4,4.0,False,104.45,2023-04,Tuesday
102342,2023-06-28,1055,35.0,West,Mode,Jeans,4,28.83,20.0,PayPal,4.99,3,5.0,False,92.256,2023-06,Wednesday
100896,2024-09-23,109,32.0,West,Haushalt,Lampe,1,31.09,25.0,Lastschrift,4.99,4,5.0,False,23.3175,2024-09,Monday
104971,2023-05-26,207,29.0,Ost,Haushalt,Bettwäsche,1,31.11,0.0,Rechnung,4.99,1,5.0,False,31.11,2023-05,Friday
104928,2023-07-22,642,46.0,Ost,Bücher,Comic,1,14.91,0.0,Sofortüberweisung,6.99,3,3.0,False,14.91,2023-07,Saturday
102610,2024-12-13,1001,34.0,Mitte,Elektronik,Bluetooth-Lautsprecher,3,40.83,0.0,PayPal,0.0,4,4.0,False,122.49,2024-12,Friday
104846,2024-03-13,1726,35.0,West,Mode,Jeans,2,18.8,15.0,Rechnung,2.99,4,2.0,False,31.96,2024-03,Wednesday
101090,2023-06-30,1401,26.0,Süd,Mode,Mütze,2,32.22,0.0,Lastschrift,0.0,8,5.0,False,64.44,2023-06,Friday
101946,2023-04-05,268,32.0,Ost,Elektronik,Smartphone-Hülle,2,59.07,20.0,Lastschrift,4.99,2,5.0,False,94.512,2023-04,Wednesday
100944,2024-03-24,726,41.0,Süd,Elektronik,Kopfhörer,1,41.87,0.0,PayPal,2.99,3,3.0,False,41.87,2024-03,Sunday
103742,2023-07-03,1178,39.0,Süd,Elektronik,Kopfhörer,1,23.21,0.0,Lastschrift,0.0,2,5.0,False,23.21,2023-07,Monday
102351,2024-06-17,1673,41.0,Ost,Mode,Jeans,4,6.7,0.0,Lastschrift,2.99,5,3.0,False,26.8,2024-06,Monday
101626,2024-09-29,1415,40.0,Mitte,Mode,Mütze,1,44.04,10.0,PayPal,4.99,5,4.0,False,39.636,2024-09,Sunday
102588,2024-03-29,818,57.0,Mitte,Haushalt,Kaffeemaschine,2,97.48,0.0,PayPal,2.99,5,5.0,True,194.96,2024-03,Friday
103757,2023-02-08,972,18.0,Nord,Bücher,Roman,2,34.45,0.0,Lastschrift,0.0,1,5.0,False,68.9,2023-02,Wednesday
101437,2023-10-15,1132,49.0,Nord,Elektronik,USB-Kabel,2,24.47,15.0,Kreditkarte,4.99,1,5.0,False,41.599,2023-10,Sunday
104753,2023-02-22,803,68.0,Nord,Elektronik,Smartphone-Hülle,3,22.15,15.0,PayPal,0.0,1,5.0,False,56.48249999999999,2023-02,Wednesday
103669,2023-11-04,598,42.0,Ost,Bücher,Kochbuch,1,21.21,0.0,Sofortüberweisung,0.0,3,4.0,False,21.21,2023-11,Saturday
102648,2023-05-14,1299,22.0,Ost,Haushalt,Kaffeemaschine,2,68.25,0.0,Kreditkarte,6.99,2,3.0,False,136.5,2023-05,Sunday
100233,2023-01-28,913,31.0,West,Haushalt,Kaffeemaschine,5,100.42,5.0,Sofortüberweisung,0.0,6,5.0,False,476.995,2023-01,Saturday
104644,2023-01-08,1144,57.0,Mitte,Mode,Jacke,1,47.95,10.0,Sofortüberweisung,2.99,5,-1.0,False,43.155,2023-01,Sunday
100798,2023-06-20,132,40.0,Ost,Haushalt,Kaffeemaschine,1,115.95,15.0,Lastschrift,0.0,4,5.0,False,98.5575,2023-06,Tuesday
100633,2024-12-09,683,48.0,West,Mode,Jacke,1,27.98,0.0,Lastschrift,2.99,1,2.0,False,27.98,2024-12,Monday
102314,2024-01-29,782,35.0,Nord,Mode,Jeans,1,56.36,5.0,Rechnung,2.99,3,5.0,False,53.541999999999994,2024-01,Monday
100415,2023-04-02,234,21.0,Nord,Mode,Sneaker,2,39.35,0.0,PayPal,2.99,4,4.0,False,78.7,2023-04,Sunday
102659,2023-05-09,473,25.0,Süd,Sport,Laufschuhe,1,47.51,0.0,Sofortüberweisung,0.0,6,4.0,False,47.51,2023-05,Tuesday
102024,2023-08-18,1764,41.0,West,Haushalt,Kaffeemaschine,2,66.7,0.0,Rechnung,4.99,5,-1.0,False,133.4,2023-08,Friday
102607,2024-01-22,1765,43.0,Süd,Mode,Sneaker,5,30.82,0.0,Kreditkarte,2.99,4,-1.0,False,154.1,2024-01,Monday
103893,2023-03-28,629,36.0,Mitte,Sport,Laufschuhe,1,15.88,0.0,Rechnung,0.0,2,4.0,False,15.88,2023-03,Tuesday
103493,2023-02-01,55,30.0,Nord,Bücher,Kochbuch,1,41.43,0.0,Sofortüberweisung,0.0,3,5.0,False,41.43,2023-02,Wednesday
100810,2023-08-29,109,47.0,Süd,Bücher,Sachbuch,2,1.49,15.0,PayPal,0.0,4,4.0,False,2.533,2023-08,Tuesday
100017,2023-07-30,1493,20.0,Süd,Elektronik,Powerbank,3,45.85,10.0,Lastschrift,0.0,4,5.0,False,123.79500000000002,2023-07,Sunday
102533,2023-05-05,425,24.0,Nord,Bücher,Roman,1,134.02747203558965,0.0,Rechnung,6.99,2,5.0,False,134.02747203558965,2023-05,Friday
102462,2024-06-16,1778,22.0,Süd,Mode,Jeans,1,33.75,5.0,Rechnung,2.99,3,5.0,False,32.0625,2024-06,Sunday
102091,2023-11-13,502,42.0,Ost,Mode,Mütze,1,35.06,0.0,Rechnung,0.0,4,5.0,False,35.06,2023-11,Monday
102170,2023-06-21,1309,38.0,West,Bücher,Kochbuch,1,6.22,10.0,Kreditkarte,6.99,4,5.0,False,5.598,2023-06,Wednesday
100596,2024-10-21,538,40.0,Süd,Haushalt,Lampe,1,68.89,0.0,PayPal,0.0,1,5.0,False,68.89,2024-10,Monday
104408,2023-07-17,872,52.0,West,Mode,T-Shirt,1,19.57,0.0,Sofortüberweisung,0.0,2,4.0,False,19.57,2023-07,Monday
102194,2023-08-21,869,24.0,Mitte,Haushalt,Kaffeemaschine,1,50.99,15.0,Rechnung,6.99,2,4.0,False,43.3415,2023-08,Monday
104397,2024-03-07,961,18.0,Süd,Haushalt,Kaffeemaschine,2,40.18,0.0,PayPal,2.99,2,3.0,False,80.36,2024-03,Thursday
101557,2023-06-10,383,33.0,Mitte,Elektronik,Powerbank,1,37.19,0.0,PayPal,4.99,3,5.0,True,37.19,2023-06,Saturday
102244,2024-04-05,815,46.0,West,Mode,Mütze,1,23.49,0.0,Kreditkarte,4.99,1,5.0,False,23.49,2024-04,Friday
104439,2023-12-28,355,38.0,West,Bücher,Sachbuch,3,26.31,0.0,Lastschrift,2.99,6,4.0,False,78.92999999999999,2023-12,Thursday
100371,2024-10-24,544,18.0,Ost,Haushalt,Staubsauger,1,121.2,0.0,Kreditkarte,0.0,2,2.0,False,121.2,2024-10,Thursday
103718,2023-02-04,1007,32.0,Mitte,Elektronik,Kopfhörer,1,88.24,0.0,PayPal,0.0,5,4.0,False,88.24,2023-02,Saturday
102757,2024-05-24,141,44.0,Süd,Mode,Jacke,2,37.97,0.0,Lastschrift,4.99,1,4.0,False,75.94,2024-05,Friday
103053,2023-09-02,121,27.0,Süd,Bücher,Roman,2,3.42,15.0,PayPal,4.99,2,5.0,False,5.814,2023-09,Saturday
100598,2023-06-26,1619,38.0,Süd,Elektronik,Powerbank,1,21.2,0.0,Kreditkarte,6.99,3,5.0,False,21.2,2023-06,Monday
100676,2023-04-29,477,45.0,Süd,Sport,Trinkflasche,2,3.5,0.0,Sofortüberweisung,4.99,3,5.0,False,7.0,2023-04,Saturday
100238,2023-07-28,507,26.0,Mitte,Bücher,Sachbuch,1,19.66,15.0,Lastschrift,2.99,6,3.0,False,16.711,2023-07,Friday
104012,2023-09-14,619,42.0,Süd,Sport,Hantel,2,8.18,20.0,Rechnung,4.99,5,4.0,False,13.088000000000001,2023-09,Thursday
104264,2023-12-29,739,37.0,Mitte,Elektronik,USB-Kabel,1,5.66,15.0,Rechnung,0.0,5,5.0,False,4.811,2023-12,Friday
101212,2024-08-03,504,36.0,West,Mode,Mütze,1,32.19,0.0,Rechnung,0.0,3,4.0,False,32.19,2024-08,Saturday
101849,2023-06-04,326,45.0,Mitte,Mode,T-Shirt,1,35.04,0.0,Lastschrift,4.99,1,4.0,False,35.04,2023-06,Sunday
102042,2024-05-24,559,31.0,Ost,Haushalt,Bettwäsche,1,49.43,0.0,Lastschrift,4.99,5,5.0,False,49.43,2024-05,Friday
101362,2024-05-23,438,37.0,Nord,Elektronik,Powerbank,1,64.05,0.0,Kreditkarte,2.99,6,4.0,False,64.05,2024-05,Thursday
104369,2024-09-17,981,38.0,Ost,Sport,Fitnessband,2,79.13,10.0,Lastschrift,4.99,5,4.0,False,142.434,2024-09,Tuesday
103534,2023-11-11,704,62.0,West,Mode,Sneaker,3,20.13,0.0,Kreditkarte,6.99,4,4.0,False,60.39,2023-11,Saturday
103166,2023-11-30,1156,33.0,West,Elektronik,USB-Kabel,1,45.55,0.0,PayPal,4.99,1,4.0,False,45.55,2023-11,Thursday
102804,2024-08-30,970,42.0,West,Sport,Yogamatte,1,37.58,0.0,Lastschrift,6.99,3,5.0,False,37.58,2024-08,Friday
104256,2024-11-24,473,28.0,West,Elektronik,Powerbank,1,32.6,0.0,PayPal,2.99,7,4.0,True,32.6,2024-11,Sunday
103862,2023-06-28,760,44.0,West,Haushalt,Pfannenset,2,61.76,0.0,Lastschrift,2.99,8,5.0,False,123.52,2023-06,Wednesday
102829,2023-12-06,207,30.0,West,Sport,Yogamatte,1,24.57,5.0,Sofortüberweisung,6.99,4,5.0,False,23.3415,2023-12,Wednesday
102367,2023-08-11,289,54.0,Ost,Haushalt,Bettwäsche,2,24.6,0.0,Kreditkarte,6.99,6,5.0,False,49.2,2023-08,Friday
101756,2024-12-26,364,25.0,Ost,Elektronik,Powerbank,1,46.62,0.0,Rechnung,2.99,4,4.0,False,46.62,2024-12,Thursday
104296,2024-02-13,396,43.0,West,Bücher,Comic,1,9.56,20.0,PayPal,2.99,4,4.0,False,7.648000000000001,2024-02,Tuesday
104289,2024-10-01,1754,33.0,Süd,Haushalt,Lampe,1,48.47,0.0,Sofortüberweisung,2.99,3,4.0,False,48.47,2024-10,Tuesday
102414,2023-11-08,1262,40.0,Mitte,Mode,Jacke,1,18.35,15.0,Lastschrift,6.99,3,5.0,False,15.5975,2023-11,Wednesday
104008,2024-09-14,1418,33.0,Nord,Mode,Jeans,1,18.73,0.0,Sofortüberweisung,4.99,1,5.0,False,18.73,2024-09,Saturday
103674,2024-06-08,9,41.0,West,Mode,Sneaker,1,31.97,25.0,Sofortüberweisung,2.99,4,5.0,False,23.9775,2024-06,Saturday
103557,2023-02-28,1044,32.0,Nord,Mode,T-Shirt,1,53.44,20.0,Sofortüberweisung,0.0,3,5.0,False,42.752,2023-02,Tuesday
104112,2023-10-22,63,43.0,West,Sport,Trinkflasche,3,14.5,0.0,Sofortüberweisung,0.0,4,5.0,False,43.5,2023-10,Sunday
100621,2024-02-24,1488,34.0,West,Mode,Sneaker,2,35.32,0.0,Rechnung,0.0,3,5.0,False,70.64,2024-02,Saturday
102341,2024-03-15,1155,55.0,West,Haushalt,Kaffeemaschine,1,13.84,0.0,Lastschrift,4.99,4,4.0,False,13.84,2024-03,Friday
103702,2023-07-08,839,57.0,Nord,Mode,Sneaker,1,23.28,0.0,Lastschrift,2.99,1,5.0,False,23.28,2023-07,Saturday
100566,2023-02-11,270,26.0,Süd,Sport,Laufschuhe,1,40.57,0.0,Lastschrift,2.99,3,3.0,False,40.57,2023-02,Saturday
101514,2024-11-15,1758,23.0,Mitte,Mode,Jeans,1,26.99,0.0,Lastschrift,0.0,4,4.0,False,26.99,2024-11,Friday
102520,2023-01-19,527,37.0,Süd,Haushalt,Staubsauger,4,80.42,0.0,Sofortüberweisung,6.99,1,3.0,False,321.68,2023-01,Thursday
101215,2023-04-12,957,18.0,West,Mode,Mütze,1,12.89,0.0,PayPal,0.0,1,5.0,True,12.89,2023-04,Wednesday
100051,2023-01-02,510,22.0,Nord,Bücher,Sachbuch,2,9.5,0.0,Rechnung,6.99,4,4.0,False,19.0,2023-01,Monday
102210,2023-07-31,115,36.0,West,Elektronik,Kopfhörer,1,62.04,0.0,Kreditkarte,2.99,5,5.0,False,62.04,2023-07,Monday
100807,2024-03-24,1018,45.0,Ost,Sport,Fitnessband,2,25.12,0.0,Sofortüberweisung,6.99,1,5.0,False,50.24,2024-03,Sunday
102702,2024-03-24,1311,22.0,Ost,Mode,Jacke,1,4.06,0.0,Lastschrift,4.99,2,5.0,False,4.06,2024-03,Sunday
104183,2024-09-04,1268,35.0,West,Sport,Hantel,1,7.88,5.0,PayPal,2.99,2,4.0,False,7.486,2024-09,Wednesday
100534,2023-04-08,1434,49.0,Nord,Elektronik,Powerbank,1,51.15,0.0,Rechnung,4.99,4,-1.0,False,51.15,2023-04,Saturday
103249,2023-02-02,1302,50.0,Mitte,Sport,Yogamatte,1,16.28,0.0,Rechnung,4.99,4,2.0,False,16.28,2023-02,Thursday
103961,2024-08-23,109,50.0,West,Elektronik,Bluetooth-Lautsprecher,5,16.98,0.0,Sofortüberweisung,6.99,4,5.0,False,84.9,2024-08,Friday
100443,2023-11-15,904,36.0,West,Elektronik,Bluetooth-Lautsprecher,5,895.1400169235415,0.0,Rechnung,0.0,7,4.0,False,4475.700084617707,2023-11,Wednesday
101001,2024-10-03,176,61.0,Mitte,Sport,Yogamatte,1,34.45,0.0,Rechnung,4.99,6,5.0,False,34.45,2024-10,Thursday
100195,2024-02-18,443,31.0,Nord,Sport,Fitnessband,1,17.92,0.0,Rechnung,2.99,3,5.0,False,17.92,2024-02,Sunday
101420,2024-11-17,334,19.0,Nord,Sport,Hantel,1,10.81,0.0,Rechnung,4.99,3,5.0,False,10.81,2024-11,Sunday
100812,2023-11-02,37,25.0,Süd,Mode,Jeans,2,24.38,0.0,Lastschrift,2.99,3,4.0,False,48.76,2023-11,Thursday
101874,2023-05-23,617,55.0,Nord,Mode,T-Shirt,1,38.31,0.0,Rechnung,2.99,3,5.0,False,38.31,2023-05,Tuesday
104455,2024-02-15,788,23.0,Nord,Haushalt,Kaffeemaschine,3,55.09,5.0,Sofortüberweisung,4.99,3,4.0,False,157.0065,2024-02,Thursday
103063,2024-12-19,206,37.0,West,Sport,Laufschuhe,1,32.01,10.0,Lastschrift,4.99,6,4.0,True,28.808999999999997,2024-12,Thursday
104307,2024-03-10,893,32.0,Süd,Sport,Hantel,3,23.07,0.0,Kreditkarte,4.99,2,5.0,False,69.21000000000001,2024-03,Sunday
103270,2023-11-15,1754,38.0,Nord,Mode,Jeans,1,16.24,0.0,Kreditkarte,2.99,4,3.0,False,16.24,2023-11,Wednesday
102609,2024-08-06,1509,18.0,Ost,Mode,T-Shirt,3,31.08,0.0,Rechnung,6.99,3,2.0,False,93.24,2024-08,Tuesday
103933,2023-04-01,1490,35.0,Ost,Bücher,Kochbuch,1,23.41,0.0,Rechnung,0.0,3,5.0,False,23.41,2023-04,Saturday
104190,2023-08-08,329,49.0,Nord,Haushalt,Staubsauger,1,14.85,0.0,Sofortüberweisung,0.0,8,4.0,False,14.85,2023-08,Tuesday
100644,2023-06-18,678,52.0,Ost,Haushalt,Kaffeemaschine,2,12.3,15.0,Rechnung,2.99,2,4.0,False,20.91,2023-06,Sunday
102284,2023-09-15,372,35.0,Nord,Mode,Mütze,1,17.57,5.0,Rechnung,4.99,1,5.0,False,16.691499999999998,2023-09,Friday
103591,2023-02-18,1671,25.0,West,Mode,Jacke,1,7.06,0.0,Lastschrift,0.0,4,3.0,False,7.06,2023-02,Saturday
102577,2024-04-27,1139,36.0,Süd,Haushalt,Lampe,1,49.74,0.0,PayPal,2.99,4,-1.0,False,49.74,2024-04,Saturday
104447,2024-12-14,1693,27.0,Nord,Mode,Mütze,2,4.62,0.0,Sofortüberweisung,2.99,5,3.0,True,9.24,2024-12,Saturday
100120,2024-09-21,1745,40.0,Nord,Mode,Jacke,1,23.93,0.0,Rechnung,4.99,1,4.0,False,23.93,2024-09,Saturday
101268,2023-11-16,129,18.0,Mitte,Mode,Sneaker,4,29.29,0.0,Sofortüberweisung,6.99,5,1.0,False,117.16,2023-11,Thursday
104613,2024-04-27,1779,23.0,West,Elektronik,Bluetooth-Lautsprecher,5,11.72,0.0,Rechnung,2.99,5,5.0,False,58.6,2024-04,Saturday
104938,2024-10-31,1755,52.0,West,Mode,T-Shirt,1,6.35,0.0,Kreditkarte,2.99,4,5.0,False,6.35,2024-10,Thursday
102495,2023-12-21,1534,25.0,Nord,Sport,Fitnessband,3,8.0,0.0,Kreditkarte,2.99,6,1.0,False,24.0,2023-12,Thursday
102022,2024-09-22,179,69.0,West,Mode,Sneaker,1,18.95,5.0,Kreditkarte,0.0,5,5.0,False,18.002499999999998,2024-09,Sunday
100134,2024-11-09,1003,39.0,Ost,Haushalt,Pfannenset,2,18.64,0.0,Sofortüberweisung,2.99,2,4.0,False,37.28,2024-11,Saturday
102789,2023-02-20,520,42.0,Mitte,Mode,Mütze,1,43.15,10.0,PayPal,0.0,2,4.0,False,38.835,2023-02,Monday
103857,2024-03-13,1473,30.0,West,Mode,Sneaker,3,45.38,0.0,PayPal,2.99,2,4.0,False,136.14000000000001,2024-03,Wednesday
104766,2024-06-08,24,29.0,Ost,Sport,Fitnessband,1,55.12,0.0,Lastschrift,6.99,3,2.0,False,55.12,2024-06,Saturday
100184,2024-08-29,458,39.0,Nord,Bücher,Kochbuch,3,9.42,0.0,Lastschrift,0.0,2,4.0,False,28.259999999999998,2024-08,Thursday
101360,2023-04-09,306,52.0,Süd,Mode,Jeans,4,41.87,15.0,Sofortüberweisung,0.0,5,5.0,False,142.35799999999998,2023-04,Sunday
101703,2024-10-09,1525,21.0,Nord,Mode,Jeans,2,42.69,0.0,Rechnung,2.99,3,5.0,False,85.38,2024-10,Wednesday
100511,2023-01-03,1269,36.0,West,Haushalt,Kaffeemaschine,4,61.32,0.0,Sofortüberweisung,4.99,5,5.0,False,245.28,2023-01,Tuesday
100877,2023-12-27,456,49.0,Ost,Elektronik,Bluetooth-Lautsprecher,2,36.75,0.0,Kreditkarte,0.0,3,3.0,False,73.5,2023-12,Wednesday
100062,2023-03-10,1584,32.0,West,Mode,Mütze,1,32.08,20.0,Lastschrift,2.99,1,3.0,False,25.664,2023-03,Friday
104786,2024-01-20,1155,25.0,Süd,Mode,Jacke,1,42.43,10.0,Sofortüberweisung,0.0,2,4.0,False,38.187,2024-01,Saturday
102722,2023-09-21,1419,38.0,Mitte,Haushalt,Staubsauger,1,56.12,0.0,PayPal,2.99,4,4.0,False,56.12,2023-09,Thursday
103787,2024-12-04,504,43.0,Mitte,Mode,Sneaker,2,8.64,15.0,Kreditkarte,4.99,3,5.0,False,14.688,2024-12,Wednesday
102575,2024-12-23,729,44.0,Ost,Bücher,Roman,1,44.36,0.0,Lastschrift,0.0,1,2.0,False,44.36,2024-12,Monday
100776,2023-11-04,234,21.0,Mitte,Sport,Laufschuhe,1,33.85,0.0,Lastschrift,4.99,3,4.0,False,33.85,2023-11,Saturday
100251,2023-07-19,1186,47.0,Nord,Mode,Jacke,1,22.84,10.0,Rechnung,2.99,5,5.0,False,20.556,2023-07,Wednesday
102394,2024-04-08,1708,49.0,Nord,Elektronik,Kopfhörer,2,19.15,0.0,Sofortüberweisung,0.0,1,5.0,False,38.3,2024-04,Monday
100859,2024-08-19,557,54.0,Ost,Mode,T-Shirt,1,41.71,0.0,Lastschrift,6.99,5,4.0,False,41.71,2024-08,Monday
103760,2023-10-13,1263,46.0,West,Bücher,Kochbuch,3,20.39,0.0,Kreditkarte,2.99,1,3.0,True,61.17,2023-10,Friday
102656,2023-11-22,1045,23.0,Nord,Elektronik,Powerbank,1,24.09,0.0,Lastschrift,2.99,4,5.0,False,24.09,2023-11,Wednesday
103388,2023-01-29,977,32.0,West,Haushalt,Pfannenset,1,58.41,0.0,Sofortüberweisung,2.99,4,5.0,False,58.41,2023-01,Sunday
100122,2023-10-19,941,40.0,Nord,Sport,Trinkflasche,2,18.76,0.0,Sofortüberweisung,0.0,1,5.0,False,37.52,2023-10,Thursday
103710,2023-01-08,1623,38.0,Nord,Haushalt,Kaffeemaschine,2,17.11,0.0,Kreditkarte,4.99,2,5.0,False,34.22,2023-01,Sunday
101168,2024-11-20,579,53.0,Nord,Mode,Mütze,4,29.15,0.0,Rechnung,6.99,3,4.0,False,116.6,2024-11,Wednesday
101941,2023-11-03,1658,46.0,Süd,Elektronik,Kopfhörer,1,46.2,0.0,PayPal,4.99,2,4.0,False,46.2,2023-11,Friday
103807,2024-12-19,1670,18.0,Nord,Elektronik,Powerbank,4,67.38,0.0,Sofortüberweisung,4.99,4,5.0,False,269.52,2024-12,Thursday
100567,2024-05-24,1049,46.0,Nord,Mode,Jeans,1,41.05,0.0,Rechnung,4.99,4,5.0,False,41.05,2024-05,Friday
102370,2023-06-12,57,29.0,Süd,Haushalt,Lampe,3,50.21,0.0,Kreditkarte,0.0,5,5.0,False,150.63,2023-06,Monday
103250,2024-03-08,1002,25.0,Mitte,Elektronik,Kopfhörer,1,42.04,0.0,Lastschrift,2.99,3,5.0,False,42.04,2024-03,Friday
101533,2023-12-17,582,49.0,Mitte,Elektronik,Smartphone-Hülle,3,13.34,5.0,Rechnung,4.99,4,5.0,False,38.01899999999999,2023-12,Sunday
104214,2024-02-04,657,32.0,Mitte,Sport,Hantel,2,7.0,20.0,PayPal,0.0,4,4.0,False,11.200000000000001,2024-02,Sunday
104985,2024-02-17,124,41.0,West,Haushalt,Kaffeemaschine,3,85.64,0.0,Rechnung,6.99,5,3.0,False,256.92,2024-02,Saturday
101893,2024-01-30,1402,32.0,Ost,Haushalt,Lampe,1,27.46,5.0,Kreditkarte,6.99,6,4.0,False,26.087,2024-01,Tuesday
101491,2024-08-27,754,35.0,Mitte,Haushalt,Lampe,1,62.83,0.0,Sofortüberweisung,6.99,4,4.0,False,62.83,2024-08,Tuesday
104770,2024-02-05,1262,37.0,Nord,Mode,Sneaker,1,32.97,0.0,Sofortüberweisung,2.99,1,3.0,False,32.97,2024-02,Monday
104200,2024-11-24,839,46.0,Mitte,Bücher,Kinderbuch,2,16.18,0.0,Lastschrift,4.99,4,4.0,True,32.36,2024-11,Sunday
100720,2023-01-04,756,18.0,Ost,Elektronik,Powerbank,3,30.83,0.0,Sofortüberweisung,6.99,5,4.0,False,92.49,2023-01,Wednesday
102764,2023-06-15,61,34.0,West,Elektronik,USB-Kabel,1,39.55,5.0,Kreditkarte,4.99,5,4.0,False,37.5725,2023-06,Thursday
102077,2023-12-15,59,25.0,Süd,Haushalt,Lampe,1,43.79,5.0,PayPal,2.99,6,5.0,False,41.6005,2023-12,Friday
101456,2023-05-17,1337,36.0,Süd,Bücher,Sachbuch,1,14.61,10.0,PayPal,2.99,6,5.0,False,13.149,2023-05,Wednesday
104357,2024-06-21,1453,33.0,West,Haushalt,Lampe,1,40.42,0.0,Rechnung,0.0,3,5.0,False,40.42,2024-06,Friday
103260,2024-04-12,240,36.0,Nord,Haushalt,Staubsauger,3,64.53,20.0,PayPal,6.99,2,3.0,False,154.872,2024-04,Friday
100602,2024-03-19,194,32.0,Mitte,Haushalt,Lampe,1,112.03,0.0,PayPal,2.99,5,4.0,False,112.03,2024-03,Tuesday
102099,2024-12-19,1624,44.0,Süd,Haushalt,Kaffeemaschine,1,47.79,5.0,Rechnung,2.99,2,5.0,False,45.400499999999994,2024-12,Thursday
101569,2023-12-17,1154,45.0,Süd,Sport,Trinkflasche,5,3.94,0.0,Sofortüberweisung,2.99,2,5.0,False,19.7,2023-12,Sunday
101101,2024-04-17,778,59.0,Süd,Mode,Sneaker,1,38.98,10.0,Rechnung,6.99,4,3.0,False,35.082,2024-04,Wednesday
103525,2024-05-18,573,36.0,Nord,Elektronik,Smartphone-Hülle,1,70.73,0.0,Kreditkarte,0.0,2,4.0,False,70.73,2024-05,Saturday
100318,2024-11-03,1049,45.0,Mitte,Sport,Laufschuhe,1,58.93,10.0,Sofortüberweisung,2.99,4,1.0,False,53.037,2024-11,Sunday
104497,2023-12-10,57,35.0,Nord,Mode,T-Shirt,2,23.0,5.0,Rechnung,0.0,3,5.0,False,43.699999999999996,2023-12,Sunday
101293,2023-03-02,1277,32.0,West,Haushalt,Pfannenset,1,61.04,0.0,Rechnung,6.99,5,5.0,False,61.04,2023-03,Thursday
100274,2023-07-01,855,55.0,West,Bücher,Kinderbuch,3,32.07,0.0,Sofortüberweisung,0.0,6,3.0,False,96.21000000000001,2023-07,Saturday
102962,2023-03-23,1726,47.0,West,Sport,Fitnessband,1,30.8,10.0,PayPal,0.0,4,5.0,False,27.720000000000002,2023-03,Thursday
100549,2024-02-21,1318,38.0,Ost,Elektronik,Kopfhörer,2,43.64,0.0,Kreditkarte,2.99,3,5.0,False,87.28,2024-02,Wednesday
102223,2024-06-28,1101,64.0,Mitte,Sport,Yogamatte,1,14.56,0.0,Kreditkarte,4.99,1,4.0,False,14.56,2024-06,Friday
103901,2023-04-25,680,31.0,Süd,Elektronik,Bluetooth-Lautsprecher,1,107.91,15.0,Rechnung,0.0,4,5.0,True,91.7235,2023-04,Tuesday
104942,2023-11-10,861,45.0,Mitte,Haushalt,Lampe,1,27.85,0.0,Sofortüberweisung,2.99,2,5.0,False,27.85,2023-11,Friday
104549,2023-08-14,1684,31.0,Mitte,Elektronik,Kopfhörer,5,40.32,0.0,Lastschrift,2.99,5,5.0,False,201.6,2023-08,Monday
100605,2023-11-03,1691,26.0,Mitte,Sport,Yogamatte,1,70.03,10.0,Lastschrift,4.99,5,4.0,False,63.027,2023-11,Friday
102259,2024-08-29,1045,36.0,West,Bücher,Sachbuch,1,20.56,0.0,Sofortüberweisung,2.99,4,3.0,False,20.56,2024-08,Thursday
100527,2023-07-06,1268,43.0,West,Elektronik,Smartphone-Hülle,1,30.96,0.0,Lastschrift,6.99,4,5.0,False,30.96,2023-07,Thursday
102515,2024-09-22,714,36.0,Süd,Mode,Jeans,2,16.56,0.0,Lastschrift,0.0,4,5.0,False,33.12,2024-09,Sunday
104966,2023-12-12,75,30.0,Nord,Mode,Sneaker,2,53.53,0.0,Sofortüberweisung,6.99,1,4.0,False,107.06,2023-12,Tuesday
102456,2023-09-07,36,72.0,West,Mode,Sneaker,1,15.34,10.0,Rechnung,0.0,6,3.0,False,13.806000000000001,2023-09,Thursday
103845,2023-03-02,1460,41.0,Süd,Mode,Jacke,2,58.4,10.0,Rechnung,2.99,2,4.0,False,105.12,2023-03,Thursday
104954,2024-06-20,971,69.0,Mitte,Elektronik,Powerbank,3,64.2,20.0,Rechnung,6.99,7,5.0,False,154.08000000000004,2024-06,Thursday
101873,2024-12-07,1538,40.0,Ost,Bücher,Kochbuch,1,21.35,0.0,Rechnung,2.99,3,5.0,False,21.35,2024-12,Saturday
103214,2023-02-17,1665,38.0,Mitte,Mode,Mütze,2,62.02,15.0,Lastschrift,0.0,3,4.0,False,105.434,2023-02,Friday
100298,2023-10-16,1469,19.0,Mitte,Bücher,Roman,1,7.79,0.0,Sofortüberweisung,4.99,4,5.0,False,7.79,2023-10,Monday
101135,2024-04-23,1180,37.0,Ost,Sport,Trinkflasche,3,44.17,0.0,Sofortüberweisung,2.99,1,3.0,False,132.51,2024-04,Tuesday
102585,2023-12-05,1152,49.0,Ost,Elektronik,Kopfhörer,3,29.74,10.0,Rechnung,2.99,3,3.0,False,80.298,2023-12,Tuesday
101877,2023-02-09,715,38.0,Nord,Mode,Jacke,1,41.94,0.0,Rechnung,2.99,5,4.0,True,41.94,2023-02,Thursday
104772,2024-09-12,776,30.0,Nord,Bücher,Roman,1,26.02,0.0,Kreditkarte,2.99,2,4.0,False,26.02,2024-09,Thursday
104994,2023-02-13,1452,38.0,Mitte,Elektronik,Bluetooth-Lautsprecher,1,43.57,25.0,Lastschrift,0.0,4,1.0,False,32.6775,2023-02,Monday
104074,2024-05-04,1256,36.0,Süd,Bücher,Comic,1,14.84,0.0,Lastschrift,2.99,8,4.0,False,14.84,2024-05,Saturday
101615,2023-08-05,875,56.0,Nord,Elektronik,USB-Kabel,4,58.52,0.0,PayPal,2.99,3,4.0,False,234.08,2023-08,Saturday
104948,2023-11-14,1153,43.0,Süd,Elektronik,Bluetooth-Lautsprecher,5,54.24,25.0,Sofortüberweisung,2.99,1,4.0,False,203.39999999999998,2023-11,Tuesday
100150,2023-01-17,1727,31.0,Ost,Bücher,Sachbuch,2,22.87,0.0,Rechnung,2.99,3,5.0,False,45.74,2023-01,Tuesday
100756,2023-03-31,244,18.0,Ost,Mode,Sneaker,1,40.86,0.0,PayPal,2.99,7,5.0,False,40.86,2023-03,Friday
101052,2023-06-20,213,32.0,West,Elektronik,USB-Kabel,1,130.54,0.0,Lastschrift,2.99,6,5.0,False,130.54,2023-06,Tuesday
102519,2024-10-14,1552,41.0,Mitte,Haushalt,Bettwäsche,2,66.98,0.0,PayPal,4.99,4,5.0,True,133.96,2024-10,Monday
104255,2024-09-25,406,18.0,Mitte,Mode,Mütze,1,22.23,0.0,Lastschrift,0.0,5,2.0,False,22.23,2024-09,Wednesday
101483,2024-12-01,1416,35.0,Nord,Haushalt,Bettwäsche,2,40.67,0.0,Sofortüberweisung,4.99,6,5.0,False,81.34,2024-12,Sunday
101115,2023-12-27,1062,37.0,Süd,Elektronik,Bluetooth-Lautsprecher,1,87.57,0.0,Kreditkarte,0.0,6,5.0,False,87.57,2023-12,Wednesday
103065,2024-04-10,79,42.0,Nord,Elektronik,Bluetooth-Lautsprecher,1,69.71,0.0,Rechnung,0.0,4,5.0,False,69.71,2024-04,Wednesday
102254,2023-02-14,286,38.0,Ost,Mode,Jacke,1,22.87,0.0,Rechnung,6.99,2,5.0,False,22.87,2023-02,Tuesday
100376,2024-03-31,324,18.0,Süd,Mode,Jacke,1,22.67,0.0,Sofortüberweisung,6.99,4,4.0,False,22.67,2024-03,Sunday
102103,2023-11-07,1387,38.0,Ost,Mode,Sneaker,1,10.57,0.0,Sofortüberweisung,4.99,3,5.0,False,10.57,2023-11,Tuesday
104222,2024-07-24,1046,40.0,Nord,Haushalt,Lampe,2,33.33,0.0,Sofortüberweisung,0.0,1,5.0,False,66.66,2024-07,Wednesday
102339,2024-07-03,158,38.0,Süd,Bücher,Kinderbuch,1,11.1,0.0,Lastschrift,4.99,2,4.0,False,11.1,2024-07,Wednesday
103944,2023-02-04,1749,57.0,West,Sport,Fitnessband,1,64.82,0.0,PayPal,4.99,2,-1.0,False,64.82,2023-02,Saturday
100378,2024-10-15,555,53.0,Ost,Mode,Sneaker,1,23.98,0.0,Kreditkarte,2.99,6,1.0,False,23.98,2024-10,Tuesday
102775,2024-01-22,1730,41.0,West,Sport,Laufschuhe,1,34.15,5.0,PayPal,4.99,4,5.0,False,32.442499999999995,2024-01,Monday
104135,2024-04-05,606,48.0,Süd,Mode,Jeans,1,20.02,0.0,Lastschrift,2.99,1,-1.0,False,20.02,2024-04,Friday
104420,2024-10-16,361,45.0,West,Elektronik,Kopfhörer,2,75.6,10.0,PayPal,2.99,5,3.0,False,136.07999999999998,2024-10,Wednesday
100907,2023-11-22,22,30.0,West,Haushalt,Bettwäsche,1,104.26,0.0,Kreditkarte,0.0,1,5.0,False,104.26,2023-11,Wednesday
101370,2023-03-14,360,27.0,West,Haushalt,Pfannenset,1,34.49,0.0,Kreditkarte,6.99,4,5.0,False,34.49,2023-03,Tuesday
101954,2023-09-05,926,35.0,Süd,Haushalt,Staubsauger,1,60.81,0.0,Sofortüberweisung,2.99,2,-1.0,False,60.81,2023-09,Tuesday
101721,2024-10-13,759,31.0,West,Mode,T-Shirt,1,22.64,25.0,Lastschrift,2.99,3,3.0,False,16.98,2024-10,Sunday
103313,2023-01-02,12,39.0,West,Haushalt,Lampe,3,24.28,0.0,Sofortüberweisung,2.99,4,5.0,False,72.84,2023-01,Monday
103055,2024-09-14,492,53.0,Mitte,Bücher,Sachbuch,2,6.91,0.0,PayPal,4.99,5,4.0,False,13.82,2024-09,Saturday
101869,2024-07-17,1469,49.0,Mitte,Sport,Fitnessband,1,28.16,0.0,Kreditkarte,4.99,4,4.0,False,28.16,2024-07,Wednesday
103915,2024-04-03,951,51.0,Ost,Elektronik,Powerbank,1,50.73,10.0,Kreditkarte,6.99,4,2.0,False,45.657,2024-04,Wednesday
104634,2023-01-27,839,71.0,Süd,Mode,Sneaker,1,28.3,0.0,Sofortüberweisung,0.0,4,5.0,False,28.3,2023-01,Friday
100794,2023-05-14,250,53.0,Süd,Elektronik,Kopfhörer,2,24.8,0.0,Kreditkarte,0.0,3,4.0,False,49.6,2023-05,Sunday
102552,2024-01-04,383,34.0,Ost,Elektronik,Powerbank,1,22.43,0.0,Kreditkarte,6.99,4,4.0,False,22.43,2024-01,Thursday
100841,2023-08-19,718,32.0,West,Mode,Mütze,2,20.62,5.0,PayPal,4.99,1,4.0,True,39.178,2023-08,Saturday
103337,2023-08-29,131,49.0,Nord,Mode,Sneaker,1,15.6,0.0,PayPal,2.99,7,5.0,False,15.6,2023-08,Tuesday
101702,2023-06-17,1359,43.0,Süd,Haushalt,Kaffeemaschine,1,93.6,0.0,Kreditkarte,2.99,2,5.0,False,93.6,2023-06,Saturday
100175,2023-09-08,1361,48.0,Mitte,Elektronik,Powerbank,2,46.73,25.0,PayPal,2.99,5,5.0,True,70.095,2023-09,Friday
101808,2023-09-27,1026,38.0,Nord,Elektronik,Powerbank,1,32.75,0.0,Kreditkarte,4.99,4,5.0,False,32.75,2023-09,Wednesday
102792,2024-10-23,709,34.0,Nord,Mode,Jeans,1,34.6,0.0,Sofortüberweisung,6.99,3,5.0,False,34.6,2024-10,Wednesday
103670,2024-03-16,346,46.0,Nord,Elektronik,USB-Kabel,2,34.97,5.0,Rechnung,0.0,6,3.0,False,66.443,2024-03,Saturday
100045,2024-09-20,837,22.0,Süd,Haushalt,Bettwäsche,1,56.73,0.0,Sofortüberweisung,6.99,2,5.0,False,56.73,2024-09,Friday
102807,2024-11-25,1087,38.0,Süd,Mode,T-Shirt,2,4.88,15.0,PayPal,2.99,3,5.0,False,8.296,2024-11,Monday
102458,2023-11-29,1118,35.0,Mitte,Elektronik,Smartphone-Hülle,1,46.07,0.0,Sofortüberweisung,0.0,4,1.0,False,46.07,2023-11,Wednesday
102886,2023-03-12,1622,31.0,Nord,Elektronik,Kopfhörer,1,10.28,0.0,Rechnung,4.99,1,5.0,False,10.28,2023-03,Sunday
101717,2024-07-20,37,22.0,Ost,Elektronik,Bluetooth-Lautsprecher,1,19.1,0.0,PayPal,4.99,4,4.0,False,19.1,2024-07,Saturday
103599,2023-03-29,1619,64.0,Mitte,Sport,Trinkflasche,1,53.96,0.0,Rechnung,6.99,5,5.0,False,53.96,2023-03,Wednesday
103607,2023-12-01,245,28.0,Ost,Bücher,Roman,2,17.3,0.0,Kreditkarte,6.99,6,5.0,False,34.6,2023-12,Friday
102934,2024-08-14,1446,18.0,West,Sport,Laufschuhe,1,2.73,0.0,Sofortüberweisung,0.0,3,4.0,True,2.73,2024-08,Wednesday
103792,2023-01-03,560,73.0,Mitte,Haushalt,Staubsauger,1,36.03,0.0,Rechnung,6.99,4,5.0,False,36.03,2023-01,Tuesday
101740,2024-04-22,1007,59.0,Mitte,Sport,Laufschuhe,1,98.83,0.0,Sofortüberweisung,0.0,1,5.0,False,98.83,2024-04,Monday
103161,2024-06-24,636,31.0,Mitte,Haushalt,Lampe,3,31.02,0.0,PayPal,6.99,1,2.0,False,93.06,2024-06,Monday
102471,2023-09-25,1,40.0,Ost,Haushalt,Kaffeemaschine,2,39.65,0.0,PayPal,4.99,2,4.0,False,79.3,2023-09,Monday
100283,2023-01-12,846,43.0,Mitte,Mode,Jeans,1,31.93,0.0,Kreditkarte,0.0,5,4.0,False,31.93,2023-01,Thursday
104048,2023-10-05,967,35.0,Nord,Mode,T-Shirt,1,35.47,0.0,Lastschrift,4.99,2,5.0,False,35.47,2023-10,Thursday
101448,2023-08-10,531,65.0,West,Bücher,Sachbuch,1,25.54,0.0,Rechnung,2.99,5,5.0,False,25.54,2023-08,Thursday
101432,2024-10-04,1687,42.0,West,Elektronik,USB-Kabel,5,50.86,20.0,Kreditkarte,0.0,9,5.0,False,203.44000000000003,2024-10,Friday
103609,2024-12-05,1157,70.0,Ost,Bücher,Roman,1,21.75,5.0,Kreditkarte,0.0,3,5.0,True,20.662499999999998,2024-12,Thursday
103095,2024-01-01,14,36.0,Süd,Sport,Hantel,1,35.67,0.0,Lastschrift,4.99,2,3.0,False,35.67,2024-01,Monday
104907,2023-06-03,309,27.0,Süd,Mode,Jacke,4,6.37,0.0,Lastschrift,2.99,4,3.0,True,25.48,2023-06,Saturday
101075,2024-09-10,1101,41.0,Mitte,Haushalt,Pfannenset,2,53.16,15.0,Kreditkarte,2.99,7,5.0,False,90.37199999999999,2024-09,Tuesday
103038,2024-02-21,705,27.0,Ost,Mode,Mütze,1,27.32,0.0,Lastschrift,0.0,1,5.0,True,27.32,2024-02,Wednesday
104803,2023-04-25,1705,54.0,Süd,Mode,Jeans,2,17.44,0.0,Lastschrift,4.99,1,2.0,False,34.88,2023-04,Tuesday
102602,2024-05-20,1667,44.0,West,Sport,Fitnessband,1,26.7,0.0,Kreditkarte,6.99,2,4.0,False,26.7,2024-05,Monday
103639,2024-01-20,1004,33.0,Süd,Mode,Sneaker,1,6.51,15.0,Rechnung,6.99,5,4.0,False,5.5335,2024-01,Saturday
102746,2024-03-04,176,26.0,Nord,Mode,Jacke,2,26.27,20.0,Sofortüberweisung,6.99,1,4.0,False,42.032000000000004,2024-03,Monday
102361,2023-06-21,932,43.0,Mitte,Mode,Sneaker,2,73.07,0.0,Kreditkarte,2.99,5,5.0,False,146.14,2023-06,Wednesday
104152,2024-08-02,219,26.0,West,Elektronik,Kopfhörer,1,21.88,5.0,PayPal,4.99,4,3.0,False,20.785999999999998,2024-08,Friday
101055,2024-08-13,762,47.0,West,Mode,Mütze,1,17.1,0.0,Lastschrift,2.99,1,-1.0,False,17.1,2024-08,Tuesday
100977,2024-09-29,41,46.0,Nord,Haushalt,Staubsauger,1,52.73,0.0,Lastschrift,0.0,5,5.0,False,52.73,2024-09,Sunday
104604,2023-09-14,1344,57.0,West,Sport,Yogamatte,1,19.82,0.0,Sofortüberweisung,4.99,1,4.0,False,19.82,2023-09,Thursday
101872,2023-01-11,531,35.0,Mitte,Sport,Fitnessband,2,18.96,25.0,Kreditkarte,0.0,4,1.0,False,28.44,2023-01,Wednesday
101539,2023-02-26,1081,45.0,Mitte,Elektronik,Smartphone-Hülle,1,74.33,0.0,Rechnung,4.99,7,3.0,False,74.33,2023-02,Sunday
104937,2023-05-10,595,32.0,Ost,Mode,Mütze,1,62.51,15.0,Rechnung,2.99,1,4.0,False,53.1335,2023-05,Wednesday
100099,2024-01-06,835,44.0,Ost,Mode,Jacke,2,21.38,0.0,Lastschrift,2.99,3,5.0,False,42.76,2024-01,Saturday
101739,2024-12-01,1268,38.0,Ost,Haushalt,Bettwäsche,3,40.13,0.0,Rechnung,0.0,1,5.0,False,120.39000000000001,2024-12,Sunday
104405,2024-06-15,1013,37.0,Ost,Elektronik,Kopfhörer,3,22.76,10.0,PayPal,4.99,1,4.0,False,61.452000000000005,2024-06,Saturday
101732,2023-10-22,484,51.0,Ost,Elektronik,Kopfhörer,1,77.89,10.0,Kreditkarte,4.99,1,4.0,False,70.101,2023-10,Sunday
102197,2023-06-19,349,43.0,West,Haushalt,Pfannenset,1,23.43,0.0,Rechnung,4.99,1,4.0,False,23.43,2023-06,Monday
100351,2024-07-05,494,18.0,Mitte,Bücher,Kinderbuch,2,21.95,0.0,Sofortüberweisung,0.0,5,5.0,False,43.9,2024-07,Friday
102787,2023-06-12,965,43.0,Mitte,Elektronik,Powerbank,1,57.71,20.0,Lastschrift,0.0,1,5.0,False,46.168000000000006,2023-06,Monday
101932,2023-06-25,991,31.0,Süd,Mode,Mütze,1,20.64,0.0,Kreditkarte,4.99,1,5.0,False,20.64,2023-06,Sunday
101818,2023-03-07,1520,42.0,Süd,Haushalt,Staubsauger,1,11.08,5.0,Rechnung,4.99,3,5.0,False,10.526,2023-03,Tuesday
101002,2023-05-04,1743,18.0,Mitte,Elektronik,Kopfhörer,4,41.81,0.0,Kreditkarte,2.99,1,3.0,False,167.24,2023-05,Thursday
100718,2023-06-23,586,35.0,Nord,Bücher,Kinderbuch,1,5.69,0.0,Rechnung,2.99,5,4.0,False,5.69,2023-06,Friday
102755,2024-05-26,484,43.0,Mitte,Haushalt,Lampe,1,73.12,15.0,Lastschrift,4.99,3,4.0,False,62.152,2024-05,Sunday
102776,2024-12-30,1329,19.0,West,Elektronik,Bluetooth-Lautsprecher,4,70.68,0.0,Rechnung,4.99,1,3.0,False,282.72,2024-12,Monday
104632,2024-06-11,1781,18.0,Nord,Elektronik,USB-Kabel,4,49.1,0.0,PayPal,0.0,1,5.0,False,196.4,2024-06,Tuesday
100308,2023-07-24,52,33.0,West,Sport,Hantel,1,27.11,0.0,Sofortüberweisung,4.99,1,5.0,False,27.11,2023-07,Monday
101564,2023-06-27,316,25.0,Süd,Mode,Mütze,1,12.27,0.0,PayPal,4.99,2,5.0,False,12.27,2023-06,Tuesday
100833,2024-12-15,829,40.0,West,Mode,Mütze,1,21.03,0.0,Sofortüberweisung,4.99,7,4.0,False,21.03,2024-12,Sunday
100366,2023-09-01,573,23.0,Süd,Mode,T-Shirt,1,28.1,0.0,Sofortüberweisung,2.99,1,5.0,False,28.1,2023-09,Friday
104879,2023-02-06,707,36.0,Ost,Sport,Trinkflasche,1,23.17,0.0,Lastschrift,6.99,6,5.0,False,23.17,2023-02,Monday
102119,2023-05-23,19,56.0,Nord,Elektronik,Bluetooth-Lautsprecher,1,9.31,20.0,Sofortüberweisung,6.99,4,4.0,False,7.448,2023-05,Tuesday
103196,2023-09-07,169,37.0,Nord,Sport,Trinkflasche,1,59.36,20.0,Kreditkarte,2.99,5,5.0,False,47.488,2023-09,Thursday
103836,2023-12-07,843,18.0,Mitte,Mode,Mütze,5,14.66,0.0,Sofortüberweisung,6.99,8,5.0,False,73.3,2023-12,Thursday
103988,2023-04-06,29,40.0,Ost,Sport,Yogamatte,1,51.82,0.0,Lastschrift,6.99,3,4.0,False,51.82,2023-04,Thursday
100019,2024-01-30,39,43.0,West,Haushalt,Kaffeemaschine,1,59.84,15.0,Kreditkarte,0.0,3,-1.0,False,50.864000000000004,2024-01,Tuesday
101477,2024-10-22,1361,53.0,Mitte,Haushalt,Staubsauger,1,49.17,0.0,Sofortüberweisung,4.99,5,4.0,False,49.17,2024-10,Tuesday
101606,2023-08-11,1709,38.0,West,Sport,Trinkflasche,1,75.28,10.0,Rechnung,0.0,5,5.0,False,67.75200000000001,2023-08,Friday
102658,2024-10-17,1108,38.0,Nord,Sport,Hantel,1,31.97,5.0,Sofortüberweisung,6.99,4,4.0,False,30.371499999999997,2024-10,Thursday
100218,2023-08-23,350,38.0,West,Mode,Jeans,1,18.52,5.0,Lastschrift,4.99,4,5.0,False,17.593999999999998,2023-08,Wednesday
101878,2023-07-13,471,38.0,Mitte,Mode,Mütze,1,50.98,15.0,Sofortüberweisung,4.99,4,3.0,False,43.333,2023-07,Thursday
100438,2023-10-09,1631,37.0,Ost,Sport,Laufschuhe,4,18.07,0.0,Kreditkarte,4.99,2,4.0,False,72.28,2023-10,Monday
101158,2024-09-10,1293,33.0,Nord,Mode,Jeans,1,38.36,0.0,PayPal,2.99,6,4.0,False,38.36,2024-09,Tuesday
101614,2023-03-02,1480,33.0,Nord,Elektronik,Powerbank,1,34.62,20.0,Kreditkarte,0.0,5,2.0,False,27.695999999999998,2023-03,Thursday
104783,2024-07-30,1174,25.0,Nord,Bücher,Kinderbuch,1,16.52,15.0,Lastschrift,2.99,1,4.0,False,14.042,2024-07,Tuesday
103501,2023-12-30,1342,38.0,Ost,Mode,Sneaker,3,35.75,0.0,Kreditkarte,0.0,7,5.0,False,107.25,2023-12,Saturday
101181,2024-03-06,551,38.0,Nord,Mode,Mütze,1,22.05,0.0,PayPal,6.99,5,3.0,False,22.05,2024-03,Wednesday
104697,2023-02-01,1436,24.0,Mitte,Mode,T-Shirt,1,53.14,0.0,Sofortüberweisung,6.99,2,5.0,False,53.14,2023-02,Wednesday
104001,2023-07-16,1752,40.0,Mitte,Elektronik,Kopfhörer,1,22.82,10.0,Sofortüberweisung,2.99,4,4.0,False,20.538,2023-07,Sunday
102818,2024-12-23,100,38.0,Mitte,Mode,Jacke,2,45.0,10.0,Lastschrift,6.99,8,1.0,True,81.0,2024-12,Monday
100802,2024-07-30,479,61.0,Mitte,Elektronik,Powerbank,1,68.53,10.0,Sofortüberweisung,4.99,5,4.0,False,61.677,2024-07,Tuesday
103058,2023-02-23,423,49.0,Ost,Mode,Sneaker,1,43.82,0.0,Rechnung,2.99,1,4.0,False,43.82,2023-02,Thursday
103574,2024-07-28,1284,31.0,Nord,Sport,Hantel,1,63.58,0.0,Sofortüberweisung,2.99,2,4.0,False,63.58,2024-07,Sunday
103796,2023-02-21,1196,34.0,Mitte,Elektronik,USB-Kabel,4,67.04,0.0,PayPal,0.0,1,5.0,True,268.16,2023-02,Tuesday
102465,2023-06-23,901,26.0,Mitte,Bücher,Kinderbuch,4,16.45,5.0,Sofortüberweisung,6.99,1,5.0,False,62.50999999999999,2023-06,Friday
100582,2023-05-03,511,44.0,Mitte,Haushalt,Lampe,3,54.68,0.0,Kreditkarte,4.99,2,5.0,False,164.04,2023-05,Wednesday
100203,2023-08-07,1439,35.0,Süd,Bücher,Kochbuch,4,21.63,0.0,Sofortüberweisung,0.0,1,5.0,True,86.52,2023-08,Monday
104113,2024-09-26,362,24.0,West,Mode,Mütze,1,64.18,0.0,Sofortüberweisung,4.99,3,3.0,False,64.18,2024-09,Thursday
103484,2023-03-02,966,34.0,Süd,Mode,Jeans,2,25.34,0.0,Rechnung,2.99,5,4.0,False,50.68,2023-03,Thursday
102292,2024-03-20,1606,32.0,Nord,Sport,Hantel,2,71.12,0.0,Lastschrift,0.0,1,5.0,False,142.24,2024-03,Wednesday
102222,2023-12-23,1479,36.0,Mitte,Elektronik,Powerbank,3,39.65,0.0,Sofortüberweisung,6.99,2,5.0,False,118.94999999999999,2023-12,Saturday
103475,2024-04-06,1726,55.0,Ost,Haushalt,Lampe,1,83.39,25.0,Lastschrift,2.99,2,1.0,False,62.542500000000004,2024-04,Saturday
102328,2023-06-03,547,54.0,Nord,Elektronik,USB-Kabel,2,11.56,5.0,Lastschrift,2.99,4,4.0,False,21.964,2023-06,Saturday
104627,2023-09-07,871,47.0,West,Mode,Jacke,1,12.38,0.0,Lastschrift,4.99,3,5.0,False,12.38,2023-09,Thursday
103428,2023-03-03,1384,42.0,Süd,Elektronik,Smartphone-Hülle,2,29.87,15.0,PayPal,4.99,4,4.0,False,50.779,2023-03,Friday
101995,2023-07-20,875,51.0,Süd,Mode,T-Shirt,2,33.51,0.0,Lastschrift,4.99,1,4.0,False,67.02,2023-07,Thursday
103403,2023-09-02,1120,40.0,Mitte,Bücher,Kochbuch,2,7.13,0.0,Lastschrift,6.99,2,4.0,False,14.26,2023-09,Saturday
103418,2023-06-24,175,52.0,Nord,Elektronik,Powerbank,1,82.03,0.0,Sofortüberweisung,4.99,2,4.0,False,82.03,2023-06,Saturday
100517,2023-02-20,492,47.0,Nord,Mode,Mütze,2,19.49,0.0,Kreditkarte,0.0,3,4.0,False,38.98,2023-02,Monday
102503,2024-07-27,1172,22.0,Mitte,Elektronik,Kopfhörer,1,26.97,0.0,Sofortüberweisung,2.99,4,4.0,False,26.97,2024-07,Saturday
101375,2023-05-02,579,26.0,Süd,Mode,Jacke,3,19.26,15.0,Kreditkarte,4.99,6,1.0,False,49.113,2023-05,Tuesday
102057,2024-09-12,1114,34.0,Süd,Sport,Laufschuhe,2,42.93,5.0,Lastschrift,2.99,3,5.0,False,81.567,2024-09,Thursday
100668,2023-09-24,438,49.0,Mitte,Bücher,Roman,2,4.35,0.0,Lastschrift,4.99,3,5.0,False,8.7,2023-09,Sunday
102464,2023-01-28,222,46.0,Nord,Mode,Jacke,1,37.82,0.0,Sofortüberweisung,0.0,5,2.0,False,37.82,2023-01,Saturday
101978,2023-01-01,164,26.0,West,Haushalt,Lampe,2,59.5,10.0,Kreditkarte,2.99,6,3.0,False,107.10000000000001,2023-01,Sunday
104961,2023-08-31,24,51.0,Süd,Elektronik,USB-Kabel,1,18.96,0.0,Sofortüberweisung,4.99,2,5.0,False,18.96,2023-08,Thursday
100996,2023-02-15,602,27.0,Süd,Mode,T-Shirt,2,17.02,0.0,Sofortüberweisung,2.99,5,5.0,False,34.04,2023-02,Wednesday
102473,2023-09-10,384,29.0,Ost,Elektronik,Bluetooth-Lautsprecher,1,65.41,5.0,Kreditkarte,4.99,3,5.0,False,62.13949999999999,2023-09,Sunday
102801,2024-08-06,1327,37.0,Süd,Bücher,Kochbuch,3,17.36,0.0,PayPal,4.99,4,5.0,False,52.08,2024-08,Tuesday
103555,2024-03-31,177,43.0,Nord,Elektronik,USB-Kabel,1,28.09,0.0,Kreditkarte,6.99,2,4.0,False,28.09,2024-03,Sunday
104429,2024-03-15,979,38.0,Ost,Sport,Yogamatte,1,65.55,0.0,Sofortüberweisung,0.0,1,5.0,False,65.55,2024-03,Friday
103410,2024-08-10,911,25.0,Mitte,Elektronik,Smartphone-Hülle,1,34.55,0.0,Lastschrift,2.99,3,5.0,False,34.55,2024-08,Saturday
103460,2023-03-03,1428,55.0,West,Elektronik,USB-Kabel,1,50.5,0.0,PayPal,0.0,5,4.0,False,50.5,2023-03,Friday
104638,2023-04-17,136,22.0,Mitte,Elektronik,Smartphone-Hülle,2,25.42,5.0,Lastschrift,2.99,3,5.0,False,48.298,2023-04,Monday
100759,2023-08-19,1187,29.0,Nord,Haushalt,Lampe,1,155.39,0.0,Lastschrift,2.99,3,4.0,False,155.39,2023-08,Saturday
104232,2023-08-19,1042,38.0,Nord,Mode,Sneaker,1,31.06,0.0,Sofortüberweisung,4.99,5,4.0,False,31.06,2023-08,Saturday
101397,2024-03-29,454,29.0,Ost,Mode,Sneaker,2,720.2103533524723,10.0,Kreditkarte,4.99,1,5.0,False,1296.3786360344502,2024-03,Friday
104967,2024-05-22,566,21.0,Süd,Elektronik,Kopfhörer,2,24.46,0.0,PayPal,2.99,4,4.0,False,48.92,2024-05,Wednesday
102252,2023-08-11,1161,46.0,West,Haushalt,Bettwäsche,1,63.11,0.0,Rechnung,6.99,8,5.0,False,63.11,2023-08,Friday
102395,2024-08-04,1303,44.0,Ost,Haushalt,Bettwäsche,1,51.75,0.0,Rechnung,0.0,3,5.0,False,51.75,2024-08,Sunday
104633,2023-09-14,996,55.0,Süd,Mode,Jeans,1,76.48,5.0,Sofortüberweisung,2.99,3,5.0,False,72.656,2023-09,Thursday
100214,2024-05-29,1400,55.0,Mitte,Haushalt,Pfannenset,1,33.79,0.0,Rechnung,2.99,4,5.0,False,33.79,2024-05,Wednesday
103398,2023-10-21,963,28.0,Ost,Bücher,Comic,2,9.6,5.0,PayPal,4.99,5,5.0,False,18.24,2023-10,Saturday
101117,2024-05-19,564,46.0,West,Mode,Jeans,1,21.24,0.0,Lastschrift,2.99,4,4.0,False,21.24,2024-05,Sunday
100693,2023-10-09,1579,29.0,Süd,Elektronik,USB-Kabel,1,40.16,0.0,Kreditkarte,2.99,1,3.0,False,40.16,2023-10,Monday
101578,2024-02-29,1706,32.0,Süd,Haushalt,Kaffeemaschine,1,76.59,15.0,Lastschrift,4.99,6,3.0,False,65.1015,2024-02,Thursday
102671,2023-03-05,1348,31.0,Süd,Bücher,Roman,1,9.77,5.0,PayPal,2.99,5,4.0,False,9.2815,2023-03,Sunday
102499,2024-02-19,723,50.0,Nord,Mode,Jeans,1,53.29,0.0,PayPal,4.99,4,5.0,False,53.29,2024-02,Monday
101029,2024-10-31,1313,37.0,Ost,Mode,Sneaker,1,51.42,5.0,Lastschrift,2.99,1,5.0,False,48.849,2024-10,Thursday
101822,2023-07-04,591,42.0,Süd,Elektronik,Bluetooth-Lautsprecher,4,17.87,0.0,Sofortüberweisung,2.99,7,1.0,False,71.48,2023-07,Tuesday
101942,2023-09-05,677,38.0,Süd,Bücher,Kochbuch,1,16.9,0.0,PayPal,2.99,1,5.0,False,16.9,2023-09,Tuesday
102581,2023-09-25,1095,21.0,Ost,Mode,Jeans,1,66.34,10.0,Kreditkarte,2.99,3,5.0,False,59.706,2023-09,Monday
104991,2024-12-26,1247,39.0,Nord,Elektronik,Smartphone-Hülle,2,52.67,0.0,Sofortüberweisung,2.99,5,5.0,False,105.34,2024-12,Thursday
100196,2023-02-21,1411,18.0,Mitte,Bücher,Kinderbuch,1,5.15,0.0,Lastschrift,2.99,3,5.0,False,5.15,2023-02,Tuesday
103932,2023-08-15,689,26.0,Süd,Sport,Laufschuhe,2,270.4940240074771,15.0,Rechnung,2.99,6,3.0,False,459.83984081271103,2023-08,Tuesday
103908,2024-09-19,92,40.0,Ost,Elektronik,Smartphone-Hülle,2,4.14,15.0,Kreditkarte,0.0,3,-1.0,False,7.037999999999999,2024-09,Thursday
101924,2023-11-28,959,24.0,Mitte,Bücher,Kochbuch,2,15.01,0.0,Rechnung,2.99,6,4.0,False,30.02,2023-11,Tuesday
100879,2024-05-13,463,28.0,Ost,Elektronik,Bluetooth-Lautsprecher,1,94.28,0.0,Sofortüberweisung,6.99,5,5.0,False,94.28,2024-05,Monday
103109,2024-04-14,556,45.0,Nord,Sport,Yogamatte,2,29.09,5.0,PayPal,4.99,1,4.0,False,55.270999999999994,2024-04,Sunday
103693,2023-10-23,1446,24.0,Mitte,Mode,Mütze,1,10.64,0.0,PayPal,4.99,4,4.0,False,10.64,2023-10,Monday
104973,2024-06-27,460,48.0,Nord,Haushalt,Lampe,2,59.8,0.0,Rechnung,2.99,5,5.0,False,119.6,2024-06,Thursday
101747,2023-09-18,1071,44.0,Mitte,Haushalt,Lampe,1,49.33,0.0,Rechnung,0.0,1,4.0,False,49.33,2023-09,Monday
100887,2023-12-04,1096,40.0,West,Haushalt,Kaffeemaschine,1,48.99,0.0,Kreditkarte,6.99,2,4.0,False,48.99,2023-12,Monday
104154,2023-01-08,621,21.0,Nord,Haushalt,Pfannenset,1,25.2,15.0,PayPal,4.99,4,4.0,False,21.419999999999998,2023-01,Sunday
100068,2024-09-14,735,39.0,Nord,Elektronik,Kopfhörer,1,25.62,0.0,PayPal,6.99,7,5.0,False,25.62,2024-09,Saturday
102728,2024-05-27,451,29.0,Nord,Haushalt,Pfannenset,3,70.34,0.0,Rechnung,4.99,6,4.0,False,211.02,2024-05,Monday
102100,2024-06-19,184,32.0,Süd,Mode,Jeans,1,12.36,15.0,Rechnung,4.99,2,-1.0,False,10.505999999999998,2024-06,Wednesday
100568,2024-08-16,818,41.0,Ost,Mode,Sneaker,2,15.53,0.0,Sofortüberweisung,2.99,5,3.0,False,31.06,2024-08,Friday
102025,2024-03-09,1311,29.0,Nord,Elektronik,Kopfhörer,1,25.3,0.0,Sofortüberweisung,4.99,2,4.0,False,25.3,2024-03,Saturday
100096,2024-03-12,1644,30.0,Ost,Bücher,Roman,1,18.79,15.0,Kreditkarte,4.99,2,1.0,False,15.971499999999999,2024-03,Tuesday
101041,2024-11-01,1504,34.0,Süd,Elektronik,Bluetooth-Lautsprecher,1,7.56,15.0,Kreditkarte,4.99,5,4.0,False,6.425999999999999,2024-11,Friday
101454,2024-01-31,1291,35.0,Süd,Elektronik,Smartphone-Hülle,1,7.52,5.0,Lastschrift,2.99,8,5.0,False,7.143999999999999,2024-01,Wednesday
100139,2024-05-17,117,38.0,Nord,Sport,Yogamatte,1,12.23,0.0,Kreditkarte,0.0,4,3.0,False,12.23,2024-05,Friday
102313,2024-05-16,1210,55.0,Mitte,Haushalt,Lampe,3,71.79,10.0,Sofortüberweisung,6.99,2,4.0,False,193.833,2024-05,Thursday
102653,2024-01-01,1101,37.0,West,Elektronik,Smartphone-Hülle,1,32.06,10.0,Sofortüberweisung,4.99,2,5.0,False,28.854000000000003,2024-01,Monday
101260,2024-06-08,1456,22.0,Süd,Elektronik,Powerbank,2,58.44,0.0,Lastschrift,0.0,5,5.0,False,116.88,2024-06,Saturday
101839,2023-12-12,639,18.0,Nord,Sport,Trinkflasche,1,49.0,5.0,Sofortüberweisung,0.0,6,3.0,False,46.55,2023-12,Tuesday
103928,2024-06-08,816,35.0,Nord,Haushalt,Kaffeemaschine,2,48.79,0.0,PayPal,2.99,5,5.0,False,97.58,2024-06,Saturday
101351,2024-02-25,29,41.0,Nord,Elektronik,Kopfhörer,1,115.93,0.0,Rechnung,0.0,3,-1.0,False,115.93,2024-02,Sunday
101966,2024-05-12,637,44.0,Süd,Elektronik,USB-Kabel,3,59.26,0.0,Lastschrift,2.99,2,4.0,False,177.78,2024-05,Sunday
103795,2023-07-19,1023,31.0,Nord,Mode,Sneaker,1,8.37,5.0,Lastschrift,6.99,2,4.0,False,7.9514999999999985,2023-07,Wednesday
104026,2024-07-01,1661,25.0,Mitte,Haushalt,Pfannenset,1,109.17,0.0,PayPal,0.0,4,3.0,False,109.17,2024-07,Monday
101025,2023-07-08,776,29.0,Mitte,Mode,Jeans,2,19.86,0.0,Kreditkarte,0.0,4,5.0,False,39.72,2023-07,Saturday
100463,2023-10-01,332,37.0,Mitte,Mode,T-Shirt,1,19.61,0.0,Sofortüberweisung,2.99,6,5.0,False,19.61,2023-10,Sunday
102374,2024-06-29,77,42.0,Ost,Sport,Hantel,1,39.5,0.0,Rechnung,6.99,3,4.0,False,39.5,2024-06,Saturday
101272,2024-09-08,325,55.0,Mitte,Mode,T-Shirt,1,26.2,0.0,PayPal,4.99,4,5.0,False,26.2,2024-09,Sunday
103937,2023-03-03,1133,41.0,Süd,Haushalt,Pfannenset,2,42.14,0.0,Rechnung,6.99,2,5.0,False,84.28,2023-03,Friday
100594,2024-05-26,1672,29.0,Nord,Haushalt,Staubsauger,1,41.46,0.0,Lastschrift,4.99,5,4.0,False,41.46,2024-05,Sunday
102215,2024-08-08,1571,33.0,West,Haushalt,Pfannenset,2,16.12,0.0,PayPal,2.99,4,3.0,False,32.24,2024-08,Thursday
104917,2024-01-07,217,21.0,Nord,Bücher,Sachbuch,1,12.48,0.0,Rechnung,4.99,4,5.0,False,12.48,2024-01,Sunday
100625,2024-08-17,201,28.0,Süd,Sport,Yogamatte,1,21.54,0.0,Sofortüberweisung,0.0,1,5.0,False,21.54,2024-08,Saturday
100450,2023-06-30,1239,40.0,West,Mode,Mütze,1,44.74,0.0,PayPal,4.99,4,3.0,False,44.74,2023-06,Friday
101550,2023-01-22,784,27.0,Süd,Haushalt,Pfannenset,1,34.91,0.0,Sofortüberweisung,2.99,5,4.0,False,34.91,2023-01,Sunday
101412,2023-03-18,1334,44.0,West,Sport,Trinkflasche,3,70.69,20.0,Sofortüberweisung,2.99,2,5.0,False,169.656,2023-03,Saturday
101871,2024-07-01,68,35.0,Ost,Elektronik,USB-Kabel,1,79.45,0.0,Kreditkarte,0.0,4,4.0,False,79.45,2024-07,Monday
104485,2024-10-05,1140,46.0,Süd,Bücher,Kochbuch,2,12.38,0.0,Sofortüberweisung,0.0,1,5.0,False,24.76,2024-10,Saturday
102470,2024-11-19,330,31.0,Nord,Haushalt,Lampe,1,38.56,0.0,Sofortüberweisung,4.99,2,3.0,False,38.56,2024-11,Tuesday
101335,2023-11-10,534,29.0,Nord,Haushalt,Bettwäsche,1,40.73,10.0,Rechnung,2.99,1,3.0,True,36.657,2023-11,Friday
103846,2024-05-21,1174,47.0,Ost,Mode,T-Shirt,2,27.8,0.0,Rechnung,4.99,2,5.0,False,55.6,2024-05,Tuesday
104406,2024-04-07,629,52.0,Nord,Elektronik,Powerbank,1,58.14,0.0,PayPal,2.99,7,3.0,True,58.14,2024-04,Sunday
104025,2024-08-11,1645,25.0,Nord,Bücher,Roman,2,7.07,20.0,Rechnung,2.99,4,5.0,False,11.312000000000001,2024-08,Sunday
102984,2024-07-18,572,33.0,Mitte,Mode,Sneaker,2,51.82,15.0,Rechnung,4.99,1,4.0,False,88.094,2024-07,Thursday
104080,2023-10-09,1378,50.0,West,Sport,Laufschuhe,2,19.64,5.0,Rechnung,4.99,1,4.0,False,37.316,2023-10,Monday
103299,2024-07-27,1585,27.0,Nord,Elektronik,Kopfhörer,1,42.58,0.0,PayPal,6.99,5,5.0,False,42.58,2024-07,Saturday
104728,2023-10-07,1504,48.0,West,Elektronik,Kopfhörer,4,17.58,0.0,PayPal,4.99,4,3.0,False,70.32,2023-10,Saturday
100999,2024-03-23,995,60.0,Mitte,Mode,Jeans,1,5.03,0.0,Lastschrift,4.99,2,1.0,False,5.03,2024-03,Saturday
101536,2024-09-06,1184,50.0,Ost,Mode,Jacke,1,22.96,0.0,Kreditkarte,6.99,4,4.0,False,22.96,2024-09,Friday
102018,2023-04-17,560,61.0,Nord,Haushalt,Staubsauger,1,63.99,0.0,Kreditkarte,0.0,4,5.0,False,63.99,2023-04,Monday
100192,2024-07-18,1052,42.0,Mitte,Mode,Jeans,2,20.93,10.0,Sofortüberweisung,0.0,6,5.0,False,37.674,2024-07,Thursday
103816,2024-10-17,1119,38.0,Ost,Bücher,Sachbuch,1,11.44,20.0,Rechnung,0.0,5,5.0,False,9.152,2024-10,Thursday
104223,2024-03-22,1412,42.0,Nord,Mode,Jeans,1,14.16,0.0,Sofortüberweisung,6.99,4,3.0,False,14.16,2024-03,Friday
101374,2024-10-13,555,43.0,West,Haushalt,Bettwäsche,1,49.63,20.0,Lastschrift,0.0,2,5.0,False,39.70400000000001,2024-10,Sunday
104274,2023-03-06,1282,40.0,West,Mode,Jeans,1,19.63,10.0,Sofortüberweisung,0.0,3,4.0,False,17.666999999999998,2023-03,Monday
104479,2023-03-16,731,42.0,Süd,Haushalt,Bettwäsche,1,28.2,0.0,Rechnung,6.99,2,4.0,False,28.2,2023-03,Thursday
104968,2023-09-25,1790,29.0,Nord,Sport,Trinkflasche,1,44.93,5.0,Kreditkarte,2.99,4,5.0,False,42.683499999999995,2023-09,Monday
102605,2023-11-16,1107,50.0,Nord,Sport,Laufschuhe,1,45.98,10.0,Kreditkarte,4.99,5,4.0,False,41.382,2023-11,Thursday
103688,2023-03-13,1033,36.0,Süd,Elektronik,Kopfhörer,1,29.67,0.0,Lastschrift,2.99,4,4.0,False,29.67,2023-03,Monday
102841,2023-04-03,735,44.0,Mitte,Elektronik,Bluetooth-Lautsprecher,2,16.34,0.0,Sofortüberweisung,2.99,1,1.0,False,32.68,2023-04,Monday
103864,2023-05-23,1387,36.0,Nord,Haushalt,Kaffeemaschine,1,75.05,15.0,Sofortüberweisung,2.99,5,3.0,False,63.7925,2023-05,Tuesday
104236,2023-02-24,219,30.0,Ost,Mode,Mütze,1,37.94,10.0,Sofortüberweisung,2.99,3,4.0,False,34.146,2023-02,Friday
103855,2024-01-31,1140,26.0,Süd,Mode,Jacke,3,58.03,5.0,Sofortüberweisung,4.99,3,3.0,False,165.3855,2024-01,Wednesday
102714,2024-09-16,540,56.0,Süd,Sport,Trinkflasche,4,14.26,0.0,Lastschrift,0.0,1,4.0,False,57.04,2024-09,Monday
103753,2023-02-11,1253,43.0,Mitte,Haushalt,Kaffeemaschine,1,97.39,0.0,Sofortüberweisung,6.99,4,1.0,False,97.39,2023-02,Saturday
102245,2023-07-03,1376,24.0,Nord,Elektronik,Kopfhörer,1,23.54,0.0,PayPal,6.99,4,-1.0,False,23.54,2023-07,Monday
101658,2023-01-04,174,39.0,Süd,Sport,Laufschuhe,4,15.37,10.0,Kreditkarte,2.99,2,4.0,False,55.332,2023-01,Wednesday
102561,2023-05-05,37,41.0,Mitte,Bücher,Sachbuch,1,16.8,0.0,Sofortüberweisung,2.99,6,2.0,False,16.8,2023-05,Friday
100191,2023-02-07,632,34.0,Süd,Bücher,Kochbuch,2,16.95,0.0,Sofortüberweisung,4.99,1,5.0,False,33.9,2023-02,Tuesday
104606,2023-08-02,1273,56.0,Nord,Sport,Trinkflasche,1,16.12,0.0,Kreditkarte,2.99,3,2.0,False,16.12,2023-08,Wednesday
101743,2023-11-20,580,41.0,Nord,Elektronik,Bluetooth-Lautsprecher,1,15.92,0.0,Lastschrift,0.0,2,5.0,False,15.92,2023-11,Monday
103085,2023-06-21,608,48.0,West,Elektronik,Bluetooth-Lautsprecher,3,45.78,0.0,PayPal,2.99,6,4.0,False,137.34,2023-06,Wednesday
104287,2024-01-26,703,36.0,Ost,Mode,Sneaker,4,8.12,15.0,Lastschrift,2.99,3,-1.0,False,27.607999999999997,2024-01,Friday
101862,2024-07-24,601,38.0,Nord,Elektronik,USB-Kabel,1,90.45,0.0,Sofortüberweisung,2.99,5,3.0,False,90.45,2024-07,Wednesday
101767,2024-08-15,1371,60.0,Mitte,Elektronik,Powerbank,1,16.48,0.0,Kreditkarte,0.0,4,5.0,False,16.48,2024-08,Thursday
101894,2024-06-20,474,46.0,Mitte,Bücher,Roman,2,13.5,5.0,Rechnung,0.0,1,5.0,False,25.65,2024-06,Thursday
104849,2024-10-07,151,47.0,West,Elektronik,Powerbank,1,20.35,10.0,Kreditkarte,2.99,4,4.0,False,18.315,2024-10,Monday
103717,2024-09-10,1304,36.0,Süd,Sport,Laufschuhe,1,24.09,25.0,Rechnung,0.0,4,4.0,False,18.0675,2024-09,Tuesday
102522,2023-08-10,943,44.0,Mitte,Mode,T-Shirt,1,31.35,15.0,Sofortüberweisung,4.99,3,-1.0,False,26.6475,2023-08,Thursday
103466,2024-06-27,1074,36.0,West,Elektronik,Kopfhörer,2,22.78,0.0,Kreditkarte,2.99,3,4.0,False,45.56,2024-06,Thursday
104053,2024-05-07,1251,41.0,Ost,Haushalt,Kaffeemaschine,1,17.89,0.0,Kreditkarte,4.99,7,2.0,False,17.89,2024-05,Tuesday
103930,2023-07-20,495,27.0,Mitte,Mode,Jacke,1,6.15,5.0,Lastschrift,4.99,6,4.0,False,5.8425,2023-07,Thursday
100166,2024-05-25,1077,38.0,West,Mode,Mütze,1,46.08,0.0,Sofortüberweisung,6.99,2,4.0,False,46.08,2024-05,Saturday
102218,2024-06-25,913,49.0,West,Bücher,Sachbuch,1,34.9,20.0,Rechnung,0.0,7,5.0,False,27.92,2024-06,Tuesday
103678,2023-04-20,503,51.0,West,Mode,Mütze,1,15.78,0.0,Sofortüberweisung,2.99,3,5.0,False,15.78,2023-04,Thursday
101024,2024-10-23,585,18.0,Mitte,Mode,Jeans,4,34.76,0.0,Rechnung,0.0,3,4.0,False,139.04,2024-10,Wednesday
101361,2023-05-28,1269,35.0,Nord,Elektronik,Bluetooth-Lautsprecher,1,11.3,10.0,Lastschrift,2.99,5,3.0,False,10.170000000000002,2023-05,Sunday
102900,2023-01-18,1620,35.0,Mitte,Elektronik,Powerbank,1,95.35,0.0,Sofortüberweisung,0.0,1,4.0,False,95.35,2023-01,Wednesday
101892,2024-11-17,111,37.0,Süd,Elektronik,Powerbank,1,56.73,0.0,Kreditkarte,4.99,4,5.0,False,56.73,2024-11,Sunday
103566,2023-04-26,1122,40.0,Süd,Elektronik,Smartphone-Hülle,1,34.33,0.0,PayPal,6.99,5,4.0,False,34.33,2023-04,Wednesday
101096,2023-05-26,315,32.0,Mitte,Mode,T-Shirt,1,47.86,0.0,Kreditkarte,2.99,5,5.0,False,47.86,2023-05,Friday
102098,2023-12-28,1082,32.0,Mitte,Haushalt,Bettwäsche,2,59.78,0.0,Sofortüberweisung,6.99,3,4.0,False,119.56,2023-12,Thursday
104919,2023-04-16,257,52.0,West,Bücher,Sachbuch,2,13.05,0.0,Rechnung,2.99,6,4.0,False,26.1,2023-04,Sunday
100152,2024-11-10,593,20.0,Ost,Mode,T-Shirt,1,26.91,15.0,Sofortüberweisung,2.99,1,4.0,False,22.8735,2024-11,Sunday
102583,2023-07-24,141,25.0,Süd,Mode,T-Shirt,1,17.73,5.0,Lastschrift,4.99,1,4.0,False,16.8435,2023-07,Monday
104795,2023-02-25,740,40.0,West,Mode,Jeans,2,30.78,0.0,Sofortüberweisung,0.0,5,2.0,False,61.56,2023-02,Saturday
103949,2023-10-20,1047,35.0,Nord,Mode,Sneaker,3,12.96,0.0,Rechnung,4.99,7,4.0,True,38.88,2023-10,Friday
101519,2023-08-17,1199,21.0,Nord,Elektronik,USB-Kabel,1,70.26,0.0,Rechnung,6.99,5,3.0,False,70.26,2023-08,Thursday
104209,2023-10-18,795,18.0,Süd,Sport,Laufschuhe,1,35.51,15.0,PayPal,0.0,4,5.0,False,30.1835,2023-10,Wednesday
101672,2023-08-03,1545,63.0,Nord,Haushalt,Lampe,1,1720.955216898966,5.0,PayPal,0.0,2,3.0,True,1634.9074560540175,2023-08,Thursday
102922,2023-06-30,830,46.0,Mitte,Bücher,Roman,1,12.28,0.0,Rechnung,0.0,8,3.0,False,12.28,2023-06,Friday
101433,2023-09-18,49,32.0,Ost,Mode,Jeans,1,10.03,0.0,Rechnung,6.99,2,4.0,False,10.03,2023-09,Monday
104871,2024-12-23,1462,33.0,Ost,Haushalt,Pfannenset,1,75.31,0.0,Kreditkarte,6.99,5,5.0,False,75.31,2024-12,Monday
102031,2024-08-19,1483,38.0,Mitte,Mode,Mütze,2,28.38,0.0,PayPal,4.99,5,3.0,False,56.76,2024-08,Monday
101623,2023-11-13,868,41.0,Süd,Bücher,Sachbuch,1,8.32,10.0,Lastschrift,4.99,3,2.0,True,7.488,2023-11,Monday
100031,2024-09-10,1256,29.0,Mitte,Elektronik,Powerbank,1,63.95,10.0,Sofortüberweisung,4.99,3,5.0,True,57.55500000000001,2024-09,Tuesday
100937,2024-04-02,1380,25.0,Ost,Elektronik,Smartphone-Hülle,1,20.87,0.0,Kreditkarte,2.99,4,4.0,False,20.87,2024-04,Tuesday
101526,2024-07-27,1067,34.0,Süd,Mode,Jacke,1,14.42,0.0,PayPal,6.99,4,4.0,False,14.42,2024-07,Saturday
102650,2023-06-30,822,40.0,Süd,Mode,T-Shirt,5,42.08,0.0,Kreditkarte,4.99,3,4.0,False,210.39999999999998,2023-06,Friday
104564,2024-04-30,824,28.0,Mitte,Mode,Jacke,1,26.18,15.0,Sofortüberweisung,0.0,2,4.0,False,22.253,2024-04,Tuesday
100309,2023-09-05,129,49.0,Nord,Elektronik,Powerbank,1,26.23,0.0,Sofortüberweisung,4.99,2,5.0,False,26.23,2023-09,Tuesday
103000,2023-04-20,1664,44.0,Ost,Mode,Mütze,1,27.1,20.0,PayPal,0.0,2,5.0,False,21.680000000000003,2023-04,Thursday
101499,2024-09-09,1462,58.0,Süd,Bücher,Roman,1,20.71,20.0,Lastschrift,0.0,3,4.0,False,16.568,2024-09,Monday
104157,2023-12-23,300,21.0,Süd,Elektronik,Bluetooth-Lautsprecher,1,737.9839686657724,10.0,Kreditkarte,6.99,2,4.0,False,664.1855717991951,2023-12,Saturday
104449,2024-04-03,1561,47.0,West,Elektronik,Powerbank,1,8.32,0.0,Rechnung,2.99,4,4.0,False,8.32,2024-04,Wednesday
100495,2023-07-14,1064,38.0,Ost,Elektronik,Powerbank,1,36.63,10.0,Sofortüberweisung,0.0,7,4.0,False,32.967000000000006,2023-07,Friday
100205,2024-01-26,1223,58.0,West,Bücher,Kinderbuch,2,12.0,25.0,Lastschrift,2.99,3,5.0,False,18.0,2024-01,Friday
102726,2024-04-09,64,48.0,Süd,Elektronik,Smartphone-Hülle,2,18.45,5.0,Kreditkarte,0.0,7,5.0,False,35.055,2024-04,Tuesday
103425,2024-11-30,1205,38.0,Mitte,Mode,Mütze,2,11.76,20.0,Rechnung,2.99,1,5.0,True,18.816,2024-11,Saturday
103904,2023-10-15,1264,57.0,Ost,Haushalt,Lampe,2,59.45,0.0,Lastschrift,6.99,3,5.0,False,118.9,2023-10,Sunday
100305,2023-08-20,714,30.0,Nord,Mode,Jeans,1,757.583268782689,0.0,Lastschrift,6.99,4,4.0,False,757.583268782689,2023-08,Sunday
103866,2023-01-21,611,46.0,Nord,Sport,Laufschuhe,1,65.61,10.0,Rechnung,2.99,4,5.0,False,59.049,2023-01,Saturday
102312,2024-11-25,1283,53.0,West,Mode,Mütze,4,32.24,0.0,Kreditkarte,2.99,4,1.0,False,128.96,2024-11,Monday
101061,2024-12-26,1183,31.0,Ost,Elektronik,Powerbank,1,20.5,0.0,PayPal,4.99,5,4.0,False,20.5,2024-12,Thursday
100843,2023-12-11,1778,43.0,Süd,Sport,Fitnessband,1,6.67,0.0,Rechnung,0.0,2,5.0,False,6.67,2023-12,Monday
102767,2024-05-27,610,37.0,Nord,Haushalt,Bettwäsche,1,32.75,0.0,Lastschrift,4.99,3,4.0,False,32.75,2024-05,Monday
104673,2023-12-25,1221,46.0,West,Elektronik,Powerbank,1,81.15,0.0,Rechnung,6.99,3,5.0,False,81.15,2023-12,Monday
100211,2024-01-28,2,30.0,Nord,Elektronik,USB-Kabel,1,98.93,0.0,Kreditkarte,2.99,3,4.0,False,98.93,2024-01,Sunday
101108,2024-08-04,931,64.0,Nord,Elektronik,Powerbank,1,50.07,10.0,Lastschrift,4.99,3,5.0,False,45.063,2024-08,Sunday
103788,2023-06-20,1328,23.0,Ost,Bücher,Kochbuch,1,19.67,20.0,Rechnung,0.0,1,4.0,False,15.736000000000002,2023-06,Tuesday
100679,2023-08-10,1570,26.0,Süd,Mode,Mütze,2,131.33,0.0,Kreditkarte,6.99,4,4.0,False,262.66,2023-08,Thursday
100565,2024-07-03,1384,32.0,Ost,Mode,T-Shirt,1,33.32,0.0,Rechnung,4.99,5,2.0,False,33.32,2024-07,Wednesday
104662,2024-04-07,274,24.0,Ost,Bücher,Sachbuch,2,31.68,0.0,Kreditkarte,0.0,3,5.0,False,63.36,2024-04,Sunday
103651,2024-06-06,1563,37.0,Nord,Haushalt,Pfannenset,1,56.2,5.0,PayPal,4.99,4,4.0,True,53.39,2024-06,Thursday
100680,2024-03-30,91,48.0,Nord,Bücher,Roman,1,26.72,0.0,Kreditkarte,2.99,1,-1.0,False,26.72,2024-03,Saturday
100180,2024-03-03,1519,44.0,Ost,Haushalt,Pfannenset,2,36.71,0.0,Sofortüberweisung,0.0,1,5.0,False,73.42,2024-03,Sunday
103948,2023-11-02,450,18.0,Süd,Elektronik,Smartphone-Hülle,1,59.6,10.0,Kreditkarte,2.99,5,5.0,False,53.64,2023-11,Thursday
101769,2023-12-27,564,40.0,Ost,Elektronik,Kopfhörer,1,39.72,15.0,PayPal,6.99,4,4.0,False,33.762,2023-12,Wednesday
103143,2023-07-21,489,44.0,Nord,Elektronik,Bluetooth-Lautsprecher,2,109.5,20.0,Sofortüberweisung,0.0,3,5.0,False,175.20000000000002,2023-07,Friday
104317,2023-07-22,842,47.0,Süd,Elektronik,Powerbank,2,109.82,0.0,Lastschrift,2.99,3,4.0,False,219.64,2023-07,Saturday
100278,2024-09-03,1235,37.0,Süd,Elektronik,USB-Kabel,3,23.61,20.0,Kreditkarte,0.0,2,4.0,False,56.664,2024-09,Tuesday
101149,2023-04-02,1052,42.0,Süd,Sport,Yogamatte,1,82.56,0.0,Sofortüberweisung,6.99,3,5.0,False,82.56,2023-04,Sunday
101321,2024-04-06,1372,25.0,Ost,Elektronik,Smartphone-Hülle,1,35.33,0.0,Sofortüberweisung,6.99,7,5.0,False,35.33,2024-04,Saturday
100432,2023-03-04,1729,38.0,Nord,Sport,Hantel,2,58.52,0.0,PayPal,2.99,8,3.0,True,117.04,2023-03,Saturday
100289,2024-11-08,334,36.0,Mitte,Haushalt,Lampe,1,46.3,0.0,Kreditkarte,0.0,5,4.0,False,46.3,2024-11,Friday
101027,2023-07-17,1039,42.0,Mitte,Haushalt,Lampe,1,48.54,0.0,Lastschrift,2.99,1,4.0,False,48.54,2023-07,Monday
100535,2023-01-23,131,37.0,Mitte,Haushalt,Pfannenset,1,17.67,5.0,Lastschrift,2.99,3,4.0,False,16.7865,2023-01,Monday
104629,2024-09-22,478,37.0,Süd,Elektronik,USB-Kabel,2,29.91,20.0,Lastschrift,2.99,1,2.0,True,47.856,2024-09,Sunday
100188,2023-07-11,1307,42.0,Nord,Elektronik,Smartphone-Hülle,2,70.14,5.0,Rechnung,0.0,3,5.0,False,133.266,2023-07,Tuesday
104043,2023-08-09,800,18.0,Süd,Elektronik,USB-Kabel,2,48.67,0.0,Kreditkarte,6.99,4,5.0,False,97.34,2023-08,Wednesday
103992,2024-11-08,942,43.0,Nord,Bücher,Kochbuch,3,14.78,10.0,Sofortüberweisung,2.99,3,5.0,False,39.906,2024-11,Friday
104547,2023-08-07,258,21.0,Ost,Elektronik,Kopfhörer,2,108.45,25.0,Lastschrift,6.99,2,4.0,False,162.675,2023-08,Monday
100270,2024-03-22,3,59.0,Nord,Mode,Mütze,2,30.12,0.0,Sofortüberweisung,4.99,3,4.0,False,60.24,2024-03,Friday
103291,2024-09-11,136,43.0,Süd,Sport,Fitnessband,3,42.06,10.0,Sofortüberweisung,0.0,5,5.0,False,113.56200000000001,2024-09,Wednesday
104126,2023-02-27,1706,35.0,Süd,Elektronik,Bluetooth-Lautsprecher,1,41.15,0.0,Rechnung,0.0,1,5.0,False,41.15,2023-02,Monday
104094,2023-03-19,1737,47.0,Ost,Elektronik,Smartphone-Hülle,2,24.22,0.0,Sofortüberweisung,4.99,1,5.0,False,48.44,2023-03,Sunday
103768,2024-01-07,518,40.0,West,Bücher,Kochbuch,3,26.07,0.0,Lastschrift,2.99,2,5.0,False,78.21000000000001,2024-01,Sunday
100111,2023-07-26,356,36.0,Süd,Sport,Fitnessband,2,33.24,15.0,PayPal,0.0,1,3.0,False,56.508,2023-07,Wednesday
101971,2023-03-03,1435,54.0,Mitte,Elektronik,Powerbank,1,50.81,15.0,Sofortüberweisung,2.99,4,4.0,False,43.1885,2023-03,Friday
100220,2024-02-06,506,52.0,West,Mode,Mütze,1,31.45,20.0,Kreditkarte,0.0,2,-1.0,False,25.16,2024-02,Tuesday
101427,2024-10-22,278,18.0,Mitte,Bücher,Comic,2,21.36,0.0,PayPal,0.0,2,4.0,False,42.72,2024-10,Tuesday
100627,2024-02-08,748,18.0,Ost,Haushalt,Pfannenset,2,56.38,0.0,PayPal,0.0,7,4.0,False,112.76,2024-02,Thursday
102655,2024-12-02,1547,25.0,Nord,Haushalt,Bettwäsche,1,25.04,0.0,Rechnung,2.99,5,5.0,False,25.04,2024-12,Monday
103424,2024-10-15,1033,42.0,Nord,Elektronik,Bluetooth-Lautsprecher,1,79.93,0.0,PayPal,4.99,5,5.0,False,79.93,2024-10,Tuesday
103008,2023-02-17,564,47.0,West,Sport,Fitnessband,2,20.27,25.0,PayPal,2.99,2,4.0,False,30.405,2023-02,Friday
100790,2023-07-02,1394,43.0,Mitte,Mode,Sneaker,1,47.66,0.0,Kreditkarte,2.99,2,5.0,False,47.66,2023-07,Sunday
104835,2024-06-13,1457,38.0,West,Mode,Sneaker,1,39.86,10.0,Lastschrift,2.99,5,-1.0,False,35.874,2024-06,Thursday
100461,2023-08-20,1448,42.0,Mitte,Mode,Mütze,2,12.85,15.0,Lastschrift,4.99,3,-1.0,False,21.845,2023-08,Sunday
104446,2023-07-26,1267,43.0,Nord,Sport,Yogamatte,1,59.55,0.0,Kreditkarte,6.99,1,5.0,False,59.55,2023-07,Wednesday
100551,2024-06-07,689,25.0,Mitte,Mode,Mütze,1,24.19,0.0,Kreditkarte,4.99,5,4.0,False,24.19,2024-06,Friday
102402,2024-09-09,154,39.0,West,Elektronik,Bluetooth-Lautsprecher,1,240.7928582292949,0.0,PayPal,4.99,6,5.0,False,240.7928582292949,2024-09,Monday
104181,2023-10-26,932,34.0,West,Sport,Laufschuhe,1,37.76,0.0,PayPal,0.0,2,5.0,False,37.76,2023-10,Thursday
100198,2024-10-01,1007,30.0,West,Bücher,Kochbuch,1,19.77,15.0,Kreditkarte,4.99,3,-1.0,False,16.8045,2024-10,Tuesday
102640,2023-01-28,600,42.0,West,Mode,T-Shirt,2,21.53,0.0,PayPal,4.99,4,3.0,False,43.06,2023-01,Saturday
102834,2024-10-26,68,50.0,Süd,Mode,T-Shirt,1,42.69,0.0,Rechnung,2.99,4,-1.0,False,42.69,2024-10,Saturday
100402,2023-04-04,469,37.0,Mitte,Haushalt,Kaffeemaschine,5,33.85,0.0,Lastschrift,6.99,1,4.0,False,169.25,2023-04,Tuesday
103338,2024-01-10,970,34.0,Mitte,Bücher,Roman,1,535.6291254059979,0.0,Rechnung,6.99,1,-1.0,False,535.6291254059979,2024-01,Wednesday
102177,2023-03-29,462,33.0,Süd,Sport,Yogamatte,2,65.96,0.0,PayPal,2.99,1,4.0,False,131.92,2023-03,Wednesday
104812,2023-06-27,1588,43.0,Ost,Haushalt,Bettwäsche,1,942.0267415009936,0.0,PayPal,4.99,5,4.0,False,942.0267415009936,2023-06,Tuesday
102073,2024-03-28,382,29.0,Mitte,Mode,Jeans,1,25.93,5.0,Rechnung,6.99,4,3.0,False,24.633499999999998,2024-03,Thursday
101730,2023-10-03,70,48.0,West,Sport,Hantel,1,15.65,0.0,Sofortüberweisung,4.99,9,3.0,True,15.65,2023-10,Tuesday
104507,2023-06-10,779,23.0,West,Haushalt,Pfannenset,1,76.76,0.0,Rechnung,4.99,3,5.0,False,76.76,2023-06,Saturday
100650,2023-03-08,1760,36.0,Mitte,Mode,Jeans,1,31.76,15.0,Kreditkarte,2.99,5,5.0,False,26.996000000000002,2023-03,Wednesday
100708,2024-05-07,733,33.0,Mitte,Elektronik,USB-Kabel,1,17.49,20.0,Rechnung,0.0,4,4.0,False,13.991999999999999,2024-05,Tuesday
104589,2023-08-03,44,49.0,Süd,Mode,Jacke,4,24.09,0.0,Lastschrift,0.0,1,5.0,False,96.36,2023-08,Thursday
104458,2024-04-04,1273,38.0,Ost,Bücher,Sachbuch,2,12.55,0.0,Sofortüberweisung,4.99,3,5.0,False,25.1,2024-04,Thursday
103322,2024-03-07,1309,71.0,Mitte,Elektronik,Kopfhörer,1,17.36,15.0,Rechnung,2.99,2,5.0,False,14.755999999999998,2024-03,Thursday
101897,2023-01-16,1200,38.0,West,Elektronik,Powerbank,3,43.28,5.0,Lastschrift,0.0,2,5.0,False,123.348,2023-01,Monday
101832,2023-01-03,1344,27.0,West,Elektronik,Smartphone-Hülle,1,18.56,20.0,Kreditkarte,2.99,1,4.0,False,14.847999999999999,2023-01,Tuesday
100314,2023-01-31,1680,20.0,Nord,Elektronik,Bluetooth-Lautsprecher,2,48.83,0.0,Sofortüberweisung,6.99,3,5.0,False,97.66,2023-01,Tuesday
101242,2023-04-12,1262,53.0,Süd,Elektronik,Bluetooth-Lautsprecher,2,40.49,10.0,Sofortüberweisung,6.99,7,5.0,False,72.882,2023-04,Wednesday
104519,2023-02-25,1446,38.0,Süd,Elektronik,Powerbank,1,39.46,5.0,Rechnung,0.0,2,5.0,False,37.487,2023-02,Saturday
100113,2024-06-09,434,53.0,Mitte,Sport,Yogamatte,2,13.94,0.0,Lastschrift,2.99,3,3.0,False,27.88,2024-06,Sunday
100960,2023-07-25,1636,67.0,Ost,Mode,Mütze,1,26.71,0.0,PayPal,4.99,1,5.0,False,26.71,2023-07,Tuesday
103907,2023-07-30,1009,46.0,Süd,Haushalt,Pfannenset,2,11.44,0.0,PayPal,4.99,7,4.0,False,22.88,2023-07,Sunday
102742,2024-06-11,318,46.0,West,Bücher,Kochbuch,1,11.28,0.0,Rechnung,2.99,5,5.0,False,11.28,2024-06,Tuesday
101684,2023-09-04,915,32.0,Ost,Mode,Jacke,1,40.05,0.0,PayPal,4.99,3,-1.0,False,40.05,2023-09,Monday
104101,2023-08-11,1074,31.0,West,Bücher,Sachbuch,2,21.89,0.0,Lastschrift,2.99,3,3.0,False,43.78,2023-08,Friday
101632,2023-02-02,52,34.0,Mitte,Haushalt,Kaffeemaschine,1,28.97,5.0,Kreditkarte,2.99,4,5.0,False,27.521499999999996,2023-02,Thursday
103259,2023-01-01,1097,32.0,Ost,Haushalt,Bettwäsche,1,59.41,0.0,Sofortüberweisung,2.99,1,2.0,False,59.41,2023-01,Sunday
104707,2024-10-28,1661,47.0,Süd,Mode,Jacke,1,34.38,25.0,Rechnung,0.0,4,4.0,False,25.785000000000004,2024-10,Monday
103482,2024-04-21,655,39.0,Nord,Haushalt,Bettwäsche,1,27.64,0.0,Sofortüberweisung,2.99,6,5.0,False,27.64,2024-04,Sunday
104573,2024-12-25,930,34.0,Nord,Elektronik,Powerbank,3,124.6,15.0,Rechnung,2.99,4,5.0,False,317.72999999999996,2024-12,Wednesday
101879,2023-10-14,966,37.0,West,Elektronik,Bluetooth-Lautsprecher,3,101.64,0.0,Rechnung,6.99,3,4.0,False,304.92,2023-10,Saturday
104121,2024-09-28,1395,42.0,Ost,Mode,Jacke,2,41.34,0.0,Rechnung,0.0,2,4.0,False,82.68,2024-09,Saturday
102005,2024-01-31,142,21.0,Mitte,Haushalt,Staubsauger,1,28.86,10.0,Lastschrift,2.99,2,5.0,False,25.974,2024-01,Wednesday
100326,2023-08-05,513,38.0,Ost,Elektronik,Smartphone-Hülle,2,22.5,15.0,Lastschrift,2.99,3,4.0,False,38.25,2023-08,Saturday
100604,2023-02-13,934,42.0,Süd,Mode,Mütze,4,33.07,0.0,Kreditkarte,0.0,4,2.0,False,132.28,2023-02,Monday
104233,2023-10-28,853,54.0,Mitte,Sport,Trinkflasche,1,33.75,0.0,Kreditkarte,2.99,1,5.0,False,33.75,2023-10,Saturday
103077,2023-09-18,1402,41.0,Nord,Mode,Jacke,2,19.93,0.0,Lastschrift,4.99,2,4.0,False,39.86,2023-09,Monday
102630,2024-04-22,281,42.0,Ost,Haushalt,Bettwäsche,1,23.88,10.0,PayPal,0.0,6,3.0,False,21.492,2024-04,Monday
104366,2024-01-16,507,58.0,West,Sport,Laufschuhe,1,29.33,0.0,Rechnung,0.0,4,5.0,False,29.33,2024-01,Tuesday
104691,2024-01-11,785,60.0,Süd,Sport,Hantel,1,44.53,0.0,Rechnung,0.0,5,5.0,False,44.53,2024-01,Thursday
103248,2023-12-08,792,27.0,Süd,Elektronik,Smartphone-Hülle,1,24.03,0.0,PayPal,4.99,5,5.0,False,24.03,2023-12,Friday
104972,2024-11-10,876,36.0,Süd,Sport,Hantel,1,29.54,0.0,Lastschrift,0.0,4,1.0,False,29.54,2024-11,Sunday
103392,2024-01-02,338,21.0,Süd,Elektronik,Powerbank,1,57.5,0.0,PayPal,6.99,3,3.0,False,57.5,2024-01,Tuesday
101471,2024-03-28,1724,35.0,Mitte,Sport,Yogamatte,1,32.25,0.0,Kreditkarte,0.0,3,4.0,False,32.25,2024-03,Thursday
101773,2024-03-15,547,18.0,Ost,Mode,Mütze,1,41.62,5.0,Kreditkarte,4.99,1,2.0,False,39.538999999999994,2024-03,Friday
102784,2024-04-23,730,32.0,West,Elektronik,Kopfhörer,4,41.0,5.0,Sofortüberweisung,2.99,5,4.0,False,155.79999999999998,2024-04,Tuesday
100789,2023-10-10,387,31.0,Mitte,Haushalt,Staubsauger,2,73.95,0.0,Sofortüberweisung,4.99,4,-1.0,False,147.9,2023-10,Tuesday
102354,2023-07-22,657,59.0,Ost,Haushalt,Pfannenset,2,122.03,0.0,PayPal,4.99,6,5.0,False,244.06,2023-07,Saturday
102925,2024-09-18,864,59.0,Mitte,Haushalt,Kaffeemaschine,3,21.4,25.0,Kreditkarte,0.0,8,5.0,False,48.14999999999999,2024-09,Wednesday
101545,2023-04-03,971,46.0,West,Sport,Yogamatte,1,46.73,15.0,Kreditkarte,2.99,3,5.0,False,39.720499999999994,2023-04,Monday
100871,2024-08-13,1496,29.0,Ost,Elektronik,Kopfhörer,1,229.03804681216164,10.0,Rechnung,2.99,1,2.0,False,206.13424213094547,2024-08,Tuesday
104392,2023-12-12,1261,36.0,West,Elektronik,Smartphone-Hülle,1,15.12,0.0,Lastschrift,4.99,4,5.0,False,15.12,2023-12,Tuesday
101371,2024-05-05,1626,47.0,West,Bücher,Sachbuch,2,14.31,0.0,PayPal,2.99,4,5.0,False,28.62,2024-05,Sunday
103078,2023-08-18,746,34.0,Süd,Elektronik,Kopfhörer,5,13.92,5.0,Rechnung,6.99,3,5.0,True,66.11999999999999,2023-08,Friday
100073,2023-12-30,707,49.0,Nord,Mode,Jeans,1,24.91,0.0,Sofortüberweisung,4.99,3,3.0,False,24.91,2023-12,Saturday
101815,2023-01-09,864,31.0,Ost,Sport,Hantel,1,41.98,0.0,PayPal,0.0,4,5.0,False,41.98,2023-01,Monday
104403,2024-03-05,590,63.0,Süd,Sport,Trinkflasche,1,34.52,20.0,PayPal,2.99,4,4.0,False,27.616000000000003,2024-03,Tuesday
102264,2024-07-03,301,58.0,Süd,Sport,Laufschuhe,3,23.49,25.0,Lastschrift,4.99,6,5.0,True,52.8525,2024-07,Wednesday
103994,2024-09-11,1725,33.0,Ost,Haushalt,Lampe,1,66.98,0.0,Rechnung,0.0,7,3.0,False,66.98,2024-09,Wednesday
102011,2023-07-06,1768,49.0,Süd,Bücher,Kochbuch,2,8.97,15.0,Kreditkarte,2.99,5,-1.0,False,15.249,2023-07,Thursday
104620,2024-01-23,645,34.0,Mitte,Haushalt,Bettwäsche,2,404.0299928850185,15.0,Lastschrift,2.99,3,5.0,False,686.8509879045314,2024-01,Tuesday
103882,2024-10-10,77,36.0,West,Haushalt,Staubsauger,2,55.69,15.0,Rechnung,0.0,5,4.0,False,94.67299999999999,2024-10,Thursday
102287,2024-03-15,31,43.0,Mitte,Elektronik,Powerbank,1,80.36,0.0,Sofortüberweisung,0.0,4,5.0,False,80.36,2024-03,Friday
102943,2024-08-29,9,57.0,Nord,Haushalt,Staubsauger,2,32.2,0.0,Rechnung,4.99,3,5.0,False,64.4,2024-08,Thursday
103825,2023-12-15,1128,46.0,Süd,Elektronik,Powerbank,1,60.03,0.0,PayPal,0.0,5,4.0,False,60.03,2023-12,Friday
100494,2024-08-02,1389,45.0,Ost,Haushalt,Staubsauger,1,96.77,0.0,Kreditkarte,2.99,1,3.0,True,96.77,2024-08,Friday
103194,2023-07-26,1336,45.0,West,Haushalt,Kaffeemaschine,2,77.5,0.0,Lastschrift,2.99,5,5.0,False,155.0,2023-07,Wednesday
102232,2024-09-21,68,40.0,West,Elektronik,Smartphone-Hülle,4,42.91,15.0,Lastschrift,0.0,1,4.0,False,145.89399999999998,2024-09,Saturday
104910,2024-06-06,17,35.0,Nord,Haushalt,Kaffeemaschine,2,70.54,20.0,Sofortüberweisung,0.0,8,5.0,False,112.86400000000002,2024-06,Thursday
101164,2024-07-09,740,42.0,Ost,Bücher,Comic,1,6.63,15.0,Rechnung,0.0,4,5.0,False,5.6354999999999995,2024-07,Tuesday
103292,2023-04-21,1430,66.0,West,Elektronik,Bluetooth-Lautsprecher,2,65.18,0.0,Rechnung,6.99,1,4.0,False,130.36,2023-04,Friday
102364,2023-08-30,1315,38.0,West,Mode,Jacke,5,33.47,0.0,PayPal,2.99,3,5.0,False,167.35,2023-08,Wednesday
103638,2023-12-18,435,38.0,Nord,Elektronik,Smartphone-Hülle,1,54.07,0.0,Kreditkarte,2.99,4,4.0,False,54.07,2023-12,Monday
102221,2023-01-04,699,29.0,Süd,Elektronik,Bluetooth-Lautsprecher,4,45.44,25.0,Lastschrift,0.0,3,4.0,False,136.32,2023-01,Wednesday
104262,2023-11-13,1498,37.0,Süd,Elektronik,USB-Kabel,1,81.79,15.0,Sofortüberweisung,2.99,2,4.0,False,69.5215,2023-11,Monday
100618,2024-10-06,17,40.0,Süd,Elektronik,USB-Kabel,1,46.39,10.0,Rechnung,2.99,4,3.0,False,41.751000000000005,2024-10,Sunday
104343,2024-06-02,1357,54.0,Mitte,Haushalt,Kaffeemaschine,2,121.91,20.0,Lastschrift,2.99,2,5.0,False,195.056,2024-06,Sunday
104470,2023-12-04,1533,58.0,Süd,Haushalt,Bettwäsche,1,63.36,0.0,Sofortüberweisung,2.99,3,5.0,True,63.36,2023-12,Monday
104821,2023-01-17,740,18.0,West,Sport,Trinkflasche,1,50.74,5.0,Rechnung,6.99,5,5.0,False,48.203,2023-01,Tuesday
104520,2023-02-09,972,60.0,Mitte,Haushalt,Staubsauger,1,33.7,15.0,Kreditkarte,6.99,4,5.0,False,28.645000000000003,2023-02,Thursday
102114,2024-01-29,598,36.0,Ost,Bücher,Comic,1,8.89,0.0,Lastschrift,4.99,7,4.0,False,8.89,2024-01,Monday
103478,2023-10-17,961,38.0,Süd,Bücher,Kochbuch,1,4.05,15.0,Kreditkarte,6.99,4,5.0,False,3.4425,2023-10,Tuesday
100869,2024-06-09,1606,33.0,Nord,Mode,Mütze,1,13.58,0.0,PayPal,2.99,3,3.0,False,13.58,2024-06,Sunday
103809,2024-06-25,583,32.0,Nord,Mode,T-Shirt,1,21.83,0.0,Sofortüberweisung,2.99,1,4.0,False,21.83,2024-06,Tuesday
101042,2024-10-15,827,50.0,West,Haushalt,Bettwäsche,1,61.79,20.0,Kreditkarte,6.99,5,4.0,False,49.432,2024-10,Tuesday
101405,2024-12-21,1240,29.0,Süd,Elektronik,Powerbank,1,51.21,5.0,Sofortüberweisung,4.99,4,5.0,False,48.649499999999996,2024-12,Saturday
100356,2023-05-28,1453,47.0,Ost,Sport,Yogamatte,1,4.97,20.0,Kreditkarte,0.0,3,5.0,False,3.976,2023-05,Sunday
101162,2023-03-22,205,58.0,West,Haushalt,Lampe,1,22.66,0.0,Sofortüberweisung,6.99,3,3.0,False,22.66,2023-03,Wednesday
102820,2024-07-03,1334,23.0,Ost,Elektronik,Kopfhörer,2,41.13,10.0,Lastschrift,6.99,7,3.0,False,74.034,2024-07,Wednesday
101935,2024-07-17,366,37.0,Nord,Mode,Jacke,1,33.08,0.0,Kreditkarte,0.0,2,5.0,False,33.08,2024-07,Wednesday
104004,2023-01-09,1537,59.0,Mitte,Elektronik,Kopfhörer,4,34.1,10.0,Rechnung,0.0,5,4.0,False,122.76,2023-01,Monday
103888,2024-09-21,575,36.0,West,Mode,Jeans,2,28.67,10.0,PayPal,4.99,3,4.0,False,51.606,2024-09,Saturday
103595,2023-10-26,933,31.0,Ost,Sport,Hantel,4,24.14,20.0,Sofortüberweisung,2.99,7,4.0,False,77.248,2023-10,Thursday
103616,2023-07-15,240,38.0,Süd,Mode,Mütze,1,10.92,0.0,PayPal,2.99,5,5.0,False,10.92,2023-07,Saturday
103712,2024-01-19,65,26.0,West,Sport,Hantel,1,18.71,0.0,Sofortüberweisung,0.0,3,4.0,False,18.71,2024-01,Friday
103802,2024-12-09,1296,29.0,West,Haushalt,Staubsauger,1,20.31,0.0,Lastschrift,0.0,3,4.0,False,20.31,2024-12,Monday
102907,2024-11-18,1416,25.0,Nord,Elektronik,Powerbank,1,28.97,0.0,Sofortüberweisung,0.0,1,4.0,False,28.97,2024-11,Monday
100332,2023-06-29,1789,47.0,Ost,Sport,Hantel,2,61.1,5.0,Lastschrift,0.0,2,5.0,False,116.09,2023-06,Thursday
101340,2023-05-31,818,47.0,Ost,Mode,Jacke,1,19.01,0.0,PayPal,4.99,4,5.0,False,19.01,2023-05,Wednesday
103062,2023-12-05,1547,26.0,Ost,Elektronik,Bluetooth-Lautsprecher,1,34.6,15.0,Kreditkarte,2.99,2,4.0,False,29.41,2023-12,Tuesday
102929,2023-04-14,861,33.0,Ost,Mode,Mütze,1,4.6,0.0,Rechnung,2.99,3,5.0,False,4.6,2023-04,Friday
101258,2023-05-19,79,27.0,Süd,Haushalt,Kaffeemaschine,1,85.04,0.0,PayPal,4.99,5,5.0,False,85.04,2023-05,Friday
103740,2024-05-08,294,58.0,Ost,Sport,Fitnessband,2,16.68,20.0,Rechnung,0.0,4,5.0,False,26.688000000000002,2024-05,Wednesday
104306,2023-09-18,1629,38.0,Mitte,Bücher,Kinderbuch,1,20.02,0.0,Sofortüberweisung,4.99,1,2.0,False,20.02,2023-09,Monday
101116,2024-07-24,64,37.0,West,Haushalt,Pfannenset,2,103.49,0.0,PayPal,4.99,1,5.0,False,206.98,2024-07,Wednesday
101918,2024-03-20,580,18.0,West,Elektronik,Smartphone-Hülle,4,104.08,10.0,Kreditkarte,0.0,5,4.0,False,374.688,2024-03,Wednesday
103624,2024-11-13,980,38.0,Nord,Haushalt,Staubsauger,1,69.04,10.0,Kreditkarte,2.99,4,5.0,False,62.13600000000001,2024-11,Wednesday
103875,2023-05-21,48,41.0,Mitte,Mode,Sneaker,1,64.99,0.0,Lastschrift,6.99,6,4.0,False,64.99,2023-05,Sunday
102600,2024-11-27,611,18.0,West,Sport,Fitnessband,1,11.16,0.0,PayPal,4.99,3,3.0,False,11.16,2024-11,Wednesday
103331,2024-12-16,513,43.0,West,Elektronik,Bluetooth-Lautsprecher,1,25.96,0.0,Kreditkarte,0.0,4,5.0,False,25.96,2024-12,Monday
101421,2024-05-06,1527,27.0,West,Elektronik,Bluetooth-Lautsprecher,5,50.33,0.0,Sofortüberweisung,2.99,2,2.0,False,251.64999999999998,2024-05,Monday
100445,2024-05-30,1126,40.0,West,Mode,Jeans,3,10.93,0.0,PayPal,2.99,2,3.0,False,32.79,2024-05,Thursday
102288,2023-01-12,767,28.0,Süd,Haushalt,Lampe,1,15.76,0.0,PayPal,2.99,3,3.0,True,15.76,2023-01,Thursday
100452,2024-10-13,1410,21.0,Ost,Haushalt,Staubsauger,1,46.08,5.0,PayPal,2.99,4,4.0,False,43.775999999999996,2024-10,Sunday
103867,2024-05-08,194,49.0,Mitte,Sport,Fitnessband,1,28.99,0.0,Rechnung,4.99,1,4.0,False,28.99,2024-05,Wednesday
104478,2023-07-19,1263,36.0,West,Sport,Fitnessband,1,20.09,0.0,Rechnung,2.99,1,4.0,False,20.09,2023-07,Wednesday
103014,2023-03-29,690,45.0,Ost,Bücher,Comic,1,19.21,5.0,PayPal,0.0,4,5.0,False,18.2495,2023-03,Wednesday
100014,2024-11-15,1796,55.0,West,Elektronik,Kopfhörer,1,14.98,0.0,PayPal,2.99,6,5.0,False,14.98,2024-11,Friday
102998,2023-06-05,274,53.0,Süd,Bücher,Kochbuch,1,30.52,0.0,Rechnung,4.99,5,5.0,False,30.52,2023-06,Monday
100945,2023-11-08,426,66.0,Mitte,Elektronik,Smartphone-Hülle,2,35.37,0.0,Sofortüberweisung,2.99,8,-1.0,False,70.74,2023-11,Wednesday
100247,2023-10-19,243,50.0,Süd,Haushalt,Bettwäsche,1,34.03,0.0,Rechnung,4.99,1,4.0,False,34.03,2023-10,Thursday
104334,2023-07-07,1189,36.0,Ost,Mode,T-Shirt,2,35.32,0.0,PayPal,0.0,1,4.0,False,70.64,2023-07,Friday
100360,2024-06-03,1569,18.0,Süd,Sport,Yogamatte,2,12.14,0.0,Kreditkarte,6.99,3,4.0,False,24.28,2024-06,Monday
104703,2023-10-07,1691,38.0,Mitte,Elektronik,USB-Kabel,1,39.8,0.0,Kreditkarte,0.0,4,5.0,False,39.8,2023-10,Saturday
101595,2023-07-27,1529,45.0,Süd,Elektronik,Powerbank,3,53.16,0.0,Sofortüberweisung,0.0,1,5.0,False,159.48,2023-07,Thursday
104580,2024-12-27,667,45.0,Mitte,Mode,T-Shirt,1,43.86,0.0,Kreditkarte,4.99,4,4.0,False,43.86,2024-12,Friday
102347,2023-06-20,1717,38.0,Mitte,Sport,Trinkflasche,1,64.08,0.0,Kreditkarte,4.99,1,4.0,False,64.08,2023-06,Tuesday
104412,2023-11-12,1537,45.0,Nord,Elektronik,Bluetooth-Lautsprecher,2,66.69,0.0,Rechnung,4.99,3,4.0,False,133.38,2023-11,Sunday
103548,2024-12-17,1113,42.0,Ost,Elektronik,Smartphone-Hülle,1,22.84,0.0,PayPal,4.99,1,4.0,False,22.84,2024-12,Tuesday
102052,2024-07-05,45,49.0,Nord,Elektronik,Bluetooth-Lautsprecher,1,49.81,0.0,PayPal,0.0,4,4.0,False,49.81,2024-07,Friday
103560,2023-09-17,184,50.0,Mitte,Elektronik,Bluetooth-Lautsprecher,2,79.5,0.0,PayPal,6.99,5,4.0,False,159.0,2023-09,Sunday
101383,2023-12-18,1554,30.0,Nord,Elektronik,Kopfhörer,2,34.53,0.0,Sofortüberweisung,2.99,2,3.0,False,69.06,2023-12,Monday
104934,2023-04-19,428,51.0,Ost,Haushalt,Bettwäsche,1,20.55,0.0,Kreditkarte,2.99,5,4.0,False,20.55,2023-04,Wednesday
104851,2023-12-20,76,32.0,Süd,Sport,Fitnessband,2,15.63,15.0,Sofortüberweisung,4.99,3,5.0,False,26.571,2023-12,Wednesday
100490,2023-06-12,664,50.0,Ost,Sport,Fitnessband,1,17.14,0.0,Kreditkarte,4.99,4,2.0,False,17.14,2023-06,Monday
100862,2024-07-09,384,43.0,Ost,Mode,Jacke,1,102.16,5.0,Lastschrift,0.0,1,5.0,False,97.05199999999999,2024-07,Tuesday
101803,2024-01-29,970,44.0,Süd,Elektronik,Powerbank,4,60.72,10.0,PayPal,0.0,2,3.0,False,218.592,2024-01,Monday
103406,2023-07-02,892,34.0,Nord,Mode,Jacke,1,106.56,0.0,Sofortüberweisung,0.0,4,1.0,False,106.56,2023-07,Sunday
101945,2023-05-17,17,32.0,West,Mode,Jeans,3,18.56,0.0,Lastschrift,0.0,2,5.0,False,55.67999999999999,2023-05,Wednesday
104647,2023-11-22,1697,44.0,Süd,Haushalt,Pfannenset,1,54.81,10.0,PayPal,2.99,5,5.0,False,49.329,2023-11,Wednesday
103654,2024-02-01,166,18.0,Mitte,Bücher,Kochbuch,2,26.74,15.0,Lastschrift,0.0,2,5.0,False,45.458,2024-02,Thursday
100506,2023-09-21,786,59.0,West,Bücher,Kochbuch,1,12.53,10.0,PayPal,2.99,2,5.0,False,11.277,2023-09,Thursday
104162,2024-08-18,336,57.0,Süd,Mode,Mütze,2,35.0,5.0,Rechnung,2.99,3,4.0,False,66.5,2024-08,Sunday
100025,2023-05-03,309,38.0,Nord,Bücher,Comic,2,9.53,20.0,Rechnung,4.99,2,5.0,False,15.248,2023-05,Wednesday
102329,2023-08-24,921,28.0,Süd,Elektronik,Bluetooth-Lautsprecher,1,85.36,0.0,Rechnung,0.0,3,2.0,False,85.36,2023-08,Thursday
101222,2023-12-29,525,65.0,Mitte,Mode,Jeans,2,19.14,0.0,Lastschrift,4.99,4,5.0,False,38.28,2023-12,Friday
101113,2024-05-27,687,20.0,Ost,Elektronik,Powerbank,1,5.57,5.0,Sofortüberweisung,4.99,4,5.0,True,5.2915,2024-05,Monday
103422,2023-11-02,338,24.0,Süd,Elektronik,Bluetooth-Lautsprecher,2,27.88,10.0,Rechnung,0.0,2,5.0,False,50.184,2023-11,Thursday
103491,2023-01-18,711,42.0,Ost,Mode,Jacke,1,50.21,0.0,PayPal,0.0,3,3.0,False,50.21,2023-01,Wednesday
104425,2024-03-22,1527,34.0,Mitte,Elektronik,Bluetooth-Lautsprecher,1,15.88,15.0,Sofortüberweisung,0.0,2,5.0,False,13.498000000000001,2024-03,Friday
104719,2024-05-22,516,50.0,Nord,Elektronik,Bluetooth-Lautsprecher,1,30.0,25.0,Kreditkarte,2.99,2,4.0,False,22.5,2024-05,Wednesday
100433,2024-02-09,952,45.0,Ost,Elektronik,Bluetooth-Lautsprecher,1,29.22,0.0,PayPal,0.0,6,3.0,False,29.22,2024-02,Friday
102107,2023-05-02,53,31.0,Nord,Haushalt,Lampe,1,22.81,0.0,Lastschrift,6.99,4,2.0,False,22.81,2023-05,Tuesday
103865,2024-06-02,564,39.0,Ost,Bücher,Kochbuch,1,154.0745958530668,0.0,PayPal,0.0,5,4.0,False,154.0745958530668,2024-06,Sunday
102893,2024-10-17,1571,35.0,West,Elektronik,Powerbank,1,23.03,0.0,Lastschrift,0.0,2,1.0,False,23.03,2024-10,Thursday
102133,2024-06-27,1259,34.0,West,Mode,Jeans,1,32.52,15.0,Lastschrift,6.99,3,-1.0,False,27.642000000000003,2024-06,Thursday
104005,2024-06-25,554,44.0,Ost,Haushalt,Staubsauger,4,89.76,15.0,Sofortüberweisung,6.99,1,5.0,False,305.184,2024-06,Tuesday
103227,2023-02-17,40,22.0,Nord,Mode,Jacke,1,22.56,5.0,Rechnung,4.99,1,4.0,False,21.432,2023-02,Friday
102173,2024-09-24,658,38.0,Ost,Bücher,Kochbuch,1,6.15,0.0,Rechnung,6.99,4,5.0,False,6.15,2024-09,Tuesday
103563,2023-05-07,1164,36.0,Ost,Bücher,Kinderbuch,1,6.48,20.0,Sofortüberweisung,0.0,1,4.0,False,5.184000000000001,2023-05,Sunday
104755,2024-03-16,1482,22.0,Mitte,Haushalt,Lampe,1,34.86,0.0,Rechnung,0.0,2,5.0,False,34.86,2024-03,Saturday
101102,2024-08-18,1709,34.0,West,Mode,Sneaker,1,23.92,15.0,PayPal,6.99,6,4.0,False,20.332,2024-08,Sunday
102309,2024-04-05,612,38.0,Süd,Bücher,Kinderbuch,1,25.77,0.0,PayPal,4.99,2,2.0,False,25.77,2024-04,Friday
101504,2023-03-02,664,28.0,Süd,Mode,Jacke,4,25.87,0.0,Kreditkarte,2.99,5,5.0,False,103.48,2023-03,Thursday
103148,2024-11-03,1722,47.0,West,Mode,T-Shirt,1,28.4,0.0,PayPal,4.99,6,4.0,False,28.4,2024-11,Sunday
103916,2023-07-26,862,49.0,Nord,Elektronik,Powerbank,2,27.1,0.0,Lastschrift,4.99,3,5.0,False,54.2,2023-07,Wednesday
100156,2023-07-20,525,27.0,West,Elektronik,Smartphone-Hülle,1,41.4,0.0,Rechnung,0.0,4,3.0,False,41.4,2023-07,Thursday
103039,2023-10-22,1017,21.0,Nord,Sport,Trinkflasche,2,9.96,5.0,Lastschrift,4.99,6,5.0,False,18.924,2023-10,Sunday
104194,2023-11-28,669,20.0,West,Elektronik,Smartphone-Hülle,2,16.04,0.0,Kreditkarte,0.0,1,2.0,False,32.08,2023-11,Tuesday
100615,2024-03-26,305,39.0,West,Mode,Sneaker,1,65.38,0.0,Rechnung,2.99,1,5.0,False,65.38,2024-03,Tuesday
100643,2023-10-21,283,43.0,Ost,Bücher,Roman,1,14.37,0.0,Sofortüberweisung,2.99,1,-1.0,False,14.37,2023-10,Saturday
104895,2023-07-06,740,32.0,Mitte,Haushalt,Pfannenset,1,17.48,0.0,Sofortüberweisung,2.99,6,3.0,False,17.48,2023-07,Thursday
104278,2023-10-12,1731,43.0,Nord,Sport,Trinkflasche,1,28.63,10.0,Kreditkarte,6.99,2,5.0,False,25.767,2023-10,Thursday
101068,2023-01-28,772,29.0,Mitte,Mode,Sneaker,1,37.59,0.0,Rechnung,0.0,5,5.0,False,37.59,2023-01,Saturday
103350,2024-03-05,657,51.0,West,Elektronik,Bluetooth-Lautsprecher,1,54.7,0.0,PayPal,4.99,2,4.0,False,54.7,2024-03,Tuesday
102697,2024-02-28,249,58.0,Mitte,Mode,Jacke,1,14.61,0.0,PayPal,0.0,5,5.0,False,14.61,2024-02,Wednesday
104283,2023-10-28,1541,44.0,Mitte,Mode,T-Shirt,2,44.57,10.0,Lastschrift,6.99,5,3.0,False,80.226,2023-10,Saturday
101566,2023-11-06,231,41.0,Mitte,Elektronik,Kopfhörer,1,57.21,0.0,Sofortüberweisung,6.99,5,5.0,False,57.21,2023-11,Monday
100330,2024-12-29,1389,38.0,West,Sport,Laufschuhe,1,72.53,0.0,Lastschrift,2.99,4,5.0,False,72.53,2024-12,Sunday
101675,2023-05-18,1199,23.0,Nord,Haushalt,Bettwäsche,1,38.91,0.0,Rechnung,2.99,7,5.0,False,38.91,2023-05,Thursday
102698,2024-02-18,1429,46.0,Süd,Haushalt,Lampe,1,88.19,0.0,Rechnung,6.99,4,5.0,False,88.19,2024-02,Sunday
103681,2023-05-03,878,29.0,Nord,Bücher,Kochbuch,1,39.34,0.0,Rechnung,0.0,4,5.0,False,39.34,2023-05,Wednesday
100622,2024-11-19,23,43.0,Nord,Sport,Fitnessband,1,47.06,20.0,Kreditkarte,2.99,7,5.0,False,37.648,2024-11,Tuesday
101654,2024-07-12,421,35.0,Mitte,Elektronik,Powerbank,1,32.97,0.0,PayPal,0.0,3,-1.0,False,32.97,2024-07,Friday
102369,2024-03-02,1111,39.0,Nord,Mode,T-Shirt,4,33.96,0.0,PayPal,0.0,4,5.0,False,135.84,2024-03,Saturday
103725,2024-12-13,1574,34.0,Mitte,Mode,T-Shirt,1,20.51,0.0,Sofortüberweisung,6.99,5,3.0,False,20.51,2024-12,Friday
102960,2023-02-09,49,62.0,Ost,Haushalt,Pfannenset,1,47.83,5.0,PayPal,2.99,6,5.0,False,45.4385,2023-02,Thursday
102242,2024-08-05,1437,41.0,West,Haushalt,Lampe,1,74.26,10.0,Lastschrift,2.99,4,5.0,False,66.834,2024-08,Monday
101617,2024-07-12,550,48.0,Nord,Elektronik,USB-Kabel,1,48.76,15.0,Lastschrift,2.99,4,-1.0,False,41.446,2024-07,Friday
102763,2023-01-27,315,43.0,Nord,Mode,Mütze,1,27.0,0.0,PayPal,4.99,6,1.0,True,27.0,2023-01,Friday
100755,2024-11-05,988,18.0,Süd,Mode,Jacke,1,15.51,0.0,Sofortüberweisung,4.99,1,4.0,False,15.51,2024-11,Tuesday
100518,2024-06-10,814,39.0,Mitte,Sport,Hantel,2,24.51,0.0,PayPal,0.0,1,5.0,False,49.02,2024-06,Monday
104159,2023-08-19,1592,21.0,Süd,Haushalt,Lampe,2,62.91,0.0,PayPal,2.99,5,5.0,False,125.82,2023-08,Saturday
100032,2023-04-02,941,20.0,Mitte,Elektronik,Kopfhörer,2,37.65,0.0,Lastschrift,4.99,3,3.0,True,75.3,2023-04,Sunday
103689,2024-09-21,742,26.0,West,Elektronik,Bluetooth-Lautsprecher,2,17.42,0.0,Lastschrift,2.99,1,4.0,False,34.84,2024-09,Saturday
101157,2024-01-05,6,52.0,Mitte,Bücher,Sachbuch,1,14.3,0.0,Lastschrift,6.99,5,4.0,False,14.3,2024-01,Friday
100744,2024-01-15,798,18.0,Süd,Elektronik,Powerbank,1,25.23,5.0,Kreditkarte,2.99,2,5.0,False,23.9685,2024-01,Monday
102036,2023-01-22,241,31.0,Mitte,Sport,Trinkflasche,1,24.29,0.0,Kreditkarte,2.99,1,4.0,False,24.29,2023-01,Sunday
102447,2024-11-28,741,38.0,West,Haushalt,Kaffeemaschine,1,69.72,0.0,Sofortüberweisung,6.99,1,5.0,False,69.72,2024-11,Thursday
101697,2023-05-06,1308,42.0,Nord,Mode,Jeans,1,27.25,0.0,Lastschrift,0.0,5,5.0,False,27.25,2023-05,Saturday
102642,2023-11-04,1629,49.0,Nord,Sport,Hantel,1,4.5,5.0,PayPal,4.99,4,4.0,False,4.2749999999999995,2023-11,Saturday
100783,2023-12-02,1496,38.0,Ost,Sport,Yogamatte,1,18.68,0.0,Sofortüberweisung,2.99,2,3.0,False,18.68,2023-12,Saturday
101835,2024-10-06,32,44.0,West,Mode,Sneaker,2,63.86,0.0,Kreditkarte,2.99,1,5.0,True,127.72,2024-10,Sunday
102554,2023-02-09,1788,31.0,Ost,Elektronik,Smartphone-Hülle,1,27.5,0.0,Rechnung,4.99,7,5.0,False,27.5,2023-02,Thursday
100229,2024-05-14,348,44.0,Süd,Haushalt,Pfannenset,1,26.8,0.0,Rechnung,0.0,6,4.0,False,26.8,2024-05,Tuesday
100857,2023-10-29,1181,18.0,West,Mode,Mütze,4,32.84,10.0,PayPal,2.99,4,3.0,False,118.22400000000002,2023-10,Sunday
102887,2024-05-11,1344,30.0,Ost,Sport,Trinkflasche,2,8.18,15.0,Sofortüberweisung,4.99,5,4.0,False,13.905999999999999,2024-05,Saturday
102406,2023-06-12,1356,46.0,Ost,Bücher,Sachbuch,1,6.26,0.0,Sofortüberweisung,4.99,3,5.0,False,6.26,2023-06,Monday
100408,2023-09-01,1565,38.0,Nord,Mode,Sneaker,1,16.98,0.0,Lastschrift,4.99,6,5.0,False,16.98,2023-09,Friday
100170,2023-09-15,528,42.0,Süd,Elektronik,Powerbank,1,62.62,15.0,PayPal,0.0,5,2.0,False,53.227,2023-09,Friday
100540,2023-05-15,537,50.0,Ost,Sport,Fitnessband,3,46.7,15.0,Lastschrift,4.99,2,5.0,False,119.08500000000002,2023-05,Monday
103381,2023-03-12,1525,46.0,Ost,Elektronik,Powerbank,1,58.97,0.0,Rechnung,0.0,2,4.0,False,58.97,2023-03,Sunday
102348,2023-05-27,51,43.0,West,Elektronik,Bluetooth-Lautsprecher,1,5.53,0.0,Sofortüberweisung,2.99,7,5.0,False,5.53,2023-05,Saturday
104563,2023-06-19,654,40.0,Nord,Bücher,Sachbuch,1,16.78,0.0,Sofortüberweisung,0.0,5,4.0,False,16.78,2023-06,Monday
100613,2023-07-06,1144,33.0,Ost,Haushalt,Bettwäsche,1,147.92,0.0,Rechnung,2.99,2,4.0,False,147.92,2023-07,Thursday
104270,2024-04-22,224,32.0,Süd,Sport,Yogamatte,1,43.92,0.0,Sofortüberweisung,2.99,3,3.0,False,43.92,2024-04,Monday
102857,2023-06-06,10,36.0,Nord,Bücher,Roman,4,17.34,0.0,Rechnung,2.99,7,5.0,False,69.36,2023-06,Tuesday
104669,2023-06-08,831,33.0,Süd,Elektronik,Smartphone-Hülle,1,27.3,0.0,PayPal,2.99,6,-1.0,False,27.3,2023-06,Thursday
101161,2023-12-03,1108,44.0,Ost,Sport,Hantel,2,72.33,10.0,Rechnung,2.99,5,-1.0,False,130.194,2023-12,Sunday
102101,2023-03-27,1302,36.0,Süd,Mode,Jacke,2,56.21,0.0,Rechnung,2.99,1,4.0,False,112.42,2023-03,Monday
102409,2023-09-05,673,31.0,West,Sport,Trinkflasche,1,25.19,0.0,PayPal,0.0,6,5.0,False,25.19,2023-09,Tuesday
102486,2023-06-29,1727,37.0,Nord,Mode,Mütze,1,34.01,0.0,Rechnung,2.99,6,3.0,False,34.01,2023-06,Thursday
101669,2024-02-24,494,23.0,West,Sport,Hantel,1,6.73,20.0,Rechnung,0.0,4,4.0,False,5.384,2024-02,Saturday
104842,2023-04-01,1116,38.0,Mitte,Elektronik,Smartphone-Hülle,1,40.15,0.0,Sofortüberweisung,2.99,2,5.0,False,40.15,2023-04,Saturday
103317,2024-06-20,1213,68.0,Mitte,Sport,Trinkflasche,1,59.92,0.0,Sofortüberweisung,2.99,2,3.0,False,59.92,2024-06,Thursday
100564,2024-03-03,1386,39.0,Ost,Elektronik,Smartphone-Hülle,1,24.32,0.0,Kreditkarte,2.99,3,5.0,False,24.32,2024-03,Sunday
103801,2024-03-09,242,18.0,Ost,Elektronik,Powerbank,1,132.82,25.0,Kreditkarte,6.99,5,3.0,False,99.615,2024-03,Saturday
104291,2023-06-15,37,38.0,Süd,Mode,T-Shirt,2,31.2,0.0,PayPal,0.0,3,-1.0,False,62.4,2023-06,Thursday
101860,2024-04-22,1431,43.0,West,Sport,Trinkflasche,2,23.88,15.0,Kreditkarte,6.99,6,-1.0,False,40.596,2024-04,Monday
103781,2023-09-10,1289,51.0,Nord,Elektronik,Bluetooth-Lautsprecher,1,58.17,0.0,PayPal,0.0,8,2.0,False,58.17,2023-09,Sunday
104818,2023-11-13,1401,37.0,West,Mode,Jeans,1,45.27,5.0,Kreditkarte,2.99,4,3.0,False,43.0065,2023-11,Monday
104978,2023-05-06,577,18.0,Mitte,Elektronik,Bluetooth-Lautsprecher,1,36.66,0.0,PayPal,0.0,4,4.0,False,36.66,2023-05,Saturday
103545,2023-05-18,678,20.0,Ost,Mode,Mütze,2,53.0,15.0,Rechnung,4.99,1,5.0,False,90.1,2023-05,Thursday
101588,2023-03-08,857,40.0,West,Elektronik,Kopfhörer,1,12.33,15.0,PayPal,0.0,2,3.0,False,10.4805,2023-03,Wednesday
102437,2024-10-15,414,33.0,West,Mode,Sneaker,1,15.7,0.0,Sofortüberweisung,0.0,1,5.0,False,15.7,2024-10,Tuesday
102531,2024-01-20,924,37.0,Mitte,Bücher,Sachbuch,2,17.08,10.0,Kreditkarte,0.0,3,-1.0,False,30.743999999999996,2024-01,Saturday
102598,2023-04-18,786,38.0,Ost,Elektronik,Powerbank,1,32.35,0.0,Lastschrift,0.0,5,5.0,False,32.35,2023-04,Tuesday
101172,2023-09-12,891,38.0,Ost,Bücher,Kinderbuch,1,20.61,0.0,Kreditkarte,2.99,2,5.0,False,20.61,2023-09,Tuesday
104149,2024-11-02,1233,46.0,Nord,Bücher,Kinderbuch,1,6.19,15.0,Kreditkarte,4.99,5,1.0,False,5.2615,2024-11,Saturday
100325,2024-06-29,1036,50.0,Nord,Haushalt,Pfannenset,1,51.95,0.0,Rechnung,2.99,5,-1.0,False,51.95,2024-06,Saturday
101051,2023-04-01,566,18.0,Süd,Haushalt,Lampe,1,24.48,5.0,Kreditkarte,4.99,6,4.0,False,23.256,2023-04,Saturday
103860,2023-09-15,1238,43.0,West,Mode,Jeans,2,67.73,0.0,Lastschrift,4.99,8,4.0,False,135.46,2023-09,Friday
103360,2023-07-25,1281,31.0,Nord,Elektronik,Powerbank,1,22.24,0.0,Sofortüberweisung,2.99,3,4.0,False,22.24,2023-07,Tuesday
102944,2023-12-22,1495,33.0,Nord,Haushalt,Bettwäsche,1,57.09,0.0,PayPal,6.99,5,5.0,False,57.09,2023-12,Friday
104326,2023-09-02,778,40.0,West,Sport,Trinkflasche,2,9.77,0.0,PayPal,2.99,4,4.0,False,19.54,2023-09,Saturday
104225,2023-10-31,550,18.0,West,Mode,Jeans,3,44.9,0.0,Kreditkarte,0.0,1,5.0,False,134.7,2023-10,Tuesday
101196,2023-02-01,437,29.0,Süd,Mode,Jeans,1,26.77,0.0,Sofortüberweisung,6.99,3,4.0,False,26.77,2023-02,Wednesday
100620,2024-02-08,1362,37.0,Süd,Haushalt,Pfannenset,2,29.9,5.0,PayPal,2.99,4,4.0,False,56.809999999999995,2024-02,Thursday
102378,2024-11-14,1164,34.0,Süd,Haushalt,Staubsauger,1,136.85,10.0,Kreditkarte,2.99,8,4.0,True,123.16499999999999,2024-11,Thursday
101189,2024-02-28,1312,27.0,West,Sport,Yogamatte,1,70.68,0.0,Rechnung,2.99,3,4.0,False,70.68,2024-02,Wednesday
100328,2023-04-21,202,35.0,West,Elektronik,Bluetooth-Lautsprecher,1,31.61,15.0,PayPal,2.99,5,5.0,False,26.868499999999997,2023-04,Friday
100648,2024-05-22,316,29.0,Mitte,Elektronik,USB-Kabel,1,26.06,10.0,PayPal,4.99,7,5.0,False,23.454,2024-05,Wednesday
100897,2023-09-15,1229,45.0,West,Elektronik,Kopfhörer,1,41.57,15.0,PayPal,6.99,5,2.0,False,35.3345,2023-09,Friday
103071,2023-11-25,1109,49.0,Süd,Elektronik,Smartphone-Hülle,1,21.5,10.0,Rechnung,4.99,3,4.0,False,19.35,2023-11,Saturday
101123,2023-08-11,1076,36.0,West,Elektronik,Kopfhörer,1,53.56,5.0,Sofortüberweisung,0.0,3,5.0,False,50.882,2023-08,Friday
101961,2024-03-29,1797,31.0,West,Sport,Laufschuhe,2,13.54,0.0,Rechnung,4.99,6,5.0,False,27.08,2024-03,Friday
104690,2024-08-05,730,38.0,Mitte,Sport,Fitnessband,1,23.94,0.0,PayPal,0.0,1,4.0,False,23.94,2024-08,Monday
103978,2023-05-29,424,33.0,West,Mode,Mütze,1,14.69,10.0,Kreditkarte,4.99,4,4.0,False,13.221,2023-05,Monday
102004,2024-05-24,1683,39.0,Ost,Elektronik,Bluetooth-Lautsprecher,1,26.63,0.0,PayPal,2.99,5,5.0,False,26.63,2024-05,Friday
103253,2024-08-19,1417,48.0,Ost,Sport,Trinkflasche,1,62.7,0.0,PayPal,2.99,3,4.0,True,62.7,2024-08,Monday
102497,2024-03-21,1087,24.0,Ost,Sport,Yogamatte,2,9.72,0.0,Lastschrift,2.99,5,4.0,False,19.44,2024-03,Thursday
103378,2023-06-12,791,46.0,West,Haushalt,Lampe,1,62.24,0.0,Rechnung,4.99,3,4.0,False,62.24,2023-06,Monday
102304,2023-05-30,834,21.0,Ost,Elektronik,Powerbank,1,45.18,5.0,Rechnung,0.0,4,5.0,False,42.921,2023-05,Tuesday
101600,2024-08-10,418,31.0,Ost,Sport,Yogamatte,2,11.14,20.0,Rechnung,6.99,3,4.0,False,17.824,2024-08,Saturday
103799,2023-08-03,766,29.0,Nord,Elektronik,USB-Kabel,2,68.0,0.0,Kreditkarte,4.99,4,2.0,True,136.0,2023-08,Thursday
101023,2024-07-31,1454,18.0,West,Sport,Trinkflasche,2,53.07,0.0,Kreditkarte,4.99,1,4.0,False,106.14,2024-07,Wednesday
102045,2023-08-03,1496,53.0,Mitte,Elektronik,Powerbank,5,26.75,0.0,PayPal,6.99,1,5.0,False,133.75,2023-08,Thursday
104643,2023-01-14,799,37.0,Nord,Haushalt,Lampe,1,116.53,0.0,Sofortüberweisung,0.0,7,5.0,False,116.53,2023-01,Saturday
102952,2023-10-22,1136,37.0,Mitte,Elektronik,Bluetooth-Lautsprecher,2,92.91,0.0,PayPal,2.99,2,-1.0,True,185.82,2023-10,Sunday
104987,2024-03-15,1180,35.0,Nord,Mode,Jeans,2,41.89,0.0,Kreditkarte,2.99,6,5.0,False,83.78,2024-03,Friday
100809,2023-11-16,820,32.0,Nord,Sport,Trinkflasche,1,46.16,25.0,Rechnung,2.99,4,5.0,False,34.62,2023-11,Thursday
103235,2023-01-15,1043,38.0,West,Sport,Yogamatte,1,52.95,15.0,Kreditkarte,2.99,1,3.0,False,45.0075,2023-01,Sunday
100978,2024-03-07,855,28.0,Süd,Haushalt,Kaffeemaschine,1,37.16,0.0,Sofortüberweisung,2.99,2,-1.0,False,37.16,2024-03,Thursday
103002,2024-06-03,1460,32.0,Süd,Elektronik,USB-Kabel,2,35.47,15.0,Lastschrift,2.99,6,3.0,False,60.299,2024-06,Monday
102743,2023-01-21,711,40.0,Nord,Elektronik,Bluetooth-Lautsprecher,4,76.73,0.0,Kreditkarte,0.0,6,2.0,False,306.92,2023-01,Saturday
101746,2023-10-04,173,29.0,Nord,Elektronik,Smartphone-Hülle,5,66.01,0.0,PayPal,0.0,7,4.0,True,330.05,2023-10,Wednesday
104253,2023-09-07,1603,28.0,Süd,Elektronik,Smartphone-Hülle,1,25.65,25.0,PayPal,2.99,6,5.0,False,19.237499999999997,2023-09,Thursday
101451,2023-06-13,21,34.0,Süd,Haushalt,Staubsauger,2,58.38,0.0,Kreditkarte,4.99,5,4.0,False,116.76,2023-06,Tuesday
103471,2024-06-21,983,37.0,West,Elektronik,Kopfhörer,1,35.32,0.0,PayPal,4.99,4,5.0,False,35.32,2024-06,Friday
104980,2023-08-15,628,42.0,West,Elektronik,Bluetooth-Lautsprecher,5,22.99,0.0,Sofortüberweisung,0.0,6,-1.0,False,114.94999999999999,2023-08,Tuesday
102822,2024-09-19,183,46.0,Mitte,Haushalt,Kaffeemaschine,1,48.28,0.0,PayPal,2.99,6,5.0,False,48.28,2024-09,Thursday
103666,2023-04-04,882,27.0,Süd,Sport,Yogamatte,2,25.67,0.0,Kreditkarte,2.99,1,4.0,False,51.34,2023-04,Tuesday
100174,2023-09-25,1034,18.0,Nord,Mode,T-Shirt,1,22.49,0.0,Rechnung,4.99,1,3.0,False,22.49,2023-09,Monday
101652,2024-05-09,334,18.0,Mitte,Mode,Mütze,1,8.3,0.0,Sofortüberweisung,2.99,3,4.0,False,8.3,2024-05,Thursday
103080,2023-05-06,109,30.0,Ost,Haushalt,Bettwäsche,1,127.45,0.0,Rechnung,6.99,3,4.0,False,127.45,2023-05,Saturday
101532,2023-08-22,1104,49.0,Süd,Elektronik,Bluetooth-Lautsprecher,1,54.35,0.0,PayPal,6.99,3,1.0,False,54.35,2023-08,Tuesday
104506,2023-01-10,1479,35.0,Mitte,Sport,Fitnessband,1,11.08,0.0,PayPal,2.99,5,5.0,False,11.08,2023-01,Tuesday
100217,2024-10-28,182,43.0,West,Elektronik,Bluetooth-Lautsprecher,1,53.88,0.0,Rechnung,6.99,2,1.0,False,53.88,2024-10,Monday
104822,2023-10-11,1459,40.0,Süd,Elektronik,Smartphone-Hülle,1,25.87,5.0,Sofortüberweisung,4.99,2,5.0,False,24.5765,2023-10,Wednesday
103793,2024-08-08,1056,38.0,Nord,Elektronik,USB-Kabel,4,40.21,0.0,Sofortüberweisung,4.99,3,3.0,False,160.84,2024-08,Thursday
101444,2023-08-15,1105,19.0,Nord,Elektronik,Powerbank,1,61.98,0.0,Lastschrift,4.99,2,5.0,False,61.98,2023-08,Tuesday
100690,2024-05-28,1150,25.0,Ost,Elektronik,Smartphone-Hülle,1,33.15,20.0,Rechnung,4.99,4,5.0,True,26.52,2024-05,Tuesday
102628,2023-07-20,656,58.0,Nord,Elektronik,Smartphone-Hülle,1,31.73,0.0,PayPal,6.99,2,5.0,False,31.73,2023-07,Thursday
102276,2024-01-01,865,49.0,Ost,Elektronik,Smartphone-Hülle,1,30.02,0.0,Lastschrift,4.99,4,3.0,False,30.02,2024-01,Monday
102457,2023-10-03,360,30.0,Ost,Haushalt,Staubsauger,3,17.55,0.0,Rechnung,4.99,2,5.0,False,52.650000000000006,2023-10,Tuesday
101106,2024-08-28,151,31.0,Ost,Haushalt,Lampe,1,72.34,15.0,Lastschrift,4.99,5,5.0,False,61.489000000000004,2024-08,Wednesday
102157,2023-09-02,171,23.0,West,Haushalt,Staubsauger,2,69.06,0.0,Rechnung,2.99,2,-1.0,False,138.12,2023-09,Saturday
102111,2024-11-29,168,58.0,Ost,Elektronik,Kopfhörer,1,77.33,0.0,PayPal,0.0,5,3.0,False,77.33,2024-11,Friday
101583,2023-06-02,1330,52.0,Mitte,Elektronik,Bluetooth-Lautsprecher,2,39.07,0.0,Lastschrift,2.99,7,5.0,False,78.14,2023-06,Friday
100611,2023-08-12,1128,43.0,West,Sport,Laufschuhe,1,45.85,0.0,Kreditkarte,2.99,1,4.0,True,45.85,2023-08,Saturday
103307,2024-02-13,448,41.0,Ost,Elektronik,Powerbank,1,26.53,0.0,Sofortüberweisung,4.99,3,-1.0,False,26.53,2024-02,Tuesday
103784,2024-07-12,440,38.0,West,Elektronik,Powerbank,1,26.15,15.0,Rechnung,2.99,1,3.0,False,22.2275,2024-07,Friday
100576,2024-09-07,1517,76.0,Ost,Elektronik,Powerbank,1,78.47,0.0,Lastschrift,0.0,3,4.0,True,78.47,2024-09,Saturday
102104,2023-04-05,41,43.0,Ost,Elektronik,Bluetooth-Lautsprecher,2,64.93,20.0,Rechnung,2.99,3,4.0,False,103.88800000000002,2023-04,Wednesday
104480,2024-03-17,1272,41.0,Ost,Elektronik,Bluetooth-Lautsprecher,2,50.38,0.0,Sofortüberweisung,0.0,3,5.0,False,100.76,2024-03,Sunday
101180,2023-11-29,638,18.0,West,Mode,Jeans,1,72.5,0.0,Kreditkarte,4.99,2,2.0,False,72.5,2023-11,Wednesday
100888,2024-03-15,519,42.0,Nord,Mode,Sneaker,1,55.16,0.0,Sofortüberweisung,4.99,4,4.0,False,55.16,2024-03,Friday
103192,2024-05-21,1217,50.0,Süd,Sport,Laufschuhe,2,26.9,0.0,Lastschrift,2.99,3,3.0,False,53.8,2024-05,Tuesday
102432,2023-01-09,1186,57.0,Nord,Bücher,Kochbuch,2,10.47,0.0,Kreditkarte,0.0,2,5.0,True,20.94,2023-01,Monday
103074,2023-09-30,1006,35.0,West,Mode,Jeans,1,34.05,0.0,Sofortüberweisung,2.99,7,5.0,True,34.05,2023-09,Saturday
100817,2023-11-03,1229,46.0,Ost,Bücher,Comic,1,30.86,0.0,Kreditkarte,0.0,3,5.0,True,30.86,2023-11,Friday
104677,2023-10-08,560,38.0,Mitte,Elektronik,Kopfhörer,2,86.28,10.0,Lastschrift,2.99,2,4.0,False,155.304,2023-10,Sunday
103318,2023-11-01,1558,63.0,Ost,Elektronik,Bluetooth-Lautsprecher,2,49.18,10.0,Kreditkarte,0.0,2,-1.0,False,88.524,2023-11,Wednesday
100208,2024-06-22,1100,35.0,Nord,Sport,Fitnessband,2,77.87,5.0,Kreditkarte,2.99,3,5.0,False,147.953,2024-06,Saturday
100293,2024-04-17,1289,18.0,Süd,Elektronik,Smartphone-Hülle,1,48.39,0.0,PayPal,0.0,1,4.0,False,48.39,2024-04,Wednesday
101119,2024-09-26,433,26.0,West,Bücher,Comic,1,16.23,0.0,Kreditkarte,6.99,3,5.0,False,16.23,2024-09,Thursday
104729,2023-01-11,1721,39.0,Mitte,Mode,Jeans,2,43.89,0.0,Lastschrift,4.99,1,4.0,False,87.78,2023-01,Wednesday
104394,2024-01-06,694,33.0,West,Sport,Fitnessband,1,49.9,20.0,PayPal,4.99,1,4.0,False,39.92,2024-01,Saturday
101264,2023-03-02,825,18.0,Mitte,Sport,Hantel,1,73.28,0.0,PayPal,2.99,4,4.0,False,73.28,2023-03,Thursday
100990,2023-05-18,1654,39.0,Mitte,Bücher,Comic,1,15.84,0.0,Lastschrift,4.99,3,4.0,False,15.84,2023-05,Thursday
102317,2023-06-30,109,24.0,Ost,Elektronik,USB-Kabel,1,34.26,0.0,Kreditkarte,6.99,4,5.0,False,34.26,2023-06,Friday
104240,2023-08-03,38,35.0,Mitte,Mode,T-Shirt,2,23.23,15.0,Lastschrift,2.99,5,5.0,False,39.491,2023-08,Thursday
103431,2023-04-27,445,18.0,Süd,Haushalt,Pfannenset,2,69.89,10.0,Rechnung,0.0,3,5.0,False,125.802,2023-04,Thursday
100353,2024-10-22,994,36.0,Süd,Haushalt,Bettwäsche,4,57.27,0.0,Lastschrift,2.99,4,4.0,False,229.08,2024-10,Tuesday
101921,2024-12-05,285,45.0,Ost,Haushalt,Kaffeemaschine,2,107.36,0.0,PayPal,0.0,5,4.0,False,214.72,2024-12,Thursday
101538,2024-07-16,293,50.0,Nord,Bücher,Kinderbuch,2,13.2,0.0,Sofortüberweisung,6.99,3,5.0,False,26.4,2024-07,Tuesday
103458,2024-06-12,473,41.0,Nord,Sport,Yogamatte,3,19.52,25.0,Rechnung,0.0,2,5.0,False,43.92,2024-06,Wednesday
101489,2024-09-10,1500,27.0,West,Mode,Jacke,1,19.47,0.0,Lastschrift,2.99,4,2.0,False,19.47,2024-09,Tuesday
103833,2023-09-19,127,58.0,Mitte,Mode,Mütze,4,84.11,5.0,Lastschrift,4.99,1,-1.0,False,319.618,2023-09,Tuesday
103722,2024-02-18,808,50.0,Ost,Elektronik,Bluetooth-Lautsprecher,4,19.89,0.0,Rechnung,0.0,6,3.0,False,79.56,2024-02,Sunday
101228,2023-11-12,1105,44.0,Mitte,Sport,Fitnessband,2,17.64,0.0,Sofortüberweisung,2.99,10,5.0,False,35.28,2023-11,Sunday
100259,2023-12-21,88,51.0,Mitte,Mode,Sneaker,1,72.07,0.0,Kreditkarte,2.99,3,3.0,False,72.07,2023-12,Thursday
103537,2024-11-29,1795,58.0,Mitte,Mode,Mütze,3,37.44,15.0,Kreditkarte,2.99,1,4.0,False,95.472,2024-11,Friday
104730,2023-09-10,1498,46.0,Mitte,Elektronik,Smartphone-Hülle,1,86.88,0.0,Sofortüberweisung,4.99,4,5.0,False,86.88,2023-09,Sunday
104788,2023-03-27,1004,53.0,Ost,Haushalt,Lampe,4,54.35,15.0,PayPal,2.99,3,4.0,False,184.79,2023-03,Monday
101833,2024-07-30,56,46.0,Süd,Elektronik,USB-Kabel,1,50.59,0.0,Sofortüberweisung,4.99,5,4.0,False,50.59,2024-07,Tuesday
102591,2024-02-12,1520,50.0,West,Bücher,Roman,2,23.97,0.0,Rechnung,0.0,1,5.0,False,47.94,2024-02,Monday
100052,2023-11-17,769,32.0,West,Sport,Trinkflasche,2,44.6,15.0,PayPal,0.0,5,3.0,False,75.82000000000001,2023-11,Friday
102617,2023-12-04,1447,36.0,Süd,Mode,Jeans,2,41.84,0.0,Sofortüberweisung,6.99,5,-1.0,False,83.68,2023-12,Monday
104508,2024-04-07,1059,28.0,Nord,Elektronik,USB-Kabel,1,92.76,0.0,Sofortüberweisung,4.99,3,5.0,False,92.76,2024-04,Sunday
102236,2023-11-10,1353,32.0,Mitte,Elektronik,Powerbank,4,21.13,0.0,Kreditkarte,6.99,3,3.0,False,84.52,2023-11,Friday
103429,2023-09-03,1380,32.0,Ost,Elektronik,Bluetooth-Lautsprecher,1,60.68,10.0,Sofortüberweisung,2.99,1,5.0,False,54.612,2023-09,Sunday
103116,2024-11-03,923,18.0,Mitte,Mode,Jeans,2,42.75,0.0,Sofortüberweisung,0.0,1,5.0,False,85.5,2024-11,Sunday
102388,2024-08-25,1049,20.0,Süd,Elektronik,USB-Kabel,2,11.72,10.0,Lastschrift,4.99,2,5.0,False,21.096,2024-08,Sunday
101479,2023-06-24,719,27.0,Süd,Elektronik,USB-Kabel,2,46.12,0.0,Sofortüberweisung,2.99,6,2.0,False,92.24,2023-06,Saturday
101507,2023-06-04,700,41.0,West,Mode,Mütze,2,55.39,0.0,PayPal,0.0,1,5.0,False,110.78,2023-06,Sunday
101033,2023-07-08,195,60.0,West,Haushalt,Pfannenset,1,121.68,0.0,PayPal,2.99,6,4.0,False,121.68,2023-07,Saturday
101097,2024-11-21,1308,39.0,Nord,Sport,Trinkflasche,2,21.57,0.0,PayPal,2.99,4,5.0,False,43.14,2024-11,Thursday
101469,2023-01-03,404,53.0,Mitte,Mode,Jeans,1,28.77,0.0,Rechnung,0.0,3,4.0,False,28.77,2023-01,Tuesday
100543,2024-03-31,1185,33.0,Süd,Mode,Jeans,1,28.57,0.0,Sofortüberweisung,2.99,1,5.0,False,28.57,2024-03,Sunday
101046,2023-10-28,1450,39.0,Ost,Haushalt,Kaffeemaschine,1,47.87,5.0,Lastschrift,0.0,5,5.0,False,45.476499999999994,2023-10,Saturday
104039,2024-06-19,400,24.0,Nord,Mode,Jacke,1,19.22,0.0,Rechnung,4.99,2,5.0,False,19.22,2024-06,Wednesday
101630,2024-10-23,199,47.0,West,Elektronik,Kopfhörer,2,87.54,10.0,Rechnung,0.0,4,3.0,False,157.572,2024-10,Wednesday
100030,2024-12-31,27,29.0,Mitte,Elektronik,Powerbank,3,25.87,0.0,PayPal,0.0,4,3.0,True,77.61,2024-12,Tuesday
100725,2023-09-09,979,52.0,Mitte,Elektronik,Powerbank,1,124.4,15.0,Sofortüberweisung,6.99,4,4.0,False,105.74000000000001,2023-09,Saturday
102138,2023-08-14,338,52.0,Süd,Bücher,Kochbuch,1,2.13,15.0,Rechnung,0.0,4,3.0,False,1.8104999999999998,2023-08,Monday
103980,2023-04-27,1099,28.0,Mitte,Sport,Yogamatte,1,25.77,5.0,Lastschrift,4.99,5,5.0,False,24.481499999999997,2023-04,Thursday
101426,2023-09-04,1083,55.0,Süd,Mode,Jacke,3,17.18,20.0,Lastschrift,4.99,5,3.0,False,41.232,2023-09,Monday
103749,2024-03-06,985,53.0,Ost,Bücher,Roman,1,23.37,0.0,Sofortüberweisung,0.0,1,4.0,True,23.37,2024-03,Wednesday
100436,2024-08-19,1498,43.0,Nord,Elektronik,Smartphone-Hülle,2,20.77,0.0,Rechnung,2.99,5,4.0,False,41.54,2024-08,Monday
102517,2023-06-21,1068,55.0,Süd,Elektronik,Smartphone-Hülle,1,42.33,0.0,Lastschrift,6.99,3,5.0,False,42.33,2023-06,Wednesday
100912,2024-09-15,585,40.0,West,Elektronik,Kopfhörer,1,62.09,0.0,Rechnung,4.99,2,4.0,False,62.09,2024-09,Sunday
104265,2023-06-23,397,32.0,Mitte,Sport,Trinkflasche,2,16.77,15.0,Kreditkarte,6.99,2,5.0,False,28.508999999999997,2023-06,Friday
104327,2024-03-14,183,40.0,West,Mode,Mütze,2,34.05,10.0,Rechnung,2.99,4,-1.0,False,61.29,2024-03,Thursday
104557,2023-09-23,718,27.0,West,Elektronik,Smartphone-Hülle,4,36.35,0.0,PayPal,2.99,4,4.0,False,145.4,2023-09,Saturday
104860,2024-11-05,1616,30.0,Ost,Elektronik,Kopfhörer,1,12.29,15.0,Lastschrift,2.99,1,4.0,False,10.446499999999999,2024-11,Tuesday
102331,2023-05-21,1081,53.0,Süd,Elektronik,USB-Kabel,2,33.21,0.0,Kreditkarte,0.0,5,5.0,False,66.42,2023-05,Sunday
104746,2024-11-04,1248,31.0,West,Mode,Jacke,1,30.08,0.0,Lastschrift,0.0,4,4.0,False,30.08,2024-11,Monday
101238,2023-03-20,782,35.0,Mitte,Elektronik,Powerbank,1,91.16,0.0,Rechnung,2.99,5,5.0,True,91.16,2023-03,Monday
100903,2024-07-11,960,23.0,Nord,Sport,Laufschuhe,1,40.7,0.0,Rechnung,4.99,5,5.0,False,40.7,2024-07,Thursday
101837,2024-05-30,1673,30.0,Ost,Elektronik,Powerbank,1,55.52,0.0,Rechnung,4.99,1,3.0,False,55.52,2024-05,Thursday
103208,2023-04-28,1740,25.0,Nord,Elektronik,Smartphone-Hülle,2,16.34,5.0,Sofortüberweisung,2.99,3,-1.0,False,31.046,2023-04,Friday
104254,2024-11-15,387,43.0,Ost,Elektronik,Smartphone-Hülle,1,45.15,0.0,PayPal,2.99,6,5.0,False,45.15,2024-11,Friday
100507,2023-06-13,305,33.0,Süd,Sport,Trinkflasche,1,42.23,10.0,PayPal,2.99,3,4.0,False,38.007,2023-06,Tuesday
104350,2024-02-15,786,33.0,Mitte,Bücher,Comic,1,8.54,5.0,Sofortüberweisung,0.0,2,5.0,False,8.113,2024-02,Thursday
100183,2024-05-11,897,44.0,Nord,Haushalt,Lampe,3,24.97,15.0,Kreditkarte,4.99,5,5.0,False,63.6735,2024-05,Saturday
104151,2023-11-14,790,32.0,Nord,Elektronik,Smartphone-Hülle,1,27.06,0.0,Kreditkarte,0.0,3,5.0,False,27.06,2023-11,Tuesday
101497,2024-05-05,19,41.0,Süd,Bücher,Kochbuch,1,16.24,10.0,Sofortüberweisung,6.99,6,5.0,False,14.616,2024-05,Sunday
103305,2024-03-27,799,32.0,Mitte,Mode,T-Shirt,1,3.78,5.0,Sofortüberweisung,0.0,1,4.0,False,3.5909999999999997,2024-03,Wednesday
100321,2024-12-01,940,60.0,West,Mode,T-Shirt,1,50.4,0.0,PayPal,0.0,3,3.0,False,50.4,2024-12,Sunday
101840,2024-12-10,1194,42.0,Nord,Mode,Jeans,1,510.85512456948254,10.0,PayPal,6.99,9,3.0,False,459.7696121125343,2024-12,Tuesday
102715,2023-07-25,148,47.0,Ost,Mode,Sneaker,1,45.52,15.0,Lastschrift,4.99,3,-1.0,False,38.692,2023-07,Tuesday
104663,2024-12-06,1098,53.0,Mitte,Bücher,Kochbuch,1,35.66,0.0,Rechnung,0.0,1,5.0,False,35.66,2024-12,Friday
103708,2023-08-25,975,39.0,Mitte,Elektronik,Smartphone-Hülle,1,37.07,0.0,Sofortüberweisung,2.99,4,5.0,False,37.07,2023-08,Friday
101844,2024-09-09,1563,40.0,Süd,Haushalt,Bettwäsche,2,71.91,0.0,Sofortüberweisung,0.0,3,5.0,False,143.82,2024-09,Monday
101909,2023-03-27,1248,44.0,Nord,Mode,Jeans,2,17.72,0.0,Kreditkarte,0.0,4,5.0,False,35.44,2023-03,Monday
104556,2023-09-05,85,20.0,Mitte,Bücher,Comic,1,21.25,0.0,Sofortüberweisung,4.99,6,5.0,False,21.25,2023-09,Tuesday
101551,2023-09-21,1479,38.0,Süd,Elektronik,Smartphone-Hülle,4,34.83,10.0,Rechnung,0.0,2,4.0,False,125.38799999999999,2023-09,Thursday
104482,2023-10-01,1344,54.0,Nord,Bücher,Kochbuch,1,18.99,10.0,Rechnung,4.99,7,3.0,False,17.090999999999998,2023-10,Sunday
101146,2023-10-24,368,51.0,Ost,Elektronik,Powerbank,2,43.84,20.0,PayPal,6.99,4,4.0,False,70.144,2023-10,Tuesday
102110,2023-10-30,1520,27.0,Ost,Haushalt,Lampe,4,27.01,0.0,Lastschrift,4.99,2,1.0,False,108.04,2023-10,Monday
100044,2024-12-18,913,24.0,West,Haushalt,Pfannenset,3,100.79,5.0,Sofortüberweisung,0.0,1,5.0,False,287.25149999999996,2024-12,Wednesday
103938,2024-07-01,1615,24.0,West,Mode,T-Shirt,1,44.85,0.0,Sofortüberweisung,0.0,2,4.0,False,44.85,2024-07,Monday
102492,2024-10-09,431,42.0,West,Haushalt,Staubsauger,2,29.23,10.0,PayPal,4.99,3,2.0,False,52.614000000000004,2024-10,Wednesday
101891,2023-09-29,760,37.0,Mitte,Mode,T-Shirt,3,21.53,0.0,Lastschrift,4.99,9,2.0,False,64.59,2023-09,Friday
101378,2024-09-28,1194,30.0,Süd,Haushalt,Kaffeemaschine,1,22.91,0.0,Rechnung,0.0,3,3.0,False,22.91,2024-09,Saturday
102439,2024-02-06,474,21.0,Ost,Elektronik,Bluetooth-Lautsprecher,1,9.81,25.0,Rechnung,2.99,3,4.0,False,7.3575,2024-02,Tuesday
104993,2024-06-25,794,23.0,Ost,Elektronik,Kopfhörer,2,20.96,0.0,Lastschrift,2.99,7,5.0,False,41.92,2024-06,Tuesday
100413,2024-09-18,204,46.0,Ost,Elektronik,Powerbank,1,28.09,0.0,Lastschrift,0.0,3,3.0,False,28.09,2024-09,Wednesday
104811,2024-09-15,1019,48.0,Mitte,Bücher,Comic,1,11.4,10.0,Lastschrift,2.99,6,5.0,True,10.26,2024-09,Sunday
101407,2023-06-03,1297,38.0,Mitte,Sport,Fitnessband,1,39.58,10.0,PayPal,4.99,4,5.0,False,35.622,2023-06,Saturday
101720,2024-11-26,1015,42.0,West,Mode,Jacke,1,13.46,0.0,Sofortüberweisung,2.99,5,2.0,False,13.46,2024-11,Tuesday
100801,2024-03-31,1654,51.0,Süd,Mode,Mütze,2,47.98603985647417,5.0,Sofortüberweisung,2.99,3,4.0,False,91.17347572730093,2024-03,Sunday
101288,2023-04-10,1218,38.0,Nord,Haushalt,Staubsauger,1,30.69,0.0,Lastschrift,0.0,3,4.0,False,30.69,2023-04,Monday
101558,2024-06-18,977,35.0,Nord,Haushalt,Bettwäsche,1,10.16,0.0,Rechnung,4.99,5,-1.0,False,10.16,2024-06,Tuesday
102224,2024-01-27,108,33.0,Nord,Mode,Jacke,1,3.45,0.0,Lastschrift,6.99,4,5.0,False,3.45,2024-01,Saturday
102487,2024-06-24,210,32.0,Süd,Mode,Sneaker,1,47.01,25.0,PayPal,4.99,5,3.0,False,35.2575,2024-06,Monday
101666,2024-11-16,745,33.0,Mitte,Mode,Sneaker,2,18.37,5.0,Rechnung,0.0,3,5.0,False,34.903,2024-11,Saturday
104318,2023-09-20,669,56.0,West,Haushalt,Lampe,1,30.95,0.0,Kreditkarte,4.99,6,5.0,False,30.95,2023-09,Wednesday
100256,2023-11-20,529,33.0,Ost,Haushalt,Staubsauger,2,87.62,5.0,Sofortüberweisung,2.99,4,5.0,False,166.478,2023-11,Monday
101859,2024-04-20,1623,42.0,West,Haushalt,Lampe,1,96.51,0.0,Lastschrift,4.99,1,5.0,False,96.51,2024-04,Saturday
101751,2024-06-11,847,44.0,Ost,Mode,T-Shirt,1,33.29,0.0,Rechnung,2.99,3,4.0,False,33.29,2024-06,Tuesday
101151,2024-10-01,459,37.0,Süd,Sport,Hantel,1,59.21,10.0,Sofortüberweisung,2.99,2,4.0,False,53.289,2024-10,Tuesday
102939,2023-03-27,1179,18.0,Süd,Sport,Hantel,2,70.66,0.0,PayPal,6.99,3,3.0,False,141.32,2023-03,Monday
100647,2023-09-12,147,47.0,Ost,Sport,Trinkflasche,4,55.39,0.0,Lastschrift,2.99,1,3.0,False,221.56,2023-09,Tuesday
104597,2024-01-12,34,48.0,Nord,Mode,Jeans,1,12.2,10.0,Sofortüberweisung,0.0,7,4.0,True,10.98,2024-01,Friday
103664,2024-04-17,1346,32.0,Mitte,Haushalt,Pfannenset,2,30.94,0.0,Rechnung,2.99,4,5.0,False,61.88,2024-04,Wednesday
101765,2024-02-25,1752,35.0,Nord,Elektronik,USB-Kabel,1,53.59,0.0,Kreditkarte,0.0,6,-1.0,False,53.59,2024-02,Sunday
103526,2024-12-26,989,23.0,Süd,Haushalt,Staubsauger,1,64.92,15.0,Rechnung,0.0,7,3.0,False,55.182,2024-12,Thursday
102509,2024-09-02,1646,67.0,Nord,Sport,Fitnessband,1,25.5,5.0,Sofortüberweisung,0.0,1,4.0,False,24.224999999999998,2024-09,Monday
103841,2024-09-13,1577,39.0,Mitte,Elektronik,Smartphone-Hülle,2,24.18,0.0,PayPal,2.99,6,2.0,False,48.36,2024-09,Friday
101315,2023-05-08,1731,57.0,Mitte,Mode,Jeans,1,33.6,0.0,Rechnung,2.99,5,5.0,False,33.6,2023-05,Monday
101088,2024-03-02,1385,44.0,Ost,Elektronik,USB-Kabel,2,41.14,10.0,Lastschrift,2.99,3,4.0,False,74.052,2024-03,Saturday
104789,2023-06-16,1796,38.0,Süd,Mode,Jeans,3,23.79,0.0,Sofortüberweisung,0.0,4,2.0,False,71.37,2023-06,Friday
102512,2024-04-02,190,53.0,Mitte,Mode,Jeans,2,14.84,0.0,Kreditkarte,0.0,2,4.0,False,29.68,2024-04,Tuesday
102992,2024-04-13,633,36.0,Ost,Mode,T-Shirt,1,8.59,5.0,Kreditkarte,2.99,4,5.0,False,8.160499999999999,2024-04,Saturday
101350,2023-03-13,626,25.0,Ost,Sport,Yogamatte,2,36.95,0.0,Kreditkarte,4.99,2,5.0,True,73.9,2023-03,Monday
102547,2023-07-18,1410,59.0,Süd,Haushalt,Pfannenset,1,142.25,0.0,Rechnung,2.99,2,3.0,False,142.25,2023-07,Tuesday
100112,2024-07-09,1492,40.0,West,Bücher,Kinderbuch,1,20.74,0.0,Kreditkarte,2.99,3,4.0,False,20.74,2024-07,Tuesday
103197,2023-06-10,933,40.0,Mitte,Mode,Sneaker,2,13.13,0.0,Kreditkarte,0.0,5,5.0,False,26.26,2023-06,Saturday
100263,2023-10-19,1647,35.0,Mitte,Mode,Jeans,2,30.81,0.0,Sofortüberweisung,4.99,3,5.0,False,61.62,2023-10,Thursday
101393,2023-12-15,1042,32.0,Ost,Elektronik,Kopfhörer,1,95.31,0.0,Kreditkarte,2.99,2,3.0,True,95.31,2023-12,Friday
102623,2024-10-02,1435,38.0,Mitte,Elektronik,USB-Kabel,1,58.82,15.0,Kreditkarte,0.0,2,1.0,True,49.997,2024-10,Wednesday
101186,2023-12-22,1612,18.0,Nord,Mode,Jacke,3,40.8,15.0,Lastschrift,4.99,1,3.0,False,104.03999999999999,2023-12,Friday
104119,2024-02-15,1790,41.0,Mitte,Haushalt,Pfannenset,1,78.09,0.0,PayPal,0.0,1,5.0,False,78.09,2024-02,Thursday
100056,2023-02-04,1237,18.0,Mitte,Elektronik,Powerbank,1,365.0459503654548,0.0,Rechnung,2.99,6,4.0,False,365.0459503654548,2023-02,Saturday
101309,2023-11-13,958,61.0,Mitte,Elektronik,Kopfhörer,1,41.51,0.0,Lastschrift,4.99,3,2.0,False,41.51,2023-11,Monday
100695,2023-03-02,920,37.0,Nord,Sport,Hantel,1,66.65,25.0,Sofortüberweisung,4.99,3,5.0,False,49.987500000000004,2023-03,Thursday
104246,2023-06-02,1244,45.0,Mitte,Bücher,Roman,1,9.2,0.0,Sofortüberweisung,6.99,4,5.0,False,9.2,2023-06,Friday
103960,2024-09-29,1206,25.0,West,Bücher,Kochbuch,2,11.79,20.0,PayPal,4.99,6,5.0,False,18.864,2024-09,Sunday
101789,2023-09-16,439,26.0,Süd,Haushalt,Lampe,1,791.4901467985109,0.0,PayPal,0.0,4,5.0,False,791.4901467985109,2023-09,Saturday
102346,2024-02-25,1109,35.0,West,Elektronik,Smartphone-Hülle,1,29.26,0.0,Sofortüberweisung,2.99,7,5.0,False,29.26,2024-02,Sunday
104319,2023-04-22,391,29.0,Ost,Mode,T-Shirt,1,20.53,0.0,Sofortüberweisung,0.0,3,4.0,False,20.53,2023-04,Saturday
100319,2024-05-23,1181,40.0,Ost,Haushalt,Kaffeemaschine,2,27.63,15.0,Kreditkarte,0.0,2,5.0,False,46.971,2024-05,Thursday
102330,2023-07-25,306,57.0,Nord,Elektronik,Kopfhörer,1,11.37,0.0,Rechnung,4.99,2,-1.0,False,11.37,2023-07,Tuesday
101589,2024-01-20,877,41.0,West,Elektronik,Powerbank,1,68.37,10.0,Sofortüberweisung,0.0,2,5.0,True,61.53300000000001,2024-01,Saturday
100682,2024-07-30,1368,18.0,Süd,Elektronik,Smartphone-Hülle,1,11.09,0.0,Lastschrift,4.99,1,5.0,False,11.09,2024-07,Tuesday
103737,2024-08-03,1443,23.0,West,Bücher,Sachbuch,1,9.37,0.0,Rechnung,4.99,3,5.0,False,9.37,2024-08,Saturday
103279,2023-06-30,334,28.0,Mitte,Mode,Sneaker,1,19.3,0.0,Sofortüberweisung,2.99,5,3.0,False,19.3,2023-06,Friday
100479,2023-02-21,1522,18.0,Mitte,Elektronik,Kopfhörer,2,117.66,15.0,Kreditkarte,0.0,4,5.0,False,200.022,2023-02,Tuesday
103976,2023-06-12,1180,59.0,Ost,Mode,Jacke,1,40.27,10.0,Sofortüberweisung,0.0,6,5.0,False,36.243,2023-06,Monday
104193,2023-08-15,851,44.0,Süd,Mode,T-Shirt,1,45.43,0.0,Kreditkarte,4.99,4,2.0,False,45.43,2023-08,Tuesday
100286,2024-04-29,1322,39.0,Mitte,Elektronik,Bluetooth-Lautsprecher,1,34.83,0.0,Lastschrift,0.0,4,3.0,False,34.83,2024-04,Monday
101965,2024-09-28,1657,46.0,Ost,Sport,Yogamatte,2,39.0,0.0,Sofortüberweisung,4.99,1,5.0,False,78.0,2024-09,Saturday
103114,2023-05-30,377,19.0,Ost,Sport,Hantel,1,33.8,5.0,Lastschrift,4.99,4,5.0,False,32.10999999999999,2023-05,Tuesday
102459,2023-10-15,795,60.0,Ost,Elektronik,Bluetooth-Lautsprecher,1,39.88,0.0,Lastschrift,4.99,2,5.0,False,39.88,2023-10,Sunday
101782,2023-10-24,1486,35.0,Mitte,Mode,Sneaker,4,44.18,0.0,Rechnung,4.99,4,4.0,False,176.72,2023-10,Tuesday
103296,2023-03-11,690,41.0,Süd,Sport,Fitnessband,1,45.39,0.0,Rechnung,0.0,4,3.0,False,45.39,2023-03,Saturday
103838,2023-07-04,754,58.0,Ost,Elektronik,Smartphone-Hülle,1,27.09,0.0,Rechnung,6.99,2,-1.0,False,27.09,2023-07,Tuesday
101598,2023-12-21,1330,41.0,Süd,Bücher,Comic,3,18.29,0.0,Rechnung,2.99,4,5.0,False,54.87,2023-12,Thursday
104915,2023-05-24,545,27.0,Süd,Elektronik,Kopfhörer,1,48.07,0.0,PayPal,4.99,8,4.0,False,48.07,2023-05,Wednesday
102124,2023-02-24,538,32.0,Nord,Elektronik,Kopfhörer,1,25.84,0.0,Sofortüberweisung,2.99,1,4.0,False,25.84,2023-02,Friday
100736,2023-03-22,1284,40.0,West,Haushalt,Lampe,1,11.46,0.0,PayPal,2.99,1,4.0,False,11.46,2023-03,Wednesday
103209,2024-05-05,1788,56.0,Mitte,Mode,Jeans,1,36.14,0.0,PayPal,0.0,1,-1.0,False,36.14,2024-05,Sunday
100336,2023-09-24,1340,29.0,Mitte,Elektronik,Powerbank,1,23.14,0.0,Lastschrift,4.99,4,5.0,False,23.14,2023-09,Sunday
102704,2024-11-09,811,38.0,Ost,Haushalt,Pfannenset,1,37.36,0.0,Sofortüberweisung,2.99,4,5.0,False,37.36,2024-11,Saturday
102826,2023-04-22,99,37.0,Mitte,Elektronik,Smartphone-Hülle,1,66.53,5.0,PayPal,6.99,4,1.0,False,63.2035,2023-04,Saturday
104920,2024-03-26,1560,33.0,Süd,Mode,T-Shirt,1,18.17,15.0,Kreditkarte,4.99,5,5.0,False,15.444500000000001,2024-03,Tuesday
104448,2024-03-16,1658,48.0,Süd,Sport,Laufschuhe,1,45.51,15.0,Lastschrift,2.99,5,3.0,False,38.683499999999995,2024-03,Saturday
101071,2024-03-08,1335,43.0,Mitte,Mode,Jeans,3,19.42,0.0,Lastschrift,2.99,4,-1.0,False,58.260000000000005,2024-03,Friday
104536,2024-08-03,1379,33.0,Nord,Mode,T-Shirt,1,24.98,0.0,Rechnung,0.0,2,5.0,False,24.98,2024-08,Saturday
104850,2023-05-19,355,39.0,Nord,Haushalt,Staubsauger,1,91.86,0.0,Kreditkarte,0.0,5,4.0,False,91.86,2023-05,Friday
102865,2024-07-22,1141,44.0,Nord,Mode,Mütze,1,47.0,0.0,Sofortüberweisung,4.99,7,4.0,False,47.0,2024-07,Monday
102366,2024-10-16,618,27.0,Mitte,Sport,Laufschuhe,1,51.88,0.0,Kreditkarte,2.99,7,3.0,False,51.88,2024-10,Wednesday
104155,2023-09-22,307,33.0,Nord,Mode,Sneaker,1,99.6,0.0,Rechnung,0.0,5,5.0,False,99.6,2023-09,Friday
104002,2024-06-29,329,38.0,Mitte,Mode,T-Shirt,2,23.52,0.0,Rechnung,2.99,1,4.0,False,47.04,2024-06,Saturday
103434,2023-04-09,1002,38.0,West,Bücher,Comic,3,14.05,20.0,Sofortüberweisung,0.0,3,5.0,False,33.720000000000006,2023-04,Sunday
101488,2024-09-12,453,52.0,Süd,Elektronik,Smartphone-Hülle,2,51.91,0.0,PayPal,0.0,1,5.0,False,103.82,2024-09,Thursday
100498,2024-06-06,532,30.0,Ost,Mode,T-Shirt,2,16.7,0.0,Sofortüberweisung,4.99,3,3.0,False,33.4,2024-06,Thursday
104388,2023-11-16,1403,42.0,Ost,Elektronik,Smartphone-Hülle,2,23.42,10.0,PayPal,4.99,2,4.0,False,42.156000000000006,2023-11,Thursday
103240,2023-03-31,737,36.0,Nord,Mode,Jacke,1,50.23,0.0,Kreditkarte,4.99,1,4.0,False,50.23,2023-03,Friday
102927,2024-05-12,671,50.0,Nord,Mode,Mütze,5,75.28,0.0,Sofortüberweisung,2.99,4,5.0,False,376.4,2024-05,Sunday
102384,2023-01-31,112,35.0,West,Elektronik,Kopfhörer,1,43.09,0.0,Lastschrift,4.99,3,5.0,False,43.09,2023-01,Tuesday
102980,2023-12-08,495,40.0,Süd,Sport,Trinkflasche,1,33.48,0.0,Kreditkarte,4.99,6,4.0,False,33.48,2023-12,Friday
104956,2024-03-21,828,18.0,Mitte,Bücher,Kochbuch,2,17.86,10.0,PayPal,6.99,1,4.0,False,32.148,2024-03,Thursday
102380,2023-10-03,1333,28.0,Süd,Elektronik,Smartphone-Hülle,3,50.3,0.0,Lastschrift,0.0,3,2.0,False,150.89999999999998,2023-10,Tuesday
101610,2024-08-15,1671,36.0,West,Elektronik,Bluetooth-Lautsprecher,1,23.54,0.0,Rechnung,2.99,4,5.0,False,23.54,2024-08,Thursday
103089,2023-10-14,1576,18.0,West,Elektronik,Powerbank,1,27.93,5.0,Kreditkarte,6.99,3,4.0,False,26.5335,2023-10,Saturday
103829,2023-10-30,76,49.0,Süd,Haushalt,Lampe,1,36.85,0.0,Kreditkarte,2.99,3,5.0,False,36.85,2023-10,Monday
104619,2023-02-17,830,21.0,Ost,Mode,Mütze,1,13.05,0.0,Lastschrift,0.0,6,2.0,False,13.05,2023-02,Friday
101022,2024-12-28,1592,57.0,Ost,Mode,Jacke,1,22.56,5.0,Rechnung,2.99,6,5.0,False,21.432,2024-12,Saturday
104586,2023-10-21,1363,29.0,Nord,Mode,Mütze,1,26.72,10.0,Rechnung,0.0,5,4.0,False,24.048,2023-10,Saturday
104936,2023-11-13,464,38.0,Süd,Mode,Jeans,1,31.16,0.0,Kreditkarte,4.99,3,5.0,False,31.16,2023-11,Monday
104359,2024-12-16,912,22.0,Süd,Sport,Fitnessband,1,43.38,0.0,Sofortüberweisung,2.99,1,3.0,False,43.38,2024-12,Monday
103126,2024-03-14,486,34.0,Süd,Haushalt,Staubsauger,1,90.2,0.0,Rechnung,4.99,5,5.0,False,90.2,2024-03,Thursday
103230,2024-08-10,225,35.0,Ost,Elektronik,Powerbank,1,18.25,0.0,Kreditkarte,2.99,1,5.0,False,18.25,2024-08,Saturday
100665,2024-11-11,604,37.0,West,Mode,Sneaker,2,60.21,5.0,Rechnung,0.0,5,5.0,False,114.399,2024-11,Monday
104009,2023-08-25,284,28.0,Ost,Haushalt,Staubsauger,1,49.52,0.0,Lastschrift,0.0,1,5.0,False,49.52,2023-08,Friday
104945,2024-10-13,1689,35.0,Süd,Mode,Mütze,1,24.63,0.0,Rechnung,2.99,4,5.0,False,24.63,2024-10,Sunday
104212,2024-12-22,997,32.0,Ost,Elektronik,Powerbank,2,99.27,0.0,Kreditkarte,4.99,5,2.0,False,198.54,2024-12,Sunday
104309,2024-11-13,1092,42.0,Nord,Elektronik,Bluetooth-Lautsprecher,5,22.87,0.0,Rechnung,0.0,2,4.0,False,114.35000000000001,2024-11,Wednesday
102291,2024-12-28,877,61.0,Mitte,Sport,Fitnessband,1,46.81,0.0,Sofortüberweisung,2.99,6,5.0,False,46.81,2024-12,Saturday
101017,2023-05-15,283,31.0,West,Elektronik,Smartphone-Hülle,1,28.66,15.0,Kreditkarte,2.99,5,5.0,False,24.361,2023-05,Monday
100557,2023-11-09,1383,40.0,Nord,Bücher,Kochbuch,3,5.19,25.0,Lastschrift,6.99,5,2.0,False,11.6775,2023-11,Thursday
104294,2023-12-07,610,47.0,Süd,Elektronik,Powerbank,1,36.04,0.0,Sofortüberweisung,0.0,4,4.0,False,36.04,2023-12,Thursday
101207,2023-02-24,189,48.0,Nord,Bücher,Kinderbuch,3,20.23,0.0,Kreditkarte,2.99,3,3.0,False,60.69,2023-02,Friday
104320,2024-04-02,1058,43.0,Süd,Haushalt,Staubsauger,2,15.9,0.0,Lastschrift,0.0,3,5.0,False,31.8,2024-04,Tuesday
102892,2024-11-02,1619,18.0,Mitte,Mode,Mütze,1,23.16,25.0,Kreditkarte,2.99,6,3.0,False,17.37,2024-11,Saturday
102845,2024-11-08,1599,30.0,West,Haushalt,Bettwäsche,3,84.88,25.0,Sofortüberweisung,2.99,1,3.0,False,190.98,2024-11,Friday
101510,2024-12-25,1391,32.0,West,Mode,T-Shirt,1,13.34,5.0,Lastschrift,2.99,1,4.0,True,12.673,2024-12,Wednesday
102086,2023-12-10,1653,29.0,Ost,Haushalt,Lampe,3,17.72,5.0,PayPal,4.99,4,5.0,False,50.501999999999995,2023-12,Sunday
100245,2024-06-26,1479,39.0,Süd,Elektronik,Smartphone-Hülle,1,48.98,0.0,Kreditkarte,2.99,4,4.0,False,48.98,2024-06,Wednesday
101163,2023-05-13,1449,18.0,Ost,Mode,Sneaker,1,10.05,0.0,Rechnung,0.0,2,5.0,False,10.05,2023-05,Saturday
103727,2023-03-01,1494,48.0,Nord,Mode,Jacke,3,14.12,0.0,Rechnung,4.99,6,5.0,False,42.36,2023-03,Wednesday
100266,2023-04-27,374,28.0,West,Mode,Jeans,1,35.13,0.0,Sofortüberweisung,6.99,4,-1.0,False,35.13,2023-04,Thursday
104161,2024-10-06,1610,32.0,Nord,Elektronik,Smartphone-Hülle,1,46.54,0.0,PayPal,4.99,3,2.0,False,46.54,2024-10,Sunday
101114,2023-07-16,749,31.0,Nord,Bücher,Comic,1,17.87,10.0,Sofortüberweisung,2.99,6,5.0,False,16.083000000000002,2023-07,Sunday
100063,2023-01-03,368,33.0,Ost,Mode,Mütze,1,51.81,0.0,Lastschrift,0.0,2,5.0,True,51.81,2023-01,Tuesday
101912,2023-04-11,1451,38.0,Süd,Mode,Jacke,1,2.6,5.0,Lastschrift,2.99,4,-1.0,False,2.4699999999999998,2023-04,Tuesday
102643,2024-11-07,402,34.0,Mitte,Mode,Sneaker,2,42.41,5.0,PayPal,6.99,5,2.0,False,80.579,2024-11,Thursday
102229,2023-08-21,306,43.0,Mitte,Bücher,Kinderbuch,2,5.53,0.0,Rechnung,2.99,2,5.0,False,11.06,2023-08,Monday
102812,2023-04-18,695,25.0,Mitte,Haushalt,Lampe,1,50.3,0.0,Lastschrift,2.99,2,5.0,False,50.3,2023-04,Tuesday
103827,2023-12-01,917,22.0,Nord,Haushalt,Staubsauger,1,77.09,0.0,PayPal,2.99,4,2.0,False,77.09,2023-12,Friday
103139,2023-01-13,1321,63.0,Mitte,Sport,Laufschuhe,1,12.24,0.0,PayPal,0.0,5,5.0,False,12.24,2023-01,Friday
103615,2023-06-10,1413,26.0,Ost,Mode,Sneaker,2,8.39,0.0,Sofortüberweisung,4.99,2,4.0,False,16.78,2023-06,Saturday
104141,2024-11-22,1438,53.0,Nord,Mode,T-Shirt,2,15.68,0.0,Rechnung,2.99,4,5.0,False,31.36,2024-11,Friday
102302,2024-08-29,758,49.0,Ost,Mode,Mütze,1,36.0,0.0,Lastschrift,4.99,2,5.0,False,36.0,2024-08,Thursday
102813,2024-07-23,291,33.0,Süd,Mode,Mütze,2,23.09,0.0,Rechnung,4.99,4,2.0,False,46.18,2024-07,Tuesday
101723,2024-04-18,193,30.0,Nord,Mode,Jeans,2,8.4,0.0,PayPal,0.0,3,5.0,False,16.8,2024-04,Thursday
104699,2023-02-22,361,19.0,Süd,Mode,T-Shirt,1,72.43,0.0,Rechnung,0.0,2,5.0,False,72.43,2023-02,Wednesday
101237,2024-07-21,1468,38.0,Süd,Mode,T-Shirt,1,34.91,10.0,Sofortüberweisung,0.0,3,4.0,False,31.418999999999997,2024-07,Sunday
100103,2023-04-03,1756,53.0,West,Elektronik,Smartphone-Hülle,1,10.79,20.0,Sofortüberweisung,4.99,5,5.0,False,8.632,2023-04,Monday
102855,2023-10-31,1609,35.0,Süd,Haushalt,Pfannenset,2,64.54,10.0,PayPal,0.0,4,3.0,False,116.17200000000001,2023-10,Tuesday
100272,2023-01-19,1289,34.0,Mitte,Elektronik,USB-Kabel,1,9.62,0.0,Kreditkarte,4.99,2,5.0,False,9.62,2023-01,Thursday
100508,2024-12-13,1574,54.0,Süd,Mode,T-Shirt,2,66.22,0.0,PayPal,0.0,2,5.0,False,132.44,2024-12,Friday
102269,2024-07-02,26,43.0,Nord,Elektronik,Bluetooth-Lautsprecher,1,61.27,15.0,Lastschrift,2.99,3,5.0,False,52.0795,2024-07,Tuesday
104983,2024-12-06,368,34.0,Nord,Mode,T-Shirt,1,26.36,0.0,Kreditkarte,6.99,4,5.0,False,26.36,2024-12,Friday
102168,2024-04-26,1077,31.0,Nord,Mode,Jeans,1,27.2,5.0,Sofortüberweisung,0.0,5,5.0,False,25.84,2024-04,Friday
100865,2023-12-19,522,51.0,Ost,Elektronik,Smartphone-Hülle,1,80.46,5.0,Lastschrift,0.0,6,4.0,False,76.43699999999998,2023-12,Tuesday
102478,2023-03-09,1431,43.0,Ost,Bücher,Kochbuch,1,8.59,15.0,PayPal,2.99,4,3.0,False,7.3015,2023-03,Thursday
100908,2024-09-26,452,38.0,Ost,Elektronik,USB-Kabel,1,45.36,10.0,Lastschrift,0.0,4,5.0,False,40.824,2024-09,Thursday
102480,2024-03-25,154,38.0,Nord,Sport,Fitnessband,2,17.69,10.0,Sofortüberweisung,6.99,9,5.0,False,31.842000000000002,2024-03,Monday
102916,2024-04-22,1270,43.0,Mitte,Sport,Laufschuhe,1,13.61,0.0,Lastschrift,0.0,3,5.0,True,13.61,2024-04,Monday
103973,2024-06-27,12,44.0,Nord,Bücher,Comic,1,140.32444945170414,0.0,Sofortüberweisung,2.99,3,4.0,False,140.32444945170414,2024-06,Thursday
101627,2023-03-13,514,40.0,Nord,Mode,Jeans,1,59.44,5.0,PayPal,4.99,4,5.0,False,56.467999999999996,2023-03,Monday
102932,2024-05-26,207,55.0,West,Elektronik,Bluetooth-Lautsprecher,2,18.91,0.0,Sofortüberweisung,2.99,4,5.0,False,37.82,2024-05,Sunday
101522,2024-04-19,663,40.0,West,Mode,Mütze,1,34.23,10.0,PayPal,0.0,1,5.0,False,30.807,2024-04,Friday
100835,2024-05-10,303,29.0,Ost,Haushalt,Lampe,1,35.3,0.0,PayPal,4.99,4,4.0,False,35.3,2024-05,Friday
100358,2024-05-12,195,42.0,West,Elektronik,USB-Kabel,1,44.55,0.0,Sofortüberweisung,0.0,6,5.0,False,44.55,2024-05,Sunday
100138,2024-08-06,763,40.0,Süd,Bücher,Kochbuch,1,13.81,0.0,Rechnung,2.99,6,4.0,False,13.81,2024-08,Tuesday
100299,2023-09-02,494,21.0,Süd,Haushalt,Kaffeemaschine,1,74.73,0.0,Lastschrift,2.99,2,3.0,False,74.73,2023-09,Saturday
101556,2023-12-06,645,18.0,West,Sport,Yogamatte,1,29.39,0.0,Sofortüberweisung,4.99,7,4.0,False,29.39,2023-12,Wednesday
101003,2024-09-26,1791,28.0,West,Mode,Sneaker,2,9.02,15.0,Rechnung,2.99,5,4.0,False,15.334,2024-09,Thursday
100382,2023-05-05,254,53.0,Mitte,Elektronik,Bluetooth-Lautsprecher,1,20.41,15.0,Lastschrift,0.0,2,2.0,False,17.3485,2023-05,Friday
100941,2023-07-30,283,39.0,Mitte,Haushalt,Staubsauger,1,63.91,5.0,PayPal,0.0,4,4.0,False,60.714499999999994,2023-07,Sunday
104668,2024-10-19,672,21.0,Nord,Haushalt,Kaffeemaschine,1,29.66,0.0,PayPal,2.99,3,3.0,False,29.66,2024-10,Saturday
103821,2023-08-28,1405,38.0,West,Sport,Fitnessband,2,75.68,0.0,PayPal,0.0,3,4.0,False,151.36,2023-08,Monday
100761,2023-11-03,1374,49.0,Nord,Haushalt,Kaffeemaschine,1,63.16,0.0,PayPal,4.99,4,5.0,False,63.16,2023-11,Friday
102750,2024-12-05,286,33.0,Nord,Mode,Jeans,3,16.29,10.0,Sofortüberweisung,0.0,7,5.0,False,43.983,2024-12,Thursday
101943,2023-05-17,520,29.0,West,Mode,Mütze,1,10.83,0.0,Lastschrift,2.99,5,4.0,False,10.83,2023-05,Wednesday
103958,2023-07-13,800,34.0,Mitte,Haushalt,Lampe,2,58.81,0.0,Kreditkarte,4.99,3,5.0,False,117.62,2023-07,Thursday
102127,2023-09-08,465,18.0,Ost,Haushalt,Lampe,1,30.64,0.0,Rechnung,2.99,3,4.0,False,30.64,2023-09,Friday
102240,2023-10-03,580,54.0,Süd,Mode,Sneaker,5,12.78,0.0,Kreditkarte,4.99,3,4.0,False,63.9,2023-10,Tuesday
100898,2024-05-07,944,33.0,Nord,Sport,Fitnessband,2,123.71,0.0,Sofortüberweisung,2.99,4,5.0,False,247.42,2024-05,Tuesday
104078,2024-12-19,148,41.0,Ost,Elektronik,Smartphone-Hülle,5,27.05,5.0,Lastschrift,6.99,4,5.0,False,128.48749999999998,2024-12,Thursday
104522,2024-01-09,452,40.0,West,Haushalt,Staubsauger,3,111.74,5.0,Rechnung,2.99,3,5.0,False,318.45899999999995,2024-01,Tuesday
101402,2023-05-14,1331,35.0,Nord,Haushalt,Kaffeemaschine,1,28.8,0.0,Lastschrift,4.99,1,4.0,False,28.8,2023-05,Sunday
102092,2023-08-25,347,48.0,Süd,Elektronik,Powerbank,1,155.07,10.0,Kreditkarte,2.99,4,3.0,False,139.563,2023-08,Friday
103858,2024-05-27,1394,21.0,Nord,Mode,Sneaker,1,46.94,0.0,Kreditkarte,2.99,3,4.0,False,46.94,2024-05,Monday
104430,2024-05-31,1207,52.0,Mitte,Mode,Jeans,1,25.65,0.0,Rechnung,2.99,4,5.0,False,25.65,2024-05,Friday
103015,2024-02-17,567,45.0,Ost,Haushalt,Staubsauger,2,30.28,0.0,Lastschrift,2.99,4,5.0,False,60.56,2024-02,Saturday
101512,2023-11-12,318,28.0,West,Elektronik,Kopfhörer,1,165.71,0.0,Rechnung,2.99,4,4.0,True,165.71,2023-11,Sunday
101188,2024-11-05,281,50.0,Süd,Bücher,Kochbuch,1,4.53,0.0,Lastschrift,0.0,2,5.0,False,4.53,2024-11,Tuesday
103050,2024-04-14,1524,41.0,Ost,Elektronik,Powerbank,1,8.04,20.0,Rechnung,0.0,2,4.0,False,6.4319999999999995,2024-04,Sunday
102088,2024-10-01,330,70.0,Süd,Mode,Mütze,1,5.14,0.0,Kreditkarte,0.0,1,5.0,False,5.14,2024-10,Tuesday
104584,2023-11-03,1096,46.0,West,Elektronik,Kopfhörer,1,28.2,0.0,Sofortüberweisung,2.99,5,5.0,False,28.2,2023-11,Friday
103505,2023-03-31,1017,32.0,West,Haushalt,Bettwäsche,1,114.09,15.0,Sofortüberweisung,0.0,5,5.0,False,96.9765,2023-03,Friday
100108,2023-05-04,923,36.0,Ost,Haushalt,Lampe,1,41.22,0.0,Sofortüberweisung,2.99,1,4.0,False,41.22,2023-05,Thursday
102788,2024-09-08,633,48.0,Nord,Elektronik,Powerbank,1,86.41,0.0,Lastschrift,0.0,8,5.0,False,86.41,2024-09,Sunday
103134,2024-07-19,1128,38.0,Nord,Haushalt,Staubsauger,1,18.03,15.0,Rechnung,4.99,6,5.0,False,15.3255,2024-07,Friday
101926,2024-08-20,1799,28.0,Nord,Mode,Jeans,1,37.3,0.0,Rechnung,6.99,5,5.0,False,37.3,2024-08,Tuesday
100058,2023-06-08,543,39.0,West,Haushalt,Staubsauger,1,70.48,0.0,Sofortüberweisung,4.99,1,3.0,False,70.48,2023-06,Thursday
100076,2023-09-08,1449,33.0,Nord,Haushalt,Bettwäsche,1,37.5,5.0,Kreditkarte,2.99,4,5.0,False,35.625,2023-09,Friday
100796,2024-01-06,243,33.0,Ost,Sport,Fitnessband,2,40.34,15.0,Rechnung,4.99,5,5.0,False,68.578,2024-01,Saturday
100368,2023-05-30,963,53.0,Mitte,Mode,T-Shirt,1,12.41,0.0,Rechnung,4.99,3,4.0,False,12.41,2023-05,Tuesday
104955,2024-03-17,370,41.0,Ost,Sport,Laufschuhe,1,51.72,0.0,Rechnung,4.99,4,5.0,False,51.72,2024-03,Sunday
100785,2024-03-08,1162,49.0,Ost,Sport,Fitnessband,1,18.01,5.0,Lastschrift,2.99,6,5.0,False,17.1095,2024-03,Friday
103842,2024-03-17,225,27.0,Nord,Haushalt,Pfannenset,1,108.95,0.0,Kreditkarte,2.99,4,4.0,True,108.95,2024-03,Sunday
103528,2024-12-14,663,27.0,Mitte,Sport,Fitnessband,1,37.07,0.0,Kreditkarte,0.0,1,4.0,False,37.07,2024-12,Saturday
102029,2024-07-04,1763,45.0,Mitte,Mode,Sneaker,2,15.28,0.0,PayPal,2.99,8,4.0,False,30.56,2024-07,Thursday
104091,2024-04-29,1007,18.0,Süd,Mode,Jeans,1,19.66,0.0,PayPal,2.99,4,5.0,False,19.66,2024-04,Monday
103011,2024-08-06,232,24.0,Nord,Mode,Mütze,2,46.31,10.0,Rechnung,6.99,6,5.0,False,83.358,2024-08,Tuesday
103603,2023-02-23,4,31.0,Ost,Mode,T-Shirt,2,15.47,0.0,Lastschrift,0.0,6,4.0,True,30.94,2023-02,Thursday
101973,2023-06-15,1215,44.0,Süd,Haushalt,Staubsauger,1,71.93,0.0,Kreditkarte,2.99,8,5.0,False,71.93,2023-06,Thursday
103268,2023-12-17,1363,34.0,Ost,Mode,Sneaker,2,29.46,0.0,Rechnung,2.99,5,3.0,False,58.92,2023-12,Sunday
100121,2023-01-18,1698,41.0,Ost,Elektronik,USB-Kabel,3,83.34,10.0,Rechnung,0.0,3,4.0,False,225.018,2023-01,Wednesday
103635,2023-04-14,831,40.0,Süd,Elektronik,Powerbank,4,30.09,20.0,Sofortüberweisung,6.99,2,5.0,False,96.28800000000001,2023-04,Friday
104076,2024-02-10,350,38.0,Mitte,Haushalt,Kaffeemaschine,2,67.2,15.0,Sofortüberweisung,0.0,4,3.0,False,114.24,2024-02,Saturday
100910,2024-11-14,77,40.0,West,Mode,Jacke,1,7.33,0.0,Sofortüberweisung,6.99,5,5.0,False,7.33,2024-11,Thursday
100124,2023-06-24,456,38.0,Ost,Elektronik,Bluetooth-Lautsprecher,1,41.32,10.0,Lastschrift,4.99,5,4.0,False,37.188,2023-06,Saturday
102646,2023-07-29,267,41.0,Ost,Mode,Mütze,1,11.39,0.0,Rechnung,2.99,3,4.0,False,11.39,2023-07,Saturday
101586,2023-09-10,479,39.0,Mitte,Mode,T-Shirt,3,35.99,0.0,PayPal,2.99,1,-1.0,False,107.97,2023-09,Sunday
101257,2024-08-20,186,43.0,Mitte,Elektronik,Powerbank,2,53.21,0.0,PayPal,6.99,3,5.0,False,106.42,2024-08,Tuesday
103509,2024-10-17,1446,37.0,Ost,Mode,Sneaker,1,20.24,0.0,Sofortüberweisung,0.0,4,5.0,False,20.24,2024-10,Thursday
103550,2024-12-04,127,45.0,Mitte,Elektronik,USB-Kabel,2,6.92,0.0,Sofortüberweisung,4.99,9,4.0,False,13.84,2024-12,Wednesday
103676,2023-08-31,800,37.0,Ost,Bücher,Kochbuch,1,3.87,5.0,Sofortüberweisung,4.99,5,4.0,False,3.6765,2023-08,Thursday
101178,2024-04-08,1678,29.0,Mitte,Sport,Hantel,2,25.86,5.0,PayPal,2.99,7,5.0,False,49.13399999999999,2024-04,Monday
102924,2024-09-09,1421,34.0,Mitte,Elektronik,Powerbank,3,36.28,10.0,Rechnung,2.99,6,5.0,False,97.956,2024-09,Monday
103539,2023-02-15,853,28.0,Nord,Sport,Laufschuhe,1,86.58,0.0,Sofortüberweisung,4.99,2,4.0,False,86.58,2023-02,Wednesday
102379,2023-10-24,794,53.0,West,Sport,Yogamatte,1,25.41,0.0,Lastschrift,0.0,1,3.0,False,25.41,2023-10,Tuesday
102144,2023-01-25,121,33.0,West,Sport,Trinkflasche,1,42.85,0.0,Sofortüberweisung,0.0,4,5.0,False,42.85,2023-01,Wednesday
100442,2024-09-05,662,47.0,Mitte,Sport,Yogamatte,3,71.09,0.0,Rechnung,6.99,7,4.0,False,213.27,2024-09,Thursday
102333,2023-11-19,1242,47.0,Süd,Bücher,Kinderbuch,1,12.9,10.0,Kreditkarte,6.99,2,-1.0,False,11.610000000000001,2023-11,Sunday
103783,2023-06-08,223,34.0,Mitte,Elektronik,Smartphone-Hülle,1,30.65,0.0,Lastschrift,0.0,4,5.0,True,30.65,2023-06,Thursday
100925,2023-03-22,1003,38.0,Mitte,Haushalt,Staubsauger,2,43.53,0.0,Rechnung,4.99,5,5.0,False,87.06,2023-03,Wednesday
104308,2024-07-24,1263,45.0,Nord,Bücher,Roman,1,16.63,0.0,Lastschrift,2.99,6,4.0,False,16.63,2024-07,Wednesday
102186,2023-02-18,398,37.0,Nord,Bücher,Comic,1,18.66,0.0,PayPal,0.0,7,-1.0,False,18.66,2023-02,Saturday
104819,2024-08-29,1551,26.0,Mitte,Elektronik,Kopfhörer,1,36.99,0.0,Kreditkarte,4.99,4,4.0,False,36.99,2024-08,Thursday
101411,2023-12-18,1043,38.0,Nord,Bücher,Kochbuch,1,15.68,0.0,Kreditkarte,2.99,1,4.0,False,15.68,2023-12,Monday
103536,2024-03-08,119,18.0,Mitte,Bücher,Sachbuch,1,28.73,0.0,Kreditkarte,4.99,1,4.0,False,28.73,2024-03,Friday
101813,2024-10-10,1798,18.0,Nord,Sport,Fitnessband,2,43.33,0.0,Sofortüberweisung,0.0,3,2.0,True,86.66,2024-10,Thursday
101509,2024-04-25,595,41.0,Nord,Bücher,Kochbuch,1,4.1,0.0,Sofortüberweisung,4.99,8,2.0,False,4.1,2024-04,Thursday
101227,2023-04-06,1181,35.0,West,Mode,Sneaker,1,12.92,0.0,PayPal,0.0,8,-1.0,False,12.92,2023-04,Thursday
103673,2024-08-12,75,34.0,Ost,Elektronik,Kopfhörer,1,35.7,10.0,PayPal,0.0,3,5.0,False,32.13,2024-08,Monday
102399,2023-09-13,1484,39.0,Nord,Elektronik,Kopfhörer,2,24.72,0.0,Rechnung,0.0,5,5.0,False,49.44,2023-09,Wednesday
104865,2024-10-01,1483,42.0,West,Mode,Sneaker,2,54.4,5.0,Lastschrift,4.99,4,5.0,False,103.36,2024-10,Tuesday
103362,2024-08-11,1119,34.0,West,Haushalt,Kaffeemaschine,1,99.2,0.0,Sofortüberweisung,4.99,5,5.0,False,99.2,2024-08,Sunday
103346,2023-12-09,237,46.0,Ost,Mode,Jeans,2,11.06,0.0,Kreditkarte,2.99,4,-1.0,False,22.12,2023-12,Saturday
100324,2023-02-08,1159,40.0,Nord,Mode,Jacke,2,3.63,0.0,Rechnung,2.99,3,1.0,False,7.26,2023-02,Wednesday
103142,2024-02-29,545,25.0,Süd,Haushalt,Pfannenset,2,70.3,0.0,PayPal,6.99,4,5.0,False,140.6,2024-02,Thursday
104896,2023-06-28,33,48.0,Ost,Elektronik,Smartphone-Hülle,1,49.93,0.0,Kreditkarte,0.0,1,5.0,True,49.93,2023-06,Wednesday
101972,2023-05-23,855,53.0,Süd,Mode,Mütze,1,55.89,0.0,Lastschrift,0.0,1,5.0,False,55.89,2023-05,Tuesday
103364,2023-11-05,185,18.0,Ost,Mode,Jeans,1,38.11,0.0,Rechnung,0.0,3,5.0,False,38.11,2023-11,Sunday
103097,2023-09-10,1456,41.0,Süd,Mode,Jeans,1,20.95,0.0,PayPal,6.99,3,1.0,False,20.95,2023-09,Sunday
101498,2023-06-30,1672,26.0,Nord,Mode,Sneaker,1,13.75,15.0,PayPal,2.99,2,5.0,False,11.6875,2023-06,Friday
101502,2024-05-22,1303,22.0,West,Elektronik,Kopfhörer,2,48.87,10.0,Rechnung,0.0,3,5.0,False,87.966,2024-05,Wednesday
101006,2023-02-15,213,28.0,West,Sport,Laufschuhe,1,59.0,0.0,Sofortüberweisung,2.99,5,4.0,False,59.0,2023-02,Wednesday
103761,2023-08-11,1341,33.0,Süd,Elektronik,Smartphone-Hülle,4,45.68,10.0,Lastschrift,6.99,6,5.0,False,164.448,2023-08,Friday
102770,2024-09-23,1382,37.0,Mitte,Mode,Mütze,4,41.97,0.0,Lastschrift,0.0,1,5.0,False,167.88,2024-09,Monday
103586,2024-04-27,1495,39.0,Ost,Bücher,Comic,1,11.88,0.0,Sofortüberweisung,4.99,1,2.0,False,11.88,2024-04,Saturday
101467,2023-12-04,1034,39.0,Ost,Haushalt,Pfannenset,2,82.3,0.0,Rechnung,4.99,4,-1.0,False,164.6,2023-12,Monday
101225,2024-06-27,1562,33.0,Mitte,Mode,Jeans,1,16.9,5.0,Rechnung,0.0,5,5.0,False,16.054999999999996,2024-06,Thursday
103199,2024-12-10,18,47.0,Süd,Sport,Laufschuhe,4,14.61,0.0,PayPal,6.99,5,3.0,False,58.44,2024-12,Tuesday
102689,2023-02-28,115,18.0,Nord,Mode,Jeans,4,13.19,0.0,Lastschrift,2.99,1,4.0,False,52.76,2023-02,Tuesday
102226,2024-12-03,838,45.0,Süd,Elektronik,Powerbank,1,14.64,0.0,Sofortüberweisung,0.0,4,5.0,False,14.64,2024-12,Tuesday
101216,2023-09-19,1075,40.0,West,Sport,Yogamatte,2,41.95,0.0,Rechnung,4.99,5,5.0,False,83.9,2023-09,Tuesday
104054,2024-02-25,388,52.0,Ost,Sport,Fitnessband,1,34.68,10.0,Rechnung,0.0,1,4.0,False,31.212,2024-02,Sunday
103568,2023-04-22,1724,20.0,Ost,Mode,Jeans,2,15.39,0.0,Rechnung,0.0,1,5.0,False,30.78,2023-04,Saturday
100420,2023-02-17,1068,49.0,Mitte,Sport,Laufschuhe,3,48.54,5.0,Kreditkarte,0.0,4,5.0,False,138.339,2023-02,Friday
104257,2024-10-04,360,47.0,Ost,Elektronik,Powerbank,2,42.54,0.0,Lastschrift,2.99,5,5.0,False,85.08,2024-10,Friday
100006,2024-08-18,892,32.0,Ost,Mode,Sneaker,2,17.25,0.0,Kreditkarte,4.99,4,-1.0,False,34.5,2024-08,Sunday
100932,2024-05-24,1572,38.0,West,Haushalt,Staubsauger,1,24.08,0.0,Rechnung,0.0,4,4.0,False,24.08,2024-05,Friday
101691,2023-04-20,798,28.0,West,Mode,Jacke,1,7.61,0.0,PayPal,0.0,3,-1.0,False,7.61,2023-04,Thursday
100439,2023-12-07,1634,50.0,Mitte,Mode,Sneaker,1,45.67,20.0,Rechnung,6.99,1,3.0,False,36.536,2023-12,Thursday
101313,2023-04-09,269,26.0,Nord,Haushalt,Bettwäsche,1,86.53,20.0,Lastschrift,6.99,2,3.0,False,69.224,2023-04,Sunday
100678,2023-12-11,645,38.0,Ost,Haushalt,Bettwäsche,1,75.53,0.0,PayPal,0.0,6,5.0,False,75.53,2023-12,Monday
102015,2023-09-07,286,34.0,Mitte,Mode,Sneaker,1,27.98,0.0,Sofortüberweisung,2.99,6,3.0,False,27.98,2023-09,Thursday
104656,2024-03-01,806,46.0,Mitte,Haushalt,Staubsauger,1,61.8,15.0,Kreditkarte,2.99,4,2.0,False,52.529999999999994,2024-03,Friday
101888,2023-07-01,1593,45.0,West,Sport,Laufschuhe,1,28.67,0.0,Sofortüberweisung,2.99,1,-1.0,False,28.67,2023-07,Saturday
102311,2023-05-24,383,34.0,West,Bücher,Kinderbuch,2,31.11,0.0,Rechnung,2.99,1,4.0,False,62.22,2023-05,Wednesday
104680,2023-02-22,939,21.0,Süd,Sport,Trinkflasche,1,10.93,0.0,Sofortüberweisung,0.0,1,4.0,False,10.93,2023-02,Wednesday
103320,2024-07-30,804,38.0,Ost,Sport,Fitnessband,2,65.07,0.0,PayPal,6.99,3,5.0,False,130.14,2024-07,Tuesday
104768,2023-03-08,1469,40.0,West,Sport,Hantel,2,44.36,15.0,Sofortüberweisung,4.99,5,-1.0,False,75.41199999999999,2023-03,Wednesday
102484,2023-06-10,1442,48.0,West,Elektronik,Smartphone-Hülle,1,60.86,0.0,Kreditkarte,6.99,3,5.0,False,60.86,2023-06,Saturday
101086,2024-09-08,340,18.0,Nord,Bücher,Comic,1,14.22,10.0,Lastschrift,0.0,4,2.0,False,12.798,2024-09,Sunday
103012,2023-02-14,894,45.0,Nord,Sport,Hantel,1,8.7,0.0,Sofortüberweisung,0.0,3,4.0,False,8.7,2023-02,Tuesday
104288,2023-09-12,1053,48.0,Süd,Elektronik,Kopfhörer,1,503.4797366986039,0.0,Lastschrift,0.0,1,5.0,False,503.4797366986039,2023-09,Tuesday
102833,2024-05-21,1744,27.0,West,Haushalt,Staubsauger,1,106.25,0.0,Lastschrift,0.0,5,5.0,False,106.25,2024-05,Tuesday
102692,2023-03-11,78,30.0,West,Elektronik,Powerbank,2,32.01,20.0,Rechnung,4.99,1,5.0,True,51.216,2023-03,Saturday
100194,2024-06-07,121,54.0,Mitte,Elektronik,Powerbank,1,37.91,15.0,Kreditkarte,4.99,5,5.0,False,32.223499999999994,2024-06,Friday
103437,2024-04-07,540,44.0,Nord,Bücher,Comic,1,5.42,0.0,PayPal,0.0,1,5.0,False,5.42,2024-04,Sunday
102182,2024-08-06,1368,25.0,Süd,Elektronik,USB-Kabel,1,47.74,0.0,Kreditkarte,6.99,2,5.0,False,47.74,2024-08,Tuesday
101211,2024-06-02,310,40.0,Mitte,Elektronik,Smartphone-Hülle,1,83.24,5.0,Kreditkarte,4.99,4,5.0,False,79.07799999999999,2024-06,Sunday
104104,2024-11-02,984,30.0,Mitte,Elektronik,Kopfhörer,5,73.53,0.0,Lastschrift,4.99,1,2.0,False,367.65,2024-11,Saturday
101657,2024-11-01,1402,61.0,Süd,Haushalt,Bettwäsche,4,35.58,0.0,Lastschrift,2.99,4,4.0,False,142.32,2024-11,Friday
102753,2024-05-29,549,43.0,West,Bücher,Sachbuch,1,20.88,0.0,Rechnung,4.99,4,4.0,False,20.88,2024-05,Wednesday
103158,2023-04-03,1435,30.0,West,Sport,Fitnessband,1,58.39,0.0,Lastschrift,2.99,5,1.0,False,58.39,2023-04,Monday
102758,2023-07-04,1125,38.0,Mitte,Elektronik,Smartphone-Hülle,3,46.19,0.0,Sofortüberweisung,2.99,6,1.0,False,138.57,2023-07,Tuesday
104105,2024-05-18,1652,28.0,Ost,Haushalt,Kaffeemaschine,1,36.5,0.0,Rechnung,4.99,4,5.0,False,36.5,2024-05,Saturday
102213,2023-01-21,513,22.0,Süd,Bücher,Comic,1,6.57,15.0,Lastschrift,2.99,1,5.0,False,5.5845,2023-01,Saturday
104451,2024-03-25,930,43.0,Nord,Elektronik,Powerbank,1,14.44,0.0,Rechnung,6.99,2,4.0,False,14.44,2024-03,Monday
101130,2024-11-08,1376,37.0,Mitte,Elektronik,Smartphone-Hülle,1,15.04,0.0,Rechnung,2.99,1,3.0,False,15.04,2024-11,Friday
101461,2023-12-29,1114,23.0,Mitte,Haushalt,Pfannenset,1,60.71,0.0,PayPal,6.99,4,4.0,False,60.71,2023-12,Friday
100276,2023-12-06,1445,18.0,Nord,Sport,Trinkflasche,3,8.39,0.0,Rechnung,0.0,7,4.0,False,25.17,2023-12,Wednesday
104574,2023-05-10,74,38.0,Mitte,Mode,Jeans,2,6.52,15.0,Sofortüberweisung,4.99,4,5.0,False,11.084,2023-05,Wednesday
103650,2023-03-26,1015,35.0,Ost,Haushalt,Kaffeemaschine,1,55.9,0.0,Kreditkarte,0.0,5,5.0,False,55.9,2023-03,Sunday
103372,2023-05-13,1619,18.0,West,Sport,Hantel,1,77.16,5.0,Lastschrift,0.0,3,5.0,False,73.30199999999999,2023-05,Saturday
103187,2024-05-25,1273,45.0,West,Bücher,Sachbuch,1,9.56,0.0,Kreditkarte,2.99,3,2.0,False,9.56,2024-05,Saturday
101302,2024-05-14,996,39.0,West,Elektronik,USB-Kabel,2,74.65,0.0,Rechnung,6.99,3,4.0,False,149.3,2024-05,Tuesday
102846,2024-08-30,579,47.0,West,Elektronik,USB-Kabel,1,34.9,0.0,Sofortüberweisung,2.99,1,4.0,False,34.9,2024-08,Friday
100222,2023-10-15,844,40.0,West,Elektronik,Smartphone-Hülle,1,4.6,0.0,PayPal,2.99,1,5.0,False,4.6,2023-10,Sunday
104687,2024-12-27,868,45.0,West,Haushalt,Pfannenset,1,45.14,5.0,PayPal,6.99,5,3.0,False,42.882999999999996,2024-12,Friday
103656,2024-03-29,1087,45.0,Ost,Elektronik,Kopfhörer,1,26.9,15.0,Sofortüberweisung,2.99,4,4.0,False,22.865,2024-03,Friday
100573,2023-11-18,264,37.0,Ost,Haushalt,Staubsauger,1,86.58,0.0,Sofortüberweisung,4.99,5,5.0,False,86.58,2023-11,Saturday
101236,2024-01-06,1207,31.0,Süd,Mode,Mütze,1,33.97,0.0,PayPal,0.0,4,5.0,False,33.97,2024-01,Saturday
103614,2024-02-18,1482,63.0,Süd,Haushalt,Bettwäsche,4,28.55,5.0,PayPal,2.99,4,4.0,False,108.49,2024-02,Sunday
102174,2023-08-10,265,59.0,West,Haushalt,Kaffeemaschine,2,68.1,0.0,Lastschrift,0.0,1,5.0,False,136.2,2023-08,Thursday
102323,2024-12-28,1246,26.0,Mitte,Mode,Sneaker,2,40.28,0.0,Sofortüberweisung,4.99,4,4.0,False,80.56,2024-12,Saturday
101334,2024-07-03,1733,18.0,Süd,Sport,Laufschuhe,1,53.18,0.0,Sofortüberweisung,2.99,2,5.0,False,53.18,2024-07,Wednesday
104541,2024-04-27,982,41.0,Ost,Elektronik,Powerbank,1,145.67,0.0,Lastschrift,0.0,3,3.0,False,145.67,2024-04,Saturday
104952,2023-08-13,693,52.0,Mitte,Mode,Jacke,3,31.14,0.0,Sofortüberweisung,2.99,2,2.0,False,93.42,2023-08,Sunday
100418,2024-07-01,1197,44.0,Ost,Sport,Yogamatte,2,39.64,0.0,Kreditkarte,4.99,1,3.0,False,79.28,2024-07,Monday
100267,2024-04-16,498,50.0,West,Elektronik,Powerbank,1,71.59,0.0,Kreditkarte,2.99,5,4.0,False,71.59,2024-04,Tuesday
101104,2024-08-07,1720,40.0,Mitte,Mode,Mütze,1,13.23,0.0,Rechnung,4.99,3,3.0,False,13.23,2024-08,Wednesday
100257,2024-03-22,1161,49.0,Mitte,Haushalt,Kaffeemaschine,2,52.87,0.0,Lastschrift,0.0,6,4.0,False,105.74,2024-03,Friday
100295,2024-05-25,1193,47.0,West,Mode,Sneaker,1,41.76,0.0,Rechnung,4.99,6,5.0,False,41.76,2024-05,Saturday
102405,2023-12-09,1654,23.0,Ost,Mode,Jeans,1,19.01,0.0,Sofortüberweisung,2.99,2,5.0,False,19.01,2023-12,Saturday
100386,2024-03-16,1317,43.0,Süd,Sport,Hantel,2,21.92,0.0,Sofortüberweisung,0.0,1,5.0,False,43.84,2024-03,Saturday
104418,2024-10-11,538,31.0,Süd,Elektronik,USB-Kabel,1,40.57,0.0,Sofortüberweisung,6.99,4,5.0,False,40.57,2024-10,Friday
103153,2024-06-24,1664,24.0,Mitte,Elektronik,Kopfhörer,1,60.75,0.0,Sofortüberweisung,2.99,1,5.0,True,60.75,2024-06,Monday
102274,2024-09-14,496,32.0,Nord,Sport,Laufschuhe,1,32.95,5.0,Lastschrift,0.0,6,-1.0,False,31.302500000000002,2024-09,Saturday
102290,2023-05-15,823,37.0,Nord,Elektronik,Powerbank,1,846.8065270226466,10.0,Kreditkarte,6.99,6,5.0,False,762.125874320382,2023-05,Monday
104379,2024-05-05,623,27.0,Ost,Elektronik,USB-Kabel,4,19.65,20.0,PayPal,6.99,3,4.0,False,62.879999999999995,2024-05,Sunday
103585,2024-09-12,1748,54.0,West,Haushalt,Lampe,1,123.47,10.0,Sofortüberweisung,4.99,1,1.0,False,111.123,2024-09,Thursday
104250,2023-11-09,811,31.0,Nord,Elektronik,Powerbank,2,55.37,10.0,Sofortüberweisung,4.99,1,5.0,False,99.666,2023-11,Thursday
104428,2024-03-03,1207,48.0,Ost,Bücher,Comic,1,8.28,10.0,Lastschrift,0.0,4,4.0,False,7.452,2024-03,Sunday
101563,2023-10-31,102,32.0,Süd,Elektronik,USB-Kabel,1,30.04,0.0,Lastschrift,0.0,1,5.0,False,30.04,2023-10,Tuesday
101962,2024-06-29,1264,53.0,Mitte,Bücher,Kochbuch,2,3.68,0.0,PayPal,6.99,3,5.0,True,7.36,2024-06,Saturday
101400,2024-07-11,854,18.0,West,Mode,Mütze,4,29.93,20.0,Sofortüberweisung,2.99,3,3.0,False,95.77600000000001,2024-07,Thursday
100712,2024-07-31,1091,37.0,Mitte,Bücher,Kinderbuch,2,6.97,10.0,Kreditkarte,0.0,4,4.0,False,12.546,2024-07,Wednesday
104371,2024-02-09,427,44.0,Nord,Mode,T-Shirt,2,28.75,5.0,Kreditkarte,2.99,5,5.0,False,54.625,2024-02,Friday
102905,2023-03-28,1405,30.0,West,Elektronik,Bluetooth-Lautsprecher,4,27.6,15.0,Lastschrift,0.0,2,5.0,True,93.84,2023-03,Tuesday
100209,2023-08-16,1467,39.0,Ost,Mode,Jacke,1,59.55,0.0,PayPal,2.99,3,4.0,False,59.55,2023-08,Wednesday
104020,2023-10-02,879,33.0,Mitte,Mode,Mütze,1,32.28,15.0,Rechnung,2.99,1,4.0,False,27.438,2023-10,Monday
101289,2024-11-13,846,55.0,Nord,Elektronik,Bluetooth-Lautsprecher,2,45.17,0.0,Kreditkarte,4.99,4,4.0,False,90.34,2024-11,Wednesday
104878,2023-04-21,1064,39.0,West,Haushalt,Kaffeemaschine,2,15.16,0.0,Rechnung,0.0,6,1.0,False,30.32,2023-04,Friday
101842,2024-01-08,734,41.0,Süd,Sport,Fitnessband,2,53.39,5.0,Lastschrift,0.0,7,3.0,True,101.441,2024-01,Monday
100449,2023-09-01,1154,38.0,Süd,Elektronik,Bluetooth-Lautsprecher,1,27.7,0.0,Lastschrift,0.0,1,4.0,False,27.7,2023-09,Friday
104524,2023-12-05,1696,31.0,Mitte,Elektronik,Smartphone-Hülle,1,20.17,0.0,Sofortüberweisung,0.0,3,4.0,False,20.17,2023-12,Tuesday
103554,2023-03-29,1169,34.0,Ost,Haushalt,Staubsauger,2,28.27,0.0,PayPal,6.99,2,4.0,False,56.54,2023-03,Wednesday
101820,2023-06-27,1593,42.0,West,Haushalt,Lampe,2,106.84,0.0,Rechnung,4.99,3,4.0,False,213.68,2023-06,Tuesday
100958,2023-06-27,46,30.0,Nord,Mode,Sneaker,1,18.26,0.0,Kreditkarte,2.99,1,5.0,False,18.26,2023-06,Tuesday
101793,2024-10-22,1169,44.0,West,Mode,Jacke,2,55.7,15.0,Kreditkarte,0.0,6,4.0,False,94.69,2024-10,Tuesday
102809,2023-02-15,1157,67.0,Ost,Haushalt,Pfannenset,1,47.21,0.0,Lastschrift,0.0,3,5.0,False,47.21,2023-02,Wednesday
100654,2023-10-27,1571,55.0,West,Sport,Fitnessband,1,59.37,0.0,Sofortüberweisung,2.99,4,5.0,False,59.37,2023-10,Friday
102451,2023-12-21,583,41.0,Süd,Haushalt,Kaffeemaschine,1,32.41,0.0,PayPal,0.0,3,4.0,False,32.41,2023-12,Thursday
103927,2024-09-10,1296,38.0,Süd,Elektronik,Bluetooth-Lautsprecher,1,74.61,0.0,Kreditkarte,2.99,3,5.0,False,74.61,2024-09,Tuesday
100331,2023-06-17,541,40.0,West,Mode,Sneaker,1,16.96,0.0,Rechnung,0.0,1,5.0,False,16.96,2023-06,Saturday
101760,2023-06-22,664,52.0,Mitte,Haushalt,Bettwäsche,1,32.12,15.0,Lastschrift,0.0,3,5.0,False,27.301999999999996,2023-06,Thursday
104660,2024-08-31,1239,27.0,Nord,Elektronik,Smartphone-Hülle,3,24.97,10.0,PayPal,2.99,1,5.0,False,67.419,2024-08,Saturday
102796,2023-12-18,908,27.0,Ost,Sport,Hantel,1,25.68,0.0,Kreditkarte,2.99,5,5.0,False,25.68,2023-12,Monday
102154,2023-12-16,726,22.0,Mitte,Haushalt,Staubsauger,4,66.35,0.0,Kreditkarte,4.99,1,5.0,False,265.4,2023-12,Saturday
100411,2023-12-14,1076,32.0,Ost,Mode,Jacke,1,42.13,15.0,Rechnung,0.0,3,4.0,False,35.810500000000005,2023-12,Thursday
101774,2024-03-18,807,33.0,Süd,Elektronik,Bluetooth-Lautsprecher,1,36.95,0.0,Sofortüberweisung,4.99,4,3.0,False,36.95,2024-03,Monday
104814,2024-11-16,190,42.0,Ost,Elektronik,Smartphone-Hülle,2,50.14,0.0,PayPal,0.0,5,4.0,False,100.28,2024-11,Saturday
102228,2024-01-25,1232,40.0,West,Haushalt,Lampe,1,68.2,0.0,Lastschrift,6.99,8,4.0,False,68.2,2024-01,Thursday
102423,2023-05-31,469,44.0,Ost,Mode,Mütze,1,21.63,10.0,Rechnung,0.0,3,1.0,False,19.467,2023-05,Wednesday
102678,2024-01-28,1012,26.0,West,Mode,Sneaker,2,25.63,0.0,Lastschrift,2.99,2,4.0,False,51.26,2024-01,Sunday
104355,2023-12-23,424,46.0,Nord,Elektronik,Kopfhörer,1,95.12,0.0,Sofortüberweisung,4.99,3,5.0,False,95.12,2023-12,Saturday
104823,2024-12-09,377,36.0,West,Elektronik,USB-Kabel,2,74.06,5.0,Lastschrift,2.99,5,4.0,False,140.714,2024-12,Monday
104471,2023-05-25,987,37.0,Nord,Mode,Jacke,1,42.32,0.0,Rechnung,2.99,5,-1.0,False,42.32,2023-05,Thursday
103382,2023-07-05,1278,51.0,Ost,Bücher,Roman,1,9.42,15.0,Sofortüberweisung,4.99,4,4.0,False,8.007,2023-07,Wednesday
103532,2023-11-01,498,31.0,Süd,Elektronik,USB-Kabel,1,15.45,0.0,PayPal,0.0,1,4.0,False,15.45,2023-11,Wednesday
103628,2023-10-10,1634,35.0,Süd,Elektronik,Kopfhörer,1,54.07,10.0,Kreditkarte,0.0,5,5.0,False,48.663000000000004,2023-10,Tuesday
102002,2023-06-26,559,38.0,West,Bücher,Kinderbuch,2,4.99,20.0,Rechnung,0.0,4,4.0,False,7.984000000000001,2023-06,Monday
103435,2023-01-31,508,46.0,Süd,Elektronik,Powerbank,1,25.33,5.0,Lastschrift,0.0,4,1.0,False,24.063499999999998,2023-01,Tuesday
103447,2023-09-07,1528,35.0,Mitte,Elektronik,Bluetooth-Lautsprecher,2,72.22,0.0,PayPal,6.99,5,3.0,False,144.44,2023-09,Thursday
103822,2024-05-25,172,34.0,West,Haushalt,Pfannenset,1,44.69,15.0,Sofortüberweisung,4.99,3,4.0,False,37.9865,2024-05,Saturday
100430,2024-04-17,1038,38.0,Nord,Elektronik,Smartphone-Hülle,2,11.03,5.0,Rechnung,0.0,4,3.0,False,20.956999999999997,2024-04,Wednesday
104560,2024-02-24,1210,32.0,Mitte,Mode,Sneaker,1,46.64,0.0,Sofortüberweisung,4.99,3,5.0,False,46.64,2024-02,Saturday
102080,2023-07-13,1310,30.0,Nord,Haushalt,Lampe,1,52.44,0.0,Lastschrift,0.0,5,-1.0,False,52.44,2023-07,Thursday
101366,2024-06-06,582,35.0,Ost,Sport,Fitnessband,2,16.14,0.0,Sofortüberweisung,0.0,2,5.0,False,32.28,2024-06,Thursday
100173,2023-03-23,1197,47.0,Mitte,Mode,Jeans,5,19.4,0.0,Lastschrift,6.99,6,2.0,False,97.0,2023-03,Thursday
102910,2024-01-10,276,35.0,Süd,Bücher,Sachbuch,4,10.67,0.0,Lastschrift,6.99,3,5.0,False,42.68,2024-01,Wednesday
101176,2024-06-01,1374,18.0,West,Haushalt,Pfannenset,4,107.41,0.0,Kreditkarte,6.99,3,5.0,False,429.64,2024-06,Saturday
103399,2023-08-05,597,42.0,Nord,Mode,Mütze,1,10.12,10.0,Rechnung,0.0,5,4.0,False,9.107999999999999,2023-08,Saturday
101476,2024-12-16,1627,30.0,Süd,Elektronik,Bluetooth-Lautsprecher,1,63.39,0.0,Rechnung,6.99,4,5.0,False,63.39,2024-12,Monday
103939,2024-07-15,1595,28.0,Süd,Sport,Laufschuhe,1,73.93,0.0,Rechnung,4.99,3,5.0,False,73.93,2024-07,Monday
103565,2024-06-14,588,44.0,Nord,Haushalt,Kaffeemaschine,2,35.53,15.0,Sofortüberweisung,4.99,1,5.0,False,60.401,2024-06,Friday
100102,2024-10-22,1568,60.0,Ost,Mode,Sneaker,1,22.75,0.0,Lastschrift,6.99,3,3.0,False,22.75,2024-10,Tuesday
103412,2023-06-06,640,39.0,Ost,Mode,T-Shirt,1,15.19,5.0,Rechnung,0.0,2,4.0,False,14.430499999999999,2023-06,Tuesday
103264,2024-05-05,1452,36.0,West,Mode,Mütze,1,23.25,0.0,PayPal,0.0,5,4.0,True,23.25,2024-05,Sunday
101263,2024-01-27,361,42.0,Ost,Elektronik,Powerbank,2,15.16,5.0,Rechnung,6.99,4,5.0,False,28.804,2024-01,Saturday
102940,2023-05-14,314,46.0,Süd,Haushalt,Kaffeemaschine,1,33.98,15.0,Lastschrift,2.99,5,4.0,False,28.882999999999996,2023-05,Sunday
102572,2024-09-20,1512,34.0,West,Mode,Sneaker,1,48.96,0.0,Lastschrift,4.99,4,3.0,False,48.96,2024-09,Friday
104705,2023-10-10,524,37.0,Ost,Elektronik,Bluetooth-Lautsprecher,3,62.74,0.0,Lastschrift,0.0,1,4.0,False,188.22,2023-10,Tuesday
102794,2024-04-29,1504,30.0,Mitte,Mode,Sneaker,1,10.46,5.0,PayPal,4.99,5,-1.0,False,9.937000000000001,2024-04,Monday
103365,2024-01-14,1113,38.0,West,Elektronik,Powerbank,1,11.99,15.0,Lastschrift,2.99,1,5.0,False,10.1915,2024-01,Sunday
104545,2023-04-17,145,40.0,Süd,Elektronik,USB-Kabel,4,66.71,0.0,Lastschrift,0.0,3,4.0,False,266.84,2023-04,Monday
103755,2024-02-27,1450,38.0,West,Elektronik,Bluetooth-Lautsprecher,1,50.06,5.0,Kreditkarte,0.0,5,4.0,False,47.557,2024-02,Tuesday
101643,2024-01-24,1715,41.0,Süd,Elektronik,USB-Kabel,1,37.63,0.0,Kreditkarte,4.99,5,4.0,False,37.63,2024-01,Wednesday
104550,2023-01-01,1590,18.0,Nord,Haushalt,Staubsauger,1,17.14,5.0,Lastschrift,2.99,2,3.0,False,16.283,2023-01,Sunday
100000,2023-11-17,329,34.0,Mitte,Sport,Trinkflasche,4,47.71,10.0,Lastschrift,2.99,2,3.0,False,171.756,2023-11,Friday
101580,2024-02-14,1606,35.0,West,Elektronik,Powerbank,1,52.93,15.0,Lastschrift,6.99,2,5.0,False,44.9905,2024-02,Wednesday
104466,2024-02-19,1497,52.0,Ost,Haushalt,Staubsauger,3,38.37,0.0,Sofortüberweisung,4.99,2,4.0,False,115.10999999999999,2024-02,Monday
104453,2023-04-30,471,43.0,Ost,Bücher,Comic,2,8.64,0.0,Kreditkarte,2.99,1,-1.0,False,17.28,2023-04,Sunday
101356,2024-09-13,958,46.0,Ost,Sport,Laufschuhe,3,34.46,0.0,Rechnung,2.99,3,3.0,False,103.38,2024-09,Friday
103459,2023-04-25,1397,42.0,Ost,Haushalt,Bettwäsche,2,46.26,0.0,Sofortüberweisung,0.0,4,4.0,False,92.52,2023-04,Tuesday
102123,2023-02-12,398,30.0,Mitte,Mode,Jacke,3,27.11,0.0,Lastschrift,4.99,4,4.0,False,81.33,2023-02,Sunday
102277,2024-12-31,1203,20.0,Nord,Elektronik,Powerbank,1,25.96,0.0,Sofortüberweisung,6.99,5,5.0,False,25.96,2024-12,Tuesday
102078,2023-09-21,1112,41.0,Mitte,Mode,Mütze,4,35.12,0.0,Sofortüberweisung,2.99,5,5.0,False,140.48,2023-09,Thursday
104365,2023-07-29,279,49.0,West,Mode,Jeans,3,15.93,0.0,Lastschrift,4.99,1,4.0,False,47.79,2023-07,Saturday
100396,2023-12-05,1325,45.0,Nord,Bücher,Roman,1,20.34,5.0,Kreditkarte,2.99,1,5.0,False,19.323,2023-12,Tuesday
103529,2023-02-08,489,48.0,Mitte,Elektronik,Bluetooth-Lautsprecher,1,37.17,0.0,Rechnung,2.99,2,5.0,False,37.17,2023-02,Wednesday
101064,2024-10-14,1639,41.0,Mitte,Bücher,Sachbuch,1,10.75,0.0,Kreditkarte,2.99,2,3.0,False,10.75,2024-10,Monday
102404,2023-12-21,500,22.0,Süd,Haushalt,Staubsauger,4,56.74,0.0,PayPal,0.0,1,5.0,False,226.96,2023-12,Thursday
104215,2023-07-20,68,42.0,Nord,Elektronik,Bluetooth-Lautsprecher,1,45.33,15.0,Kreditkarte,4.99,3,5.0,False,38.530499999999996,2023-07,Thursday
102195,2023-05-01,397,34.0,Mitte,Mode,Jacke,1,39.15,5.0,Kreditkarte,0.0,5,2.0,False,37.192499999999995,2023-05,Monday
100818,2024-05-19,563,30.0,Süd,Elektronik,USB-Kabel,2,37.52,0.0,Lastschrift,0.0,4,5.0,False,75.04,2024-05,Sunday
101812,2024-11-26,1675,25.0,West,Haushalt,Pfannenset,2,53.91,0.0,Kreditkarte,2.99,3,5.0,False,107.82,2024-11,Tuesday
102620,2024-04-26,221,44.0,Ost,Haushalt,Lampe,3,45.52,0.0,Rechnung,4.99,4,5.0,False,136.56,2024-04,Friday
101552,2024-07-05,1403,50.0,Mitte,Haushalt,Lampe,1,40.99,20.0,PayPal,2.99,3,5.0,False,32.792,2024-07,Friday
103184,2024-05-29,589,46.0,Mitte,Elektronik,Kopfhörer,1,25.61,15.0,PayPal,6.99,6,-1.0,True,21.7685,2024-05,Wednesday
100816,2024-05-09,1005,18.0,Nord,Haushalt,Staubsauger,1,139.54,0.0,PayPal,0.0,1,-1.0,False,139.54,2024-05,Thursday
101572,2024-01-09,234,32.0,West,Elektronik,Bluetooth-Lautsprecher,5,23.7,10.0,Rechnung,2.99,3,4.0,False,106.65,2024-01,Tuesday
103027,2024-01-13,148,40.0,Süd,Mode,Sneaker,1,19.07,0.0,Lastschrift,0.0,1,1.0,False,19.07,2024-01,Saturday
101800,2024-06-02,294,49.0,Nord,Mode,Sneaker,2,14.65,0.0,Sofortüberweisung,6.99,3,5.0,False,29.3,2024-06,Sunday
104331,2023-05-29,1710,63.0,Süd,Bücher,Comic,2,7.92,15.0,Rechnung,4.99,1,4.0,False,13.464,2023-05,Monday
100381,2024-07-01,1356,37.0,Süd,Bücher,Roman,1,2.44,5.0,Rechnung,2.99,3,5.0,False,2.318,2024-07,Monday
104532,2024-06-19,1272,25.0,West,Haushalt,Bettwäsche,1,69.27,20.0,PayPal,2.99,1,5.0,False,55.416,2024-06,Wednesday
103897,2023-06-13,762,43.0,Ost,Elektronik,Bluetooth-Lautsprecher,1,26.81,0.0,Sofortüberweisung,0.0,1,5.0,False,26.81,2023-06,Tuesday
102955,2024-08-21,1523,36.0,Mitte,Elektronik,Smartphone-Hülle,5,83.14,0.0,PayPal,0.0,4,4.0,False,415.7,2024-08,Wednesday
103573,2024-01-06,1089,38.0,Süd,Elektronik,USB-Kabel,1,107.24,0.0,PayPal,4.99,6,4.0,False,107.24,2024-01,Saturday
102948,2024-01-01,1084,50.0,Nord,Haushalt,Bettwäsche,2,33.06,0.0,PayPal,6.99,3,5.0,False,66.12,2024-01,Monday
104368,2024-10-02,89,38.0,Mitte,Haushalt,Lampe,1,54.29,0.0,Sofortüberweisung,0.0,4,3.0,False,54.29,2024-10,Wednesday
101780,2023-07-05,62,33.0,Süd,Haushalt,Kaffeemaschine,1,63.33,0.0,Rechnung,2.99,5,4.0,False,63.33,2023-07,Wednesday
102780,2023-03-26,870,31.0,West,Haushalt,Lampe,1,41.82,0.0,Sofortüberweisung,0.0,4,4.0,False,41.82,2023-03,Sunday
102481,2024-07-05,1032,57.0,Mitte,Haushalt,Lampe,1,34.08,0.0,Lastschrift,6.99,8,4.0,False,34.08,2024-07,Friday
102377,2023-07-03,696,39.0,Süd,Mode,Sneaker,2,42.43,0.0,Sofortüberweisung,0.0,2,3.0,False,84.86,2023-07,Monday
100864,2023-01-02,34,53.0,West,Elektronik,Bluetooth-Lautsprecher,1,104.22,0.0,Lastschrift,0.0,4,5.0,False,104.22,2023-01,Monday
103082,2024-04-14,147,36.0,Mitte,Elektronik,USB-Kabel,2,36.0,25.0,Sofortüberweisung,6.99,4,5.0,False,54.0,2024-04,Sunday
103970,2023-07-12,18,46.0,Süd,Mode,Mütze,1,54.4,0.0,Sofortüberweisung,2.99,5,4.0,False,54.4,2023-07,Wednesday
100554,2024-10-15,728,37.0,Mitte,Sport,Laufschuhe,1,19.23,0.0,Kreditkarte,6.99,4,2.0,False,19.23,2024-10,Tuesday
101159,2023-03-13,9,40.0,Süd,Mode,Mütze,4,15.79,0.0,Sofortüberweisung,4.99,2,5.0,False,63.16,2023-03,Monday
101213,2024-06-10,135,21.0,Nord,Mode,Sneaker,2,18.32,0.0,Kreditkarte,0.0,3,4.0,False,36.64,2024-06,Monday
102603,2023-09-05,592,29.0,Süd,Elektronik,Smartphone-Hülle,1,71.49,0.0,Rechnung,2.99,4,4.0,False,71.49,2023-09,Tuesday
103671,2024-12-23,1246,44.0,Süd,Elektronik,Powerbank,1,75.44,0.0,Sofortüberweisung,2.99,4,2.0,True,75.44,2024-12,Monday
100048,2024-09-15,1215,34.0,Süd,Elektronik,USB-Kabel,1,93.86,0.0,Rechnung,0.0,1,5.0,False,93.86,2024-09,Sunday
102985,2023-03-26,1065,31.0,Ost,Elektronik,Kopfhörer,1,44.3,0.0,Sofortüberweisung,2.99,1,5.0,False,44.3,2023-03,Sunday
100700,2023-07-21,124,18.0,Nord,Haushalt,Kaffeemaschine,1,34.22,15.0,Lastschrift,0.0,2,-1.0,False,29.087,2023-07,Friday
100652,2023-06-28,1254,26.0,Süd,Sport,Laufschuhe,1,35.75,0.0,PayPal,4.99,3,-1.0,False,35.75,2023-06,Wednesday
103221,2024-04-02,290,39.0,Mitte,Elektronik,USB-Kabel,1,61.86,10.0,Rechnung,2.99,2,4.0,False,55.674,2024-04,Tuesday
103131,2024-01-06,1606,35.0,Nord,Mode,Jacke,1,22.05,5.0,PayPal,6.99,2,3.0,False,20.947499999999998,2024-01,Saturday
103377,2023-10-09,1193,66.0,Nord,Elektronik,Smartphone-Hülle,3,44.91,0.0,PayPal,2.99,6,4.0,False,134.73,2023-10,Monday
100748,2024-04-04,1783,53.0,Süd,Haushalt,Lampe,1,42.03,0.0,Kreditkarte,0.0,3,5.0,True,42.03,2024-04,Thursday
101455,2023-12-04,1491,20.0,Mitte,Elektronik,Bluetooth-Lautsprecher,1,21.17,10.0,PayPal,0.0,2,5.0,False,19.053,2023-12,Monday
104238,2023-04-04,1657,42.0,Mitte,Bücher,Comic,1,12.71,0.0,Lastschrift,4.99,2,4.0,False,12.71,2023-04,Tuesday
102251,2024-09-17,599,35.0,Nord,Bücher,Roman,2,18.59,0.0,Rechnung,4.99,4,5.0,False,37.18,2024-09,Tuesday
102059,2024-11-28,1612,59.0,Mitte,Mode,Sneaker,1,94.21,15.0,Lastschrift,2.99,1,3.0,False,80.07849999999999,2024-11,Thursday
100866,2024-06-25,195,28.0,Mitte,Haushalt,Lampe,1,68.39,0.0,Kreditkarte,6.99,7,-1.0,False,68.39,2024-06,Tuesday
100752,2023-08-19,41,31.0,Süd,Bücher,Comic,1,5.9,0.0,Sofortüberweisung,0.0,2,5.0,False,5.9,2023-08,Saturday
101644,2023-03-04,396,23.0,Ost,Haushalt,Lampe,1,81.62,0.0,Lastschrift,4.99,2,3.0,False,81.62,2023-03,Saturday
100092,2023-03-26,113,42.0,Süd,Elektronik,Kopfhörer,2,6.33,10.0,Rechnung,2.99,2,5.0,False,11.394,2023-03,Sunday
102881,2024-11-09,1530,35.0,Ost,Mode,Jeans,2,90.92,15.0,Rechnung,6.99,9,4.0,False,154.564,2024-11,Saturday
103164,2023-07-05,1474,40.0,Ost,Sport,Laufschuhe,1,51.91,5.0,Kreditkarte,2.99,1,4.0,False,49.314499999999995,2023-07,Wednesday
102476,2023-05-14,1075,24.0,Süd,Mode,Mütze,2,20.86,25.0,Lastschrift,0.0,4,5.0,False,31.29,2023-05,Sunday
103903,2023-11-29,1518,38.0,Süd,Mode,Jacke,1,34.14,0.0,Lastschrift,4.99,2,5.0,False,34.14,2023-11,Wednesday
101490,2024-08-24,1175,55.0,Ost,Mode,Jeans,1,27.49,0.0,Sofortüberweisung,4.99,2,5.0,False,27.49,2024-08,Saturday
102954,2024-02-05,1359,46.0,Süd,Elektronik,Powerbank,1,15.51,10.0,PayPal,0.0,2,5.0,False,13.959,2024-02,Monday
104269,2024-01-14,572,25.0,Ost,Haushalt,Lampe,2,38.82,15.0,Rechnung,4.99,4,5.0,False,65.994,2024-01,Sunday
100729,2023-01-14,1137,35.0,Nord,Sport,Laufschuhe,2,19.57,0.0,Rechnung,0.0,5,2.0,True,39.14,2023-01,Saturday
102771,2023-09-06,469,32.0,Ost,Mode,Mütze,3,21.34,0.0,Lastschrift,0.0,3,-1.0,False,64.02,2023-09,Wednesday
102518,2024-02-06,1184,28.0,West,Haushalt,Bettwäsche,1,67.73,10.0,Kreditkarte,2.99,5,5.0,False,60.95700000000001,2024-02,Tuesday
103805,2023-09-15,1153,32.0,Ost,Sport,Fitnessband,2,49.01,0.0,Lastschrift,6.99,2,-1.0,False,98.02,2023-09,Friday
101936,2023-03-16,1204,53.0,Süd,Mode,Mütze,2,9.64,0.0,PayPal,2.99,5,5.0,False,19.28,2023-03,Thursday
101745,2024-02-10,20,28.0,Nord,Sport,Laufschuhe,3,25.54,0.0,Kreditkarte,0.0,3,4.0,False,76.62,2024-02,Saturday
103567,2024-03-20,924,32.0,Süd,Mode,Sneaker,2,17.61,5.0,Lastschrift,0.0,5,4.0,False,33.458999999999996,2024-03,Wednesday
103379,2024-04-22,945,38.0,Ost,Sport,Yogamatte,1,55.6,25.0,PayPal,0.0,2,4.0,False,41.7,2024-04,Monday
103631,2024-05-16,901,33.0,Ost,Elektronik,Smartphone-Hülle,2,29.42,0.0,PayPal,0.0,1,4.0,False,58.84,2024-05,Thursday
101957,2023-10-06,477,53.0,Süd,Mode,Mütze,1,15.95,15.0,PayPal,4.99,3,3.0,False,13.5575,2023-10,Friday
101110,2023-07-19,707,46.0,West,Mode,Jeans,1,50.54,0.0,Lastschrift,2.99,2,3.0,False,50.54,2023-07,Wednesday
103405,2023-10-31,1645,51.0,Süd,Haushalt,Lampe,1,62.43,0.0,PayPal,0.0,4,5.0,False,62.43,2023-10,Tuesday
104109,2023-12-26,854,38.0,Ost,Mode,Jeans,1,26.45,20.0,Kreditkarte,0.0,3,5.0,False,21.16,2023-12,Tuesday
104516,2023-08-02,1235,49.0,Ost,Haushalt,Staubsauger,1,50.74,5.0,Kreditkarte,2.99,2,4.0,False,48.203,2023-08,Wednesday
104817,2024-10-07,1473,54.0,Mitte,Mode,Jeans,3,25.69,0.0,PayPal,6.99,2,4.0,False,77.07000000000001,2024-10,Monday
100346,2024-03-23,1343,38.0,Süd,Elektronik,Smartphone-Hülle,1,31.82,0.0,Sofortüberweisung,2.99,5,3.0,False,31.82,2024-03,Saturday
101185,2024-04-08,200,23.0,West,Bücher,Sachbuch,5,9.74,5.0,PayPal,0.0,2,3.0,False,46.265,2024-04,Monday
104066,2023-03-09,1595,34.0,Nord,Elektronik,Bluetooth-Lautsprecher,2,52.48,15.0,Kreditkarte,0.0,6,5.0,False,89.216,2023-03,Thursday
104085,2024-02-12,475,21.0,Nord,Bücher,Comic,1,24.5,0.0,Lastschrift,0.0,2,5.0,False,24.5,2024-02,Monday
101515,2023-03-27,1520,28.0,Nord,Mode,Jacke,1,20.56,5.0,Sofortüberweisung,2.99,2,3.0,False,19.531999999999996,2023-03,Monday
104716,2023-06-02,705,37.0,Mitte,Mode,T-Shirt,1,47.49,0.0,PayPal,2.99,7,5.0,False,47.49,2023-06,Friday
100578,2023-09-20,1412,35.0,West,Elektronik,Powerbank,2,26.87,0.0,Rechnung,2.99,3,3.0,False,53.74,2023-09,Wednesday
101964,2024-05-08,122,41.0,Nord,Haushalt,Pfannenset,1,63.3,0.0,Kreditkarte,4.99,4,3.0,False,63.3,2024-05,Wednesday
100075,2024-03-06,916,53.0,West,Bücher,Comic,4,11.01,0.0,Sofortüberweisung,4.99,4,4.0,False,44.04,2024-03,Wednesday
101429,2023-04-27,1226,56.0,Nord,Haushalt,Staubsauger,1,75.88,0.0,PayPal,6.99,5,5.0,False,75.88,2023-04,Thursday
104393,2023-08-02,590,47.0,Süd,Mode,Jacke,1,21.44,20.0,PayPal,4.99,4,-1.0,False,17.152,2023-08,Wednesday
104959,2023-10-11,445,39.0,Ost,Elektronik,Powerbank,2,27.62,0.0,PayPal,0.0,4,5.0,False,55.24,2023-10,Wednesday
104052,2024-03-17,515,52.0,Nord,Elektronik,Smartphone-Hülle,1,33.37,20.0,Lastschrift,4.99,1,4.0,False,26.695999999999998,2024-03,Sunday
101846,2024-01-18,715,33.0,Süd,Sport,Yogamatte,2,32.95,0.0,Rechnung,2.99,2,5.0,False,65.9,2024-01,Thursday
100131,2024-10-06,140,44.0,Mitte,Mode,Sneaker,1,23.69,0.0,Lastschrift,6.99,5,4.0,False,23.69,2024-10,Sunday
100178,2024-07-13,1582,38.0,Ost,Elektronik,Powerbank,1,93.08,5.0,Rechnung,4.99,3,5.0,False,88.42599999999999,2024-07,Saturday
104511,2023-09-09,94,54.0,Süd,Haushalt,Staubsauger,1,96.64,0.0,Rechnung,2.99,3,4.0,False,96.64,2023-09,Saturday
102748,2023-06-08,362,57.0,Nord,Mode,T-Shirt,1,18.54,10.0,Kreditkarte,2.99,5,4.0,False,16.686,2023-06,Thursday
102569,2023-12-20,985,24.0,Nord,Sport,Hantel,1,45.42,0.0,Lastschrift,2.99,1,5.0,False,45.42,2023-12,Wednesday
102417,2023-07-30,436,62.0,West,Elektronik,Kopfhörer,1,26.42,0.0,Lastschrift,0.0,6,4.0,False,26.42,2023-07,Sunday
104622,2023-12-28,1398,61.0,Ost,Bücher,Comic,1,7.72,0.0,Kreditkarte,4.99,4,5.0,False,7.72,2023-12,Thursday
100658,2023-08-06,897,32.0,Ost,Elektronik,Kopfhörer,2,47.08,0.0,Sofortüberweisung,4.99,3,-1.0,False,94.16,2023-08,Sunday
101896,2023-02-03,581,40.0,Ost,Elektronik,USB-Kabel,1,156.41,0.0,Rechnung,4.99,2,3.0,False,156.41,2023-02,Friday
103384,2024-01-23,1354,35.0,Ost,Elektronik,Smartphone-Hülle,1,39.18,10.0,Kreditkarte,0.0,3,4.0,False,35.262,2024-01,Tuesday
103163,2024-10-30,745,23.0,Süd,Elektronik,Bluetooth-Lautsprecher,1,17.15,0.0,Sofortüberweisung,0.0,3,5.0,False,17.15,2024-10,Wednesday
100342,2023-11-01,788,29.0,Ost,Elektronik,Powerbank,1,78.82,0.0,Kreditkarte,0.0,7,5.0,False,78.82,2023-11,Wednesday
104498,2024-08-18,1577,45.0,Mitte,Mode,Sneaker,2,36.62,0.0,Rechnung,2.99,4,5.0,False,73.24,2024-08,Sunday
100727,2024-04-15,961,41.0,Ost,Haushalt,Lampe,1,46.22,0.0,Rechnung,0.0,3,3.0,True,46.22,2024-04,Monday
103856,2024-05-06,51,54.0,Nord,Elektronik,Bluetooth-Lautsprecher,2,17.71,0.0,Lastschrift,0.0,2,-1.0,False,35.42,2024-05,Monday
100976,2024-01-11,1082,51.0,Nord,Elektronik,Bluetooth-Lautsprecher,4,31.55,15.0,Rechnung,0.0,6,4.0,False,107.27,2024-01,Thursday
102418,2023-02-14,1694,53.0,West,Mode,Mütze,1,28.91,25.0,Rechnung,6.99,5,5.0,False,21.6825,2023-02,Tuesday
104421,2024-08-02,1466,18.0,Ost,Bücher,Roman,1,13.27,0.0,Sofortüberweisung,2.99,2,4.0,False,13.27,2024-08,Friday
101928,2023-12-22,296,56.0,West,Haushalt,Staubsauger,1,58.54,0.0,PayPal,2.99,6,-1.0,False,58.54,2023-12,Friday
102664,2023-01-11,1225,63.0,Nord,Elektronik,Kopfhörer,5,36.46,0.0,Kreditkarte,2.99,4,5.0,False,182.3,2023-01,Wednesday
104912,2023-11-13,647,33.0,West,Haushalt,Pfannenset,2,42.43,5.0,Rechnung,0.0,6,5.0,False,80.61699999999999,2023-11,Monday
101299,2024-01-07,980,48.0,Nord,Mode,Sneaker,2,33.23,20.0,PayPal,2.99,1,1.0,False,53.168,2024-01,Sunday
104704,2024-02-10,1712,36.0,Mitte,Haushalt,Pfannenset,1,55.86,15.0,Kreditkarte,2.99,2,5.0,False,47.481,2024-02,Saturday
104645,2023-04-19,719,46.0,West,Bücher,Roman,1,21.38,15.0,Sofortüberweisung,0.0,3,-1.0,False,18.173,2023-04,Wednesday
100660,2023-06-29,134,43.0,Mitte,Sport,Yogamatte,1,900.1655310651263,0.0,Kreditkarte,4.99,5,2.0,False,900.1655310651263,2023-06,Thursday
104047,2024-05-28,646,29.0,Mitte,Elektronik,USB-Kabel,1,60.28,15.0,Kreditkarte,6.99,3,5.0,True,51.238,2024-05,Tuesday
102438,2024-05-08,745,31.0,Nord,Mode,Jacke,1,18.82,0.0,Lastschrift,0.0,3,5.0,False,18.82,2024-05,Wednesday
103706,2024-08-22,1681,29.0,Ost,Elektronik,Smartphone-Hülle,1,10.25,20.0,Lastschrift,4.99,1,5.0,False,8.200000000000001,2024-08,Thursday
103036,2024-07-24,39,47.0,Nord,Elektronik,Bluetooth-Lautsprecher,4,104.18,0.0,Sofortüberweisung,4.99,4,4.0,False,416.72,2024-07,Wednesday
102233,2024-07-03,1275,31.0,West,Elektronik,Kopfhörer,1,51.28,0.0,Kreditkarte,4.99,4,5.0,True,51.28,2024-07,Wednesday
103113,2024-12-07,608,34.0,Mitte,Elektronik,USB-Kabel,1,55.67,10.0,Rechnung,0.0,1,4.0,False,50.103,2024-12,Saturday
103998,2023-02-16,575,39.0,Nord,Haushalt,Staubsauger,1,65.65,10.0,PayPal,0.0,3,3.0,False,59.08500000000001,2023-02,Thursday
103668,2024-12-23,1317,36.0,Süd,Sport,Trinkflasche,2,7.55,0.0,Rechnung,2.99,2,5.0,False,15.1,2024-12,Monday
103256,2024-03-01,1346,36.0,Mitte,Bücher,Sachbuch,2,2.48,20.0,Lastschrift,4.99,3,5.0,False,3.968,2024-03,Friday
101278,2024-06-17,255,57.0,Ost,Bücher,Comic,2,298.60290059008526,0.0,PayPal,2.99,2,5.0,False,597.2058011801705,2024-06,Monday
103133,2023-02-27,1676,26.0,West,Haushalt,Lampe,1,69.92,5.0,Kreditkarte,6.99,3,4.0,False,66.42399999999999,2023-02,Monday
101621,2023-08-21,222,53.0,Süd,Elektronik,Smartphone-Hülle,1,73.46,10.0,Sofortüberweisung,4.99,2,5.0,False,66.11399999999999,2023-08,Monday
103075,2023-08-23,1725,43.0,Mitte,Haushalt,Bettwäsche,1,87.67,20.0,Lastschrift,0.0,6,4.0,False,70.13600000000001,2023-08,Wednesday
100067,2023-10-22,976,32.0,Ost,Bücher,Comic,1,6.16,0.0,Kreditkarte,4.99,1,3.0,False,6.16,2023-10,Sunday
104740,2024-07-15,911,18.0,West,Mode,Mütze,1,19.78,0.0,Lastschrift,2.99,5,4.0,False,19.78,2024-07,Monday
102167,2024-04-27,311,44.0,Nord,Haushalt,Pfannenset,1,108.46,0.0,Lastschrift,2.99,6,5.0,False,108.46,2024-04,Saturday
104745,2023-10-07,840,23.0,West,Sport,Yogamatte,1,40.18,5.0,Kreditkarte,0.0,1,4.0,False,38.171,2023-10,Saturday
100820,2023-11-07,401,26.0,Mitte,Mode,Jacke,1,14.64,0.0,PayPal,2.99,5,5.0,False,14.64,2023-11,Tuesday
101226,2024-07-28,861,18.0,West,Elektronik,Powerbank,1,63.52,5.0,Rechnung,2.99,1,4.0,False,60.344,2024-07,Sunday
103185,2024-09-17,1712,29.0,Ost,Haushalt,Lampe,2,43.14,0.0,Lastschrift,2.99,9,-1.0,False,86.28,2024-09,Tuesday
104890,2023-03-13,809,22.0,Süd,Mode,T-Shirt,1,39.77,20.0,PayPal,0.0,3,5.0,False,31.816000000000003,2023-03,Monday
102957,2023-03-22,130,59.0,Ost,Mode,Mütze,1,52.89,0.0,PayPal,0.0,1,5.0,False,52.89,2023-03,Wednesday
104502,2023-08-24,1160,43.0,Süd,Mode,T-Shirt,1,21.6,0.0,PayPal,2.99,1,5.0,False,21.6,2023-08,Thursday
104313,2024-04-04,1480,56.0,Ost,Mode,Jacke,1,29.99,10.0,Lastschrift,0.0,2,4.0,False,26.991,2024-04,Thursday
104145,2023-02-08,619,38.0,Süd,Haushalt,Bettwäsche,1,56.77,0.0,PayPal,2.99,1,4.0,False,56.77,2023-02,Wednesday
101143,2024-11-25,138,45.0,Nord,Elektronik,Smartphone-Hülle,1,91.91,0.0,PayPal,2.99,1,2.0,False,91.91,2024-11,Monday
100397,2023-09-02,57,26.0,Nord,Mode,Sneaker,1,33.42,10.0,Sofortüberweisung,2.99,5,-1.0,False,30.078000000000003,2023-09,Saturday
104243,2024-05-23,256,49.0,Ost,Haushalt,Lampe,1,32.44,0.0,Sofortüberweisung,2.99,6,5.0,False,32.44,2024-05,Thursday
104345,2024-05-03,1441,40.0,Süd,Mode,Jacke,1,24.49,0.0,PayPal,6.99,5,4.0,False,24.49,2024-05,Friday
104419,2024-10-04,133,42.0,Süd,Sport,Laufschuhe,1,4.06,0.0,PayPal,2.99,7,5.0,False,4.06,2024-10,Friday
101398,2024-02-15,1624,28.0,Ost,Sport,Hantel,1,22.56,10.0,Lastschrift,2.99,1,4.0,False,20.304,2024-02,Thursday
101659,2023-07-02,1128,29.0,West,Mode,Sneaker,1,20.89,0.0,Rechnung,4.99,3,5.0,False,20.89,2023-07,Sunday
100979,2023-06-11,1106,33.0,Mitte,Haushalt,Kaffeemaschine,1,24.94,0.0,Lastschrift,4.99,5,5.0,False,24.94,2023-06,Sunday
101298,2024-10-14,1540,43.0,Ost,Mode,T-Shirt,1,12.63,10.0,Lastschrift,6.99,3,1.0,False,11.367,2024-10,Monday
103660,2023-01-16,1516,38.0,Süd,Haushalt,Kaffeemaschine,2,42.56,0.0,Sofortüberweisung,0.0,4,5.0,False,85.12,2023-01,Monday
100082,2024-08-01,531,45.0,West,Elektronik,USB-Kabel,1,41.54,10.0,Lastschrift,2.99,2,4.0,False,37.386,2024-08,Thursday
102225,2024-09-26,925,47.0,Nord,Elektronik,Kopfhörer,1,58.7,0.0,PayPal,0.0,5,4.0,False,58.7,2024-09,Thursday
102505,2024-12-23,408,37.0,Nord,Haushalt,Bettwäsche,1,113.62,0.0,Kreditkarte,2.99,4,5.0,False,113.62,2024-12,Monday
104316,2024-12-08,990,43.0,West,Bücher,Sachbuch,1,41.46,0.0,Sofortüberweisung,0.0,1,5.0,False,41.46,2024-12,Sunday
104708,2023-05-01,390,37.0,Süd,Mode,Jeans,1,47.33,0.0,Sofortüberweisung,0.0,5,4.0,False,47.33,2023-05,Monday
104098,2024-08-22,1229,36.0,Nord,Elektronik,Powerbank,1,27.82,10.0,PayPal,0.0,7,1.0,False,25.038,2024-08,Thursday
100423,2023-09-24,68,37.0,West,Bücher,Roman,2,35.93,10.0,Lastschrift,2.99,4,4.0,False,64.674,2023-09,Sunday
104383,2024-03-13,1368,35.0,Süd,Elektronik,Kopfhörer,1,52.35,15.0,Kreditkarte,2.99,2,5.0,False,44.4975,2024-03,Wednesday
101904,2023-06-22,1668,44.0,West,Sport,Hantel,4,65.75,0.0,Rechnung,0.0,4,5.0,False,263.0,2023-06,Thursday
104678,2023-06-27,499,29.0,West,Bücher,Roman,4,9.38,0.0,PayPal,0.0,2,5.0,False,37.52,2023-06,Tuesday
104056,2023-08-15,1445,40.0,West,Sport,Laufschuhe,1,76.08,0.0,Kreditkarte,6.99,7,5.0,False,76.08,2023-08,Tuesday
103165,2024-06-03,297,49.0,Süd,Mode,Jacke,3,20.86,0.0,PayPal,0.0,5,5.0,False,62.58,2024-06,Monday
101565,2024-11-22,1404,55.0,Ost,Bücher,Comic,2,12.68,5.0,Rechnung,6.99,3,4.0,False,24.092,2024-11,Friday
103423,2024-09-03,676,40.0,Nord,Elektronik,Powerbank,1,55.71,0.0,Kreditkarte,4.99,6,3.0,False,55.71,2024-09,Tuesday
100839,2024-03-04,482,38.0,West,Haushalt,Kaffeemaschine,1,33.8,0.0,Kreditkarte,0.0,6,5.0,False,33.8,2024-03,Monday
100500,2024-12-09,163,33.0,West,Elektronik,Kopfhörer,1,29.47,0.0,Lastschrift,4.99,6,1.0,False,29.47,2024-12,Monday
100141,2024-06-20,83,46.0,Nord,Elektronik,USB-Kabel,4,27.76,0.0,PayPal,0.0,6,4.0,False,111.04,2024-06,Thursday
101377,2023-01-13,949,39.0,Ost,Haushalt,Kaffeemaschine,1,79.69,0.0,PayPal,2.99,5,5.0,False,79.69,2023-01,Friday
103770,2023-11-26,1742,45.0,Süd,Sport,Fitnessband,1,24.2,10.0,Rechnung,4.99,4,5.0,False,21.78,2023-11,Sunday
102570,2023-08-26,785,34.0,Ost,Elektronik,Powerbank,4,93.51,0.0,Rechnung,0.0,6,5.0,False,374.04,2023-08,Saturday
101138,2024-12-29,1567,51.0,Süd,Mode,T-Shirt,2,19.92,0.0,Lastschrift,6.99,6,3.0,False,39.84,2024-12,Sunday
102594,2023-06-06,1736,18.0,Süd,Haushalt,Bettwäsche,1,19.1,0.0,Rechnung,2.99,3,5.0,False,19.1,2023-06,Tuesday
101787,2023-02-07,1759,36.0,West,Elektronik,Bluetooth-Lautsprecher,1,52.29,15.0,Kreditkarte,6.99,4,5.0,False,44.4465,2023-02,Tuesday
102615,2024-07-08,16,38.0,West,Bücher,Kinderbuch,2,10.01,10.0,Lastschrift,2.99,4,4.0,False,18.018,2024-07,Monday
100550,2024-06-21,1402,46.0,Ost,Mode,Jacke,1,12.16,0.0,Kreditkarte,4.99,1,-1.0,False,12.16,2024-06,Friday
103162,2024-06-11,490,38.0,West,Sport,Laufschuhe,1,47.49,0.0,Kreditkarte,6.99,3,3.0,False,47.49,2024-06,Tuesday
102019,2024-09-09,378,39.0,Ost,Sport,Laufschuhe,2,97.94,0.0,Lastschrift,2.99,5,4.0,False,195.88,2024-09,Monday
100948,2023-07-27,1747,18.0,Nord,Sport,Hantel,1,34.94,0.0,Lastschrift,0.0,4,3.0,False,34.94,2023-07,Thursday
102303,2023-07-10,1780,43.0,Süd,Elektronik,Smartphone-Hülle,3,32.39,0.0,PayPal,4.99,5,-1.0,False,97.17,2023-07,Monday
100532,2023-11-24,1745,48.0,Süd,Elektronik,Smartphone-Hülle,3,48.82,10.0,PayPal,0.0,2,1.0,False,131.81400000000002,2023-11,Friday
101829,2023-09-28,783,35.0,Nord,Elektronik,Smartphone-Hülle,1,31.12,0.0,Lastschrift,2.99,6,2.0,False,31.12,2023-09,Thursday
104847,2024-11-17,516,32.0,Ost,Mode,Jeans,1,18.51,0.0,PayPal,2.99,2,4.0,False,18.51,2024-11,Sunday
104462,2024-07-26,1189,52.0,Nord,Haushalt,Bettwäsche,1,60.02,0.0,Lastschrift,4.99,4,3.0,False,60.02,2024-07,Friday
103947,2023-01-21,339,37.0,Mitte,Haushalt,Staubsauger,5,1041.8795464723282,0.0,PayPal,2.99,8,4.0,False,5209.397732361641,2023-01,Saturday
101602,2023-02-10,732,31.0,Ost,Sport,Hantel,2,41.14,0.0,PayPal,0.0,1,3.0,False,82.28,2023-02,Friday
100639,2024-05-08,647,38.0,Nord,Elektronik,Kopfhörer,1,32.64,5.0,Kreditkarte,6.99,4,4.0,False,31.008,2024-05,Wednesday
104881,2024-06-05,93,31.0,West,Sport,Fitnessband,1,49.1,5.0,Sofortüberweisung,4.99,4,5.0,False,46.644999999999996,2024-06,Wednesday
100967,2024-04-14,333,38.0,West,Mode,T-Shirt,1,71.04,15.0,Kreditkarte,0.0,7,3.0,False,60.384,2024-04,Sunday
104281,2023-05-13,1538,54.0,Süd,Sport,Trinkflasche,2,32.39,0.0,Lastschrift,4.99,2,5.0,True,64.78,2023-05,Saturday
102677,2023-05-31,490,38.0,Nord,Bücher,Roman,1,13.84,0.0,Lastschrift,4.99,3,3.0,False,13.84,2023-05,Wednesday
101683,2024-11-09,1396,46.0,Mitte,Elektronik,Kopfhörer,1,58.72,0.0,Lastschrift,0.0,4,4.0,False,58.72,2024-11,Saturday
104515,2023-09-18,222,37.0,Süd,Haushalt,Lampe,1,20.52,0.0,Sofortüberweisung,0.0,5,4.0,False,20.52,2023-09,Monday
104544,2024-09-06,1591,47.0,West,Elektronik,Bluetooth-Lautsprecher,1,32.25,10.0,Rechnung,0.0,3,4.0,False,29.025000000000002,2024-09,Friday
100155,2024-03-18,476,35.0,Süd,Haushalt,Pfannenset,1,17.1,0.0,Kreditkarte,6.99,3,5.0,False,17.1,2024-03,Monday
102534,2024-12-31,943,18.0,Nord,Haushalt,Pfannenset,1,37.31,0.0,PayPal,4.99,4,4.0,False,37.31,2024-12,Tuesday
103704,2024-06-01,452,51.0,Mitte,Sport,Fitnessband,2,24.3,0.0,Lastschrift,4.99,3,5.0,False,48.6,2024-06,Saturday
101089,2024-04-12,69,27.0,Nord,Bücher,Comic,1,12.08,0.0,Kreditkarte,4.99,2,4.0,False,12.08,2024-04,Friday
102707,2024-10-24,1740,44.0,Ost,Sport,Laufschuhe,1,39.81,0.0,PayPal,0.0,4,-1.0,False,39.81,2024-10,Thursday
104284,2023-03-26,269,18.0,Ost,Mode,Jeans,2,34.03,10.0,Sofortüberweisung,6.99,2,5.0,False,61.254000000000005,2023-03,Sunday
100288,2024-04-27,179,28.0,Nord,Mode,Jeans,1,30.7,15.0,Kreditkarte,4.99,4,5.0,False,26.095,2024-04,Saturday
100930,2023-05-13,220,46.0,Ost,Mode,T-Shirt,1,51.06,20.0,Lastschrift,0.0,3,2.0,False,40.848000000000006,2023-05,Saturday
102584,2024-04-09,1435,31.0,West,Sport,Trinkflasche,1,32.23,20.0,Kreditkarte,0.0,5,5.0,False,25.784,2024-04,Tuesday
102305,2024-09-25,1614,41.0,Nord,Haushalt,Kaffeemaschine,2,43.86,20.0,PayPal,0.0,2,5.0,False,70.176,2024-09,Wednesday
103439,2023-08-24,794,24.0,West,Haushalt,Pfannenset,1,36.66,0.0,Sofortüberweisung,6.99,6,5.0,False,36.66,2023-08,Thursday
104133,2023-10-23,457,38.0,Süd,Elektronik,Smartphone-Hülle,1,46.76,15.0,Sofortüberweisung,0.0,4,5.0,False,39.745999999999995,2023-10,Monday
103357,2024-07-17,748,33.0,West,Haushalt,Staubsauger,1,41.41,0.0,Lastschrift,2.99,3,5.0,False,41.41,2024-07,Wednesday
100942,2023-07-30,787,24.0,West,Bücher,Kinderbuch,1,13.14,15.0,Rechnung,2.99,2,3.0,False,11.169,2023-07,Sunday
103934,2024-06-23,931,38.0,Nord,Mode,Jacke,1,42.3,0.0,Sofortüberweisung,4.99,4,1.0,False,42.3,2024-06,Sunday
104709,2024-02-17,1166,39.0,Süd,Elektronik,Powerbank,2,80.73,20.0,Sofortüberweisung,2.99,1,4.0,False,129.168,2024-02,Saturday
101698,2023-10-31,40,52.0,Nord,Mode,Mütze,2,28.0,5.0,PayPal,4.99,6,4.0,False,53.199999999999996,2023-10,Tuesday
104756,2023-11-18,1079,59.0,West,Elektronik,Powerbank,2,78.84,0.0,PayPal,2.99,3,5.0,False,157.68,2023-11,Saturday
103016,2023-01-07,1263,38.0,Ost,Sport,Yogamatte,2,33.2,0.0,Lastschrift,4.99,5,2.0,False,66.4,2023-01,Saturday
103647,2023-09-12,446,51.0,Ost,Elektronik,Smartphone-Hülle,2,68.93,0.0,Rechnung,2.99,6,4.0,False,137.86,2023-09,Tuesday
103912,2024-12-16,1055,31.0,West,Sport,Laufschuhe,1,16.42,10.0,Rechnung,2.99,4,5.0,False,14.778000000000002,2024-12,Monday
100985,2024-08-27,784,27.0,Mitte,Sport,Fitnessband,1,73.54,20.0,PayPal,6.99,6,3.0,False,58.83200000000001,2024-08,Tuesday
102827,2023-11-03,379,49.0,Süd,Elektronik,Bluetooth-Lautsprecher,1,104.45,0.0,Kreditkarte,2.99,4,4.0,False,104.45,2023-11,Friday
102231,2024-10-03,1623,41.0,Mitte,Sport,Fitnessband,1,33.07,0.0,Kreditkarte,2.99,2,3.0,False,33.07,2024-10,Thursday
102267,2023-10-16,576,33.0,Mitte,Mode,T-Shirt,1,12.76,0.0,Rechnung,0.0,3,5.0,False,12.76,2023-10,Monday
104826,2024-06-25,418,20.0,Süd,Elektronik,USB-Kabel,3,28.75,0.0,Lastschrift,2.99,6,3.0,False,86.25,2024-06,Tuesday
100981,2024-04-20,1633,35.0,Mitte,Elektronik,Bluetooth-Lautsprecher,1,33.21,0.0,PayPal,6.99,2,2.0,False,33.21,2024-04,Saturday
103407,2024-12-01,1563,46.0,Nord,Mode,Jacke,1,22.53,20.0,PayPal,2.99,4,3.0,False,18.024,2024-12,Sunday
104527,2023-04-19,1071,22.0,West,Sport,Fitnessband,1,19.27,0.0,Kreditkarte,2.99,3,4.0,True,19.27,2023-04,Wednesday
103225,2024-12-26,845,45.0,West,Mode,T-Shirt,1,27.77,0.0,Sofortüberweisung,2.99,2,3.0,False,27.77,2024-12,Thursday
103001,2024-09-20,37,24.0,West,Sport,Laufschuhe,1,27.59,0.0,PayPal,0.0,1,2.0,False,27.59,2024-09,Friday
104587,2023-10-05,760,32.0,Nord,Mode,Jeans,1,55.88,0.0,Rechnung,4.99,2,5.0,False,55.88,2023-10,Thursday
103919,2023-06-01,1297,48.0,Ost,Mode,Mütze,2,39.84,0.0,Lastschrift,4.99,3,3.0,False,79.68,2023-06,Thursday
101457,2023-05-06,706,58.0,Ost,Bücher,Sachbuch,2,9.61,0.0,Sofortüberweisung,6.99,3,5.0,False,19.22,2023-05,Saturday
101395,2024-02-08,35,31.0,West,Haushalt,Bettwäsche,4,76.72,0.0,Lastschrift,2.99,3,5.0,False,306.88,2024-02,Thursday
100264,2024-07-23,1226,30.0,Süd,Mode,Jacke,2,34.67,0.0,PayPal,2.99,4,5.0,False,69.34,2024-07,Tuesday
102440,2024-07-04,1,57.0,Ost,Mode,Jeans,1,12.33,25.0,Rechnung,4.99,5,2.0,False,9.2475,2024-07,Thursday
100929,2024-01-11,1662,46.0,Süd,Mode,Jeans,1,36.38,0.0,Kreditkarte,2.99,3,4.0,False,36.38,2024-01,Thursday
103123,2023-12-19,427,19.0,Ost,Haushalt,Lampe,1,60.92,0.0,Kreditkarte,0.0,5,5.0,False,60.92,2023-12,Tuesday
102178,2024-03-04,1079,34.0,Süd,Mode,Jeans,2,25.76,0.0,PayPal,6.99,7,4.0,False,51.52,2024-03,Monday
103570,2023-04-01,1302,27.0,Ost,Mode,T-Shirt,1,28.84,0.0,Sofortüberweisung,6.99,4,3.0,False,28.84,2023-04,Saturday
100246,2024-05-06,539,18.0,Süd,Mode,Sneaker,1,15.41,0.0,Rechnung,2.99,5,-1.0,False,15.41,2024-05,Monday
103662,2023-10-26,253,30.0,Süd,Mode,Sneaker,1,11.65,5.0,Kreditkarte,0.0,3,2.0,False,11.067499999999999,2023-10,Thursday
101758,2023-01-17,874,40.0,Süd,Sport,Trinkflasche,1,58.0,5.0,Kreditkarte,0.0,2,5.0,False,55.099999999999994,2023-01,Tuesday
104914,2024-05-19,1073,38.0,Nord,Haushalt,Lampe,1,36.15,10.0,Kreditkarte,6.99,2,5.0,False,32.535,2024-05,Sunday
102867,2023-07-20,1578,45.0,Mitte,Mode,Sneaker,1,31.28,0.0,Sofortüberweisung,0.0,3,5.0,False,31.28,2023-07,Thursday
100923,2024-08-05,1387,18.0,Nord,Mode,Mütze,2,17.32,0.0,Lastschrift,2.99,5,2.0,False,34.64,2024-08,Monday
102389,2024-10-31,1559,28.0,Ost,Bücher,Sachbuch,1,5.89,15.0,Sofortüberweisung,4.99,8,5.0,False,5.0065,2024-10,Thursday
100268,2023-02-07,1371,46.0,Süd,Elektronik,USB-Kabel,1,42.84,15.0,Sofortüberweisung,0.0,4,4.0,False,36.414,2023-02,Tuesday
100669,2023-01-26,47,24.0,Ost,Sport,Hantel,1,56.04,0.0,Lastschrift,2.99,5,-1.0,False,56.04,2023-01,Thursday
104935,2023-05-04,1278,33.0,Mitte,Bücher,Comic,1,17.29,0.0,PayPal,6.99,5,5.0,False,17.29,2023-05,Thursday
101910,2023-06-26,1207,47.0,West,Elektronik,Smartphone-Hülle,1,9.13,0.0,Lastschrift,4.99,4,4.0,False,9.13,2023-06,Monday
103046,2024-11-04,1033,38.0,Mitte,Sport,Trinkflasche,2,70.34,0.0,Sofortüberweisung,4.99,3,4.0,False,140.68,2024-11,Monday
101152,2023-11-17,1445,21.0,Süd,Elektronik,Powerbank,4,33.71,0.0,PayPal,6.99,3,-1.0,False,134.84,2023-11,Friday
104866,2024-07-28,598,41.0,West,Mode,Jeans,1,42.41,0.0,Rechnung,2.99,3,4.0,False,42.41,2024-07,Sunday
103523,2024-01-17,392,48.0,Süd,Sport,Hantel,1,12.74,0.0,PayPal,4.99,3,3.0,False,12.74,2024-01,Wednesday
104512,2023-03-07,342,38.0,West,Elektronik,Kopfhörer,2,46.26,0.0,Sofortüberweisung,2.99,1,5.0,False,92.52,2023-03,Tuesday
103963,2024-01-03,1737,31.0,Mitte,Elektronik,Smartphone-Hülle,1,79.1,0.0,PayPal,0.0,4,3.0,False,79.1,2024-01,Wednesday
104528,2023-06-12,1356,33.0,West,Bücher,Roman,1,26.23,0.0,Lastschrift,0.0,4,5.0,False,26.23,2023-06,Monday
103043,2023-04-06,889,49.0,Nord,Mode,T-Shirt,1,11.36,5.0,PayPal,2.99,2,5.0,False,10.792,2023-04,Thursday
101915,2023-01-05,579,33.0,West,Sport,Yogamatte,2,126.66,0.0,Rechnung,0.0,2,5.0,False,253.32,2023-01,Thursday
100612,2024-10-22,1263,35.0,Mitte,Elektronik,Powerbank,1,35.82,10.0,Rechnung,0.0,4,3.0,False,32.238,2024-10,Tuesday
102450,2023-01-30,1563,40.0,Mitte,Bücher,Roman,1,8.36,0.0,Rechnung,0.0,5,4.0,False,8.36,2023-01,Monday
104124,2024-12-05,1065,41.0,Süd,Mode,Sneaker,3,54.84,0.0,PayPal,6.99,7,5.0,False,164.52,2024-12,Thursday
101898,2023-11-01,1784,29.0,Mitte,Mode,Jacke,2,8.0,0.0,PayPal,4.99,1,4.0,False,16.0,2023-11,Wednesday
101649,2023-02-04,1453,40.0,Mitte,Sport,Fitnessband,1,901.5307069459052,0.0,Kreditkarte,4.99,4,5.0,False,901.5307069459052,2023-02,Saturday
102498,2024-05-26,1687,61.0,Nord,Mode,T-Shirt,1,40.66,10.0,Lastschrift,4.99,2,5.0,False,36.594,2024-05,Sunday
100258,2024-08-15,1527,54.0,Nord,Mode,Sneaker,2,33.38,25.0,Kreditkarte,4.99,4,5.0,False,50.07000000000001,2024-08,Thursday
100847,2023-11-15,1038,34.0,Mitte,Mode,Mütze,1,57.87,0.0,Kreditkarte,6.99,3,5.0,False,57.87,2023-11,Wednesday
104295,2024-03-19,389,43.0,Süd,Mode,Mütze,1,28.23,5.0,Kreditkarte,2.99,5,5.0,False,26.8185,2024-03,Tuesday
101233,2024-09-01,1304,52.0,Mitte,Haushalt,Bettwäsche,1,39.72,0.0,Kreditkarte,0.0,5,4.0,False,39.72,2024-09,Sunday
101127,2023-01-16,1229,54.0,Süd,Elektronik,Bluetooth-Lautsprecher,2,49.65,0.0,Sofortüberweisung,6.99,2,-1.0,False,99.3,2023-01,Monday
101967,2024-01-28,162,70.0,Nord,Elektronik,USB-Kabel,1,68.98,5.0,Rechnung,2.99,2,5.0,False,65.531,2024-01,Sunday
100558,2023-10-22,1776,26.0,Ost,Mode,Jeans,2,47.71,10.0,PayPal,0.0,6,-1.0,False,85.878,2023-10,Sunday
103982,2023-04-20,340,34.0,Nord,Elektronik,Bluetooth-Lautsprecher,1,19.29,0.0,Kreditkarte,0.0,3,4.0,False,19.29,2023-04,Thursday
100484,2023-04-27,299,40.0,Nord,Elektronik,Smartphone-Hülle,1,66.37,0.0,Kreditkarte,2.99,3,5.0,False,66.37,2023-04,Thursday
102211,2024-07-10,1575,26.0,West,Mode,Jacke,1,10.62,0.0,Sofortüberweisung,4.99,2,5.0,False,10.62,2024-07,Wednesday
101320,2024-11-03,1162,22.0,West,Mode,Mütze,1,28.0,0.0,Kreditkarte,0.0,4,5.0,False,28.0,2024-11,Sunday
102574,2024-04-06,1492,39.0,Mitte,Sport,Fitnessband,1,28.37,10.0,Sofortüberweisung,2.99,6,4.0,False,25.533,2024-04,Saturday
100007,2023-07-10,1290,27.0,West,Haushalt,Staubsauger,4,13.77,15.0,Rechnung,4.99,6,4.0,False,46.818,2023-07,Monday
104407,2023-05-18,1437,57.0,Nord,Bücher,Comic,1,9.27,10.0,Kreditkarte,0.0,3,4.0,False,8.343,2023-05,Thursday
103254,2024-02-05,110,26.0,Nord,Mode,Mütze,2,44.7,0.0,Kreditkarte,0.0,1,5.0,False,89.4,2024-02,Monday
101450,2024-04-13,491,63.0,Nord,Haushalt,Bettwäsche,1,89.66,5.0,PayPal,4.99,2,5.0,False,85.17699999999999,2024-04,Saturday
104058,2023-09-15,157,30.0,Süd,Haushalt,Staubsauger,2,54.2,0.0,Kreditkarte,0.0,5,2.0,False,108.4,2023-09,Friday
101814,2023-07-10,1060,41.0,Mitte,Haushalt,Bettwäsche,3,101.38,0.0,Lastschrift,0.0,4,4.0,False,304.14,2023-07,Monday
100773,2023-08-02,1057,28.0,Nord,Haushalt,Kaffeemaschine,3,41.47,0.0,PayPal,4.99,5,-1.0,False,124.41,2023-08,Wednesday
101011,2024-01-16,19,20.0,Süd,Mode,Jeans,2,26.97,0.0,Sofortüberweisung,4.99,2,-1.0,False,53.94,2024-01,Tuesday
103145,2023-04-07,863,25.0,Ost,Sport,Fitnessband,2,31.29,0.0,Rechnung,0.0,3,-1.0,True,62.58,2023-04,Friday
102815,2023-08-20,293,22.0,West,Elektronik,Smartphone-Hülle,1,12.13,0.0,Lastschrift,4.99,3,4.0,False,12.13,2023-08,Sunday
101991,2023-10-18,560,36.0,Nord,Mode,Mütze,1,11.33,15.0,PayPal,4.99,5,4.0,False,9.6305,2023-10,Wednesday
101277,2023-02-16,1102,35.0,Nord,Bücher,Roman,1,13.09,10.0,PayPal,0.0,2,4.0,False,11.781,2023-02,Thursday
101783,2023-08-12,250,34.0,Nord,Elektronik,Powerbank,1,77.27,0.0,Rechnung,6.99,3,4.0,False,77.27,2023-08,Saturday
103168,2024-12-04,1295,29.0,Mitte,Mode,Jeans,1,16.74,0.0,PayPal,0.0,2,4.0,False,16.74,2024-12,Wednesday
100446,2023-05-21,1230,18.0,Nord,Sport,Yogamatte,1,36.02,10.0,Kreditkarte,4.99,1,4.0,False,32.418000000000006,2023-05,Sunday
100880,2024-08-11,745,23.0,Süd,Elektronik,Smartphone-Hülle,1,28.17,0.0,Rechnung,0.0,2,2.0,False,28.17,2024-08,Sunday
104504,2024-06-03,1227,26.0,Nord,Bücher,Kochbuch,1,22.38,15.0,Kreditkarte,4.99,1,5.0,False,19.023,2024-06,Monday
100781,2024-03-21,604,33.0,Mitte,Haushalt,Pfannenset,1,76.74,0.0,PayPal,0.0,6,-1.0,False,76.74,2024-03,Thursday
101749,2024-11-13,84,43.0,Nord,Sport,Laufschuhe,1,11.34,15.0,Kreditkarte,2.99,5,5.0,False,9.639,2024-11,Wednesday
103456,2023-08-08,1697,46.0,Nord,Elektronik,Powerbank,1,44.87,0.0,Rechnung,6.99,1,5.0,False,44.87,2023-08,Tuesday
104931,2024-02-29,140,33.0,Mitte,Bücher,Comic,1,16.3,0.0,Kreditkarte,2.99,8,4.0,False,16.3,2024-02,Thursday
100883,2023-03-03,1263,49.0,Ost,Sport,Yogamatte,1,29.44,0.0,Lastschrift,0.0,2,5.0,False,29.44,2023-03,Friday
103774,2023-08-26,684,53.0,West,Bücher,Comic,1,39.84,0.0,PayPal,2.99,5,5.0,False,39.84,2023-08,Saturday
101091,2024-02-28,1683,37.0,Ost,Haushalt,Bettwäsche,1,85.14,0.0,Sofortüberweisung,2.99,2,4.0,False,85.14,2024-02,Wednesday
102997,2024-06-03,756,56.0,Mitte,Haushalt,Pfannenset,1,56.42,15.0,Sofortüberweisung,2.99,6,4.0,False,47.957,2024-06,Monday
100531,2023-08-02,1536,40.0,Süd,Haushalt,Bettwäsche,2,63.23,0.0,Lastschrift,2.99,3,5.0,False,126.46,2023-08,Wednesday
104100,2024-09-15,1194,36.0,Nord,Mode,Sneaker,4,30.37,0.0,Lastschrift,0.0,2,2.0,False,121.48,2024-09,Sunday
104244,2023-05-02,1089,34.0,Ost,Haushalt,Pfannenset,4,144.4,15.0,Sofortüberweisung,2.99,5,4.0,False,490.96,2023-05,Tuesday
104139,2023-02-26,1399,42.0,Ost,Elektronik,Powerbank,1,9.56,20.0,Rechnung,2.99,2,2.0,False,7.648000000000001,2023-02,Sunday
101727,2023-07-21,1615,21.0,West,Haushalt,Bettwäsche,4,65.48,0.0,Rechnung,4.99,1,5.0,False,261.92,2023-07,Friday
100610,2024-11-17,1265,29.0,Ost,Elektronik,Powerbank,1,83.45,10.0,Kreditkarte,0.0,3,3.0,False,75.105,2024-11,Sunday
100570,2024-09-30,1651,22.0,Mitte,Elektronik,USB-Kabel,1,20.84,0.0,Lastschrift,4.99,1,4.0,False,20.84,2024-09,Monday
104440,2024-11-08,38,31.0,Mitte,Mode,Mütze,1,33.51,5.0,Kreditkarte,2.99,2,4.0,False,31.834499999999995,2024-11,Friday
104092,2023-11-09,1164,48.0,Ost,Mode,Jeans,2,33.26,0.0,PayPal,0.0,4,-1.0,False,66.52,2023-11,Thursday
100343,2024-07-30,1574,39.0,West,Mode,Sneaker,1,38.63,5.0,Sofortüberweisung,0.0,4,3.0,True,36.6985,2024-07,Tuesday
103269,2023-08-22,487,60.0,Süd,Elektronik,Bluetooth-Lautsprecher,1,45.63,0.0,Rechnung,4.99,5,5.0,False,45.63,2023-08,Tuesday
103203,2023-02-27,1446,46.0,Süd,Elektronik,Smartphone-Hülle,1,27.0,0.0,Kreditkarte,2.99,5,5.0,False,27.0,2023-02,Monday
100434,2024-08-06,901,38.0,Mitte,Haushalt,Pfannenset,1,41.02,0.0,Lastschrift,0.0,2,4.0,False,41.02,2024-08,Tuesday
101903,2023-03-31,156,40.0,Süd,Haushalt,Bettwäsche,4,46.89,10.0,Rechnung,0.0,4,5.0,False,168.804,2023-03,Friday
103877,2023-03-18,1750,35.0,Ost,Mode,Sneaker,1,42.64,0.0,Rechnung,4.99,3,5.0,False,42.64,2023-03,Saturday
103285,2023-07-23,1653,39.0,West,Mode,Sneaker,3,41.65,20.0,Sofortüberweisung,2.99,1,-1.0,False,99.96,2023-07,Sunday
102069,2024-09-15,710,41.0,Süd,Bücher,Sachbuch,1,6.54,0.0,Kreditkarte,4.99,7,4.0,True,6.54,2024-09,Sunday
101537,2024-09-22,471,34.0,West,Elektronik,USB-Kabel,4,52.43,0.0,Sofortüberweisung,2.99,9,3.0,False,209.72,2024-09,Sunday
102295,2024-01-04,1005,46.0,West,Mode,Sneaker,4,27.66,0.0,PayPal,6.99,5,4.0,False,110.64,2024-01,Thursday
102988,2024-05-17,389,39.0,Ost,Elektronik,Smartphone-Hülle,3,56.63,0.0,Sofortüberweisung,6.99,2,5.0,False,169.89000000000001,2024-05,Friday
101517,2024-11-02,1736,57.0,West,Mode,Sneaker,1,68.54,0.0,PayPal,6.99,6,5.0,False,68.54,2024-11,Saturday
100965,2024-05-28,62,38.0,Nord,Elektronik,Kopfhörer,2,69.58,15.0,Kreditkarte,6.99,6,4.0,False,118.28599999999999,2024-05,Tuesday
104450,2023-03-21,1574,20.0,Ost,Mode,Jacke,1,23.89,5.0,Kreditkarte,4.99,5,4.0,True,22.6955,2023-03,Tuesday
100528,2023-01-05,1695,38.0,West,Mode,Mütze,1,59.19,0.0,Sofortüberweisung,4.99,4,5.0,False,59.19,2023-01,Thursday
100176,2024-12-25,367,45.0,Süd,Haushalt,Kaffeemaschine,1,43.8,0.0,Rechnung,4.99,4,5.0,False,43.8,2024-12,Wednesday
103552,2024-02-04,588,38.0,West,Mode,Jacke,2,27.97,5.0,Sofortüberweisung,4.99,5,5.0,False,53.142999999999994,2024-02,Sunday
102592,2023-10-03,30,24.0,Nord,Haushalt,Bettwäsche,1,27.3,0.0,Kreditkarte,2.99,1,5.0,False,27.3,2023-10,Tuesday
104733,2023-07-05,1476,18.0,Nord,Bücher,Kinderbuch,1,18.51,0.0,Kreditkarte,0.0,3,4.0,False,18.51,2023-07,Wednesday
100572,2023-06-12,1453,36.0,Ost,Mode,T-Shirt,4,42.69,0.0,Rechnung,0.0,2,5.0,False,170.76,2023-06,Monday
103849,2023-11-09,1504,47.0,West,Mode,Jeans,1,11.05,20.0,Kreditkarte,4.99,6,4.0,False,8.840000000000002,2023-11,Thursday
103859,2023-11-27,907,46.0,West,Sport,Yogamatte,1,47.49,0.0,Lastschrift,0.0,3,4.0,False,47.49,2023-11,Monday
102873,2023-06-16,485,30.0,West,Mode,Jeans,3,41.68,20.0,Rechnung,0.0,3,5.0,False,100.032,2023-06,Friday
103277,2023-05-02,1208,48.0,West,Haushalt,Staubsauger,2,53.22,0.0,Sofortüberweisung,4.99,1,1.0,False,106.44,2023-05,Tuesday
102633,2023-12-26,918,18.0,Nord,Mode,Jeans,1,26.91,10.0,Sofortüberweisung,2.99,4,5.0,False,24.219,2023-12,Tuesday
102208,2024-07-16,1154,45.0,Süd,Haushalt,Pfannenset,1,101.84,0.0,Sofortüberweisung,4.99,3,4.0,True,101.84,2024-07,Tuesday
102614,2024-10-30,1409,43.0,Ost,Haushalt,Kaffeemaschine,1,39.5,0.0,Kreditkarte,6.99,2,5.0,False,39.5,2024-10,Wednesday
102810,2024-04-17,483,18.0,Süd,Elektronik,Smartphone-Hülle,2,24.26,0.0,Kreditkarte,0.0,5,3.0,False,48.52,2024-04,Wednesday
100383,2024-08-07,796,26.0,Mitte,Mode,Mütze,1,26.65,0.0,Kreditkarte,2.99,2,3.0,True,26.65,2024-08,Wednesday
100852,2023-06-18,1179,34.0,Ost,Mode,Jeans,1,32.25,0.0,Sofortüberweisung,2.99,2,4.0,False,32.25,2023-06,Sunday
101880,2023-03-24,498,32.0,Ost,Elektronik,Bluetooth-Lautsprecher,2,56.95,10.0,Kreditkarte,2.99,4,5.0,False,102.51,2023-03,Friday
100370,2024-07-11,1152,21.0,Mitte,Bücher,Comic,1,22.96,0.0,Sofortüberweisung,0.0,6,4.0,False,22.96,2024-07,Thursday
102422,2023-10-25,790,48.0,Nord,Mode,Sneaker,1,58.44,15.0,PayPal,4.99,2,2.0,False,49.674,2023-10,Wednesday
104367,2023-10-21,1641,18.0,Ost,Elektronik,Smartphone-Hülle,1,28.35,0.0,PayPal,6.99,5,5.0,False,28.35,2023-10,Saturday
101105,2024-05-16,981,38.0,Mitte,Mode,Mütze,2,42.85,10.0,Kreditkarte,6.99,5,3.0,False,77.13000000000001,2024-05,Thursday
104235,2024-05-10,354,19.0,West,Elektronik,USB-Kabel,1,42.42,10.0,PayPal,4.99,1,4.0,False,38.178000000000004,2024-05,Friday
104023,2024-12-07,915,38.0,Ost,Mode,Jacke,2,30.92,25.0,Lastschrift,2.99,2,3.0,False,46.38,2024-12,Saturday
101336,2024-09-04,874,36.0,Nord,Elektronik,Bluetooth-Lautsprecher,1,17.15,0.0,PayPal,6.99,1,4.0,False,17.15,2024-09,Wednesday
102189,2024-03-28,400,21.0,Süd,Elektronik,USB-Kabel,4,75.06,5.0,Rechnung,2.99,6,4.0,False,285.228,2024-03,Thursday
104639,2024-08-09,391,20.0,West,Haushalt,Pfannenset,1,92.26,0.0,Sofortüberweisung,4.99,5,4.0,False,92.26,2024-08,Friday
103610,2023-03-12,1245,22.0,Süd,Elektronik,Powerbank,2,21.0,10.0,Sofortüberweisung,2.99,2,5.0,False,37.800000000000004,2023-03,Sunday
103006,2023-12-24,151,28.0,Nord,Mode,Jacke,1,18.08,0.0,Sofortüberweisung,6.99,1,3.0,False,18.08,2023-12,Sunday
104897,2023-02-26,277,43.0,Nord,Mode,Jacke,1,16.77,0.0,Rechnung,2.99,9,3.0,False,16.77,2023-02,Sunday
101171,2023-04-02,1355,47.0,Süd,Haushalt,Staubsauger,1,23.36,15.0,Rechnung,0.0,3,5.0,False,19.855999999999998,2023-04,Sunday
102644,2023-10-23,1640,46.0,Süd,Haushalt,Staubsauger,1,197.74,0.0,Lastschrift,0.0,2,4.0,False,197.74,2023-10,Monday
104003,2023-09-06,1255,26.0,Nord,Elektronik,Bluetooth-Lautsprecher,1,16.27,0.0,Kreditkarte,6.99,2,5.0,False,16.27,2023-09,Wednesday
101422,2023-03-09,817,18.0,Ost,Elektronik,Smartphone-Hülle,2,163.12,0.0,Lastschrift,4.99,3,5.0,False,326.24,2023-03,Thursday
102647,2024-02-12,125,40.0,Nord,Mode,Jeans,1,7.1,0.0,Sofortüberweisung,2.99,4,4.0,False,7.1,2024-02,Monday
104487,2024-01-06,867,53.0,Süd,Mode,T-Shirt,2,41.34,0.0,Sofortüberweisung,4.99,1,5.0,False,82.68,2024-01,Saturday
104197,2023-09-24,1666,46.0,Mitte,Sport,Yogamatte,1,29.18,0.0,Lastschrift,6.99,3,5.0,False,29.18,2023-09,Sunday
101464,2023-03-13,1294,31.0,Nord,Mode,Sneaker,2,13.52,0.0,Kreditkarte,4.99,5,-1.0,False,27.04,2023-03,Monday
100874,2024-11-03,1718,61.0,West,Sport,Laufschuhe,2,28.76,5.0,Sofortüberweisung,4.99,1,4.0,False,54.644,2024-11,Sunday
102297,2023-08-04,584,51.0,Nord,Mode,Jeans,4,99.54,0.0,PayPal,6.99,5,5.0,False,398.16,2023-08,Friday
103593,2023-02-01,2,18.0,West,Mode,Sneaker,1,8.7,0.0,Kreditkarte,6.99,6,5.0,False,8.7,2023-02,Wednesday
104384,2023-03-01,221,40.0,West,Elektronik,Smartphone-Hülle,1,49.05,5.0,Lastschrift,4.99,3,1.0,False,46.5975,2023-03,Wednesday
101251,2023-02-12,918,20.0,Mitte,Mode,T-Shirt,2,19.22,25.0,PayPal,0.0,3,5.0,False,28.83,2023-02,Sunday
102706,2023-04-06,1142,40.0,West,Elektronik,Bluetooth-Lautsprecher,5,36.48,0.0,Rechnung,6.99,4,5.0,False,182.39999999999998,2023-04,Thursday
100840,2024-07-30,1048,18.0,Nord,Elektronik,USB-Kabel,2,37.74,20.0,Kreditkarte,0.0,1,3.0,True,60.38400000000001,2024-07,Tuesday
103132,2023-06-29,1286,25.0,Nord,Mode,Mütze,1,54.01,15.0,PayPal,0.0,4,4.0,False,45.9085,2023-06,Thursday
100581,2023-04-12,387,18.0,West,Elektronik,USB-Kabel,1,1185.3923484331451,0.0,PayPal,2.99,1,3.0,False,1185.3923484331451,2023-04,Wednesday
100204,2023-09-17,1371,24.0,West,Sport,Trinkflasche,1,28.49,0.0,PayPal,0.0,6,5.0,False,28.49,2023-09,Sunday
101641,2024-11-20,609,39.0,Nord,Bücher,Comic,1,21.83,0.0,Lastschrift,4.99,2,5.0,False,21.83,2024-11,Wednesday
102014,2023-05-20,826,42.0,West,Elektronik,Bluetooth-Lautsprecher,2,10.71,0.0,Kreditkarte,4.99,4,3.0,False,21.42,2023-05,Saturday
100905,2024-11-22,276,18.0,Ost,Elektronik,Powerbank,2,9.76,0.0,Kreditkarte,2.99,5,5.0,False,19.52,2024-11,Friday
100631,2024-09-02,321,50.0,Mitte,Elektronik,Smartphone-Hülle,1,57.56,0.0,Lastschrift,4.99,5,5.0,False,57.56,2024-09,Monday
104010,2024-08-01,869,45.0,Ost,Mode,Sneaker,2,32.67,0.0,Sofortüberweisung,2.99,2,3.0,False,65.34,2024-08,Thursday
101974,2024-01-26,1229,36.0,West,Mode,T-Shirt,1,28.71,0.0,Sofortüberweisung,4.99,4,3.0,False,28.71,2024-01,Friday
100162,2024-10-16,1387,31.0,Mitte,Bücher,Sachbuch,2,18.87,0.0,Sofortüberweisung,2.99,6,3.0,False,37.74,2024-10,Wednesday
103316,2023-06-11,1378,25.0,Nord,Sport,Fitnessband,2,48.66,0.0,Lastschrift,4.99,3,5.0,False,97.32,2023-06,Sunday
104529,2023-09-14,544,23.0,Ost,Elektronik,Bluetooth-Lautsprecher,1,54.91,0.0,Rechnung,0.0,5,4.0,False,54.91,2023-09,Thursday
104540,2024-07-13,266,29.0,West,Elektronik,Kopfhörer,3,119.96,10.0,PayPal,4.99,5,5.0,False,323.892,2024-07,Saturday
100617,2024-02-17,1735,59.0,Ost,Mode,Mütze,2,42.8,20.0,Rechnung,0.0,3,5.0,True,68.48,2024-02,Saturday
100875,2023-10-09,1158,28.0,Nord,Mode,Jacke,2,21.28,10.0,Sofortüberweisung,6.99,4,3.0,False,38.304,2023-10,Monday
101431,2024-04-29,894,27.0,Süd,Sport,Hantel,3,41.34,0.0,Kreditkarte,6.99,4,4.0,False,124.02000000000001,2024-04,Monday
100547,2024-12-23,1465,44.0,Süd,Haushalt,Pfannenset,1,25.65,0.0,PayPal,0.0,7,5.0,False,25.65,2024-12,Monday
103402,2024-05-15,734,37.0,Ost,Elektronik,Smartphone-Hülle,1,61.61,0.0,Lastschrift,2.99,3,5.0,False,61.61,2024-05,Wednesday
104591,2024-01-27,1347,46.0,Nord,Elektronik,Bluetooth-Lautsprecher,1,46.3,0.0,Kreditkarte,2.99,2,4.0,False,46.3,2024-01,Saturday
104266,2023-10-28,157,35.0,Nord,Haushalt,Bettwäsche,1,29.14,0.0,Rechnung,4.99,6,5.0,False,29.14,2023-10,Saturday
103931,2024-05-02,176,28.0,Nord,Elektronik,Kopfhörer,1,80.09,0.0,Lastschrift,4.99,4,5.0,False,80.09,2024-05,Thursday
102718,2024-10-21,632,23.0,Nord,Mode,Jacke,2,30.78,0.0,Rechnung,0.0,5,5.0,False,61.56,2024-10,Monday
104771,2024-03-12,1280,56.0,Ost,Haushalt,Bettwäsche,2,68.26,0.0,Rechnung,6.99,2,5.0,False,136.52,2024-03,Tuesday
104122,2023-03-23,480,43.0,Nord,Elektronik,Bluetooth-Lautsprecher,4,10.13,10.0,PayPal,2.99,1,5.0,False,36.468,2023-03,Thursday
101861,2024-10-10,889,28.0,West,Bücher,Roman,1,36.73,0.0,Sofortüberweisung,6.99,3,2.0,False,36.73,2024-10,Thursday
100640,2024-01-24,1310,38.0,West,Elektronik,Kopfhörer,1,38.71,0.0,Lastschrift,0.0,4,5.0,False,38.71,2024-01,Wednesday
103048,2023-12-17,28,31.0,Nord,Elektronik,Powerbank,1,39.95,0.0,Rechnung,0.0,2,5.0,False,39.95,2023-12,Sunday
100637,2023-11-07,498,41.0,Süd,Sport,Laufschuhe,2,275.88368577022345,0.0,Rechnung,0.0,4,4.0,False,551.7673715404469,2023-11,Tuesday
104903,2024-05-10,114,39.0,West,Haushalt,Staubsauger,1,75.72,5.0,Rechnung,4.99,3,5.0,False,71.934,2024-05,Friday
104799,2023-07-30,1102,31.0,Ost,Mode,Sneaker,1,14.75,15.0,PayPal,4.99,1,5.0,False,12.5375,2023-07,Sunday
103047,2024-07-14,1362,42.0,Mitte,Sport,Fitnessband,4,15.95,0.0,Kreditkarte,2.99,3,5.0,False,63.8,2024-07,Sunday
102096,2024-10-02,1322,28.0,Nord,Elektronik,Bluetooth-Lautsprecher,2,43.42,0.0,PayPal,0.0,1,5.0,False,86.84,2024-10,Wednesday
102526,2023-11-16,1313,49.0,Ost,Bücher,Kinderbuch,1,12.19,0.0,Lastschrift,0.0,4,5.0,True,12.19,2023-11,Thursday
103138,2023-05-12,1754,33.0,Mitte,Haushalt,Pfannenset,2,34.05,10.0,Kreditkarte,2.99,6,5.0,False,61.29,2023-05,Friday
103747,2023-02-28,1558,62.0,Süd,Bücher,Roman,5,6.9,15.0,Lastschrift,0.0,2,2.0,False,29.325,2023-02,Tuesday
102899,2023-04-28,99,45.0,West,Haushalt,Staubsauger,3,29.24,5.0,PayPal,0.0,5,4.0,False,83.33399999999999,2023-04,Friday
100921,2024-10-11,1343,50.0,Nord,Haushalt,Bettwäsche,1,44.11,0.0,Sofortüberweisung,2.99,3,4.0,False,44.11,2024-10,Friday
100546,2024-04-14,1531,20.0,Nord,Haushalt,Pfannenset,1,69.75,0.0,PayPal,4.99,1,4.0,False,69.75,2024-04,Sunday
103739,2023-05-26,1359,52.0,Ost,Sport,Hantel,1,80.68,0.0,Lastschrift,2.99,4,5.0,False,80.68,2023-05,Friday
101900,2024-10-30,644,52.0,Süd,Mode,Sneaker,1,20.33,20.0,Kreditkarte,2.99,2,4.0,False,16.264,2024-10,Wednesday
102028,2023-09-16,1584,46.0,Süd,Elektronik,Powerbank,2,72.55,0.0,Rechnung,2.99,5,2.0,False,145.1,2023-09,Saturday
102301,2023-06-09,1669,18.0,Ost,Mode,Jeans,2,44.94,0.0,Lastschrift,4.99,9,4.0,False,89.88,2023-06,Friday
101885,2023-04-10,103,20.0,Ost,Haushalt,Kaffeemaschine,2,75.5,5.0,Sofortüberweisung,6.99,6,4.0,False,143.45,2023-04,Monday
101642,2024-10-04,1526,46.0,Nord,Mode,T-Shirt,1,9.32,0.0,Kreditkarte,0.0,4,5.0,False,9.32,2024-10,Friday
104398,2024-11-12,72,70.0,West,Elektronik,Smartphone-Hülle,1,19.57,5.0,Sofortüberweisung,0.0,3,5.0,False,18.5915,2024-11,Tuesday
104858,2024-07-21,526,29.0,Nord,Sport,Fitnessband,2,29.81,0.0,Kreditkarte,2.99,1,4.0,False,59.62,2024-07,Sunday
102097,2024-07-29,1266,18.0,Ost,Bücher,Roman,1,11.99,5.0,Kreditkarte,4.99,3,3.0,False,11.3905,2024-07,Monday
104401,2024-05-03,250,28.0,West,Haushalt,Lampe,2,13.09,0.0,PayPal,4.99,1,4.0,False,26.18,2024-05,Friday
103633,2023-10-16,1287,53.0,Mitte,Sport,Yogamatte,5,32.32,0.0,Kreditkarte,2.99,2,5.0,False,161.6,2023-10,Monday
104539,2024-02-01,1160,33.0,Ost,Sport,Fitnessband,2,28.63,0.0,Sofortüberweisung,2.99,2,5.0,False,57.26,2024-02,Thursday
103351,2023-12-04,1186,36.0,Nord,Sport,Yogamatte,1,26.32,0.0,Rechnung,0.0,3,4.0,False,26.32,2023-12,Monday
100836,2024-05-28,1363,34.0,Nord,Mode,Jacke,2,20.41,5.0,PayPal,2.99,4,5.0,False,38.778999999999996,2024-05,Tuesday
100601,2023-07-31,1729,18.0,West,Elektronik,Smartphone-Hülle,1,44.94,0.0,Rechnung,4.99,1,4.0,False,44.94,2023-07,Monday
102184,2023-10-19,636,42.0,Nord,Mode,Jeans,2,24.19,0.0,PayPal,6.99,1,4.0,False,48.38,2023-10,Thursday
103941,2023-01-05,1336,51.0,Nord,Mode,Jacke,5,52.1,0.0,PayPal,2.99,7,5.0,False,260.5,2023-01,Thursday
102528,2023-07-17,1296,48.0,Ost,Elektronik,Smartphone-Hülle,2,20.66,10.0,Rechnung,0.0,6,5.0,False,37.188,2023-07,Monday
104351,2024-11-08,732,27.0,Mitte,Haushalt,Bettwäsche,1,46.75,25.0,Lastschrift,2.99,2,5.0,False,35.0625,2024-11,Friday
101582,2023-08-16,1780,46.0,West,Haushalt,Kaffeemaschine,1,41.71,20.0,PayPal,0.0,4,4.0,False,33.368,2023-08,Wednesday
104310,2023-06-06,422,18.0,Mitte,Sport,Trinkflasche,1,51.1,20.0,PayPal,4.99,6,5.0,False,40.88,2023-06,Tuesday
103535,2024-05-15,1457,43.0,Ost,Mode,Jeans,1,22.97,0.0,Rechnung,0.0,7,4.0,False,22.97,2024-05,Wednesday
103226,2024-08-06,718,41.0,West,Elektronik,USB-Kabel,1,64.24,0.0,Sofortüberweisung,2.99,1,4.0,False,64.24,2024-08,Tuesday
101070,2024-04-19,588,47.0,West,Elektronik,Smartphone-Hülle,2,80.66,0.0,Kreditkarte,2.99,2,5.0,False,161.32,2024-04,Friday
101775,2024-08-14,1039,42.0,Mitte,Mode,Sneaker,1,33.94,0.0,PayPal,6.99,3,5.0,False,33.94,2024-08,Wednesday
104857,2024-08-21,727,33.0,Ost,Sport,Yogamatte,1,35.18,0.0,Kreditkarte,0.0,3,3.0,True,35.18,2024-08,Wednesday
101283,2023-09-19,454,18.0,Mitte,Haushalt,Pfannenset,1,28.85,0.0,Rechnung,2.99,4,5.0,False,28.85,2023-09,Tuesday
103112,2024-08-04,832,30.0,Nord,Elektronik,Smartphone-Hülle,1,13.55,0.0,Sofortüberweisung,4.99,4,4.0,False,13.55,2024-08,Sunday
104802,2023-01-17,128,38.0,Süd,Sport,Fitnessband,1,26.59,0.0,Rechnung,6.99,4,4.0,False,26.59,2023-01,Tuesday
101836,2024-02-10,1427,30.0,Mitte,Mode,Jeans,5,19.06,10.0,Kreditkarte,0.0,3,4.0,False,85.77,2024-02,Saturday
104286,2024-08-16,1152,47.0,Ost,Bücher,Roman,1,10.12,0.0,Rechnung,4.99,6,4.0,False,10.12,2024-08,Friday
101019,2024-02-11,1606,35.0,Ost,Elektronik,Smartphone-Hülle,1,113.48,25.0,Sofortüberweisung,6.99,4,5.0,False,85.11,2024-02,Sunday
103271,2023-06-04,1401,44.0,Ost,Mode,Jeans,1,28.41,20.0,Sofortüberweisung,0.0,5,3.0,False,22.728,2023-06,Sunday
101326,2023-10-17,71,40.0,Süd,Sport,Hantel,1,73.18,15.0,Rechnung,2.99,4,5.0,False,62.203,2023-10,Tuesday
100475,2024-04-23,1196,31.0,Süd,Mode,Jeans,3,14.29,0.0,Sofortüberweisung,0.0,9,1.0,False,42.87,2024-04,Tuesday
103516,2023-06-02,1322,35.0,Nord,Elektronik,Powerbank,1,55.03,10.0,Kreditkarte,2.99,6,4.0,False,49.527,2023-06,Friday
101651,2024-01-17,1088,35.0,Nord,Sport,Laufschuhe,1,6.58,5.0,Sofortüberweisung,4.99,3,5.0,False,6.2509999999999994,2024-01,Wednesday
104077,2023-06-10,1202,32.0,West,Mode,Sneaker,1,34.69,10.0,Kreditkarte,0.0,2,4.0,False,31.221,2023-06,Saturday
104329,2023-01-16,128,20.0,Ost,Sport,Yogamatte,1,17.86,0.0,Lastschrift,2.99,3,1.0,False,17.86,2023-01,Monday
104483,2024-04-15,979,58.0,Süd,Haushalt,Pfannenset,3,82.04,0.0,Lastschrift,4.99,3,5.0,False,246.12,2024-04,Monday
102523,2024-05-03,1289,38.0,Süd,Mode,Mütze,1,37.21,0.0,Kreditkarte,2.99,4,4.0,False,37.21,2024-05,Friday
102634,2024-09-10,418,28.0,Nord,Elektronik,Kopfhörer,3,25.62,0.0,Rechnung,2.99,1,5.0,False,76.86,2024-09,Tuesday
101373,2023-12-30,810,50.0,Nord,Haushalt,Bettwäsche,1,69.89,0.0,Kreditkarte,2.99,3,5.0,False,69.89,2023-12,Saturday
100739,2024-02-04,1254,37.0,Mitte,Haushalt,Kaffeemaschine,1,30.87,0.0,Sofortüberweisung,4.99,3,5.0,False,30.87,2024-02,Sunday
103691,2024-07-25,1684,48.0,West,Haushalt,Kaffeemaschine,1,29.44,5.0,Lastschrift,0.0,6,3.0,False,27.968,2024-07,Thursday
104784,2023-04-24,958,18.0,Ost,Elektronik,Powerbank,1,25.77,15.0,Rechnung,0.0,5,4.0,False,21.9045,2023-04,Monday
100867,2024-10-06,846,35.0,West,Haushalt,Bettwäsche,2,66.9,0.0,Kreditkarte,0.0,4,5.0,False,133.8,2024-10,Sunday
101140,2024-11-28,1024,40.0,Süd,Mode,T-Shirt,2,37.83,0.0,Rechnung,6.99,6,-1.0,False,75.66,2024-11,Thursday
100997,2024-02-22,1432,41.0,Mitte,Mode,Jacke,2,11.99,0.0,Rechnung,0.0,4,5.0,False,23.98,2024-02,Thursday
101337,2024-09-06,1404,44.0,West,Sport,Yogamatte,2,25.31,5.0,Kreditkarte,4.99,7,4.0,False,48.089,2024-09,Friday
100541,2024-07-21,232,28.0,Ost,Bücher,Roman,1,21.51,20.0,Kreditkarte,2.99,5,3.0,False,17.208000000000002,2024-07,Sunday
101099,2023-11-28,1300,24.0,Süd,Haushalt,Lampe,2,69.2,0.0,Sofortüberweisung,0.0,2,5.0,False,138.4,2023-11,Tuesday
101132,2024-02-01,1774,38.0,Mitte,Elektronik,USB-Kabel,3,44.93,5.0,Lastschrift,4.99,3,5.0,False,128.0505,2024-02,Thursday
104901,2023-10-11,1664,41.0,West,Haushalt,Lampe,1,40.8,20.0,Lastschrift,2.99,3,4.0,False,32.64,2023-10,Wednesday
104898,2024-04-12,604,19.0,Süd,Sport,Hantel,1,34.09,0.0,Rechnung,4.99,1,2.0,False,34.09,2024-04,Friday
102258,2024-03-16,1564,54.0,Süd,Elektronik,Powerbank,1,60.71,0.0,Kreditkarte,0.0,4,5.0,False,60.71,2024-03,Saturday
104065,2024-08-08,1402,43.0,West,Haushalt,Bettwäsche,1,90.97,25.0,Lastschrift,6.99,5,4.0,False,68.22749999999999,2024-08,Thursday
100059,2024-02-27,1052,22.0,Süd,Haushalt,Staubsauger,1,49.25,0.0,Kreditkarte,6.99,3,1.0,False,49.25,2024-02,Tuesday
102942,2023-08-24,546,58.0,Mitte,Elektronik,Powerbank,1,10.45,0.0,PayPal,0.0,7,3.0,False,10.45,2023-08,Thursday
101938,2024-12-15,643,47.0,Mitte,Haushalt,Bettwäsche,3,119.39,0.0,Lastschrift,2.99,2,-1.0,False,358.17,2024-12,Sunday
102627,2024-08-08,874,42.0,Ost,Haushalt,Pfannenset,2,68.43,15.0,Sofortüberweisung,2.99,3,4.0,False,116.331,2024-08,Thursday
104986,2023-01-12,1294,30.0,Nord,Elektronik,Kopfhörer,1,71.85,0.0,Sofortüberweisung,0.0,5,4.0,False,71.85,2023-01,Thursday
101078,2023-10-16,1554,40.0,West,Haushalt,Bettwäsche,2,69.37,15.0,PayPal,0.0,5,3.0,False,117.929,2023-10,Monday
102977,2023-02-16,1489,27.0,Nord,Haushalt,Staubsauger,2,57.59,0.0,Rechnung,2.99,5,5.0,False,115.18,2023-02,Thursday
104880,2024-11-02,1277,36.0,Süd,Haushalt,Staubsauger,2,15.16,15.0,Kreditkarte,0.0,5,1.0,False,25.772,2024-11,Saturday
102535,2024-07-02,769,37.0,Nord,Elektronik,Bluetooth-Lautsprecher,1,34.88,20.0,Rechnung,2.99,1,4.0,False,27.904000000000003,2024-07,Tuesday
100940,2024-06-08,618,57.0,Nord,Mode,Sneaker,1,23.22,0.0,Lastschrift,2.99,5,5.0,False,23.22,2024-06,Saturday
101080,2024-03-15,1565,21.0,Süd,Elektronik,Bluetooth-Lautsprecher,1,74.0,0.0,PayPal,6.99,5,2.0,False,74.0,2024-03,Friday
100187,2024-07-08,1710,28.0,Süd,Elektronik,USB-Kabel,1,45.9,0.0,PayPal,4.99,8,4.0,False,45.9,2024-07,Monday
102686,2024-05-19,1293,42.0,Süd,Elektronik,Powerbank,1,24.65,0.0,PayPal,4.99,1,4.0,False,24.65,2024-05,Sunday
102085,2024-06-02,324,55.0,Süd,Mode,Jeans,2,11.55,0.0,Sofortüberweisung,4.99,2,3.0,False,23.1,2024-06,Sunday
102249,2024-06-04,887,45.0,West,Bücher,Kochbuch,3,15.91,0.0,PayPal,0.0,4,3.0,False,47.730000000000004,2024-06,Tuesday
104940,2024-09-16,1613,18.0,Süd,Haushalt,Bettwäsche,4,75.32,0.0,Rechnung,0.0,2,2.0,False,301.28,2024-09,Monday
102023,2023-05-22,6,24.0,West,Sport,Fitnessband,1,34.31,25.0,PayPal,4.99,2,4.0,False,25.7325,2023-05,Monday
103782,2024-12-20,337,43.0,Ost,Sport,Trinkflasche,4,39.9,0.0,Sofortüberweisung,0.0,5,5.0,False,159.6,2024-12,Friday
101492,2023-04-28,704,34.0,Mitte,Mode,Jeans,1,23.34,15.0,Sofortüberweisung,4.99,5,3.0,False,19.839,2023-04,Friday
103679,2023-08-18,11,48.0,Ost,Haushalt,Staubsauger,1,120.78,0.0,Kreditkarte,0.0,8,5.0,False,120.78,2023-08,Friday
100226,2024-10-24,971,66.0,Süd,Sport,Yogamatte,1,23.11,0.0,Sofortüberweisung,4.99,3,5.0,False,23.11,2024-10,Thursday
103370,2024-02-27,1588,38.0,Nord,Mode,Jacke,2,20.78,20.0,Kreditkarte,4.99,6,5.0,False,33.248000000000005,2024-02,Tuesday
101929,2024-07-26,904,46.0,West,Elektronik,Smartphone-Hülle,2,15.48,0.0,Sofortüberweisung,6.99,6,4.0,False,30.96,2024-07,Friday
103641,2023-02-08,1165,29.0,Süd,Bücher,Kinderbuch,1,17.35,10.0,Rechnung,0.0,5,4.0,False,15.615000000000002,2023-02,Wednesday
104534,2024-09-29,1072,37.0,Nord,Bücher,Comic,1,47.78,0.0,Sofortüberweisung,0.0,4,4.0,False,47.78,2024-09,Sunday
101404,2023-06-03,1109,40.0,Mitte,Mode,Jacke,2,51.48,0.0,Sofortüberweisung,2.99,4,4.0,False,102.96,2023-06,Saturday
102179,2023-10-14,1600,29.0,Süd,Sport,Hantel,1,17.07,0.0,Lastschrift,4.99,7,4.0,False,17.07,2023-10,Saturday
100697,2023-12-08,317,24.0,Ost,Haushalt,Pfannenset,2,48.8,0.0,Sofortüberweisung,4.99,3,4.0,False,97.6,2023-12,Friday
101124,2023-10-31,1754,26.0,Mitte,Sport,Laufschuhe,1,20.22,0.0,Sofortüberweisung,0.0,2,5.0,False,20.22,2023-10,Tuesday
102890,2024-06-10,1088,50.0,West,Sport,Yogamatte,1,20.96,10.0,Lastschrift,4.99,3,4.0,False,18.864,2024-06,Monday
102978,2024-11-04,661,19.0,West,Haushalt,Lampe,5,23.0,0.0,Rechnung,4.99,3,4.0,False,115.0,2024-11,Monday
101778,2023-07-30,1009,38.0,Mitte,Sport,Trinkflasche,1,3.81,0.0,Sofortüberweisung,4.99,5,5.0,False,3.81,2023-07,Sunday
102917,2024-09-02,444,34.0,Mitte,Mode,Jacke,2,22.81,0.0,Kreditkarte,2.99,3,5.0,False,45.62,2024-09,Monday
101037,2024-04-19,866,44.0,Ost,Bücher,Kochbuch,1,6.74,15.0,Rechnung,4.99,5,5.0,False,5.729,2024-04,Friday
104217,2023-08-22,1704,43.0,Nord,Mode,Mütze,2,8.04,0.0,Kreditkarte,0.0,4,1.0,False,16.08,2023-08,Tuesday
102256,2024-06-15,1460,18.0,Nord,Mode,Jacke,1,14.28,5.0,Kreditkarte,4.99,6,2.0,False,13.565999999999999,2024-06,Saturday
100313,2023-12-11,861,50.0,Nord,Bücher,Sachbuch,1,15.97,0.0,Sofortüberweisung,6.99,4,5.0,False,15.97,2023-12,Monday
102281,2023-07-02,889,40.0,Mitte,Elektronik,Bluetooth-Lautsprecher,2,33.81,0.0,PayPal,4.99,3,5.0,False,67.62,2023-07,Sunday
101416,2023-07-31,448,38.0,Nord,Sport,Yogamatte,1,10.48,0.0,Rechnung,2.99,8,-1.0,False,10.48,2023-07,Monday
101036,2023-12-29,476,28.0,Ost,Mode,Sneaker,2,4.96,0.0,PayPal,0.0,2,4.0,False,9.92,2023-12,Friday
102159,2023-10-02,1595,56.0,West,Mode,Jacke,1,26.19,0.0,Sofortüberweisung,4.99,6,5.0,False,26.19,2023-10,Monday
104205,2024-09-27,293,18.0,West,Mode,Jacke,1,13.11,0.0,Lastschrift,4.99,2,4.0,False,13.11,2024-09,Friday
101754,2024-06-06,1161,51.0,Süd,Mode,T-Shirt,1,21.71,0.0,Rechnung,6.99,5,4.0,False,21.71,2024-06,Thursday
103176,2024-06-01,1453,38.0,Ost,Bücher,Sachbuch,1,17.95,0.0,PayPal,6.99,1,5.0,False,17.95,2024-06,Saturday
104303,2024-09-06,756,29.0,West,Mode,T-Shirt,2,79.53,15.0,PayPal,4.99,2,4.0,False,135.201,2024-09,Friday
102751,2023-01-05,879,33.0,Mitte,Elektronik,USB-Kabel,1,18.41,0.0,Rechnung,4.99,4,1.0,False,18.41,2023-01,Thursday
103273,2024-05-16,1141,32.0,West,Haushalt,Pfannenset,3,35.9,10.0,Rechnung,4.99,1,3.0,False,96.92999999999999,2024-05,Thursday
103413,2023-07-01,1337,43.0,Ost,Elektronik,Smartphone-Hülle,2,89.21,20.0,Rechnung,2.99,1,5.0,False,142.736,2023-07,Saturday
103499,2023-04-19,979,44.0,Mitte,Bücher,Roman,2,5.5,0.0,Rechnung,4.99,3,4.0,False,11.0,2023-04,Wednesday
101506,2023-08-29,1360,32.0,West,Sport,Laufschuhe,1,48.87,15.0,Lastschrift,6.99,2,3.0,False,41.5395,2023-08,Tuesday
101923,2023-02-04,1116,50.0,Ost,Sport,Trinkflasche,1,33.73,0.0,Kreditkarte,0.0,4,4.0,False,33.73,2023-02,Saturday
100448,2023-04-05,1200,56.0,Nord,Bücher,Roman,1,35.76,0.0,Rechnung,2.99,4,4.0,True,35.76,2023-04,Wednesday
102488,2023-12-15,518,38.0,Süd,Elektronik,Smartphone-Hülle,4,16.99,0.0,PayPal,4.99,1,3.0,False,67.96,2023-12,Friday
102576,2023-04-04,1734,42.0,Ost,Mode,Jeans,4,15.6,10.0,Sofortüberweisung,0.0,5,-1.0,False,56.16,2023-04,Tuesday
104990,2023-01-08,67,53.0,Nord,Elektronik,Kopfhörer,1,64.11,0.0,Kreditkarte,0.0,4,1.0,True,64.11,2023-01,Sunday
100361,2024-04-24,873,37.0,Süd,Haushalt,Lampe,1,36.68,0.0,Lastschrift,0.0,3,4.0,False,36.68,2024-04,Wednesday
102183,2024-05-04,1204,37.0,Nord,Haushalt,Bettwäsche,1,68.36,0.0,Sofortüberweisung,2.99,4,4.0,False,68.36,2024-05,Saturday
101134,2023-07-14,1577,19.0,Ost,Bücher,Sachbuch,1,29.8,0.0,Rechnung,2.99,2,5.0,False,29.8,2023-07,Friday
103956,2023-10-13,1639,23.0,Süd,Elektronik,Bluetooth-Lautsprecher,1,27.54,0.0,Kreditkarte,4.99,2,5.0,False,27.54,2023-10,Friday
102155,2023-08-27,597,52.0,Mitte,Mode,Jeans,1,14.95,10.0,Sofortüberweisung,0.0,3,4.0,False,13.455,2023-08,Sunday
101830,2024-04-25,342,51.0,Nord,Haushalt,Lampe,1,87.4,0.0,Rechnung,4.99,8,3.0,True,87.4,2024-04,Thursday
101053,2023-03-02,1679,40.0,West,Mode,Jeans,4,585.7020735887369,15.0,Lastschrift,0.0,4,5.0,False,1991.3870502017053,2023-03,Thursday
102460,2023-07-04,282,23.0,Nord,Mode,T-Shirt,1,31.25,25.0,PayPal,2.99,5,5.0,False,23.4375,2023-07,Tuesday
100022,2023-04-09,298,40.0,Ost,Sport,Trinkflasche,1,26.55,0.0,Lastschrift,2.99,3,4.0,False,26.55,2023-04,Sunday
102066,2024-03-25,1731,41.0,Süd,Elektronik,Bluetooth-Lautsprecher,1,70.78,0.0,PayPal,4.99,4,5.0,False,70.78,2024-03,Monday
101653,2024-05-05,288,37.0,Mitte,Mode,Jacke,1,46.73,0.0,Sofortüberweisung,2.99,3,4.0,False,46.73,2024-05,Sunday
102638,2023-06-27,421,71.0,West,Sport,Yogamatte,1,62.14,5.0,Sofortüberweisung,6.99,1,4.0,False,59.033,2023-06,Tuesday
103276,2023-11-11,47,60.0,Süd,Elektronik,Kopfhörer,1,67.02,0.0,PayPal,6.99,3,5.0,False,67.02,2023-11,Saturday
103881,2024-03-29,1287,38.0,Mitte,Bücher,Sachbuch,4,21.56,10.0,PayPal,4.99,4,3.0,False,77.616,2024-03,Friday
104110,2024-07-17,1590,35.0,West,Elektronik,Smartphone-Hülle,2,28.24,0.0,PayPal,4.99,1,4.0,False,56.48,2024-07,Wednesday
102468,2024-10-17,1374,31.0,Mitte,Elektronik,Smartphone-Hülle,1,48.2,5.0,Rechnung,4.99,3,4.0,False,45.79,2024-10,Thursday
102325,2024-06-11,1105,23.0,West,Sport,Yogamatte,1,36.34,10.0,Kreditkarte,4.99,1,5.0,False,32.706,2024-06,Tuesday
100460,2024-03-10,828,53.0,Nord,Elektronik,Powerbank,1,33.87,5.0,Sofortüberweisung,2.99,3,5.0,False,32.1765,2024-03,Sunday
101067,2024-06-03,1584,35.0,Nord,Mode,T-Shirt,5,17.1,20.0,Kreditkarte,4.99,6,5.0,False,68.4,2024-06,Monday
100087,2024-11-29,1571,46.0,Ost,Elektronik,Kopfhörer,1,70.91,5.0,Kreditkarte,6.99,4,4.0,False,67.36449999999999,2024-11,Friday
101430,2023-11-15,1046,75.0,Mitte,Sport,Trinkflasche,2,54.34,0.0,Kreditkarte,0.0,5,4.0,False,108.68,2023-11,Wednesday
102699,2024-01-30,1594,27.0,Mitte,Elektronik,Powerbank,1,34.07,0.0,Sofortüberweisung,0.0,5,5.0,False,34.07,2024-01,Tuesday
100282,2023-11-18,1148,35.0,West,Mode,T-Shirt,1,54.01,5.0,Rechnung,4.99,3,5.0,False,51.30949999999999,2023-11,Saturday
102483,2023-07-22,409,28.0,West,Mode,Jeans,1,17.39,5.0,Rechnung,2.99,4,5.0,False,16.5205,2023-07,Saturday
100462,2023-05-30,75,63.0,Mitte,Bücher,Comic,2,8.75,10.0,Sofortüberweisung,4.99,3,5.0,False,15.75,2023-05,Tuesday
100212,2023-08-29,1162,38.0,West,Mode,Jeans,4,42.94,0.0,Rechnung,4.99,7,3.0,False,171.76,2023-08,Tuesday
103870,2024-11-17,218,39.0,West,Mode,Mütze,1,45.73,20.0,Lastschrift,4.99,6,-1.0,False,36.583999999999996,2024-11,Sunday
101368,2024-10-06,217,33.0,West,Elektronik,Kopfhörer,1,28.34,25.0,PayPal,0.0,5,2.0,False,21.255,2024-10,Sunday
100234,2023-05-08,876,46.0,West,Mode,Mütze,2,30.69,0.0,PayPal,2.99,3,3.0,False,61.38,2023-05,Monday
102825,2023-11-05,533,43.0,Ost,Haushalt,Kaffeemaschine,1,34.18,0.0,Sofortüberweisung,6.99,6,4.0,False,34.18,2023-11,Sunday
100597,2023-06-14,1123,38.0,Süd,Haushalt,Staubsauger,2,116.47,0.0,Sofortüberweisung,6.99,5,4.0,False,232.94,2023-06,Wednesday
104464,2023-09-10,1780,30.0,Süd,Elektronik,Kopfhörer,2,12.34,0.0,Sofortüberweisung,4.99,1,5.0,False,24.68,2023-09,Sunday
102250,2023-03-28,1471,25.0,Ost,Mode,Mütze,2,26.61,25.0,Rechnung,2.99,5,4.0,False,39.915,2023-03,Tuesday
104108,2024-03-21,1173,30.0,Ost,Haushalt,Kaffeemaschine,1,1382.8388467331729,0.0,Lastschrift,0.0,1,4.0,False,1382.8388467331729,2024-03,Thursday
102283,2024-07-12,1385,51.0,West,Elektronik,Bluetooth-Lautsprecher,1,41.59,5.0,Kreditkarte,2.99,6,4.0,False,39.5105,2024-07,Friday
100662,2023-02-27,531,24.0,Nord,Elektronik,Powerbank,3,61.26,0.0,Sofortüberweisung,2.99,5,5.0,False,183.78,2023-02,Monday
102285,2023-12-31,114,26.0,Süd,Haushalt,Lampe,1,8.34,25.0,Sofortüberweisung,0.0,4,5.0,False,6.255,2023-12,Sunday
104764,2023-10-29,1788,43.0,West,Sport,Yogamatte,1,20.18,0.0,Lastschrift,6.99,1,4.0,False,20.18,2023-10,Sunday
103258,2024-05-20,1254,45.0,Süd,Bücher,Kochbuch,1,22.28,5.0,Lastschrift,0.0,4,5.0,False,21.166,2024-05,Monday
102550,2024-07-13,514,28.0,Nord,Mode,Jacke,1,9.04,15.0,Sofortüberweisung,4.99,2,5.0,False,7.683999999999999,2024-07,Saturday
103699,2023-06-10,1697,28.0,West,Elektronik,Smartphone-Hülle,1,26.87,15.0,PayPal,0.0,5,-1.0,False,22.8395,2023-06,Saturday
100779,2024-06-16,115,26.0,Süd,Haushalt,Staubsauger,1,18.27,15.0,Sofortüberweisung,0.0,1,4.0,False,15.529499999999999,2024-06,Sunday
104769,2023-04-01,1619,37.0,Nord,Mode,Sneaker,1,27.14,0.0,Kreditkarte,6.99,6,4.0,False,27.14,2023-04,Saturday
103494,2023-02-23,1751,61.0,Ost,Haushalt,Kaffeemaschine,1,81.3,0.0,Rechnung,2.99,1,4.0,False,81.3,2023-02,Thursday
103353,2023-02-27,1701,45.0,Nord,Elektronik,Kopfhörer,1,91.54,0.0,Lastschrift,4.99,2,5.0,False,91.54,2023-02,Monday
103262,2024-11-29,1073,33.0,Nord,Mode,Sneaker,1,59.33,20.0,Lastschrift,6.99,1,4.0,True,47.464,2024-11,Friday
104884,2024-03-06,1161,31.0,Ost,Mode,Mütze,2,36.45,5.0,Sofortüberweisung,0.0,7,5.0,False,69.255,2024-03,Wednesday
100685,2023-02-16,1398,32.0,Ost,Elektronik,USB-Kabel,1,39.2,0.0,Rechnung,0.0,1,5.0,False,39.2,2023-02,Thursday
103414,2024-12-10,1234,63.0,West,Haushalt,Pfannenset,1,46.0,10.0,PayPal,2.99,2,-1.0,False,41.4,2024-12,Tuesday
102802,2023-12-22,1256,26.0,Mitte,Bücher,Kinderbuch,1,29.11,5.0,PayPal,6.99,3,3.0,False,27.6545,2023-12,Friday
104472,2024-05-04,914,27.0,Nord,Haushalt,Pfannenset,2,120.62,0.0,Lastschrift,2.99,3,5.0,False,241.24,2024-05,Saturday
102171,2023-09-05,838,49.0,Ost,Elektronik,Powerbank,1,41.14,0.0,Sofortüberweisung,2.99,8,4.0,False,41.14,2023-09,Tuesday
103750,2023-10-05,567,34.0,West,Haushalt,Pfannenset,1,31.78,0.0,PayPal,6.99,2,5.0,False,31.78,2023-10,Thursday
101850,2023-04-05,882,52.0,Nord,Elektronik,Bluetooth-Lautsprecher,2,35.97,0.0,Rechnung,0.0,4,5.0,False,71.94,2023-04,Wednesday
100487,2024-01-03,945,30.0,Süd,Mode,Mütze,1,25.9,15.0,Rechnung,4.99,7,5.0,False,22.014999999999997,2024-01,Wednesday
101688,2023-09-07,166,35.0,West,Mode,T-Shirt,1,23.61,10.0,Sofortüberweisung,2.99,6,1.0,True,21.249,2023-09,Thursday
102230,2023-12-22,809,45.0,West,Mode,Jeans,1,36.84,10.0,PayPal,4.99,6,1.0,False,33.156000000000006,2023-12,Friday
104939,2023-05-13,1271,49.0,Ost,Elektronik,USB-Kabel,2,61.33,15.0,Sofortüberweisung,6.99,4,4.0,False,104.261,2023-05,Saturday
102320,2024-09-23,1235,42.0,Nord,Elektronik,Smartphone-Hülle,1,24.15,0.0,PayPal,2.99,6,3.0,False,24.15,2024-09,Monday
100782,2023-11-30,208,18.0,Nord,Sport,Trinkflasche,5,59.84,10.0,Lastschrift,0.0,5,5.0,False,269.28000000000003,2023-11,Thursday
100521,2023-11-20,1242,29.0,Mitte,Haushalt,Kaffeemaschine,1,77.49,5.0,PayPal,2.99,3,5.0,False,73.6155,2023-11,Monday
100522,2023-01-05,777,38.0,West,Mode,Jacke,5,51.44,0.0,Sofortüberweisung,2.99,5,5.0,False,257.2,2023-01,Thursday
102895,2024-07-30,623,39.0,Süd,Mode,T-Shirt,3,41.17,0.0,Kreditkarte,4.99,2,5.0,False,123.51,2024-07,Tuesday
104030,2024-05-03,1233,19.0,Nord,Haushalt,Pfannenset,1,37.62,0.0,PayPal,2.99,4,4.0,False,37.62,2024-05,Friday
102398,2024-04-27,1296,41.0,Nord,Elektronik,Kopfhörer,1,41.3,0.0,Kreditkarte,4.99,4,1.0,False,41.3,2024-04,Saturday
102207,2024-04-03,1552,52.0,Mitte,Sport,Fitnessband,1,71.56,0.0,Rechnung,0.0,1,3.0,False,71.56,2024-04,Wednesday
103905,2024-12-06,987,32.0,Süd,Elektronik,Smartphone-Hülle,1,10.84,0.0,Rechnung,6.99,4,5.0,False,10.84,2024-12,Friday
103622,2023-05-12,639,33.0,Ost,Elektronik,USB-Kabel,1,75.92,0.0,Lastschrift,2.99,3,2.0,False,75.92,2023-05,Friday
103810,2024-02-12,1270,49.0,Süd,Mode,Mütze,1,26.49,0.0,Kreditkarte,6.99,2,4.0,False,26.49,2024-02,Monday
102879,2023-03-24,622,26.0,Mitte,Haushalt,Lampe,2,85.52,10.0,Rechnung,2.99,4,4.0,False,153.936,2023-03,Friday
101511,2023-08-05,279,38.0,Mitte,Mode,Jeans,1,46.7,0.0,Rechnung,0.0,6,3.0,True,46.7,2023-08,Saturday
101882,2023-06-12,1088,40.0,Süd,Haushalt,Staubsauger,1,26.07,10.0,Rechnung,6.99,3,5.0,False,23.463,2023-06,Monday
100651,2024-01-25,65,45.0,Süd,Mode,Jacke,1,59.65,0.0,Lastschrift,4.99,1,2.0,False,59.65,2024-01,Thursday
102843,2024-11-17,542,43.0,Ost,Haushalt,Staubsauger,1,11.22,0.0,Rechnung,0.0,3,4.0,False,11.22,2024-11,Sunday
103813,2023-05-08,520,51.0,West,Elektronik,Kopfhörer,1,136.62402860652972,0.0,Sofortüberweisung,0.0,4,5.0,True,136.62402860652972,2023-05,Monday
100369,2023-06-22,357,28.0,Süd,Haushalt,Pfannenset,1,96.23,0.0,Sofortüberweisung,4.99,4,2.0,False,96.23,2023-06,Thursday
104385,2024-04-18,205,59.0,West,Mode,Mütze,3,22.59,5.0,Lastschrift,2.99,4,5.0,False,64.38149999999999,2024-04,Thursday
100118,2023-06-21,1328,38.0,Mitte,Sport,Fitnessband,1,20.52,0.0,Sofortüberweisung,2.99,4,5.0,True,20.52,2023-06,Wednesday
103885,2023-05-27,974,50.0,Süd,Elektronik,Kopfhörer,1,38.93,5.0,Kreditkarte,2.99,7,5.0,True,36.9835,2023-05,Saturday
103096,2024-12-06,1561,48.0,Mitte,Mode,T-Shirt,1,44.11,10.0,Sofortüberweisung,6.99,1,4.0,False,39.699,2024-12,Friday
102216,2023-12-07,523,35.0,Süd,Elektronik,USB-Kabel,1,32.39,5.0,Lastschrift,4.99,3,4.0,False,30.7705,2023-12,Thursday
103612,2023-08-21,634,47.0,Ost,Mode,Jeans,1,28.2,10.0,Kreditkarte,4.99,2,5.0,False,25.38,2023-08,Monday
101613,2023-09-30,358,32.0,Mitte,Elektronik,Bluetooth-Lautsprecher,1,16.57,0.0,Sofortüberweisung,2.99,3,4.0,False,16.57,2023-09,Saturday
104073,2024-01-21,1683,27.0,West,Elektronik,USB-Kabel,1,55.59,5.0,Kreditkarte,0.0,1,-1.0,False,52.8105,2024-01,Sunday
100962,2023-04-03,1615,26.0,West,Sport,Trinkflasche,1,18.02,0.0,Lastschrift,2.99,5,4.0,False,18.02,2023-04,Monday
102510,2024-03-03,951,21.0,Nord,Haushalt,Staubsauger,1,70.01,0.0,Sofortüberweisung,0.0,5,4.0,False,70.01,2024-03,Sunday
103617,2023-02-05,66,42.0,Ost,Mode,Sneaker,1,57.44,0.0,Kreditkarte,4.99,1,5.0,False,57.44,2023-02,Sunday
102880,2024-11-27,1042,43.0,Ost,Sport,Trinkflasche,1,12.55,5.0,Rechnung,0.0,5,5.0,False,11.9225,2024-11,Wednesday
103513,2024-09-01,1469,35.0,West,Elektronik,Smartphone-Hülle,3,89.01,0.0,PayPal,6.99,5,5.0,False,267.03000000000003,2024-09,Sunday
103094,2023-07-04,1291,40.0,Ost,Elektronik,Bluetooth-Lautsprecher,1,97.3,10.0,Kreditkarte,2.99,1,5.0,False,87.57,2023-07,Tuesday
102415,2024-05-30,211,19.0,West,Elektronik,USB-Kabel,1,29.45,0.0,Kreditkarte,6.99,1,-1.0,False,29.45,2024-05,Thursday
104701,2023-01-01,1763,47.0,Ost,Haushalt,Staubsauger,1,41.39,0.0,Sofortüberweisung,0.0,4,4.0,False,41.39,2023-01,Sunday
104280,2024-07-11,1372,53.0,West,Haushalt,Pfannenset,1,118.7,0.0,Rechnung,0.0,4,2.0,False,118.7,2024-07,Thursday
102185,2024-02-20,231,53.0,Mitte,Elektronik,Smartphone-Hülle,1,44.09,0.0,Sofortüberweisung,6.99,2,4.0,False,44.09,2024-02,Tuesday
104362,2024-09-25,464,34.0,Nord,Mode,Jeans,1,57.15,5.0,PayPal,2.99,4,4.0,False,54.2925,2024-09,Wednesday
102567,2023-01-18,420,27.0,Süd,Elektronik,Powerbank,1,93.39,0.0,Kreditkarte,4.99,7,5.0,False,93.39,2023-01,Wednesday
102037,2024-04-19,894,43.0,West,Sport,Yogamatte,2,10.85,0.0,Kreditkarte,2.99,6,5.0,False,21.7,2024-04,Friday
104305,2023-07-21,466,51.0,Nord,Mode,T-Shirt,2,21.18,15.0,Rechnung,2.99,1,5.0,False,36.006,2023-07,Friday
100772,2023-12-18,716,39.0,West,Elektronik,Powerbank,2,32.19,0.0,PayPal,2.99,4,5.0,False,64.38,2023-12,Monday
101284,2024-06-13,1251,32.0,Mitte,Sport,Hantel,1,22.5,15.0,Kreditkarte,2.99,6,3.0,False,19.125,2024-06,Thursday
104649,2023-04-06,1745,32.0,Mitte,Elektronik,Bluetooth-Lautsprecher,2,31.73,0.0,Rechnung,6.99,2,3.0,False,63.46,2023-04,Thursday
104785,2024-06-05,1501,31.0,Süd,Sport,Laufschuhe,3,28.36,20.0,Sofortüberweisung,4.99,3,4.0,False,68.06400000000001,2024-06,Wednesday
104621,2023-06-14,1478,21.0,Mitte,Mode,T-Shirt,3,8.33,0.0,Rechnung,2.99,7,5.0,False,24.990000000000002,2023-06,Wednesday
101414,2023-08-24,23,42.0,Mitte,Elektronik,USB-Kabel,1,35.67,0.0,Sofortüberweisung,6.99,6,4.0,False,35.67,2023-08,Thursday
101234,2023-02-05,882,47.0,Nord,Haushalt,Bettwäsche,3,42.05,10.0,Sofortüberweisung,6.99,3,5.0,False,113.535,2023-02,Sunday
103477,2023-08-16,1672,37.0,Mitte,Elektronik,Bluetooth-Lautsprecher,1,13.0,0.0,PayPal,0.0,3,5.0,False,13.0,2023-08,Wednesday
100435,2024-12-06,1505,40.0,Süd,Elektronik,Bluetooth-Lautsprecher,1,74.37,0.0,Lastschrift,4.99,4,4.0,False,74.37,2024-12,Friday
101674,2023-06-08,290,56.0,Süd,Sport,Yogamatte,1,26.03,15.0,PayPal,6.99,1,4.0,False,22.1255,2023-06,Thursday
100365,2024-07-15,403,20.0,West,Elektronik,Powerbank,1,35.27,0.0,PayPal,6.99,2,5.0,False,35.27,2024-07,Monday
104905,2024-08-27,1142,40.0,Nord,Elektronik,Kopfhörer,2,46.69,20.0,Rechnung,0.0,5,4.0,False,74.704,2024-08,Tuesday
100231,2023-08-08,637,53.0,Mitte,Bücher,Sachbuch,2,7.55,5.0,Kreditkarte,2.99,3,3.0,False,14.344999999999999,2023-08,Tuesday
104311,2024-07-14,4,42.0,Nord,Bücher,Comic,1,15.24,15.0,Sofortüberweisung,4.99,3,4.0,False,12.954,2024-07,Sunday
100147,2024-05-19,881,23.0,Süd,Mode,Sneaker,2,6.91,0.0,Kreditkarte,6.99,2,5.0,False,13.82,2024-05,Sunday
104443,2023-06-14,707,45.0,Ost,Bücher,Sachbuch,2,26.26,0.0,Kreditkarte,4.99,4,3.0,False,52.52,2023-06,Wednesday
100407,2024-03-27,317,49.0,Süd,Haushalt,Bettwäsche,1,34.56,5.0,Lastschrift,2.99,1,4.0,False,32.832,2024-03,Wednesday
102090,2023-07-22,972,22.0,Süd,Elektronik,Powerbank,1,69.3,0.0,Lastschrift,4.99,3,3.0,False,69.3,2023-07,Saturday
100086,2024-06-23,1731,18.0,Nord,Mode,Sneaker,2,27.69,0.0,Lastschrift,4.99,2,4.0,False,55.38,2024-06,Sunday
100844,2024-01-16,551,38.0,Mitte,Mode,Jacke,1,13.49,0.0,Sofortüberweisung,0.0,5,5.0,False,13.49,2024-01,Tuesday
101031,2023-04-03,714,45.0,Nord,Sport,Trinkflasche,1,37.23,0.0,Kreditkarte,4.99,2,5.0,False,37.23,2023-04,Monday
102683,2024-11-12,1445,38.0,Nord,Mode,Sneaker,1,10.59,0.0,Rechnung,2.99,6,5.0,False,10.59,2024-11,Tuesday
104608,2024-11-05,79,38.0,Mitte,Elektronik,USB-Kabel,1,87.19,0.0,Sofortüberweisung,6.99,5,4.0,False,87.19,2024-11,Tuesday
102778,2024-03-27,1439,42.0,West,Elektronik,Smartphone-Hülle,1,48.7,0.0,Kreditkarte,2.99,1,3.0,False,48.7,2024-03,Wednesday
103295,2023-03-02,1651,38.0,West,Mode,Sneaker,1,29.76,0.0,PayPal,4.99,2,5.0,False,29.76,2023-03,Thursday
102906,2024-10-06,430,34.0,Mitte,Sport,Trinkflasche,1,13.19,0.0,Kreditkarte,4.99,4,5.0,False,13.19,2024-10,Sunday
100855,2023-02-07,543,39.0,Mitte,Haushalt,Bettwäsche,1,25.75,5.0,PayPal,2.99,2,5.0,False,24.4625,2023-02,Tuesday
100078,2024-04-02,318,31.0,Mitte,Elektronik,Smartphone-Hülle,2,71.46,0.0,Sofortüberweisung,2.99,5,5.0,False,142.92,2024-04,Tuesday
102247,2024-07-02,48,30.0,Mitte,Elektronik,Powerbank,2,35.53,20.0,Rechnung,4.99,2,4.0,False,56.848000000000006,2024-07,Tuesday
104615,2024-07-18,1067,49.0,Nord,Sport,Trinkflasche,1,43.14,0.0,PayPal,2.99,5,3.0,False,43.14,2024-07,Thursday
103729,2023-06-13,1151,48.0,West,Bücher,Comic,1,3.39,0.0,PayPal,2.99,1,5.0,True,3.39,2023-06,Tuesday
104087,2023-01-25,1104,46.0,West,Elektronik,USB-Kabel,1,140.53,0.0,Lastschrift,0.0,4,5.0,False,140.53,2023-01,Wednesday
102968,2023-03-01,1687,45.0,Mitte,Haushalt,Pfannenset,1,75.63,0.0,Kreditkarte,2.99,1,3.0,True,75.63,2023-03,Wednesday
102279,2023-07-22,53,38.0,West,Haushalt,Kaffeemaschine,2,65.21,5.0,Rechnung,2.99,3,5.0,False,123.89899999999999,2023-07,Saturday
102649,2024-06-10,763,39.0,West,Haushalt,Lampe,1,9.35,0.0,Sofortüberweisung,0.0,6,4.0,False,9.35,2024-06,Monday
104201,2024-01-09,701,50.0,West,Haushalt,Staubsauger,1,31.06,0.0,Sofortüberweisung,4.99,3,5.0,False,31.06,2024-01,Tuesday
103946,2024-06-03,132,37.0,West,Haushalt,Staubsauger,1,38.05,0.0,Lastschrift,0.0,1,4.0,False,38.05,2024-06,Monday
103496,2023-09-22,405,30.0,Mitte,Mode,Sneaker,1,10.86,0.0,PayPal,0.0,3,1.0,False,10.86,2023-09,Friday
102176,2023-04-17,1584,30.0,West,Haushalt,Lampe,1,78.93,0.0,Kreditkarte,0.0,2,5.0,False,78.93,2023-04,Monday
100424,2023-03-06,210,42.0,West,Haushalt,Lampe,2,10.26,15.0,PayPal,4.99,5,-1.0,False,17.442,2023-03,Monday
100392,2024-08-29,230,38.0,West,Haushalt,Staubsauger,2,66.81,0.0,Lastschrift,4.99,1,2.0,False,133.62,2024-08,Thursday
104774,2024-11-28,1350,41.0,Ost,Sport,Laufschuhe,1,48.28,15.0,Rechnung,4.99,5,-1.0,False,41.038,2024-11,Thursday
103483,2023-03-21,984,28.0,Mitte,Bücher,Kochbuch,1,12.09,0.0,Rechnung,2.99,3,5.0,False,12.09,2023-03,Tuesday
100104,2024-08-04,351,18.0,Süd,Elektronik,Bluetooth-Lautsprecher,4,55.23,5.0,Kreditkarte,2.99,3,4.0,False,209.87399999999997,2024-08,Sunday
103032,2024-12-19,555,25.0,Mitte,Elektronik,Bluetooth-Lautsprecher,3,37.28,0.0,PayPal,0.0,1,4.0,False,111.84,2024-12,Thursday
102622,2023-06-28,709,40.0,Ost,Elektronik,Kopfhörer,2,14.8,0.0,PayPal,0.0,7,5.0,False,29.6,2023-06,Wednesday
103200,2024-06-20,631,56.0,Ost,Sport,Trinkflasche,1,10.67,0.0,Kreditkarte,4.99,4,-1.0,False,10.67,2024-06,Thursday
103895,2023-01-10,1452,37.0,West,Mode,T-Shirt,1,2.91,0.0,PayPal,4.99,5,5.0,False,2.91,2023-01,Tuesday
101948,2024-09-22,1553,43.0,Süd,Elektronik,Powerbank,2,91.35,5.0,Sofortüberweisung,0.0,2,5.0,False,173.56499999999997,2024-09,Sunday
101459,2024-02-01,1158,61.0,West,Haushalt,Staubsauger,1,45.68,0.0,Kreditkarte,0.0,4,5.0,False,45.68,2024-02,Thursday
103323,2023-01-23,198,25.0,Nord,Mode,T-Shirt,2,105.51254867085204,5.0,Kreditkarte,6.99,7,5.0,False,200.47384247461886,2023-01,Monday
102860,2023-12-20,225,19.0,Nord,Mode,Jeans,3,60.02,0.0,Sofortüberweisung,0.0,1,5.0,False,180.06,2023-12,Wednesday
102759,2024-01-02,1091,18.0,West,Mode,Jeans,1,6.67,0.0,Rechnung,6.99,1,4.0,False,6.67,2024-01,Tuesday
104838,2023-12-07,647,44.0,Ost,Mode,Jacke,1,37.92,0.0,Rechnung,4.99,4,4.0,False,37.92,2023-12,Thursday
101587,2023-05-02,1163,18.0,West,Mode,Sneaker,1,5.49,0.0,PayPal,2.99,3,4.0,False,5.49,2023-05,Tuesday
103732,2023-09-11,798,27.0,Nord,Mode,Mütze,4,16.32,0.0,Rechnung,2.99,5,5.0,False,65.28,2023-09,Monday
101731,2023-11-20,1018,37.0,West,Sport,Trinkflasche,1,48.73,0.0,Kreditkarte,0.0,6,4.0,False,48.73,2023-11,Monday
104813,2024-07-18,1672,42.0,Nord,Mode,Sneaker,1,36.11,0.0,Rechnung,4.99,3,5.0,False,36.11,2024-07,Thursday
103786,2023-01-17,1485,21.0,Ost,Elektronik,Powerbank,1,17.26,15.0,Rechnung,6.99,7,4.0,False,14.671000000000001,2023-01,Tuesday
103754,2023-09-09,861,42.0,West,Bücher,Kinderbuch,2,11.55,0.0,Rechnung,2.99,5,3.0,False,23.1,2023-09,Saturday
101791,2024-04-16,1351,57.0,Nord,Elektronik,Smartphone-Hülle,1,65.77,25.0,Lastschrift,0.0,4,4.0,False,49.3275,2024-04,Tuesday
102355,2023-10-20,897,41.0,Mitte,Elektronik,Kopfhörer,1,25.58,25.0,Rechnung,0.0,4,2.0,False,19.185,2023-10,Friday
101940,2023-12-10,1563,37.0,Ost,Sport,Hantel,1,78.95,0.0,PayPal,6.99,3,5.0,False,78.95,2023-12,Sunday
100702,2023-11-02,1728,73.0,Süd,Haushalt,Staubsauger,1,20.26,5.0,Rechnung,0.0,1,2.0,False,19.247,2023-11,Thursday
102442,2023-05-10,817,51.0,West,Elektronik,Powerbank,1,24.79,0.0,Rechnung,0.0,2,5.0,False,24.79,2023-05,Wednesday
104460,2023-03-12,1615,66.0,West,Mode,Sneaker,1,33.11,15.0,Kreditkarte,2.99,3,5.0,False,28.1435,2023-03,Sunday
100496,2024-04-14,951,40.0,Süd,Mode,Mütze,1,13.36,0.0,Sofortüberweisung,2.99,1,4.0,False,13.36,2024-04,Sunday
100464,2023-07-02,1051,38.0,West,Mode,T-Shirt,1,32.62,5.0,Rechnung,0.0,1,4.0,False,30.988999999999997,2023-07,Sunday
103101,2023-03-13,69,29.0,Mitte,Mode,Sneaker,2,19.08,0.0,Rechnung,4.99,4,1.0,False,38.16,2023-03,Monday
104377,2023-12-15,1273,18.0,West,Sport,Yogamatte,2,39.89,0.0,Rechnung,0.0,1,5.0,False,79.78,2023-12,Friday
100172,2023-02-20,979,28.0,Mitte,Elektronik,Powerbank,1,77.28,15.0,Lastschrift,0.0,3,3.0,False,65.688,2023-02,Monday
104456,2024-09-06,750,38.0,Nord,Haushalt,Pfannenset,4,45.42,0.0,Sofortüberweisung,4.99,5,4.0,False,181.68,2024-09,Friday
104845,2024-12-06,645,34.0,Ost,Elektronik,USB-Kabel,1,16.99,0.0,Lastschrift,0.0,5,4.0,False,16.99,2024-12,Friday
102540,2023-09-13,425,41.0,Süd,Bücher,Kochbuch,1,12.1,0.0,Kreditkarte,2.99,3,5.0,False,12.1,2023-09,Wednesday
104809,2024-05-20,1008,66.0,Mitte,Elektronik,USB-Kabel,1,25.56,0.0,Rechnung,6.99,1,4.0,False,25.56,2024-05,Monday
103010,2024-07-10,1680,33.0,Nord,Mode,Jacke,2,19.01,0.0,PayPal,2.99,1,4.0,False,38.02,2024-07,Wednesday
102260,2023-06-15,79,22.0,Nord,Sport,Yogamatte,3,35.05,20.0,PayPal,6.99,7,3.0,False,84.12,2023-06,Thursday
102112,2024-11-21,867,37.0,Mitte,Elektronik,Kopfhörer,1,29.53,5.0,Kreditkarte,4.99,2,4.0,False,28.0535,2024-11,Thursday
100900,2023-05-05,1230,36.0,West,Mode,Jacke,1,22.63,0.0,Rechnung,6.99,5,5.0,False,22.63,2023-05,Friday
101446,2024-05-29,1197,50.0,West,Bücher,Roman,2,13.18,0.0,Rechnung,4.99,1,5.0,False,26.36,2024-05,Wednesday
104950,2024-04-05,694,40.0,Nord,Sport,Hantel,1,47.37,0.0,PayPal,2.99,3,5.0,False,47.37,2024-04,Friday
100741,2023-11-19,1549,25.0,Ost,Sport,Trinkflasche,4,35.73,15.0,Kreditkarte,2.99,2,4.0,False,121.48199999999999,2023-11,Sunday
102293,2024-06-27,1685,38.0,Süd,Elektronik,Kopfhörer,1,28.17,0.0,Rechnung,6.99,6,4.0,False,28.17,2024-06,Thursday
102452,2023-10-13,236,48.0,Nord,Bücher,Sachbuch,3,19.12,0.0,Rechnung,2.99,1,5.0,True,57.36,2023-10,Friday
102805,2024-07-19,387,35.0,Süd,Mode,Sneaker,1,46.46,0.0,Lastschrift,4.99,3,5.0,False,46.46,2024-07,Friday
104128,2024-09-29,556,49.0,Ost,Elektronik,Kopfhörer,1,49.98,5.0,PayPal,2.99,3,5.0,False,47.480999999999995,2024-09,Sunday
101206,2024-06-04,757,38.0,Nord,Mode,Mütze,1,27.1,0.0,Kreditkarte,6.99,5,4.0,False,27.1,2024-06,Tuesday
100509,2023-10-05,215,28.0,Mitte,Mode,Jacke,2,76.8,5.0,Lastschrift,6.99,1,5.0,False,145.92,2023-10,Thursday
104196,2023-02-24,806,25.0,Ost,Haushalt,Lampe,1,34.43,0.0,PayPal,0.0,6,5.0,True,34.43,2023-02,Friday
102672,2024-11-05,1689,52.0,West,Bücher,Roman,2,21.18,5.0,Sofortüberweisung,4.99,1,5.0,False,40.242,2024-11,Tuesday
102859,2024-04-25,1104,35.0,West,Haushalt,Staubsauger,1,35.87,0.0,Rechnung,4.99,2,3.0,False,35.87,2024-04,Thursday
103400,2023-02-22,105,37.0,Ost,Elektronik,Kopfhörer,1,28.61,10.0,Sofortüberweisung,6.99,3,5.0,False,25.749,2023-02,Wednesday
101549,2024-12-31,751,23.0,Ost,Bücher,Kochbuch,1,14.13,20.0,Kreditkarte,0.0,5,5.0,False,11.304000000000002,2024-12,Tuesday
103333,2024-12-08,1647,34.0,Süd,Mode,T-Shirt,1,21.84,10.0,Sofortüberweisung,4.99,4,5.0,True,19.656,2024-12,Sunday
102202,2023-06-06,1664,19.0,Ost,Haushalt,Pfannenset,1,54.92,10.0,Kreditkarte,0.0,3,3.0,False,49.428000000000004,2023-06,Tuesday
102566,2024-05-16,270,41.0,Süd,Mode,Mütze,1,18.91,0.0,Sofortüberweisung,4.99,5,5.0,False,18.91,2024-05,Thursday
102732,2023-05-19,1573,20.0,West,Haushalt,Lampe,1,40.99,0.0,Rechnung,4.99,2,5.0,False,40.99,2023-05,Friday
102044,2023-07-26,1581,38.0,Mitte,Elektronik,Bluetooth-Lautsprecher,3,25.51,0.0,Rechnung,0.0,5,5.0,False,76.53,2023-07,Wednesday
100767,2024-01-03,1552,43.0,Nord,Sport,Yogamatte,1,38.55,20.0,PayPal,0.0,7,1.0,False,30.84,2024-01,Wednesday
104922,2023-09-07,863,18.0,West,Haushalt,Pfannenset,1,54.89,0.0,Kreditkarte,0.0,2,1.0,False,54.89,2023-09,Thursday
103811,2024-04-12,1557,44.0,Ost,Elektronik,Kopfhörer,2,55.71,10.0,Sofortüberweisung,0.0,5,4.0,False,100.278,2024-04,Friday
100421,2023-09-22,1224,22.0,Ost,Elektronik,Powerbank,3,97.31,0.0,Kreditkarte,6.99,4,5.0,False,291.93,2023-09,Friday
100123,2023-02-03,1477,49.0,Nord,Haushalt,Lampe,3,53.39,5.0,Lastschrift,4.99,3,5.0,False,152.16150000000002,2023-02,Friday
104204,2023-12-10,508,33.0,Ost,Haushalt,Staubsauger,1,21.62,0.0,Rechnung,4.99,2,5.0,False,21.62,2023-12,Sunday
102680,2023-04-29,951,50.0,Ost,Elektronik,Kopfhörer,2,50.53,0.0,PayPal,2.99,3,2.0,False,101.06,2023-04,Saturday
100819,2024-11-04,1448,18.0,Mitte,Elektronik,Kopfhörer,1,59.99,15.0,Sofortüberweisung,4.99,4,5.0,False,50.9915,2024-11,Monday
101403,2024-12-22,535,18.0,Süd,Mode,T-Shirt,1,10.64,0.0,Lastschrift,4.99,2,3.0,False,10.64,2024-12,Sunday
101382,2024-01-18,605,32.0,Ost,Sport,Yogamatte,1,83.5,5.0,Kreditkarte,4.99,2,5.0,False,79.325,2024-01,Thursday
102148,2023-05-10,894,36.0,West,Elektronik,USB-Kabel,1,33.02,15.0,PayPal,2.99,2,3.0,False,28.067,2023-05,Wednesday
101575,2024-04-27,1303,64.0,Süd,Elektronik,Powerbank,1,15.57,0.0,Sofortüberweisung,4.99,2,4.0,False,15.57,2024-04,Saturday
101638,2023-09-03,814,45.0,Süd,Sport,Hantel,2,50.35,5.0,Sofortüberweisung,2.99,1,5.0,False,95.66499999999999,2023-09,Sunday
101795,2023-09-02,527,42.0,West,Elektronik,Smartphone-Hülle,2,24.16,15.0,Kreditkarte,4.99,5,5.0,False,41.071999999999996,2023-09,Saturday
104864,2023-09-05,188,39.0,Ost,Elektronik,Kopfhörer,2,38.14,15.0,Kreditkarte,0.0,4,5.0,False,64.838,2023-09,Tuesday
100399,2023-07-26,1728,37.0,Ost,Sport,Trinkflasche,4,46.77,0.0,PayPal,4.99,5,-1.0,False,187.08,2023-07,Wednesday
102310,2024-01-29,707,37.0,West,Bücher,Kinderbuch,1,26.29,0.0,Lastschrift,4.99,4,4.0,False,26.29,2024-01,Monday
100882,2023-08-24,771,18.0,West,Mode,Jacke,3,29.09,0.0,Kreditkarte,4.99,1,4.0,False,87.27,2023-08,Thursday
104626,2024-07-11,356,49.0,Ost,Sport,Fitnessband,2,17.32,20.0,PayPal,2.99,7,4.0,False,27.712000000000003,2024-07,Thursday
101352,2024-08-02,724,33.0,Ost,Haushalt,Staubsauger,2,18.16,0.0,PayPal,6.99,3,3.0,False,36.32,2024-08,Friday
104346,2024-12-13,181,48.0,Mitte,Sport,Hantel,1,24.8,5.0,Lastschrift,2.99,4,4.0,False,23.56,2024-12,Friday
104595,2023-12-26,573,43.0,West,Elektronik,Powerbank,2,57.87,5.0,Lastschrift,4.99,4,-1.0,False,109.95299999999999,2023-12,Tuesday
102130,2023-08-07,557,18.0,Mitte,Mode,T-Shirt,1,36.9,0.0,Kreditkarte,4.99,6,5.0,False,36.9,2023-08,Monday
100982,2024-09-23,618,30.0,Mitte,Sport,Fitnessband,1,29.92,5.0,Lastschrift,2.99,2,4.0,False,28.424,2024-09,Monday
100456,2023-05-23,410,38.0,Ost,Haushalt,Staubsauger,1,25.35,0.0,Rechnung,2.99,8,3.0,False,25.35,2023-05,Tuesday
103601,2024-07-16,1070,55.0,Nord,Elektronik,Kopfhörer,2,17.66,10.0,Sofortüberweisung,0.0,4,3.0,False,31.788,2024-07,Tuesday
101079,2023-11-26,620,37.0,Ost,Sport,Trinkflasche,2,14.41,0.0,Rechnung,2.99,3,3.0,False,28.82,2023-11,Sunday
101950,2023-08-02,1057,48.0,Ost,Mode,Sneaker,2,27.31,0.0,Lastschrift,6.99,4,4.0,False,54.62,2023-08,Wednesday
104358,2024-07-04,1323,40.0,Ost,Sport,Trinkflasche,1,36.97,5.0,Lastschrift,2.99,4,5.0,False,35.1215,2024-07,Thursday
100689,2024-07-19,1277,44.0,Süd,Sport,Fitnessband,2,23.24,5.0,Lastschrift,2.99,3,5.0,False,44.15599999999999,2024-07,Friday
102429,2023-01-09,1022,22.0,Mitte,Elektronik,USB-Kabel,1,96.39,0.0,Sofortüberweisung,2.99,2,3.0,True,96.39,2023-01,Monday
100641,2023-08-27,247,55.0,Mitte,Haushalt,Kaffeemaschine,2,58.56,0.0,PayPal,4.99,3,4.0,False,117.12,2023-08,Sunday
102392,2023-09-14,740,22.0,Mitte,Elektronik,Kopfhörer,1,21.07,0.0,PayPal,0.0,2,5.0,False,21.07,2023-09,Thursday
101953,2024-12-23,1297,36.0,Mitte,Elektronik,USB-Kabel,1,47.96,0.0,Rechnung,6.99,3,4.0,False,47.96,2024-12,Monday
102803,2024-02-21,658,18.0,West,Mode,Sneaker,1,27.98,10.0,PayPal,4.99,5,5.0,False,25.182000000000002,2024-02,Wednesday
103298,2023-07-30,1441,56.0,Nord,Mode,Jacke,2,25.58,5.0,Sofortüberweisung,2.99,5,5.0,False,48.602,2023-07,Sunday
103503,2023-09-13,1627,36.0,Süd,Elektronik,Bluetooth-Lautsprecher,2,10.77,0.0,Sofortüberweisung,0.0,2,4.0,True,21.54,2023-09,Wednesday
102710,2023-02-21,1731,63.0,West,Mode,T-Shirt,1,25.54,15.0,Rechnung,4.99,3,5.0,False,21.709,2023-02,Tuesday
103404,2023-12-11,294,42.0,Mitte,Mode,T-Shirt,1,30.9,0.0,Rechnung,2.99,4,5.0,False,30.9,2023-12,Monday
104815,2023-03-10,409,38.0,Mitte,Sport,Fitnessband,4,28.16,0.0,Rechnung,6.99,5,5.0,False,112.64,2023-03,Friday
102990,2023-07-31,1213,58.0,Ost,Elektronik,Kopfhörer,5,30.77,0.0,PayPal,2.99,1,2.0,False,153.85,2023-07,Monday
101884,2023-10-16,586,41.0,West,Mode,Jacke,1,24.72,5.0,Sofortüberweisung,2.99,1,1.0,False,23.483999999999998,2023-10,Monday
100389,2023-01-28,1797,30.0,Ost,Bücher,Kinderbuch,1,38.21,0.0,PayPal,4.99,3,-1.0,False,38.21,2023-01,Saturday
102494,2023-08-27,1609,45.0,Nord,Bücher,Kochbuch,2,8.62,20.0,PayPal,6.99,5,3.0,False,13.792,2023-08,Sunday
103181,2024-11-24,885,26.0,Mitte,Sport,Fitnessband,4,34.75,5.0,Lastschrift,0.0,7,4.0,False,132.04999999999998,2024-11,Sunday
104727,2023-09-24,698,37.0,Süd,Sport,Fitnessband,1,54.22,0.0,PayPal,4.99,6,5.0,False,54.22,2023-09,Sunday
100845,2024-01-14,1617,41.0,Nord,Elektronik,USB-Kabel,1,23.29,0.0,Lastschrift,0.0,1,2.0,False,23.29,2024-01,Sunday
100542,2023-01-11,641,27.0,Süd,Elektronik,Smartphone-Hülle,3,20.91,0.0,Kreditkarte,2.99,4,-1.0,False,62.730000000000004,2023-01,Wednesday
100091,2024-08-08,1599,65.0,Nord,Elektronik,Smartphone-Hülle,1,37.54,0.0,Sofortüberweisung,0.0,5,4.0,False,37.54,2024-08,Thursday
103966,2023-10-07,643,30.0,West,Haushalt,Staubsauger,1,31.75,0.0,Lastschrift,6.99,1,4.0,False,31.75,2023-10,Saturday
101979,2023-12-10,1693,40.0,Mitte,Elektronik,USB-Kabel,2,24.0,10.0,PayPal,2.99,5,5.0,False,43.2,2023-12,Sunday
104807,2024-02-06,1059,28.0,Nord,Sport,Yogamatte,1,41.24,0.0,Kreditkarte,2.99,4,5.0,True,41.24,2024-02,Tuesday
104726,2023-08-04,1417,39.0,Süd,Elektronik,USB-Kabel,1,54.67,15.0,Sofortüberweisung,4.99,9,-1.0,False,46.469500000000004,2023-08,Friday
103252,2023-05-03,745,35.0,West,Haushalt,Lampe,2,17.84,0.0,PayPal,4.99,2,3.0,False,35.68,2023-05,Wednesday
102529,2023-08-09,433,36.0,West,Bücher,Comic,1,15.1,5.0,Lastschrift,4.99,9,2.0,False,14.344999999999999,2023-08,Wednesday
101676,2024-06-08,659,20.0,Nord,Mode,Jeans,1,21.16,10.0,Kreditkarte,6.99,4,2.0,False,19.044,2024-06,Saturday
101048,2023-10-22,1795,48.0,Ost,Bücher,Sachbuch,1,20.56,0.0,Sofortüberweisung,4.99,6,3.0,False,20.56,2023-10,Sunday
101960,2024-11-20,870,41.0,Süd,Sport,Yogamatte,1,29.27,0.0,Sofortüberweisung,4.99,6,5.0,False,29.27,2024-11,Wednesday
102530,2024-05-27,151,33.0,Süd,Haushalt,Lampe,1,20.8,15.0,Sofortüberweisung,2.99,1,4.0,False,17.68,2024-05,Monday
104688,2023-08-14,1363,48.0,Mitte,Mode,Sneaker,1,75.59,0.0,Rechnung,2.99,4,5.0,False,75.59,2023-08,Monday
100237,2023-09-25,180,30.0,Ost,Haushalt,Lampe,1,56.4,0.0,Kreditkarte,2.99,9,4.0,False,56.4,2023-09,Monday
103026,2023-03-31,1039,28.0,Mitte,Sport,Laufschuhe,1,30.15,0.0,Lastschrift,4.99,2,2.0,False,30.15,2023-03,Friday
103558,2024-09-22,296,37.0,Nord,Elektronik,Smartphone-Hülle,1,27.74,0.0,Lastschrift,0.0,2,5.0,False,27.74,2024-09,Sunday
101133,2024-11-06,620,51.0,Ost,Mode,Mütze,1,14.38,0.0,Rechnung,6.99,3,5.0,False,14.38,2024-11,Wednesday
101805,2024-01-10,52,38.0,Ost,Mode,T-Shirt,1,16.4,5.0,PayPal,0.0,1,4.0,False,15.579999999999998,2024-01,Wednesday
104477,2023-01-25,343,35.0,West,Elektronik,Powerbank,1,29.99,0.0,Kreditkarte,2.99,3,-1.0,False,29.99,2023-01,Wednesday
100163,2024-03-23,121,23.0,Ost,Bücher,Roman,1,8.17,0.0,Kreditkarte,4.99,4,5.0,False,8.17,2024-03,Saturday
103861,2024-01-13,1774,18.0,Süd,Mode,Jacke,3,46.54,0.0,PayPal,0.0,3,4.0,False,139.62,2024-01,Saturday
104757,2023-09-23,665,38.0,Mitte,Bücher,Roman,1,7.47,0.0,Sofortüberweisung,0.0,5,5.0,False,7.47,2023-09,Saturday
103411,2023-08-07,424,48.0,West,Mode,T-Shirt,1,7.75,0.0,Lastschrift,0.0,3,4.0,False,7.75,2023-08,Monday
104714,2024-08-06,636,36.0,Ost,Mode,T-Shirt,5,13.58,0.0,PayPal,6.99,3,-1.0,False,67.9,2024-08,Tuesday
103265,2023-07-23,1515,43.0,West,Elektronik,Smartphone-Hülle,1,20.89,0.0,Rechnung,0.0,5,5.0,False,20.89,2023-07,Sunday
103707,2024-06-29,1634,35.0,Süd,Mode,Jeans,1,45.7,0.0,Rechnung,2.99,4,5.0,False,45.7,2024-06,Saturday
104016,2023-10-25,1469,52.0,Ost,Elektronik,Powerbank,2,22.11,0.0,Sofortüberweisung,2.99,3,4.0,False,44.22,2023-10,Wednesday
101811,2023-05-01,251,47.0,Mitte,Elektronik,Powerbank,1,12.87,5.0,Lastschrift,2.99,6,-1.0,False,12.226499999999998,2023-05,Monday
103173,2024-01-07,79,38.0,West,Elektronik,USB-Kabel,1,68.67,0.0,PayPal,4.99,5,5.0,False,68.67,2024-01,Sunday
103213,2024-06-27,1024,40.0,Mitte,Mode,Jeans,1,42.29,0.0,Sofortüberweisung,0.0,4,2.0,False,42.29,2024-06,Thursday
101428,2024-02-12,797,46.0,Mitte,Elektronik,USB-Kabel,5,43.77,10.0,Rechnung,2.99,2,5.0,False,196.96500000000003,2024-02,Monday
103686,2024-05-22,417,29.0,Nord,Haushalt,Kaffeemaschine,1,60.65,0.0,PayPal,2.99,4,4.0,True,60.65,2024-05,Wednesday
102856,2023-08-18,478,34.0,West,Elektronik,Kopfhörer,1,76.88,0.0,Sofortüberweisung,2.99,7,4.0,False,76.88,2023-08,Friday
103464,2023-01-26,1773,64.0,Nord,Sport,Hantel,2,50.41,0.0,PayPal,2.99,5,4.0,False,100.82,2023-01,Thursday
104505,2024-12-29,1520,25.0,Nord,Bücher,Kinderbuch,1,15.54,10.0,PayPal,2.99,4,5.0,False,13.985999999999999,2024-12,Sunday
104696,2024-10-15,795,32.0,Süd,Mode,T-Shirt,3,21.9,0.0,Sofortüberweisung,2.99,6,5.0,False,65.69999999999999,2024-10,Tuesday
102877,2023-02-07,1425,48.0,Süd,Haushalt,Staubsauger,1,83.79,0.0,Sofortüberweisung,4.99,4,-1.0,False,83.79,2023-02,Tuesday
101452,2024-04-04,1368,29.0,Süd,Mode,Jeans,1,25.76,0.0,Rechnung,0.0,2,5.0,False,25.76,2024-04,Thursday
100593,2024-07-29,359,50.0,West,Mode,Sneaker,1,41.89,15.0,Kreditkarte,6.99,2,4.0,False,35.6065,2024-07,Monday
102725,2024-12-23,78,52.0,Mitte,Haushalt,Lampe,1,53.16,0.0,Kreditkarte,2.99,4,2.0,False,53.16,2024-12,Monday
100041,2024-03-24,105,40.0,West,Mode,Jeans,1,50.14,10.0,PayPal,4.99,3,-1.0,False,45.126000000000005,2024-03,Sunday
100560,2024-10-30,1516,36.0,Süd,Elektronik,Powerbank,1,87.87,0.0,Rechnung,4.99,2,4.0,True,87.87,2024-10,Wednesday
102995,2023-02-24,1084,25.0,Nord,Mode,Jacke,1,38.06,0.0,Sofortüberweisung,2.99,3,5.0,False,38.06,2023-02,Friday
103103,2024-09-03,697,42.0,West,Bücher,Sachbuch,1,17.65,0.0,Rechnung,2.99,5,4.0,False,17.65,2024-09,Tuesday
100243,2023-11-16,526,38.0,Ost,Haushalt,Staubsauger,1,69.73,0.0,Kreditkarte,4.99,5,5.0,False,69.73,2023-11,Thursday
101339,2023-02-21,517,36.0,West,Elektronik,Powerbank,1,65.65,0.0,PayPal,6.99,2,5.0,False,65.65,2023-02,Tuesday
102836,2024-09-15,1579,44.0,West,Mode,T-Shirt,1,43.86,0.0,Rechnung,2.99,3,4.0,False,43.86,2024-09,Sunday
103021,2023-12-19,429,42.0,Süd,Elektronik,USB-Kabel,1,61.0,0.0,Rechnung,4.99,6,3.0,False,61.0,2023-12,Tuesday
103872,2023-04-14,1265,33.0,West,Bücher,Kinderbuch,1,16.82,0.0,Sofortüberweisung,4.99,4,2.0,False,16.82,2023-04,Friday
101442,2024-06-01,350,18.0,Ost,Sport,Trinkflasche,1,60.45,0.0,Sofortüberweisung,2.99,3,5.0,False,60.45,2024-06,Saturday
100261,2024-01-27,1666,34.0,Ost,Bücher,Kochbuch,1,27.84,0.0,Lastschrift,2.99,5,4.0,False,27.84,2024-01,Saturday
102819,2024-07-15,1534,36.0,West,Bücher,Kinderbuch,1,6.2,10.0,Kreditkarte,6.99,4,1.0,False,5.58,2024-07,Monday
101689,2024-09-09,1483,27.0,Ost,Elektronik,Bluetooth-Lautsprecher,2,10.87,0.0,Lastschrift,0.0,4,5.0,False,21.74,2024-09,Monday
101725,2024-08-04,693,19.0,West,Bücher,Sachbuch,1,6.23,0.0,Sofortüberweisung,0.0,2,4.0,False,6.23,2024-08,Sunday
101203,2024-10-21,1767,55.0,Nord,Elektronik,Smartphone-Hülle,1,76.94,5.0,Kreditkarte,2.99,3,5.0,False,73.09299999999999,2024-10,Monday
100834,2024-11-05,1470,48.0,Nord,Haushalt,Pfannenset,2,77.86,0.0,Kreditkarte,0.0,2,3.0,False,155.72,2024-11,Tuesday
101866,2024-08-13,1785,38.0,Ost,Mode,Jeans,1,18.26,15.0,Sofortüberweisung,4.99,1,5.0,False,15.521,2024-08,Tuesday
102496,2024-04-26,661,35.0,West,Haushalt,Pfannenset,2,49.67,15.0,Sofortüberweisung,4.99,3,5.0,False,84.43900000000001,2024-04,Friday
102010,2024-11-11,786,52.0,Nord,Mode,Mütze,4,6.05,0.0,Rechnung,6.99,3,5.0,False,24.2,2024-11,Monday
100340,2023-08-30,119,35.0,West,Sport,Hantel,1,37.58,0.0,Kreditkarte,2.99,2,5.0,False,37.58,2023-08,Wednesday
103049,2024-05-19,600,38.0,Mitte,Haushalt,Bettwäsche,1,110.31,15.0,Lastschrift,0.0,5,5.0,False,93.7635,2024-05,Sunday
101601,2023-09-12,897,28.0,Mitte,Haushalt,Kaffeemaschine,2,60.25,10.0,Rechnung,0.0,5,4.0,False,108.45,2023-09,Tuesday
103064,2023-06-23,151,49.0,Mitte,Mode,Jeans,2,26.19,0.0,Lastschrift,4.99,8,4.0,False,52.38,2023-06,Friday
104741,2023-07-15,1767,38.0,Süd,Haushalt,Kaffeemaschine,5,53.06,0.0,Kreditkarte,4.99,6,5.0,False,265.3,2023-07,Saturday
100480,2023-07-24,1192,37.0,Süd,Haushalt,Lampe,1,141.0,0.0,Kreditkarte,6.99,4,5.0,False,141.0,2023-07,Monday
102882,2023-03-24,1798,47.0,Ost,Haushalt,Bettwäsche,1,101.82,5.0,PayPal,2.99,6,5.0,False,96.72899999999998,2023-03,Friday
103605,2024-06-07,122,36.0,Mitte,Haushalt,Pfannenset,2,52.42,0.0,Kreditkarte,4.99,1,4.0,True,104.84,2024-06,Friday
103977,2024-04-27,2,21.0,Süd,Elektronik,Kopfhörer,2,22.29,0.0,Kreditkarte,4.99,2,5.0,False,44.58,2024-04,Saturday
104685,2023-10-30,475,22.0,Mitte,Elektronik,Kopfhörer,1,89.24,20.0,Rechnung,2.99,1,5.0,False,71.392,2023-10,Monday
104832,2024-03-08,1721,52.0,Mitte,Mode,Jeans,1,63.13,0.0,Sofortüberweisung,2.99,2,5.0,False,63.13,2024-03,Friday
104069,2023-10-06,259,49.0,West,Elektronik,Kopfhörer,1,50.42,0.0,Lastschrift,2.99,6,5.0,False,50.42,2023-10,Friday
101766,2023-07-09,550,59.0,Nord,Elektronik,Smartphone-Hülle,5,15.82,0.0,Kreditkarte,6.99,6,1.0,False,79.1,2023-07,Sunday
104518,2024-02-24,689,37.0,Nord,Mode,Mütze,1,30.54,0.0,Kreditkarte,0.0,3,5.0,False,30.54,2024-02,Saturday
102453,2023-11-11,993,42.0,West,Sport,Laufschuhe,1,22.07,0.0,Rechnung,2.99,2,5.0,False,22.07,2023-11,Saturday
103339,2024-06-15,436,24.0,Mitte,Elektronik,Powerbank,1,33.09,0.0,Rechnung,0.0,5,4.0,False,33.09,2024-06,Saturday
103889,2024-11-23,620,41.0,Ost,Sport,Yogamatte,4,16.45,0.0,Lastschrift,2.99,4,5.0,False,65.8,2024-11,Saturday
104095,2024-06-19,1102,28.0,Süd,Mode,Jacke,2,27.19,0.0,Kreditkarte,0.0,1,5.0,False,54.38,2024-06,Wednesday
104724,2024-03-15,1233,47.0,Ost,Haushalt,Bettwäsche,1,54.58,5.0,Kreditkarte,0.0,2,5.0,False,51.851,2024-03,Friday
103752,2024-09-18,1693,18.0,West,Haushalt,Bettwäsche,1,53.07,0.0,PayPal,0.0,2,-1.0,False,53.07,2024-09,Wednesday
101271,2024-11-08,1761,37.0,West,Elektronik,Powerbank,2,52.2,0.0,Kreditkarte,4.99,3,5.0,False,104.4,2024-11,Friday
104569,2023-10-07,734,23.0,Ost,Haushalt,Kaffeemaschine,1,23.35,0.0,Lastschrift,0.0,2,4.0,True,23.35,2023-10,Saturday
104546,2024-01-05,730,27.0,Süd,Elektronik,USB-Kabel,1,496.40202863429016,0.0,PayPal,4.99,1,4.0,False,496.40202863429016,2024-01,Friday
103790,2023-11-22,1033,47.0,Ost,Elektronik,Powerbank,1,89.87,10.0,Lastschrift,0.0,2,5.0,True,80.88300000000001,2023-11,Wednesday
104184,2024-03-08,393,29.0,Nord,Bücher,Sachbuch,1,13.95,10.0,Kreditkarte,2.99,5,5.0,False,12.555,2024-03,Friday
100347,2023-10-05,1342,31.0,West,Mode,Jacke,1,20.21,0.0,Lastschrift,6.99,1,4.0,True,20.21,2023-10,Thursday
103957,2024-10-07,355,18.0,Mitte,Bücher,Comic,1,17.23,20.0,Kreditkarte,6.99,4,5.0,False,13.784,2024-10,Monday
104670,2023-04-19,1790,49.0,Nord,Mode,Mütze,1,26.54,10.0,Rechnung,2.99,3,5.0,False,23.886,2023-04,Wednesday
102562,2023-05-28,121,18.0,West,Mode,T-Shirt,1,28.23,0.0,PayPal,4.99,3,5.0,False,28.23,2023-05,Sunday
104635,2023-09-21,914,62.0,Süd,Elektronik,Bluetooth-Lautsprecher,2,152.36,5.0,PayPal,4.99,5,5.0,False,289.48400000000004,2023-09,Thursday
101423,2024-05-16,824,22.0,West,Bücher,Kochbuch,2,15.41,0.0,PayPal,4.99,3,2.0,False,30.82,2024-05,Thursday
100656,2024-06-12,1387,22.0,West,Elektronik,Bluetooth-Lautsprecher,1,27.86,0.0,Rechnung,4.99,1,-1.0,False,27.86,2024-06,Wednesday
102102,2024-03-24,1422,25.0,Süd,Elektronik,Smartphone-Hülle,2,85.61,0.0,Kreditkarte,6.99,4,5.0,True,171.22,2024-03,Sunday
100632,2023-05-24,683,40.0,Nord,Haushalt,Kaffeemaschine,1,43.75,15.0,Sofortüberweisung,2.99,3,5.0,False,37.1875,2023-05,Wednesday
102951,2023-12-27,1737,28.0,Ost,Mode,Jeans,1,6.4,0.0,Kreditkarte,4.99,5,4.0,False,6.4,2023-12,Wednesday
102493,2024-05-27,1320,25.0,Mitte,Mode,Sneaker,2,19.34,0.0,Rechnung,0.0,3,2.0,False,38.68,2024-05,Monday
102665,2023-05-15,1025,29.0,Ost,Sport,Fitnessband,2,86.73,0.0,PayPal,6.99,1,-1.0,False,173.46,2023-05,Monday
104127,2024-09-06,1483,46.0,Ost,Sport,Hantel,1,31.32,0.0,Kreditkarte,6.99,1,1.0,True,31.32,2024-09,Friday
104304,2024-05-20,479,62.0,Ost,Sport,Trinkflasche,1,31.06,10.0,Sofortüberweisung,4.99,1,5.0,False,27.954,2024-05,Monday
104623,2023-03-18,155,31.0,Süd,Elektronik,Powerbank,2,31.48,0.0,Rechnung,2.99,2,5.0,False,62.96,2023-03,Saturday
103159,2024-12-30,1311,44.0,Süd,Mode,Jacke,2,42.25,20.0,Lastschrift,2.99,4,5.0,False,67.60000000000001,2024-12,Monday
103667,2024-11-27,388,31.0,Mitte,Sport,Fitnessband,1,48.37,0.0,Sofortüberweisung,6.99,8,2.0,False,48.37,2024-11,Wednesday
102500,2024-03-29,1253,39.0,Nord,Haushalt,Staubsauger,1,33.74,15.0,Kreditkarte,2.99,2,-1.0,False,28.679000000000002,2024-03,Friday
101465,2024-04-27,1249,27.0,Nord,Sport,Laufschuhe,2,50.43,20.0,Kreditkarte,6.99,5,4.0,False,80.688,2024-04,Saturday
103151,2024-06-09,1133,18.0,Ost,Haushalt,Bettwäsche,2,28.03,0.0,Rechnung,2.99,1,5.0,False,56.06,2024-06,Sunday
100115,2024-04-14,1506,45.0,Mitte,Bücher,Kinderbuch,1,10.16,0.0,Kreditkarte,2.99,4,4.0,False,10.16,2024-04,Sunday
101821,2023-05-06,6,34.0,West,Bücher,Comic,1,13.6,0.0,Sofortüberweisung,2.99,6,4.0,False,13.6,2023-05,Saturday
101494,2024-03-19,1694,18.0,Nord,Bücher,Kinderbuch,2,7.67,0.0,Rechnung,0.0,3,2.0,False,15.34,2024-03,Tuesday
102401,2023-03-24,1295,20.0,Nord,Mode,Jeans,1,23.41,0.0,Kreditkarte,0.0,3,5.0,False,23.41,2023-03,Friday
101232,2023-01-29,734,18.0,West,Mode,Jacke,1,547.8581897578056,0.0,Rechnung,0.0,5,1.0,False,547.8581897578056,2023-01,Sunday
102661,2024-11-15,331,33.0,Nord,Elektronik,Kopfhörer,1,39.78,0.0,Sofortüberweisung,0.0,2,5.0,False,39.78,2024-11,Friday
102817,2023-03-01,782,38.0,Ost,Elektronik,Kopfhörer,5,61.95,0.0,PayPal,2.99,2,5.0,False,309.75,2023-03,Wednesday
103438,2023-10-17,1728,51.0,West,Haushalt,Pfannenset,1,112.5,0.0,Sofortüberweisung,2.99,3,5.0,False,112.5,2023-10,Tuesday
104618,2023-04-22,899,38.0,Süd,Elektronik,Kopfhörer,1,87.9,0.0,Kreditkarte,0.0,6,5.0,False,87.9,2023-04,Saturday
101153,2024-06-02,544,41.0,Nord,Elektronik,Bluetooth-Lautsprecher,1,75.37,20.0,Kreditkarte,4.99,1,4.0,False,60.29600000000001,2024-06,Sunday
104816,2024-08-30,1125,46.0,Süd,Elektronik,Bluetooth-Lautsprecher,3,37.32,0.0,Rechnung,4.99,3,3.0,False,111.96000000000001,2024-08,Friday
100057,2024-06-20,1463,25.0,Nord,Haushalt,Kaffeemaschine,1,66.03,15.0,PayPal,2.99,7,5.0,False,56.1255,2024-06,Thursday
103463,2023-08-09,1142,41.0,Mitte,Elektronik,Kopfhörer,1,81.63,5.0,Rechnung,6.99,2,5.0,False,77.54849999999999,2023-08,Wednesday
104332,2024-08-30,1636,21.0,Mitte,Elektronik,Bluetooth-Lautsprecher,1,25.0,0.0,Kreditkarte,4.99,1,5.0,False,25.0,2024-08,Friday
104995,2024-08-26,1637,30.0,Ost,Mode,Jacke,1,9.03,5.0,Rechnung,0.0,7,2.0,False,8.578499999999998,2024-08,Monday
101735,2023-01-16,1538,39.0,Mitte,Elektronik,Kopfhörer,1,42.95,0.0,Kreditkarte,2.99,5,4.0,False,42.95,2023-01,Monday
102823,2024-12-20,347,49.0,Nord,Mode,Jacke,1,9.83,0.0,Lastschrift,2.99,5,5.0,False,9.83,2024-12,Friday
102196,2023-02-28,131,18.0,West,Bücher,Comic,2,32.06,20.0,Lastschrift,2.99,4,5.0,False,51.29600000000001,2023-02,Tuesday
103623,2023-06-18,1340,33.0,Nord,Bücher,Sachbuch,1,8.98,0.0,Rechnung,4.99,3,3.0,False,8.98,2023-06,Sunday
102475,2023-12-03,1387,55.0,Mitte,Sport,Hantel,1,20.69,5.0,Lastschrift,2.99,1,5.0,False,19.6555,2023-12,Sunday
102564,2023-11-26,189,37.0,West,Haushalt,Kaffeemaschine,1,43.73,0.0,Rechnung,2.99,5,2.0,False,43.73,2023-11,Sunday
103764,2023-11-06,1682,27.0,Süd,Mode,Sneaker,1,13.3,0.0,Sofortüberweisung,0.0,2,-1.0,False,13.3,2023-11,Monday
102608,2023-05-03,410,38.0,Mitte,Haushalt,Lampe,1,33.45,0.0,Sofortüberweisung,4.99,3,5.0,False,33.45,2023-05,Wednesday
103728,2023-01-18,1497,22.0,Süd,Elektronik,Bluetooth-Lautsprecher,1,11.29,0.0,PayPal,4.99,7,5.0,False,11.29,2023-01,Wednesday
100707,2023-02-10,824,62.0,Nord,Mode,Mütze,1,15.32,15.0,Sofortüberweisung,0.0,3,4.0,False,13.022,2023-02,Friday
104324,2023-05-01,1718,27.0,West,Haushalt,Kaffeemaschine,5,65.62,20.0,Rechnung,4.99,5,5.0,False,262.48,2023-05,Monday
101093,2024-03-21,1497,32.0,Mitte,Sport,Fitnessband,1,60.54,15.0,Rechnung,4.99,5,3.0,False,51.458999999999996,2024-03,Thursday
103632,2024-11-09,581,25.0,Süd,Elektronik,Smartphone-Hülle,1,24.43,0.0,Kreditkarte,0.0,5,3.0,False,24.43,2024-11,Saturday
101376,2023-11-23,633,18.0,Mitte,Elektronik,Powerbank,1,23.53,0.0,Kreditkarte,4.99,1,4.0,False,23.53,2023-11,Thursday
104963,2023-04-30,427,36.0,Mitte,Elektronik,Smartphone-Hülle,1,16.64,10.0,Kreditkarte,0.0,3,3.0,False,14.976,2023-04,Sunday
100072,2024-06-26,1147,54.0,West,Sport,Hantel,1,8.47,0.0,Sofortüberweisung,4.99,8,-1.0,False,8.47,2024-06,Wednesday
101922,2024-10-14,495,63.0,West,Elektronik,Powerbank,1,24.94,15.0,Kreditkarte,2.99,4,4.0,False,21.199,2024-10,Monday
103238,2024-07-13,1666,31.0,Mitte,Elektronik,Smartphone-Hülle,1,24.7,0.0,PayPal,6.99,1,5.0,False,24.7,2024-07,Saturday
101764,2023-09-13,475,49.0,Ost,Mode,Sneaker,1,90.3,0.0,Rechnung,4.99,5,4.0,False,90.3,2023-09,Wednesday
100743,2024-10-17,15,42.0,Süd,Sport,Yogamatte,1,70.23,0.0,Sofortüberweisung,0.0,9,5.0,False,70.23,2024-10,Thursday
102937,2024-02-27,1355,38.0,Ost,Bücher,Kochbuch,1,8.83,0.0,Sofortüberweisung,0.0,8,2.0,False,8.83,2024-02,Tuesday
101005,2024-02-28,172,18.0,West,Elektronik,Kopfhörer,1,22.71,0.0,Rechnung,2.99,6,2.0,False,22.71,2024-02,Wednesday
102668,2024-10-23,547,42.0,Ost,Sport,Laufschuhe,3,30.76,5.0,Lastschrift,2.99,1,5.0,False,87.666,2024-10,Wednesday
101190,2023-08-24,1403,38.0,Ost,Bücher,Sachbuch,1,14.13,0.0,Lastschrift,4.99,4,5.0,False,14.13,2023-08,Thursday
104874,2023-11-03,1747,24.0,Ost,Elektronik,USB-Kabel,1,51.07,10.0,Lastschrift,4.99,6,5.0,False,45.963,2023-11,Friday
102601,2024-03-11,1297,41.0,Mitte,Sport,Hantel,1,35.53,0.0,Sofortüberweisung,0.0,4,4.0,False,35.53,2024-03,Monday
101125,2024-02-16,369,31.0,Nord,Elektronik,Smartphone-Hülle,2,63.27,0.0,Sofortüberweisung,4.99,3,4.0,False,126.54,2024-02,Friday
101241,2023-02-14,1383,22.0,Mitte,Sport,Yogamatte,3,29.31,0.0,Lastschrift,2.99,7,4.0,False,87.92999999999999,2023-02,Tuesday
102908,2024-04-07,1265,43.0,Mitte,Elektronik,Smartphone-Hülle,1,89.8,0.0,PayPal,2.99,1,3.0,False,89.8,2024-04,Sunday
104172,2023-05-10,166,37.0,Ost,Mode,Jacke,1,55.73,15.0,PayPal,4.99,4,5.0,False,47.37049999999999,2023-05,Wednesday
104876,2024-07-03,667,46.0,West,Haushalt,Pfannenset,1,59.99,0.0,Rechnung,0.0,4,5.0,False,59.99,2024-07,Wednesday
100998,2023-09-09,1661,24.0,Süd,Sport,Fitnessband,1,2.24,0.0,Lastschrift,6.99,3,5.0,False,2.24,2023-09,Saturday
103454,2023-06-09,892,41.0,West,Haushalt,Bettwäsche,1,58.82,5.0,Kreditkarte,0.0,4,5.0,False,55.879,2023-06,Friday
102684,2024-12-07,54,42.0,West,Mode,Sneaker,1,13.39,0.0,Kreditkarte,0.0,4,3.0,False,13.39,2024-12,Saturday
101577,2024-08-05,459,54.0,Süd,Elektronik,Powerbank,1,59.5,25.0,Rechnung,0.0,3,5.0,False,44.625,2024-08,Monday
104839,2023-07-24,910,35.0,Ost,Mode,Jacke,1,22.2,0.0,Kreditkarte,2.99,7,5.0,False,22.2,2023-07,Monday
101826,2024-08-29,1432,52.0,West,Elektronik,Kopfhörer,1,76.58,0.0,Rechnung,4.99,7,4.0,False,76.58,2024-08,Thursday
103920,2024-06-27,1157,37.0,Nord,Mode,Jacke,5,43.82,10.0,Sofortüberweisung,2.99,1,5.0,False,197.19,2024-06,Thursday
103606,2023-11-17,1045,30.0,Nord,Elektronik,Bluetooth-Lautsprecher,1,29.99,0.0,Rechnung,0.0,2,5.0,False,29.99,2023-11,Friday
100440,2024-08-19,1767,43.0,Mitte,Haushalt,Lampe,1,94.29,0.0,PayPal,4.99,1,2.0,False,94.29,2024-08,Monday
101100,2024-08-26,70,42.0,Mitte,Sport,Trinkflasche,2,92.01,15.0,Kreditkarte,4.99,5,3.0,False,156.417,2024-08,Monday
104089,2024-06-05,1560,18.0,Süd,Elektronik,Powerbank,2,23.15,0.0,Rechnung,0.0,3,5.0,False,46.3,2024-06,Wednesday
103121,2023-11-05,993,38.0,Mitte,Sport,Trinkflasche,3,40.19,0.0,Rechnung,0.0,1,3.0,False,120.57,2023-11,Sunday
100649,2024-12-08,1535,38.0,Ost,Elektronik,Smartphone-Hülle,3,55.23,20.0,Rechnung,2.99,1,4.0,False,132.552,2024-12,Sunday
101546,2023-06-14,1669,32.0,Ost,Mode,Jacke,1,17.27,15.0,Lastschrift,6.99,1,5.0,False,14.679499999999999,2023-06,Wednesday
103806,2024-05-18,310,29.0,West,Elektronik,Kopfhörer,3,121.92,0.0,Sofortüberweisung,6.99,4,4.0,False,365.76,2024-05,Saturday
103630,2024-05-23,576,22.0,West,Sport,Hantel,2,62.32,15.0,Rechnung,4.99,5,5.0,False,105.944,2024-05,Thursday
104189,2023-04-29,548,38.0,Mitte,Mode,T-Shirt,1,20.83,0.0,Kreditkarte,0.0,5,5.0,False,20.83,2023-04,Saturday
104651,2023-07-31,910,42.0,Süd,Mode,Mütze,1,23.23,10.0,Lastschrift,4.99,2,2.0,False,20.907,2023-07,Monday
103814,2023-11-28,1271,35.0,Ost,Mode,T-Shirt,1,56.23,0.0,Rechnung,2.99,3,4.0,False,56.23,2023-11,Tuesday
100630,2024-07-18,1160,29.0,Ost,Elektronik,Smartphone-Hülle,1,24.46,0.0,Sofortüberweisung,4.99,1,-1.0,False,24.46,2024-07,Thursday
100672,2023-10-18,1732,22.0,Mitte,Mode,Jeans,1,7.63,0.0,Kreditkarte,6.99,4,1.0,False,7.63,2023-10,Wednesday
101249,2023-10-17,1438,18.0,West,Haushalt,Kaffeemaschine,1,82.19,5.0,Kreditkarte,0.0,3,5.0,True,78.0805,2023-10,Tuesday
100482,2023-11-21,1017,54.0,Nord,Haushalt,Kaffeemaschine,2,51.1,0.0,Kreditkarte,0.0,7,3.0,False,102.2,2023-11,Tuesday
101584,2024-04-17,766,35.0,West,Haushalt,Staubsauger,2,106.89,0.0,Kreditkarte,4.99,6,4.0,False,213.78,2024-04,Wednesday
103137,2023-09-02,1206,24.0,West,Haushalt,Staubsauger,1,83.26,0.0,Rechnung,2.99,1,5.0,False,83.26,2023-09,Saturday
104674,2023-08-23,1261,49.0,West,Haushalt,Pfannenset,1,41.75,0.0,Rechnung,4.99,5,3.0,False,41.75,2023-08,Wednesday
103100,2023-06-27,211,42.0,West,Mode,T-Shirt,1,48.68,0.0,Lastschrift,2.99,5,5.0,False,48.68,2023-06,Tuesday
101462,2023-02-04,1254,35.0,Nord,Mode,T-Shirt,1,14.84,10.0,Kreditkarte,6.99,4,5.0,False,13.356,2023-02,Saturday
104006,2024-08-30,38,42.0,West,Mode,T-Shirt,1,25.14,10.0,Rechnung,0.0,3,4.0,False,22.626,2024-08,Friday
103694,2024-07-23,1495,33.0,West,Elektronik,Smartphone-Hülle,3,50.13,0.0,Rechnung,6.99,6,4.0,False,150.39000000000001,2024-07,Tuesday
102578,2024-03-06,1244,47.0,Ost,Sport,Hantel,1,24.39,0.0,PayPal,0.0,5,5.0,False,24.39,2024-03,Wednesday
104034,2023-12-10,1688,51.0,West,Elektronik,Powerbank,1,69.05,15.0,Kreditkarte,4.99,2,3.0,False,58.692499999999995,2023-12,Sunday
100049,2023-06-10,894,22.0,Süd,Bücher,Kinderbuch,1,14.79,25.0,Kreditkarte,6.99,4,5.0,False,11.0925,2023-06,Saturday
104333,2024-04-30,57,39.0,Nord,Elektronik,Powerbank,2,69.12,10.0,PayPal,0.0,3,5.0,False,124.41600000000001,2024-04,Tuesday
103119,2024-11-19,1724,28.0,West,Mode,Mütze,2,9.22,15.0,Sofortüberweisung,6.99,6,3.0,False,15.674000000000001,2024-11,Tuesday
100858,2023-07-12,1732,18.0,Ost,Elektronik,Powerbank,1,53.18,10.0,Kreditkarte,0.0,3,4.0,False,47.862,2023-07,Wednesday
101072,2024-11-08,1761,28.0,Süd,Haushalt,Kaffeemaschine,1,56.04,5.0,Rechnung,2.99,6,1.0,True,53.238,2024-11,Friday
100719,2024-04-20,100,39.0,Süd,Sport,Trinkflasche,1,15.16,0.0,Sofortüberweisung,4.99,3,4.0,False,15.16,2024-04,Saturday
104790,2024-02-20,108,38.0,Süd,Elektronik,Powerbank,1,91.37,15.0,Rechnung,0.0,1,3.0,False,77.6645,2024-02,Tuesday
102631,2024-06-02,1227,26.0,Nord,Elektronik,Bluetooth-Lautsprecher,1,22.16,0.0,PayPal,2.99,3,5.0,False,22.16,2024-06,Sunday
104923,2024-07-10,826,43.0,Mitte,Haushalt,Staubsauger,1,74.57,0.0,Sofortüberweisung,4.99,3,4.0,False,74.57,2024-07,Wednesday
101660,2024-02-15,603,24.0,West,Elektronik,Bluetooth-Lautsprecher,1,73.71,0.0,Kreditkarte,4.99,8,-1.0,False,73.71,2024-02,Thursday
101656,2024-03-16,835,18.0,Ost,Sport,Fitnessband,1,35.68,0.0,Kreditkarte,4.99,1,4.0,False,35.68,2024-03,Saturday
102425,2023-04-16,951,58.0,Mitte,Elektronik,USB-Kabel,2,113.49,0.0,Sofortüberweisung,0.0,1,2.0,False,226.98,2023-04,Sunday
103996,2023-06-27,1409,45.0,Nord,Mode,Jeans,1,23.52,0.0,Lastschrift,2.99,1,3.0,False,23.52,2023-06,Tuesday
104272,2023-03-23,1124,18.0,Nord,Bücher,Comic,3,5.31,5.0,Sofortüberweisung,4.99,6,5.0,False,15.1335,2023-03,Thursday
103375,2023-04-29,807,30.0,West,Mode,Sneaker,4,51.93,5.0,Sofortüberweisung,2.99,4,5.0,True,197.334,2023-04,Saturday
104521,2023-09-11,1632,64.0,Süd,Mode,Mütze,4,39.1,0.0,Rechnung,2.99,2,5.0,False,156.4,2023-09,Monday
103371,2024-05-31,1204,34.0,West,Haushalt,Kaffeemaschine,1,64.64,5.0,Rechnung,0.0,1,4.0,False,61.407999999999994,2024-05,Friday
104800,2024-07-16,301,37.0,Ost,Haushalt,Pfannenset,2,17.73,0.0,PayPal,0.0,4,5.0,False,35.46,2024-07,Tuesday
104168,2024-01-09,431,47.0,Nord,Elektronik,USB-Kabel,1,92.3,15.0,Sofortüberweisung,2.99,5,5.0,False,78.455,2024-01,Tuesday
102606,2023-06-25,124,47.0,Süd,Haushalt,Kaffeemaschine,1,24.21,0.0,Lastschrift,2.99,3,-1.0,True,24.21,2023-06,Sunday
101385,2024-07-06,972,43.0,Süd,Sport,Yogamatte,2,35.25,0.0,Kreditkarte,4.99,3,4.0,False,70.5,2024-07,Saturday
103909,2023-02-19,166,39.0,West,Elektronik,Powerbank,1,14.41,0.0,Sofortüberweisung,0.0,3,5.0,False,14.41,2023-02,Sunday
101399,2024-10-25,1788,30.0,Süd,Haushalt,Kaffeemaschine,1,48.86,0.0,PayPal,2.99,5,4.0,False,48.86,2024-10,Friday
101195,2024-06-19,1308,19.0,West,Elektronik,Kopfhörer,2,39.91,0.0,Lastschrift,2.99,3,5.0,False,79.82,2024-06,Wednesday
101408,2023-06-18,506,50.0,West,Bücher,Sachbuch,1,28.08,0.0,PayPal,6.99,1,4.0,False,28.08,2023-06,Sunday
103898,2023-02-16,1333,26.0,Mitte,Elektronik,Kopfhörer,1,24.33,0.0,Rechnung,4.99,3,2.0,False,24.33,2023-02,Thursday
101798,2023-08-16,1466,49.0,Süd,Elektronik,Kopfhörer,1,27.53,20.0,PayPal,2.99,1,5.0,False,22.024,2023-08,Wednesday
101475,2024-09-16,522,37.0,Mitte,Elektronik,USB-Kabel,2,54.95,0.0,Kreditkarte,4.99,5,3.0,False,109.9,2024-09,Monday
103282,2023-10-26,1201,56.0,West,Bücher,Roman,1,6.2,0.0,Kreditkarte,0.0,1,5.0,False,6.2,2023-10,Thursday
100035,2023-12-15,853,18.0,Nord,Mode,Jeans,1,32.48,0.0,PayPal,2.99,3,4.0,False,32.48,2023-12,Friday
103611,2023-11-11,971,38.0,Mitte,Mode,Jacke,2,26.84,0.0,Rechnung,4.99,3,5.0,False,53.68,2023-11,Saturday
102345,2023-05-07,1723,32.0,Mitte,Sport,Yogamatte,1,67.19,20.0,PayPal,2.99,8,-1.0,False,53.752,2023-05,Sunday
104930,2024-10-16,1626,41.0,Nord,Sport,Hantel,2,24.87,20.0,Sofortüberweisung,2.99,3,5.0,False,39.792,2024-10,Wednesday
102359,2024-02-28,417,33.0,Nord,Sport,Fitnessband,1,49.08,0.0,Sofortüberweisung,0.0,1,5.0,False,49.08,2024-02,Wednesday
102206,2023-03-25,1172,21.0,Nord,Bücher,Roman,3,14.11,5.0,Sofortüberweisung,6.99,2,4.0,False,40.213499999999996,2023-03,Saturday
104944,2024-10-15,350,27.0,Mitte,Sport,Yogamatte,1,14.91,10.0,Lastschrift,4.99,4,5.0,False,13.419,2024-10,Tuesday
101286,2023-10-01,478,51.0,Ost,Elektronik,Smartphone-Hülle,1,50.73,0.0,PayPal,6.99,3,4.0,False,50.73,2023-10,Sunday
100349,2023-04-29,789,37.0,West,Mode,T-Shirt,1,19.68,20.0,PayPal,2.99,2,-1.0,False,15.744,2023-04,Saturday
102137,2024-11-08,290,35.0,Nord,Sport,Hantel,4,71.24,15.0,Kreditkarte,4.99,5,3.0,False,242.21599999999998,2024-11,Friday
102691,2024-03-18,1700,47.0,Süd,Bücher,Kinderbuch,1,26.4,0.0,Rechnung,6.99,5,5.0,False,26.4,2024-03,Monday
103040,2023-09-07,448,30.0,Mitte,Haushalt,Bettwäsche,1,38.8,20.0,Sofortüberweisung,2.99,5,5.0,False,31.04,2023-09,Thursday
103189,2024-07-24,1718,37.0,Süd,Haushalt,Staubsauger,1,45.56,0.0,Sofortüberweisung,2.99,4,4.0,False,45.56,2024-07,Wednesday
101681,2023-03-17,810,36.0,Ost,Mode,Sneaker,1,13.94,0.0,Rechnung,4.99,5,4.0,False,13.94,2023-03,Friday
104099,2024-04-12,9,37.0,Süd,Bücher,Roman,2,35.96,0.0,Sofortüberweisung,6.99,1,5.0,True,71.92,2024-04,Friday
101443,2024-06-12,1597,38.0,Mitte,Mode,T-Shirt,2,55.92,5.0,Rechnung,2.99,2,4.0,False,106.248,2024-06,Wednesday
103309,2023-07-09,1156,38.0,West,Mode,Mütze,2,40.33,0.0,Sofortüberweisung,0.0,4,3.0,False,80.66,2023-07,Sunday
101671,2024-11-19,1470,48.0,Süd,Mode,Jeans,2,26.6,15.0,Sofortüberweisung,4.99,1,4.0,False,45.22,2024-11,Tuesday
103013,2023-11-18,1080,40.0,Nord,Elektronik,Bluetooth-Lautsprecher,1,11.8,0.0,Kreditkarte,2.99,3,1.0,False,11.8,2023-11,Saturday
101179,2023-08-31,507,25.0,Ost,Sport,Hantel,1,46.44,0.0,Kreditkarte,4.99,4,5.0,True,46.44,2023-08,Thursday
102798,2024-11-18,883,32.0,Mitte,Mode,Sneaker,1,18.75,10.0,Lastschrift,6.99,3,4.0,False,16.875,2024-11,Monday
101692,2024-08-31,830,18.0,Ost,Elektronik,Powerbank,1,71.86,10.0,PayPal,6.99,4,5.0,False,64.674,2024-08,Saturday
103950,2023-01-28,784,38.0,West,Bücher,Kochbuch,1,6.51,15.0,PayPal,2.99,3,5.0,False,5.5335,2023-01,Saturday
100372,2024-03-31,717,28.0,Ost,Mode,Mütze,1,56.28,0.0,Rechnung,0.0,1,4.0,False,56.28,2024-03,Sunday
103683,2024-03-10,408,39.0,West,Bücher,Roman,3,13.41,0.0,Lastschrift,6.99,3,3.0,False,40.230000000000004,2024-03,Sunday
101916,2024-04-17,473,53.0,Mitte,Elektronik,Kopfhörer,1,78.3,0.0,Rechnung,0.0,3,4.0,False,78.3,2024-04,Wednesday
101357,2023-02-27,1252,38.0,Nord,Mode,Jacke,1,9.65,0.0,Kreditkarte,2.99,3,1.0,False,9.65,2023-02,Monday
101825,2023-05-22,1060,34.0,Mitte,Bücher,Kinderbuch,1,7.71,0.0,PayPal,2.99,8,5.0,False,7.71,2023-05,Monday
100786,2023-12-30,1279,41.0,Nord,Mode,Sneaker,1,32.06,10.0,Sofortüberweisung,0.0,6,5.0,False,28.854000000000003,2023-12,Saturday
100469,2023-11-30,1168,52.0,Nord,Haushalt,Pfannenset,1,23.96,0.0,PayPal,0.0,6,5.0,True,23.96,2023-11,Thursday
100140,2024-09-12,1069,50.0,Mitte,Elektronik,Kopfhörer,1,50.43,0.0,PayPal,0.0,4,5.0,False,50.43,2024-09,Thursday
100788,2023-10-04,699,35.0,Nord,Haushalt,Pfannenset,2,21.78,10.0,Kreditkarte,2.99,1,4.0,False,39.204,2023-10,Wednesday
100323,2023-12-14,676,32.0,Süd,Sport,Fitnessband,2,40.52,0.0,Sofortüberweisung,6.99,2,4.0,False,81.04,2023-12,Thursday
100050,2023-05-28,624,18.0,Mitte,Elektronik,Smartphone-Hülle,1,48.34,0.0,PayPal,0.0,2,5.0,False,48.34,2023-05,Sunday
100714,2024-03-07,69,39.0,West,Elektronik,Powerbank,2,33.25,0.0,PayPal,4.99,2,5.0,False,66.5,2024-03,Thursday
104533,2023-02-13,1393,26.0,Nord,Elektronik,Smartphone-Hülle,2,10.02,5.0,Sofortüberweisung,0.0,1,4.0,False,19.037999999999997,2023-02,Monday
102840,2023-10-27,1710,52.0,Nord,Elektronik,Kopfhörer,2,28.74,0.0,Rechnung,4.99,3,5.0,False,57.48,2023-10,Friday
102446,2023-11-07,391,31.0,West,Sport,Trinkflasche,1,20.33,0.0,Lastschrift,4.99,4,4.0,False,20.33,2023-11,Tuesday
104862,2023-07-25,469,27.0,Ost,Haushalt,Kaffeemaschine,1,59.07,0.0,Sofortüberweisung,0.0,4,4.0,False,59.07,2023-07,Tuesday
104463,2024-06-15,1631,42.0,Nord,Bücher,Kochbuch,1,23.37,0.0,Sofortüberweisung,0.0,7,-1.0,False,23.37,2024-06,Saturday
104641,2023-01-13,1533,38.0,Süd,Sport,Hantel,3,34.96,0.0,Sofortüberweisung,2.99,4,5.0,False,104.88,2023-01,Friday
103076,2024-08-08,1106,24.0,Ost,Haushalt,Pfannenset,3,61.93,5.0,Kreditkarte,2.99,1,4.0,False,176.5005,2024-08,Thursday
102666,2023-04-22,548,29.0,Nord,Elektronik,USB-Kabel,1,7.32,0.0,Rechnung,4.99,2,5.0,False,7.32,2023-04,Saturday
100406,2023-09-08,166,40.0,Mitte,Sport,Trinkflasche,2,59.69,10.0,Lastschrift,0.0,1,5.0,False,107.442,2023-09,Friday
103427,2023-04-25,1100,44.0,West,Elektronik,Bluetooth-Lautsprecher,1,580.6639519862657,0.0,Rechnung,6.99,5,3.0,False,580.6639519862657,2023-04,Tuesday
101004,2023-02-17,231,39.0,Süd,Mode,Mütze,2,11.4,0.0,Sofortüberweisung,2.99,1,4.0,False,22.8,2023-02,Friday
103066,2023-06-02,1577,35.0,Süd,Haushalt,Kaffeemaschine,1,80.47,0.0,Lastschrift,6.99,4,-1.0,False,80.47,2023-06,Friday
100890,2024-01-13,758,29.0,Süd,Sport,Yogamatte,2,19.07,0.0,Rechnung,4.99,5,5.0,False,38.14,2024-01,Saturday
102411,2024-11-07,442,51.0,Süd,Sport,Trinkflasche,1,30.52,0.0,Rechnung,0.0,6,4.0,False,30.52,2024-11,Thursday
102545,2023-11-26,1721,46.0,Süd,Elektronik,Bluetooth-Lautsprecher,4,66.41,10.0,Sofortüberweisung,4.99,1,5.0,False,239.076,2023-11,Sunday
103504,2023-09-04,52,38.0,Nord,Sport,Fitnessband,1,6.02,0.0,Rechnung,0.0,4,4.0,False,6.02,2023-09,Monday
102390,2023-05-01,1502,34.0,West,Elektronik,Kopfhörer,1,64.8,0.0,Lastschrift,0.0,1,4.0,False,64.8,2023-05,Monday
104017,2024-02-24,350,72.0,Süd,Sport,Yogamatte,1,20.44,0.0,Sofortüberweisung,4.99,7,4.0,False,20.44,2024-02,Saturday
100042,2024-09-09,1526,28.0,Ost,Mode,Mütze,1,36.83,15.0,Rechnung,2.99,1,5.0,False,31.3055,2024-09,Monday
102830,2024-09-22,501,39.0,Nord,Sport,Hantel,4,21.25,10.0,Lastschrift,4.99,2,3.0,False,76.5,2024-09,Sunday
104883,2023-05-27,1285,39.0,Ost,Haushalt,Kaffeemaschine,2,27.39,0.0,Lastschrift,0.0,2,5.0,False,54.78,2023-05,Saturday
100303,2023-09-09,37,37.0,Nord,Elektronik,Smartphone-Hülle,3,56.18,5.0,Rechnung,2.99,3,4.0,False,160.11299999999997,2023-09,Saturday
104558,2024-06-30,268,37.0,Süd,Bücher,Comic,1,36.01,15.0,Lastschrift,2.99,4,4.0,False,30.608499999999996,2024-06,Sunday
103820,2023-09-03,235,25.0,Ost,Bücher,Kochbuch,3,12.77,0.0,Kreditkarte,4.99,2,5.0,False,38.31,2023-09,Sunday
100664,2024-04-10,486,23.0,Süd,Bücher,Kochbuch,2,1.71,15.0,PayPal,4.99,7,-1.0,False,2.907,2024-04,Wednesday
101177,2024-01-04,884,47.0,West,Sport,Fitnessband,2,12.1,0.0,Kreditkarte,6.99,1,4.0,False,24.2,2024-01,Thursday
102676,2024-11-04,53,38.0,Mitte,Haushalt,Kaffeemaschine,1,83.53,20.0,Sofortüberweisung,0.0,4,4.0,False,66.824,2024-11,Monday
101947,2023-09-18,651,18.0,Mitte,Mode,Mütze,2,29.92,0.0,PayPal,2.99,3,5.0,False,59.84,2023-09,Monday
102501,2024-09-13,39,54.0,Ost,Haushalt,Staubsauger,1,19.49,15.0,Lastschrift,0.0,1,4.0,False,16.566499999999998,2024-09,Friday
101473,2024-07-23,407,21.0,Ost,Bücher,Comic,1,179.8408848328647,0.0,Sofortüberweisung,0.0,4,5.0,False,179.8408848328647,2024-07,Tuesday
103553,2024-09-24,724,44.0,Ost,Sport,Trinkflasche,2,17.35,5.0,Rechnung,0.0,2,3.0,True,32.965,2024-09,Tuesday
103785,2024-11-26,1544,50.0,Mitte,Bücher,Kochbuch,1,25.04,0.0,Rechnung,6.99,4,3.0,False,25.04,2024-11,Tuesday
102132,2023-04-26,748,56.0,Süd,Bücher,Sachbuch,2,18.02,0.0,Lastschrift,2.99,4,4.0,False,36.04,2023-04,Wednesday
101026,2024-11-20,247,49.0,Mitte,Elektronik,USB-Kabel,1,13.21,10.0,Sofortüberweisung,0.0,3,5.0,False,11.889000000000001,2024-11,Wednesday
102989,2023-07-22,441,35.0,Süd,Mode,Jacke,3,18.27,0.0,Lastschrift,6.99,1,4.0,False,54.81,2023-07,Saturday
100961,2024-01-03,1341,42.0,Ost,Mode,Jacke,1,19.94,0.0,Sofortüberweisung,2.99,1,4.0,False,19.94,2024-01,Wednesday
102889,2024-04-08,1739,53.0,Mitte,Elektronik,Kopfhörer,1,46.17,5.0,Rechnung,0.0,4,4.0,False,43.8615,2024-04,Monday
103275,2024-05-15,512,26.0,West,Elektronik,Kopfhörer,4,72.38,5.0,Kreditkarte,4.99,2,5.0,False,275.044,2024-05,Wednesday
102009,2023-03-08,367,24.0,Nord,Bücher,Comic,1,9.17,0.0,Kreditkarte,2.99,3,4.0,False,9.17,2023-03,Wednesday
102149,2023-08-28,86,44.0,Ost,Elektronik,Smartphone-Hülle,2,58.16,0.0,Kreditkarte,6.99,5,3.0,False,116.32,2023-08,Monday
104679,2023-07-27,1139,47.0,Mitte,Bücher,Sachbuch,1,17.27,15.0,Lastschrift,0.0,5,5.0,True,14.679499999999999,2023-07,Thursday
102338,2024-09-19,313,43.0,Mitte,Elektronik,Bluetooth-Lautsprecher,1,46.04,0.0,Rechnung,0.0,8,4.0,False,46.04,2024-09,Thursday
103965,2023-03-22,1685,18.0,West,Elektronik,Powerbank,1,36.86,0.0,Kreditkarte,6.99,5,4.0,True,36.86,2023-03,Wednesday
100304,2024-08-04,140,38.0,Ost,Haushalt,Kaffeemaschine,1,44.11,0.0,Sofortüberweisung,2.99,2,2.0,False,44.11,2024-08,Sunday
101440,2023-06-07,407,55.0,Süd,Bücher,Kochbuch,1,15.62,0.0,Sofortüberweisung,2.99,3,4.0,False,15.62,2023-06,Wednesday
101496,2023-12-03,749,50.0,Mitte,Elektronik,Kopfhörer,2,25.23,0.0,PayPal,0.0,5,5.0,False,50.46,2023-12,Sunday
102652,2023-01-10,1507,35.0,Süd,Mode,T-Shirt,1,24.61,0.0,Rechnung,4.99,1,4.0,False,24.61,2023-01,Tuesday
102875,2023-10-22,1354,46.0,Süd,Elektronik,Bluetooth-Lautsprecher,1,13.99,0.0,Sofortüberweisung,0.0,5,5.0,False,13.99,2023-10,Sunday
100916,2024-04-22,215,38.0,Mitte,Haushalt,Lampe,1,67.29,0.0,Kreditkarte,4.99,1,4.0,False,67.29,2024-04,Monday
104224,2024-07-13,1142,53.0,Ost,Haushalt,Bettwäsche,1,63.55,0.0,Lastschrift,2.99,1,4.0,False,63.55,2024-07,Saturday
103794,2023-04-16,1381,25.0,Süd,Mode,Jeans,1,31.06,0.0,Lastschrift,0.0,1,5.0,False,31.06,2023-04,Sunday
102772,2023-02-15,142,18.0,Mitte,Sport,Trinkflasche,1,26.72,10.0,Sofortüberweisung,4.99,5,5.0,False,24.048,2023-02,Wednesday
101624,2024-05-07,1792,53.0,Ost,Mode,T-Shirt,2,46.12,0.0,Rechnung,0.0,7,5.0,False,92.24,2024-05,Tuesday
103911,2024-02-29,1702,34.0,Süd,Sport,Laufschuhe,1,22.55,0.0,Lastschrift,2.99,3,1.0,False,22.55,2024-02,Thursday
100821,2023-06-28,177,18.0,Mitte,Mode,Sneaker,1,33.74,0.0,Lastschrift,0.0,2,1.0,False,33.74,2023-06,Wednesday
103366,2024-10-08,1140,35.0,Ost,Mode,Jeans,1,28.09,0.0,Rechnung,2.99,1,5.0,False,28.09,2024-10,Tuesday
101354,2023-02-14,1466,42.0,Mitte,Sport,Yogamatte,1,15.09,0.0,Sofortüberweisung,6.99,1,5.0,False,15.09,2023-02,Tuesday
104542,2024-02-27,922,48.0,Ost,Haushalt,Staubsauger,2,78.4,5.0,PayPal,4.99,2,5.0,False,148.96,2024-02,Tuesday
100850,2023-10-07,1622,59.0,Süd,Mode,Mütze,1,21.74,0.0,Sofortüberweisung,2.99,5,5.0,False,21.74,2023-10,Saturday
101000,2024-03-25,881,48.0,Süd,Elektronik,Smartphone-Hülle,1,61.27,0.0,Kreditkarte,4.99,5,5.0,False,61.27,2024-03,Monday
104387,2023-04-15,1589,23.0,West,Elektronik,USB-Kabel,1,111.7,0.0,Rechnung,4.99,4,4.0,False,111.7,2023-04,Saturday
100018,2024-03-18,1513,20.0,Mitte,Mode,Jacke,2,18.92,15.0,Sofortüberweisung,4.99,1,4.0,False,32.164,2024-03,Monday
101637,2024-10-12,162,38.0,Ost,Haushalt,Lampe,1,24.11,10.0,Kreditkarte,4.99,2,4.0,False,21.699,2024-10,Saturday
101667,2023-06-19,143,62.0,Ost,Elektronik,Smartphone-Hülle,1,38.68,0.0,PayPal,6.99,8,4.0,False,38.68,2023-06,Monday
100493,2023-12-04,177,43.0,West,Mode,Sneaker,2,22.99,0.0,Sofortüberweisung,4.99,6,4.0,True,45.98,2023-12,Monday
101347,2023-07-20,216,38.0,Süd,Sport,Laufschuhe,1,40.13,0.0,Lastschrift,0.0,1,1.0,False,40.13,2023-07,Thursday
103018,2024-10-12,638,29.0,Süd,Haushalt,Pfannenset,1,57.14,0.0,Lastschrift,4.99,1,5.0,False,57.14,2024-10,Saturday
103800,2023-01-03,666,27.0,Nord,Elektronik,Smartphone-Hülle,2,89.81,25.0,Rechnung,0.0,5,4.0,False,134.715,2023-01,Tuesday
103321,2023-05-19,1181,56.0,Süd,Sport,Fitnessband,1,51.71,5.0,PayPal,2.99,5,5.0,False,49.1245,2023-05,Friday
104216,2023-02-01,1170,40.0,West,Elektronik,Smartphone-Hülle,3,59.03,0.0,Kreditkarte,2.99,5,5.0,False,177.09,2023-02,Wednesday
103551,2023-08-13,381,37.0,Ost,Haushalt,Lampe,1,9.76,10.0,Rechnung,6.99,8,4.0,False,8.784,2023-08,Sunday
100687,2023-01-17,315,53.0,Nord,Sport,Laufschuhe,1,40.97,5.0,PayPal,6.99,6,5.0,False,38.921499999999995,2023-01,Tuesday
103804,2023-07-19,1615,51.0,Süd,Elektronik,USB-Kabel,1,42.39,15.0,PayPal,6.99,4,3.0,False,36.0315,2023-07,Wednesday
101608,2024-07-22,669,24.0,Ost,Bücher,Sachbuch,2,31.58,0.0,Rechnung,0.0,3,5.0,False,63.16,2024-07,Monday
104590,2024-11-08,1792,40.0,West,Sport,Yogamatte,1,20.72,0.0,Sofortüberweisung,0.0,3,4.0,False,20.72,2024-11,Friday
103470,2023-02-01,742,43.0,Ost,Mode,T-Shirt,1,20.5,0.0,PayPal,2.99,1,5.0,False,20.5,2023-02,Wednesday
101009,2024-09-18,1691,34.0,Süd,Sport,Fitnessband,1,61.32,0.0,Rechnung,6.99,5,3.0,False,61.32,2024-09,Wednesday
102408,2023-06-13,1473,31.0,Mitte,Bücher,Sachbuch,1,20.37,0.0,Kreditkarte,6.99,3,5.0,True,20.37,2023-06,Tuesday
101092,2024-05-25,734,36.0,West,Mode,T-Shirt,2,24.18,0.0,Kreditkarte,4.99,6,3.0,False,48.36,2024-05,Saturday
101327,2023-07-31,406,45.0,Süd,Mode,Sneaker,3,11.26,0.0,Sofortüberweisung,0.0,5,5.0,False,33.78,2023-07,Monday
101677,2024-02-27,631,58.0,West,Elektronik,Kopfhörer,2,39.25,5.0,Rechnung,2.99,2,5.0,False,74.575,2024-02,Tuesday
101999,2023-08-27,1101,47.0,Süd,Haushalt,Bettwäsche,2,14.05,10.0,PayPal,4.99,2,1.0,False,25.290000000000003,2023-08,Sunday
101310,2023-02-26,424,20.0,West,Bücher,Kochbuch,1,5.11,0.0,Rechnung,4.99,4,5.0,False,5.11,2023-02,Sunday
104698,2024-05-30,862,41.0,Ost,Haushalt,Staubsauger,3,71.16,0.0,Rechnung,4.99,4,5.0,False,213.48,2024-05,Thursday
101987,2023-11-06,1435,38.0,Ost,Bücher,Kochbuch,1,6.18,10.0,Lastschrift,0.0,3,3.0,False,5.562,2023-11,Monday
103721,2023-04-13,1539,44.0,Ost,Mode,Jacke,1,15.54,0.0,Sofortüberweisung,6.99,2,3.0,False,15.54,2023-04,Thursday
100344,2024-06-22,689,18.0,West,Sport,Laufschuhe,2,37.43,0.0,Rechnung,2.99,5,5.0,False,74.86,2024-06,Saturday
104228,2023-05-04,712,38.0,Süd,Elektronik,Smartphone-Hülle,1,80.28,0.0,Kreditkarte,6.99,4,5.0,False,80.28,2023-05,Thursday
100986,2023-12-31,82,47.0,Mitte,Sport,Yogamatte,1,12.54,10.0,Sofortüberweisung,0.0,4,4.0,False,11.286,2023-12,Sunday
103926,2023-05-15,471,36.0,West,Sport,Fitnessband,2,18.35,5.0,Lastschrift,6.99,5,3.0,True,34.865,2023-05,Monday
103880,2024-10-10,456,42.0,West,Bücher,Comic,1,8.09,20.0,Sofortüberweisung,0.0,3,4.0,False,6.472,2024-10,Thursday
104356,2024-05-14,1785,18.0,Ost,Elektronik,Smartphone-Hülle,2,54.5,0.0,Sofortüberweisung,4.99,3,4.0,False,109.0,2024-05,Tuesday
104081,2023-09-26,333,38.0,Ost,Haushalt,Bettwäsche,1,42.15,0.0,Lastschrift,4.99,1,4.0,False,42.15,2023-09,Tuesday
103154,2023-06-24,542,48.0,West,Sport,Laufschuhe,1,9.91,0.0,Lastschrift,2.99,5,4.0,False,9.91,2023-06,Saturday
101142,2023-07-01,1449,30.0,Ost,Sport,Laufschuhe,3,52.9,0.0,Lastschrift,4.99,7,5.0,True,158.7,2023-07,Saturday
102358,2024-11-13,401,37.0,Nord,Elektronik,Smartphone-Hülle,1,45.58,0.0,Sofortüberweisung,0.0,1,3.0,False,45.58,2024-11,Wednesday
101198,2024-12-30,183,20.0,Ost,Elektronik,USB-Kabel,2,36.8,5.0,Rechnung,2.99,3,5.0,False,69.91999999999999,2024-12,Monday
100085,2024-02-09,970,36.0,Ost,Elektronik,Kopfhörer,2,24.3,10.0,Sofortüberweisung,4.99,1,3.0,False,43.74,2024-02,Friday
101518,2023-01-12,115,40.0,West,Haushalt,Staubsauger,2,109.24,15.0,PayPal,2.99,3,5.0,False,185.708,2023-01,Thursday
100516,2024-11-08,873,51.0,Süd,Bücher,Sachbuch,1,17.66,20.0,Sofortüberweisung,2.99,6,4.0,False,14.128,2024-11,Friday
101381,2024-06-05,1439,28.0,Nord,Haushalt,Kaffeemaschine,1,45.81,0.0,PayPal,4.99,2,5.0,False,45.81,2024-06,Wednesday
102716,2023-09-18,935,52.0,Ost,Mode,Mütze,1,15.61,0.0,PayPal,2.99,7,4.0,False,15.61,2023-09,Monday
104672,2023-05-03,86,25.0,Mitte,Mode,T-Shirt,1,38.25,0.0,PayPal,4.99,2,4.0,True,38.25,2023-05,Wednesday
101014,2024-01-13,215,18.0,Nord,Haushalt,Pfannenset,1,60.41,10.0,Lastschrift,4.99,3,5.0,False,54.369,2024-01,Saturday
100128,2024-07-23,222,39.0,Ost,Mode,Sneaker,4,87.28,5.0,Kreditkarte,2.99,4,5.0,False,331.664,2024-07,Tuesday
101364,2023-06-14,716,28.0,Süd,Mode,Jeans,1,22.21,0.0,PayPal,0.0,1,2.0,False,22.21,2023-06,Wednesday
104888,2024-04-03,1193,44.0,Mitte,Sport,Trinkflasche,1,28.03,10.0,Sofortüberweisung,2.99,5,5.0,False,25.227,2024-04,Wednesday
104055,2024-01-14,1279,44.0,West,Mode,T-Shirt,2,16.82,0.0,Kreditkarte,2.99,4,4.0,False,33.64,2024-01,Sunday
103626,2024-11-19,1,28.0,Nord,Mode,Jeans,1,4.88,20.0,Rechnung,2.99,1,5.0,False,3.904,2024-11,Tuesday
100891,2023-11-23,944,34.0,West,Elektronik,Powerbank,2,44.05,0.0,Lastschrift,4.99,3,2.0,False,88.1,2023-11,Thursday
102793,2024-01-13,1652,30.0,Süd,Haushalt,Lampe,1,92.58,15.0,PayPal,4.99,4,5.0,False,78.693,2024-01,Saturday
104251,2024-11-15,1139,57.0,West,Sport,Trinkflasche,3,14.24,0.0,Rechnung,6.99,4,-1.0,False,42.72,2024-11,Friday
101359,2023-04-17,1662,34.0,West,Bücher,Kochbuch,2,3.89,20.0,Kreditkarte,0.0,4,4.0,False,6.224,2023-04,Monday
100307,2023-06-22,146,65.0,Ost,Haushalt,Pfannenset,3,48.3,10.0,Lastschrift,2.99,2,3.0,False,130.41,2023-06,Thursday
101661,2023-10-01,359,37.0,West,Elektronik,USB-Kabel,1,903.305974501283,0.0,Rechnung,2.99,7,4.0,False,903.305974501283,2023-10,Sunday
102431,2023-04-11,1282,18.0,Ost,Haushalt,Bettwäsche,1,46.26,10.0,Kreditkarte,4.99,2,5.0,False,41.634,2023-04,Tuesday
104011,2024-08-16,316,43.0,Mitte,Mode,Sneaker,3,10.5,0.0,Sofortüberweisung,0.0,5,5.0,False,31.5,2024-08,Friday
101317,2024-07-07,1355,44.0,Mitte,Elektronik,Powerbank,2,37.26,0.0,Kreditkarte,6.99,4,4.0,False,74.52,2024-07,Sunday
104347,2023-09-25,1073,43.0,Nord,Sport,Hantel,1,15.89,20.0,Rechnung,4.99,8,5.0,False,12.712000000000002,2023-09,Monday
102474,2024-05-22,1182,55.0,Süd,Elektronik,Kopfhörer,3,56.42,0.0,Lastschrift,6.99,1,2.0,False,169.26,2024-05,Wednesday
102542,2023-07-26,1276,47.0,Nord,Haushalt,Pfannenset,1,15.36,0.0,PayPal,0.0,4,5.0,False,15.36,2023-07,Wednesday
101246,2024-12-09,1196,29.0,Nord,Sport,Fitnessband,1,35.53,0.0,Rechnung,0.0,5,5.0,False,35.53,2024-12,Monday
101208,2024-06-16,858,41.0,Mitte,Sport,Fitnessband,2,13.41,10.0,Sofortüberweisung,0.0,2,5.0,True,24.138,2024-06,Sunday
100216,2023-03-04,969,28.0,West,Mode,Jacke,1,6.15,10.0,Kreditkarte,2.99,4,4.0,False,5.535,2023-03,Saturday
104336,2024-08-02,1530,48.0,West,Mode,Jeans,2,5.84,0.0,Sofortüberweisung,0.0,4,5.0,False,11.68,2024-08,Friday
104666,2024-08-15,1455,33.0,Süd,Haushalt,Staubsauger,1,33.78,0.0,Sofortüberweisung,4.99,2,5.0,False,33.78,2024-08,Thursday
101239,2024-03-07,1235,69.0,Nord,Haushalt,Pfannenset,1,64.26,0.0,Sofortüberweisung,0.0,3,4.0,False,64.26,2024-03,Thursday
102289,2024-04-17,82,42.0,Süd,Elektronik,Kopfhörer,1,45.62,0.0,Kreditkarte,6.99,4,4.0,False,45.62,2024-04,Wednesday
102740,2023-05-21,1110,50.0,Ost,Sport,Hantel,4,51.51,10.0,PayPal,4.99,6,5.0,False,185.436,2023-05,Sunday
100275,2024-09-19,153,38.0,West,Elektronik,Powerbank,1,57.29,5.0,Rechnung,0.0,4,5.0,False,54.4255,2024-09,Thursday
100489,2024-03-05,1189,30.0,Nord,Mode,T-Shirt,2,41.06,0.0,Sofortüberweisung,2.99,2,5.0,False,82.12,2024-03,Tuesday
101035,2023-05-07,692,51.0,Nord,Bücher,Kinderbuch,3,11.26,25.0,Lastschrift,0.0,3,4.0,False,25.335,2023-05,Sunday
101229,2024-05-21,1164,29.0,Ost,Sport,Trinkflasche,3,18.86,0.0,Rechnung,6.99,1,5.0,False,56.58,2024-05,Tuesday
104630,2024-07-08,1751,39.0,Mitte,Elektronik,USB-Kabel,5,34.54,0.0,Rechnung,2.99,7,4.0,False,172.7,2024-07,Monday
101008,2024-07-08,1626,36.0,West,Mode,Jacke,1,42.48,20.0,Sofortüberweisung,4.99,1,4.0,False,33.984,2024-07,Monday
104777,2023-07-13,200,28.0,Nord,Bücher,Sachbuch,1,16.81,20.0,PayPal,0.0,5,4.0,False,13.448,2023-07,Thursday
104427,2023-10-02,966,40.0,Nord,Sport,Laufschuhe,2,22.89,0.0,Rechnung,4.99,1,5.0,False,45.78,2023-10,Monday
103247,2024-12-10,153,31.0,Süd,Mode,T-Shirt,1,3.46,5.0,PayPal,0.0,6,4.0,False,3.287,2024-12,Tuesday
102532,2023-03-29,1445,45.0,Süd,Elektronik,Kopfhörer,2,42.27,5.0,Lastschrift,4.99,1,5.0,False,80.313,2023-03,Wednesday
104211,2023-03-12,1411,44.0,Ost,Bücher,Roman,1,10.86,5.0,Sofortüberweisung,2.99,2,4.0,False,10.316999999999998,2023-03,Sunday
101058,2023-03-10,1250,41.0,Ost,Elektronik,Kopfhörer,2,48.06,5.0,PayPal,2.99,4,4.0,False,91.314,2023-03,Friday
102166,2024-12-26,1181,30.0,Nord,Elektronik,Powerbank,2,33.04,0.0,Rechnung,2.99,1,4.0,False,66.08,2024-12,Thursday
104140,2023-12-23,96,44.0,Süd,Haushalt,Pfannenset,1,69.58,0.0,PayPal,0.0,4,5.0,False,69.58,2023-12,Saturday
103441,2023-06-25,1607,40.0,West,Sport,Laufschuhe,2,18.31,0.0,PayPal,6.99,4,-1.0,False,36.62,2023-06,Sunday
100281,2023-11-06,1118,18.0,West,Haushalt,Lampe,1,36.71,0.0,Rechnung,2.99,1,5.0,False,36.71,2023-11,Monday
104441,2024-11-19,471,39.0,Ost,Bücher,Sachbuch,1,14.02,25.0,Sofortüberweisung,2.99,1,4.0,False,10.515,2024-11,Tuesday
101316,2024-04-07,1122,56.0,Süd,Bücher,Roman,1,14.58,20.0,Lastschrift,4.99,1,4.0,False,11.664000000000001,2024-04,Sunday
104684,2023-04-13,1005,36.0,Süd,Mode,Jeans,1,17.54,10.0,Rechnung,2.99,1,2.0,False,15.786,2023-04,Thursday
100968,2023-07-26,1757,55.0,Mitte,Sport,Trinkflasche,1,17.4,0.0,Kreditkarte,2.99,4,5.0,False,17.4,2023-07,Wednesday
103990,2023-10-02,997,18.0,West,Elektronik,Powerbank,1,102.63,0.0,Rechnung,2.99,6,-1.0,False,102.63,2023-10,Monday
103997,2024-01-22,788,48.0,West,Bücher,Comic,1,24.26,15.0,PayPal,2.99,4,5.0,False,20.621000000000002,2024-01,Monday
103231,2023-12-01,350,39.0,Ost,Mode,Mütze,1,64.6,0.0,Rechnung,2.99,3,5.0,False,64.6,2023-12,Friday
103589,2024-12-15,1322,23.0,Süd,Haushalt,Pfannenset,1,15.67,10.0,PayPal,0.0,3,4.0,False,14.103,2024-12,Sunday
100619,2024-01-03,143,53.0,Süd,Elektronik,USB-Kabel,2,30.74,20.0,Sofortüberweisung,0.0,2,3.0,False,49.184,2024-01,Wednesday
104390,2024-12-30,996,45.0,West,Mode,T-Shirt,1,24.93,0.0,Sofortüberweisung,0.0,3,4.0,False,24.93,2024-12,Monday
101742,2023-05-28,1488,32.0,West,Bücher,Sachbuch,1,43.57,0.0,Lastschrift,2.99,5,5.0,False,43.57,2023-05,Sunday
101390,2024-03-01,1432,18.0,Nord,Sport,Yogamatte,2,16.29,0.0,PayPal,2.99,1,4.0,False,32.58,2024-03,Friday
101847,2024-04-19,1465,40.0,Ost,Mode,Sneaker,1,22.37,5.0,Sofortüberweisung,0.0,1,4.0,False,21.2515,2024-04,Friday
101579,2024-11-27,1731,65.0,Nord,Elektronik,Powerbank,1,50.35,0.0,Rechnung,6.99,4,5.0,False,50.35,2024-11,Wednesday
101655,2023-01-22,86,33.0,Mitte,Elektronik,USB-Kabel,2,32.86,0.0,Sofortüberweisung,0.0,6,4.0,False,65.72,2023-01,Sunday
102352,2024-05-22,701,34.0,Mitte,Bücher,Sachbuch,1,13.2,0.0,Sofortüberweisung,2.99,3,5.0,False,13.2,2024-05,Wednesday
102212,2024-11-08,613,37.0,Mitte,Elektronik,USB-Kabel,1,86.87,0.0,PayPal,0.0,5,3.0,False,86.87,2024-11,Friday
102020,2023-12-22,1762,48.0,Mitte,Mode,Sneaker,1,34.83,15.0,Lastschrift,0.0,3,5.0,False,29.6055,2023-12,Friday
101956,2023-05-11,115,39.0,Mitte,Elektronik,Bluetooth-Lautsprecher,1,43.64,0.0,Rechnung,0.0,6,5.0,False,43.64,2023-05,Thursday
101307,2023-01-05,1118,57.0,Süd,Elektronik,USB-Kabel,2,55.63,15.0,PayPal,2.99,1,4.0,False,94.571,2023-01,Thursday
102003,2023-10-25,391,43.0,Mitte,Elektronik,USB-Kabel,1,51.46,0.0,PayPal,0.0,6,5.0,False,51.46,2023-10,Wednesday
104500,2023-02-26,1192,37.0,Ost,Mode,T-Shirt,1,12.66,0.0,Rechnung,2.99,4,3.0,True,12.66,2023-02,Sunday
100575,2023-01-30,471,30.0,West,Elektronik,Kopfhörer,1,30.71,5.0,Lastschrift,2.99,2,5.0,False,29.1745,2023-01,Monday
102360,2024-08-28,1728,38.0,Ost,Bücher,Comic,2,13.83,25.0,Lastschrift,2.99,4,5.0,False,20.745,2024-08,Wednesday
104245,2024-09-18,1040,33.0,Süd,Elektronik,Bluetooth-Lautsprecher,2,71.84,0.0,Lastschrift,2.99,2,5.0,False,143.68,2024-09,Wednesday
104481,2024-06-08,172,31.0,Mitte,Bücher,Kochbuch,1,3.87,0.0,Sofortüberweisung,0.0,4,5.0,False,3.87,2024-06,Saturday
101706,2023-01-23,1404,40.0,Mitte,Sport,Laufschuhe,1,60.88,20.0,Kreditkarte,0.0,6,5.0,False,48.70400000000001,2023-01,Monday
103815,2024-07-02,1573,24.0,West,Bücher,Kochbuch,2,10.48,0.0,Kreditkarte,4.99,1,5.0,False,20.96,2024-07,Tuesday
103540,2023-03-20,88,34.0,Nord,Haushalt,Pfannenset,2,26.15,0.0,Lastschrift,2.99,1,2.0,True,52.3,2023-03,Monday
101280,2023-11-09,646,49.0,Süd,Mode,Jeans,1,34.49,0.0,PayPal,2.99,2,5.0,False,34.49,2023-11,Thursday
100861,2023-05-27,1625,32.0,Mitte,Elektronik,Smartphone-Hülle,2,18.42,0.0,PayPal,2.99,3,5.0,False,36.84,2023-05,Saturday
104187,2023-11-03,1155,33.0,West,Elektronik,Smartphone-Hülle,1,17.6,0.0,Lastschrift,0.0,3,4.0,False,17.6,2023-11,Friday
101801,2024-10-18,1680,39.0,Süd,Bücher,Sachbuch,1,12.4,0.0,Lastschrift,2.99,3,5.0,False,12.4,2024-10,Friday
101628,2024-12-25,1721,32.0,Nord,Bücher,Sachbuch,3,22.06,0.0,Kreditkarte,0.0,1,2.0,False,66.17999999999999,2024-12,Wednesday
101993,2024-06-24,1403,32.0,Mitte,Sport,Hantel,1,57.76,0.0,Rechnung,0.0,3,4.0,False,57.76,2024-06,Monday
102639,2023-08-14,1037,39.0,Süd,Mode,Sneaker,1,10.77,10.0,Sofortüberweisung,0.0,3,4.0,False,9.693,2023-08,Monday
100269,2023-09-02,232,44.0,Mitte,Mode,T-Shirt,3,25.94,15.0,PayPal,0.0,5,4.0,False,66.147,2023-09,Saturday
100629,2024-03-02,79,55.0,Süd,Mode,T-Shirt,1,19.7,0.0,Sofortüberweisung,2.99,3,4.0,False,19.7,2024-03,Saturday
103081,2024-08-18,514,27.0,Ost,Bücher,Sachbuch,1,15.55,0.0,Sofortüberweisung,0.0,3,5.0,False,15.55,2024-08,Sunday
102334,2024-10-25,500,29.0,Süd,Sport,Hantel,1,34.18,0.0,Sofortüberweisung,2.99,6,1.0,False,34.18,2024-10,Friday
102966,2023-07-06,1554,47.0,Nord,Mode,Jeans,1,34.02,0.0,Lastschrift,4.99,2,5.0,False,34.02,2023-07,Thursday
100300,2024-11-05,361,35.0,Süd,Mode,Mütze,1,21.99,0.0,PayPal,0.0,1,5.0,False,21.99,2024-11,Tuesday
100459,2023-12-10,68,43.0,Nord,Mode,Jacke,1,16.54,5.0,Kreditkarte,4.99,1,-1.0,False,15.713,2023-12,Sunday
101447,2024-04-10,465,36.0,West,Haushalt,Kaffeemaschine,2,77.46,0.0,Sofortüberweisung,0.0,6,5.0,False,154.92,2024-04,Wednesday
101472,2024-09-04,1087,30.0,Mitte,Haushalt,Pfannenset,1,58.66,0.0,Rechnung,0.0,6,2.0,False,58.66,2024-09,Wednesday
102046,2023-02-02,438,44.0,Ost,Mode,Sneaker,1,16.47,0.0,Lastschrift,4.99,1,5.0,False,16.47,2023-02,Thursday
104271,2024-04-15,67,38.0,Ost,Mode,Sneaker,1,20.37,5.0,Rechnung,2.99,2,4.0,False,19.3515,2024-04,Monday
103837,2024-11-12,451,38.0,Süd,Haushalt,Kaffeemaschine,1,30.86,0.0,Sofortüberweisung,2.99,3,5.0,False,30.86,2024-11,Tuesday
102113,2024-10-08,750,49.0,Süd,Haushalt,Kaffeemaschine,2,14.24,0.0,PayPal,4.99,3,2.0,False,28.48,2024-10,Tuesday
100027,2024-06-23,690,36.0,Nord,Mode,Jacke,1,30.65,0.0,Lastschrift,2.99,5,3.0,False,30.65,2024-06,Sunday
104628,2023-11-05,1186,37.0,West,Haushalt,Lampe,1,58.02,15.0,PayPal,0.0,2,3.0,False,49.317,2023-11,Sunday
104567,2024-11-05,2,34.0,Mitte,Elektronik,Powerbank,1,41.56,0.0,Kreditkarte,0.0,3,3.0,False,41.56,2024-11,Tuesday
100837,2023-06-24,1349,27.0,West,Mode,T-Shirt,1,16.11,0.0,Lastschrift,6.99,2,5.0,False,16.11,2023-06,Saturday
104373,2023-01-28,1693,57.0,Süd,Bücher,Sachbuch,2,34.61,5.0,Rechnung,6.99,3,5.0,False,65.759,2023-01,Saturday
103433,2023-10-27,257,24.0,Süd,Elektronik,Powerbank,1,29.08,0.0,Kreditkarte,0.0,2,5.0,False,29.08,2023-10,Friday
102008,2023-10-15,173,61.0,Mitte,Sport,Laufschuhe,1,40.49,5.0,Sofortüberweisung,6.99,4,4.0,False,38.4655,2023-10,Sunday
104957,2024-11-08,976,30.0,Ost,Haushalt,Pfannenset,4,51.18,0.0,Rechnung,4.99,2,3.0,False,204.72,2024-11,Friday
100503,2024-05-06,1014,24.0,Ost,Elektronik,Smartphone-Hülle,1,34.22,0.0,Lastschrift,4.99,3,4.0,False,34.22,2024-05,Monday
103954,2023-01-05,1638,43.0,Süd,Elektronik,Smartphone-Hülle,1,49.38,0.0,PayPal,6.99,1,5.0,False,49.38,2023-01,Thursday
104348,2023-06-18,1759,37.0,West,Mode,Jeans,1,29.92,0.0,Lastschrift,2.99,4,5.0,False,29.92,2023-06,Sunday
100380,2023-02-05,224,38.0,Mitte,Elektronik,Bluetooth-Lautsprecher,1,24.64,5.0,PayPal,0.0,1,1.0,False,23.407999999999998,2023-02,Sunday
101851,2024-09-16,574,35.0,Mitte,Haushalt,Lampe,2,114.98,15.0,Kreditkarte,2.99,2,3.0,True,195.466,2024-09,Monday
101525,2023-02-27,1601,38.0,Mitte,Bücher,Comic,2,23.67,0.0,Rechnung,4.99,2,5.0,False,47.34,2023-02,Monday
102365,2024-01-17,1215,33.0,West,Bücher,Sachbuch,1,17.19,15.0,Rechnung,2.99,4,5.0,False,14.611500000000001,2024-01,Wednesday
104722,2023-04-11,1612,47.0,Mitte,Mode,Sneaker,1,53.2,0.0,Kreditkarte,0.0,4,5.0,False,53.2,2023-04,Tuesday
103052,2023-02-03,892,44.0,Nord,Elektronik,Kopfhörer,1,38.54,0.0,Kreditkarte,4.99,5,2.0,False,38.54,2023-02,Friday
102884,2023-12-10,328,28.0,Nord,Haushalt,Staubsauger,2,53.69,0.0,PayPal,0.0,4,5.0,False,107.38,2023-12,Sunday
102340,2023-05-02,1484,27.0,Nord,Mode,Sneaker,2,21.45,0.0,Kreditkarte,0.0,2,5.0,False,42.9,2023-05,Tuesday
100374,2023-09-24,1579,51.0,West,Mode,Sneaker,1,2.29,10.0,Lastschrift,0.0,5,5.0,False,2.061,2023-09,Sunday
103326,2024-04-20,1147,38.0,West,Elektronik,USB-Kabel,1,25.2,25.0,Sofortüberweisung,2.99,5,5.0,False,18.9,2024-04,Saturday
102381,2023-12-27,1082,30.0,Ost,Mode,Sneaker,2,8.54,0.0,Sofortüberweisung,4.99,5,5.0,False,17.08,2023-12,Wednesday
104353,2024-08-12,195,40.0,West,Mode,Jacke,1,16.52,0.0,Lastschrift,2.99,6,-1.0,False,16.52,2024-08,Monday
100939,2023-08-05,1671,38.0,Süd,Sport,Yogamatte,3,51.77,5.0,Sofortüberweisung,0.0,4,3.0,False,147.5445,2023-08,Saturday
104654,2023-03-16,879,25.0,Nord,Elektronik,Powerbank,1,40.9,10.0,PayPal,2.99,6,5.0,False,36.81,2023-03,Thursday
104207,2024-10-25,787,34.0,Ost,Haushalt,Staubsauger,2,121.78,0.0,Kreditkarte,0.0,6,2.0,False,243.56,2024-10,Friday
102799,2024-08-24,566,35.0,Ost,Mode,Sneaker,1,11.65,0.0,Sofortüberweisung,0.0,1,4.0,False,11.65,2024-08,Saturday
102147,2023-10-21,1229,21.0,Nord,Elektronik,Kopfhörer,1,30.86,0.0,Kreditkarte,4.99,1,5.0,False,30.86,2023-10,Saturday
103891,2024-09-27,1352,31.0,West,Elektronik,Kopfhörer,1,8.71,0.0,Kreditkarte,6.99,1,3.0,False,8.71,2024-09,Friday
104585,2024-03-15,1226,54.0,West,Mode,T-Shirt,1,40.14,0.0,Sofortüberweisung,4.99,4,4.0,False,40.14,2024-03,Friday
104259,2023-10-02,360,21.0,Süd,Mode,T-Shirt,1,99.32,15.0,PayPal,0.0,6,4.0,False,84.422,2023-10,Monday
102068,2024-02-03,161,34.0,Nord,Mode,Jacke,1,15.17,15.0,Kreditkarte,0.0,2,5.0,False,12.894499999999999,2024-02,Saturday
100529,2024-05-30,190,62.0,West,Elektronik,Powerbank,1,73.38,0.0,Kreditkarte,4.99,4,4.0,False,73.38,2024-05,Thursday
103803,2023-07-14,928,38.0,West,Elektronik,Smartphone-Hülle,1,23.86,0.0,Lastschrift,0.0,1,3.0,True,23.86,2023-07,Friday
100636,2024-07-22,730,40.0,West,Haushalt,Kaffeemaschine,1,35.1,0.0,Lastschrift,0.0,1,5.0,True,35.1,2024-07,Monday
101269,2023-06-01,1699,31.0,Nord,Elektronik,Kopfhörer,1,18.86,0.0,Rechnung,0.0,2,5.0,False,18.86,2023-06,Thursday
100185,2024-12-04,1644,45.0,Nord,Elektronik,Smartphone-Hülle,1,17.37,0.0,Sofortüberweisung,0.0,3,5.0,False,17.37,2024-12,Wednesday
103892,2023-01-16,626,57.0,Nord,Mode,Jacke,1,30.83,0.0,Lastschrift,2.99,3,2.0,True,30.83,2023-01,Monday
103244,2023-03-15,59,46.0,Ost,Bücher,Kochbuch,1,40.36,0.0,Lastschrift,4.99,5,4.0,False,40.36,2023-03,Wednesday
104523,2024-12-02,1008,18.0,West,Mode,Sneaker,1,10.97,0.0,Sofortüberweisung,4.99,4,3.0,False,10.97,2024-12,Monday
101797,2024-01-21,551,31.0,Ost,Haushalt,Lampe,1,56.82,0.0,Sofortüberweisung,4.99,6,5.0,False,56.82,2024-01,Sunday
102979,2023-08-14,283,44.0,West,Haushalt,Bettwäsche,1,32.8,5.0,Lastschrift,4.99,6,5.0,False,31.159999999999997,2023-08,Monday
101441,2023-05-13,847,63.0,Süd,Haushalt,Pfannenset,2,666.0798568368973,20.0,Kreditkarte,6.99,5,5.0,False,1065.7277709390357,2023-05,Saturday
104093,2024-10-26,197,46.0,Süd,Haushalt,Kaffeemaschine,2,57.54,5.0,PayPal,2.99,1,4.0,False,109.326,2024-10,Saturday
104924,2024-02-12,1286,22.0,Süd,Haushalt,Lampe,1,59.18,0.0,Rechnung,2.99,5,5.0,False,59.18,2024-02,Monday
101535,2023-03-07,837,18.0,Mitte,Elektronik,USB-Kabel,2,24.18,15.0,Lastschrift,4.99,3,5.0,False,41.106,2023-03,Tuesday
103711,2023-08-11,1377,44.0,Nord,Mode,Jeans,1,26.66,5.0,Lastschrift,0.0,5,5.0,False,25.326999999999998,2023-08,Friday
103188,2024-08-23,1534,18.0,Mitte,Haushalt,Lampe,1,28.32,0.0,Sofortüberweisung,0.0,3,5.0,False,28.32,2024-08,Friday
101273,2024-09-19,3,36.0,Ost,Elektronik,Powerbank,1,84.75,0.0,PayPal,0.0,2,5.0,False,84.75,2024-09,Thursday
102467,2023-03-01,833,31.0,Nord,Sport,Hantel,1,14.73,0.0,Kreditkarte,0.0,7,3.0,False,14.73,2023-03,Wednesday
100607,2024-12-18,1337,43.0,Mitte,Mode,Mütze,1,11.52,0.0,Sofortüberweisung,0.0,6,5.0,False,11.52,2024-12,Wednesday
103455,2023-02-08,260,29.0,Ost,Mode,T-Shirt,1,7.85,15.0,Kreditkarte,4.99,2,5.0,False,6.672499999999999,2023-02,Wednesday
101712,2023-08-18,1109,45.0,Mitte,Mode,Mütze,1,42.75,0.0,Kreditkarte,2.99,3,5.0,False,42.75,2023-08,Friday
102199,2024-11-14,1062,51.0,Süd,Sport,Fitnessband,1,28.39,10.0,Sofortüberweisung,2.99,1,3.0,False,25.551000000000002,2024-11,Thursday
100955,2024-03-13,203,65.0,Ost,Elektronik,Powerbank,1,142.93,0.0,Kreditkarte,4.99,2,5.0,False,142.93,2024-03,Wednesday
102579,2024-12-14,1132,40.0,Süd,Haushalt,Pfannenset,3,27.28,0.0,Rechnung,4.99,1,5.0,False,81.84,2024-12,Saturday
104609,2023-06-09,1707,41.0,West,Bücher,Kochbuch,1,4.34,0.0,Lastschrift,2.99,6,1.0,False,4.34,2023-06,Friday
104469,2023-05-28,845,41.0,Mitte,Mode,Sneaker,1,12.21,15.0,PayPal,4.99,4,-1.0,False,10.3785,2023-05,Sunday
104315,2024-02-03,1721,41.0,Nord,Elektronik,Smartphone-Hülle,1,26.04,0.0,Kreditkarte,2.99,4,4.0,False,26.04,2024-02,Saturday
103758,2023-04-13,908,40.0,West,Haushalt,Lampe,1,89.2,10.0,Sofortüberweisung,0.0,4,5.0,False,80.28,2023-04,Thursday
100403,2023-06-16,43,59.0,Ost,Mode,Mütze,1,72.03,0.0,PayPal,2.99,7,4.0,False,72.03,2023-06,Friday
102071,2024-04-27,898,38.0,Nord,Sport,Trinkflasche,2,11.74,0.0,Kreditkarte,2.99,1,5.0,False,23.48,2024-04,Saturday
104804,2023-02-23,1580,19.0,Nord,Haushalt,Lampe,2,23.78,0.0,Sofortüberweisung,2.99,6,5.0,False,47.56,2023-02,Thursday
101977,2024-05-17,1521,26.0,Ost,Elektronik,Bluetooth-Lautsprecher,1,67.02,5.0,Kreditkarte,2.99,5,4.0,False,63.66899999999999,2024-05,Friday
100158,2024-07-16,1761,38.0,Ost,Bücher,Kochbuch,2,3.66,10.0,Sofortüberweisung,0.0,2,5.0,False,6.588,2024-07,Tuesday
101748,2024-08-07,194,41.0,West,Mode,Jacke,1,27.51,10.0,Lastschrift,0.0,3,4.0,False,24.759,2024-08,Wednesday
102909,2024-05-14,986,18.0,Süd,Mode,T-Shirt,1,27.19,5.0,Kreditkarte,4.99,1,3.0,False,25.8305,2024-05,Tuesday
103604,2023-09-25,451,29.0,Ost,Mode,Jacke,1,6.3,0.0,PayPal,0.0,5,2.0,False,6.3,2023-09,Monday
100902,2024-04-24,1288,42.0,West,Haushalt,Kaffeemaschine,1,42.83,0.0,Kreditkarte,2.99,3,4.0,False,42.83,2024-04,Wednesday
100352,2023-05-18,144,30.0,Ost,Elektronik,Bluetooth-Lautsprecher,1,18.72,0.0,Lastschrift,2.99,1,4.0,False,18.72,2023-05,Thursday
101230,2023-09-08,261,42.0,Süd,Mode,Jeans,1,15.21,0.0,Rechnung,4.99,4,5.0,False,15.21,2023-09,Friday
104717,2024-02-29,1047,42.0,Ost,Haushalt,Lampe,1,106.73,0.0,PayPal,2.99,4,3.0,False,106.73,2024-02,Thursday
102140,2024-10-01,577,34.0,Süd,Bücher,Roman,1,11.72,5.0,Kreditkarte,6.99,1,4.0,False,11.134,2024-10,Tuesday
100444,2023-06-14,1663,38.0,Ost,Sport,Trinkflasche,1,35.15,10.0,Sofortüberweisung,0.0,4,5.0,False,31.634999999999998,2023-06,Wednesday
104998,2023-10-01,666,42.0,Süd,Elektronik,USB-Kabel,2,49.09,0.0,Kreditkarte,0.0,4,5.0,False,98.18,2023-10,Sunday
100754,2024-05-05,332,36.0,Süd,Bücher,Kinderbuch,1,3.95,0.0,Kreditkarte,0.0,1,5.0,False,3.95,2024-05,Sunday
101737,2023-01-02,1267,38.0,Ost,Mode,T-Shirt,2,6.52,5.0,Lastschrift,4.99,3,2.0,False,12.387999999999998,2023-01,Monday
102971,2024-02-11,125,46.0,Süd,Sport,Hantel,1,40.28,0.0,Sofortüberweisung,0.0,5,5.0,False,40.28,2024-02,Sunday
102920,2023-10-17,843,42.0,Mitte,Sport,Fitnessband,1,29.84,0.0,Lastschrift,4.99,1,3.0,False,29.84,2023-10,Tuesday
100311,2024-01-22,1292,33.0,Ost,Elektronik,Powerbank,1,47.95,5.0,PayPal,2.99,1,5.0,False,45.5525,2024-01,Monday
100548,2024-01-17,714,38.0,Süd,Mode,Sneaker,3,14.97,0.0,Sofortüberweisung,4.99,2,5.0,False,44.910000000000004,2024-01,Wednesday
100661,2023-05-27,943,60.0,Süd,Sport,Laufschuhe,2,18.91,0.0,Lastschrift,4.99,5,5.0,False,37.82,2023-05,Saturday
104810,2023-02-23,1736,53.0,Mitte,Elektronik,Smartphone-Hülle,1,50.89,0.0,PayPal,2.99,4,5.0,False,50.89,2023-02,Thursday
101989,2024-06-15,1623,21.0,West,Bücher,Comic,1,11.69,0.0,Kreditkarte,4.99,1,2.0,True,11.69,2024-06,Saturday
100306,2023-10-23,1002,32.0,Mitte,Elektronik,Bluetooth-Lautsprecher,2,36.2,25.0,Sofortüberweisung,4.99,2,5.0,False,54.300000000000004,2023-10,Monday
102335,2024-12-18,288,67.0,Mitte,Haushalt,Lampe,2,67.44,0.0,Rechnung,4.99,4,5.0,False,134.88,2024-12,Wednesday
100694,2024-12-14,1647,26.0,Süd,Elektronik,Smartphone-Hülle,1,182.98,0.0,PayPal,0.0,3,3.0,False,182.98,2024-12,Saturday
102356,2024-05-16,88,32.0,Mitte,Elektronik,Powerbank,2,15.31,0.0,Kreditkarte,4.99,4,5.0,False,30.62,2024-05,Thursday
101927,2023-11-17,860,51.0,Nord,Elektronik,Kopfhörer,1,42.9,0.0,Sofortüberweisung,2.99,2,5.0,False,42.9,2023-11,Friday
100684,2023-02-13,1446,38.0,Ost,Mode,Mütze,1,14.8,0.0,Kreditkarte,2.99,1,5.0,False,14.8,2023-02,Monday
100749,2023-07-08,1292,38.0,West,Mode,Jeans,1,26.33,5.0,Lastschrift,4.99,5,2.0,False,25.013499999999997,2023-07,Saturday
103559,2024-03-22,1469,43.0,Ost,Mode,Jeans,1,23.47,5.0,Kreditkarte,0.0,1,5.0,False,22.296499999999998,2024-03,Friday
103312,2024-01-04,1717,38.0,Süd,Elektronik,Smartphone-Hülle,3,35.19,0.0,Rechnung,0.0,6,1.0,False,105.57,2024-01,Thursday
101266,2023-08-21,1454,60.0,Ost,Sport,Trinkflasche,2,43.92,0.0,Kreditkarte,4.99,1,5.0,False,87.84,2023-08,Monday
104467,2024-08-07,1345,22.0,West,Mode,Mütze,1,29.55,0.0,Lastschrift,4.99,5,2.0,False,29.55,2024-08,Wednesday
104062,2024-10-04,1731,21.0,West,Elektronik,Smartphone-Hülle,1,9.01,20.0,Lastschrift,0.0,1,4.0,False,7.208,2024-10,Friday
103083,2023-12-31,98,53.0,Mitte,Elektronik,Kopfhörer,3,66.21,15.0,Kreditkarte,6.99,2,4.0,False,168.8355,2023-12,Sunday
103061,2024-01-28,1049,28.0,Süd,Mode,Jacke,1,17.96,5.0,Kreditkarte,4.99,3,3.0,False,17.062,2024-01,Sunday
103025,2023-06-06,449,53.0,Süd,Elektronik,Smartphone-Hülle,2,90.93,0.0,Lastschrift,4.99,5,5.0,False,181.86,2023-06,Tuesday
100970,2024-02-29,1563,18.0,Ost,Bücher,Kinderbuch,2,6.56,5.0,Kreditkarte,4.99,6,5.0,False,12.463999999999999,2024-02,Thursday
100013,2023-10-27,673,41.0,Mitte,Mode,T-Shirt,3,10.77,15.0,Kreditkarte,4.99,4,-1.0,False,27.4635,2023-10,Friday
100808,2024-12-13,996,22.0,Süd,Mode,Jacke,1,13.91,5.0,Lastschrift,4.99,3,5.0,True,13.2145,2024-12,Friday
103198,2023-07-10,704,27.0,West,Mode,Mütze,1,23.6,0.0,PayPal,6.99,4,3.0,False,23.6,2023-07,Monday
100514,2023-02-23,919,37.0,Mitte,Mode,Sneaker,1,56.23,20.0,Rechnung,2.99,5,1.0,False,44.984,2023-02,Thursday
104517,2023-05-02,193,38.0,Mitte,Elektronik,Powerbank,2,52.34,20.0,PayPal,2.99,4,-1.0,False,83.74400000000001,2023-05,Tuesday
100409,2023-12-09,1257,51.0,Ost,Elektronik,Kopfhörer,1,53.06,0.0,PayPal,4.99,1,-1.0,False,53.06,2023-12,Saturday
104153,2023-04-07,1566,52.0,Nord,Elektronik,Bluetooth-Lautsprecher,3,19.99,0.0,Lastschrift,2.99,7,4.0,False,59.97,2023-04,Friday
104386,2023-12-05,770,36.0,West,Bücher,Roman,1,9.13,0.0,Sofortüberweisung,2.99,5,5.0,False,9.13,2023-12,Tuesday
100207,2024-11-09,1330,47.0,Nord,Haushalt,Kaffeemaschine,3,52.38,0.0,Rechnung,6.99,2,2.0,False,157.14000000000001,2024-11,Saturday
103289,2023-04-07,791,45.0,Ost,Elektronik,Kopfhörer,1,26.55,0.0,Lastschrift,0.0,5,4.0,False,26.55,2023-04,Friday
100458,2023-03-08,1045,29.0,Mitte,Elektronik,USB-Kabel,1,69.52,10.0,Sofortüberweisung,6.99,7,4.0,False,62.568,2023-03,Wednesday
103541,2024-04-20,335,57.0,Mitte,Bücher,Roman,3,19.14,0.0,PayPal,2.99,1,5.0,False,57.42,2024-04,Saturday
102430,2023-04-19,629,24.0,Mitte,Haushalt,Lampe,1,29.31,0.0,Rechnung,4.99,8,5.0,False,29.31,2023-04,Wednesday
104650,2023-12-14,299,48.0,Ost,Mode,T-Shirt,4,23.64,15.0,Kreditkarte,4.99,3,3.0,False,80.376,2023-12,Thursday
100110,2024-09-17,83,27.0,West,Haushalt,Kaffeemaschine,2,51.66,20.0,Rechnung,2.99,5,4.0,False,82.656,2024-09,Tuesday
103819,2023-03-29,1495,52.0,Ost,Mode,T-Shirt,1,10.72,0.0,Rechnung,4.99,3,5.0,False,10.72,2023-03,Wednesday
101107,2023-04-26,950,48.0,Ost,Elektronik,Powerbank,2,4.94,0.0,PayPal,0.0,3,3.0,False,9.88,2023-04,Wednesday
101883,2024-03-18,1073,23.0,Nord,Sport,Hantel,1,26.99,0.0,Lastschrift,2.99,4,3.0,False,26.99,2024-03,Monday
101713,2024-02-15,1490,52.0,West,Sport,Yogamatte,1,31.34,0.0,Lastschrift,4.99,5,5.0,True,31.34,2024-02,Thursday
104036,2024-03-09,1073,28.0,Ost,Sport,Fitnessband,2,32.8,0.0,Lastschrift,0.0,5,4.0,False,65.6,2024-03,Saturday
103467,2024-12-12,1785,38.0,West,Mode,Sneaker,1,34.27,5.0,Sofortüberweisung,4.99,5,5.0,False,32.5565,2024-12,Thursday
100552,2023-10-14,381,38.0,West,Elektronik,Smartphone-Hülle,1,54.51,10.0,PayPal,2.99,1,4.0,False,49.059,2023-10,Saturday
101439,2024-07-19,123,34.0,West,Haushalt,Staubsauger,1,12.55,0.0,Rechnung,2.99,6,5.0,False,12.55,2024-07,Friday
102270,2023-07-22,1658,29.0,Süd,Elektronik,Kopfhörer,2,83.7,15.0,Lastschrift,0.0,3,4.0,False,142.29,2023-07,Saturday
103144,2023-01-26,1662,18.0,Süd,Mode,Mütze,3,37.64,15.0,PayPal,2.99,5,4.0,False,95.982,2023-01,Thursday
102821,2023-07-09,455,34.0,Ost,Mode,Jacke,1,4.1,0.0,Lastschrift,0.0,1,4.0,False,4.1,2023-07,Sunday
104830,2024-04-01,575,30.0,Nord,Mode,Mütze,3,42.08,15.0,Lastschrift,2.99,4,3.0,False,107.30399999999999,2024-04,Monday
101925,2024-09-12,762,36.0,Nord,Elektronik,Kopfhörer,2,54.96,0.0,Rechnung,4.99,3,5.0,False,109.92,2024-09,Thursday
100634,2024-04-16,1516,62.0,Ost,Mode,T-Shirt,1,40.0,0.0,PayPal,2.99,2,3.0,False,40.0,2024-04,Tuesday
104854,2024-03-31,711,38.0,Nord,Elektronik,Powerbank,3,29.11,10.0,Rechnung,2.99,4,-1.0,False,78.597,2024-03,Sunday
100316,2024-12-30,419,33.0,Süd,Haushalt,Kaffeemaschine,1,103.41,0.0,Lastschrift,4.99,4,-1.0,True,103.41,2024-12,Monday
104260,2024-04-10,1328,40.0,West,Mode,Jeans,1,15.01,0.0,Rechnung,0.0,4,5.0,True,15.01,2024-04,Wednesday
104747,2023-03-18,116,47.0,West,Mode,Mütze,1,37.84,0.0,Sofortüberweisung,2.99,9,5.0,False,37.84,2023-03,Saturday
101328,2024-07-05,94,21.0,Süd,Mode,Mütze,1,25.76,0.0,Sofortüberweisung,2.99,3,4.0,False,25.76,2024-07,Friday
100427,2024-10-08,537,59.0,Mitte,Sport,Fitnessband,1,8.39,5.0,PayPal,4.99,3,4.0,False,7.9705,2024-10,Tuesday
103442,2024-04-29,440,52.0,Ost,Elektronik,Kopfhörer,1,51.17,0.0,Lastschrift,4.99,1,4.0,True,51.17,2024-04,Monday
100105,2024-04-30,1685,18.0,Mitte,Sport,Yogamatte,1,16.72,0.0,Sofortüberweisung,2.99,5,5.0,False,16.72,2024-04,Tuesday
103041,2024-07-25,1751,46.0,West,Elektronik,USB-Kabel,4,87.98,0.0,Kreditkarte,4.99,1,5.0,False,351.92,2024-07,Thursday
100142,2023-11-18,321,50.0,Nord,Elektronik,Smartphone-Hülle,2,46.9,5.0,Sofortüberweisung,0.0,1,4.0,False,89.11,2023-11,Saturday
102169,2023-12-16,150,45.0,West,Sport,Hantel,2,30.26,10.0,Rechnung,6.99,5,5.0,False,54.468,2023-12,Saturday
103396,2023-12-04,1727,64.0,West,Elektronik,Powerbank,1,106.53,15.0,Sofortüberweisung,2.99,2,4.0,False,90.5505,2023-12,Monday
100089,2023-01-07,382,48.0,Ost,Sport,Fitnessband,1,18.74,0.0,Sofortüberweisung,2.99,5,5.0,False,18.74,2023-01,Saturday
102918,2023-11-03,376,32.0,Ost,Bücher,Sachbuch,1,20.84,20.0,PayPal,0.0,4,4.0,False,16.672,2023-11,Friday
103237,2023-03-25,1410,19.0,Mitte,Haushalt,Bettwäsche,1,100.68,0.0,Rechnung,4.99,4,4.0,False,100.68,2023-03,Saturday
102241,2023-07-11,1601,30.0,Ost,Haushalt,Bettwäsche,1,49.88,0.0,Sofortüberweisung,2.99,2,5.0,False,49.88,2023-07,Tuesday
103174,2024-04-10,250,27.0,Ost,Elektronik,Smartphone-Hülle,2,42.91,0.0,PayPal,4.99,1,5.0,False,85.82,2024-04,Wednesday
103480,2024-02-23,36,47.0,West,Mode,Jeans,1,41.52,0.0,Kreditkarte,2.99,3,3.0,False,41.52,2024-02,Friday
102163,2023-05-25,1723,42.0,West,Elektronik,Bluetooth-Lautsprecher,1,46.79,0.0,Lastschrift,4.99,4,-1.0,False,46.79,2023-05,Thursday
102636,2023-04-30,1231,45.0,Süd,Haushalt,Lampe,1,69.32,0.0,Sofortüberweisung,0.0,3,5.0,False,69.32,2023-04,Sunday
101949,2023-11-13,427,38.0,Süd,Mode,Jacke,1,35.41,5.0,Lastschrift,2.99,2,5.0,False,33.6395,2023-11,Monday
101768,2023-06-13,78,29.0,West,Haushalt,Pfannenset,3,7.62,0.0,Rechnung,2.99,3,4.0,False,22.86,2023-06,Tuesday
103349,2024-01-25,708,34.0,Süd,Elektronik,Powerbank,1,53.53,0.0,Rechnung,2.99,3,4.0,False,53.53,2024-01,Thursday
102272,2024-05-21,1186,69.0,Mitte,Haushalt,Lampe,1,41.87,5.0,Sofortüberweisung,4.99,3,-1.0,False,39.7765,2024-05,Tuesday
100001,2024-05-10,1401,35.0,West,Mode,Jacke,2,14.95,0.0,Kreditkarte,6.99,6,4.0,False,29.9,2024-05,Friday
104602,2023-01-03,1218,31.0,Mitte,Elektronik,USB-Kabel,1,65.01,0.0,Kreditkarte,4.99,1,4.0,False,65.01,2023-01,Tuesday
101951,2024-12-19,160,18.0,Nord,Mode,T-Shirt,4,40.98,0.0,Sofortüberweisung,0.0,5,4.0,False,163.92,2024-12,Thursday
100935,2024-02-28,1034,26.0,Ost,Elektronik,Bluetooth-Lautsprecher,2,22.2,0.0,Kreditkarte,2.99,5,4.0,False,44.4,2024-02,Wednesday
104340,2023-10-05,1163,28.0,Nord,Haushalt,Lampe,1,74.8,0.0,Sofortüberweisung,2.99,2,5.0,False,74.8,2023-10,Thursday
102720,2023-04-17,31,33.0,West,Bücher,Kochbuch,1,11.18,0.0,Rechnung,4.99,3,-1.0,False,11.18,2023-04,Monday
101109,2023-02-02,118,18.0,West,Mode,Sneaker,1,68.11,0.0,Sofortüberweisung,2.99,2,5.0,False,68.11,2023-02,Thursday
103659,2024-10-27,1381,19.0,Mitte,Sport,Laufschuhe,1,28.78,10.0,Sofortüberweisung,6.99,5,5.0,False,25.902,2024-10,Sunday
100591,2023-09-28,808,46.0,West,Sport,Laufschuhe,1,56.07,0.0,Sofortüberweisung,0.0,5,4.0,False,56.07,2023-09,Thursday
101695,2024-11-20,1512,25.0,West,Bücher,Roman,2,27.18,0.0,PayPal,6.99,4,4.0,False,54.36,2024-11,Wednesday
103518,2023-11-05,266,20.0,West,Sport,Hantel,1,10.99,15.0,PayPal,0.0,5,3.0,False,9.3415,2023-11,Sunday
102936,2023-10-06,1433,25.0,Nord,Bücher,Sachbuch,1,15.1,5.0,Sofortüberweisung,0.0,3,4.0,True,14.344999999999999,2023-10,Friday
104247,2023-06-27,1476,18.0,West,Elektronik,Powerbank,1,132.53,0.0,Rechnung,0.0,3,5.0,False,132.53,2023-06,Tuesday
103479,2023-05-18,975,52.0,Ost,Elektronik,USB-Kabel,1,80.06,10.0,Kreditkarte,4.99,5,-1.0,False,72.054,2023-05,Thursday
101576,2023-02-26,1306,43.0,Süd,Elektronik,Powerbank,1,48.73,0.0,Kreditkarte,0.0,1,5.0,False,48.73,2023-02,Sunday
104032,2024-01-16,1378,65.0,Mitte,Mode,T-Shirt,1,56.78,0.0,Lastschrift,0.0,5,2.0,False,56.78,2024-01,Tuesday
100213,2023-08-07,1742,40.0,Ost,Bücher,Comic,1,22.93,20.0,Kreditkarte,4.99,4,5.0,False,18.344,2023-08,Monday
100778,2023-11-12,920,23.0,Ost,Sport,Hantel,4,73.4,10.0,Kreditkarte,0.0,4,3.0,False,264.24,2023-11,Sunday
101415,2023-04-14,1042,36.0,West,Elektronik,USB-Kabel,1,79.26,0.0,Rechnung,2.99,3,1.0,False,79.26,2023-04,Friday
103832,2023-07-27,1229,64.0,Süd,Mode,Jeans,2,6.23,20.0,Kreditkarte,6.99,6,5.0,False,9.968000000000002,2023-07,Thursday
102043,2023-02-09,1544,37.0,Nord,Mode,Jacke,1,4.84,0.0,Sofortüberweisung,6.99,4,4.0,False,4.84,2023-02,Thursday
102848,2023-04-04,165,38.0,Nord,Bücher,Kinderbuch,2,8.54,0.0,Sofortüberweisung,0.0,2,4.0,False,17.08,2023-04,Tuesday
104582,2024-07-24,681,49.0,Ost,Bücher,Sachbuch,1,14.22,5.0,Lastschrift,4.99,3,5.0,False,13.509,2024-07,Wednesday
103575,2024-07-20,241,20.0,Ost,Haushalt,Bettwäsche,1,72.71,5.0,Lastschrift,4.99,4,-1.0,False,69.07449999999999,2024-07,Saturday
103886,2024-04-13,582,59.0,West,Bücher,Sachbuch,1,1.81,5.0,Rechnung,2.99,4,5.0,False,1.7195,2024-04,Saturday
101567,2023-11-25,753,45.0,Süd,Sport,Fitnessband,2,42.67,0.0,PayPal,6.99,3,4.0,False,85.34,2023-11,Saturday
100165,2023-03-31,1637,39.0,Mitte,Elektronik,Smartphone-Hülle,1,40.35,10.0,Lastschrift,2.99,6,5.0,True,36.315000000000005,2023-03,Friday
104762,2024-04-24,343,19.0,Mitte,Elektronik,USB-Kabel,1,11.82,15.0,Kreditkarte,0.0,4,4.0,False,10.047,2024-04,Wednesday
103655,2024-01-29,1023,42.0,West,Haushalt,Lampe,2,82.23,0.0,Sofortüberweisung,6.99,7,5.0,False,164.46,2024-01,Monday
104976,2023-01-10,1371,26.0,West,Mode,Mütze,1,33.32,0.0,Lastschrift,0.0,3,-1.0,False,33.32,2023-01,Tuesday
101343,2024-04-13,901,56.0,Süd,Mode,Jeans,1,70.9,10.0,Lastschrift,0.0,3,5.0,False,63.81000000000001,2024-04,Saturday
102013,2024-11-24,1584,51.0,Mitte,Mode,Jacke,3,2.33,0.0,Rechnung,6.99,4,5.0,False,6.99,2024-11,Sunday
100273,2023-04-19,777,30.0,West,Sport,Trinkflasche,2,16.59,20.0,Sofortüberweisung,6.99,3,5.0,False,26.544,2023-04,Wednesday
100071,2024-01-22,957,48.0,West,Haushalt,Lampe,1,21.89,15.0,Kreditkarte,2.99,6,5.0,False,18.6065,2024-01,Monday
103964,2023-10-02,589,50.0,Ost,Haushalt,Bettwäsche,1,61.41,5.0,Sofortüberweisung,2.99,4,1.0,False,58.339499999999994,2023-10,Monday
101087,2023-03-24,1696,36.0,Süd,Mode,Jacke,1,553.0519058783075,15.0,Rechnung,4.99,1,3.0,False,470.09411999656135,2023-03,Friday
100394,2024-11-26,536,76.0,Süd,Bücher,Kochbuch,1,8.4,0.0,Lastschrift,4.99,4,5.0,False,8.4,2024-11,Tuesday
100583,2023-04-15,1465,37.0,West,Haushalt,Kaffeemaschine,4,104.78,0.0,Rechnung,0.0,2,5.0,False,419.12,2023-04,Saturday
101367,2024-10-07,410,34.0,Ost,Elektronik,USB-Kabel,1,17.99,0.0,Lastschrift,4.99,2,4.0,False,17.99,2024-10,Monday
104689,2023-09-13,1411,40.0,Ost,Haushalt,Lampe,1,159.93,0.0,Rechnung,0.0,3,5.0,False,159.93,2023-09,Wednesday
102548,2024-06-03,1275,46.0,Süd,Elektronik,USB-Kabel,1,380.3318087488127,0.0,Lastschrift,2.99,6,4.0,False,380.3318087488127,2024-06,Monday
101013,2023-11-02,164,45.0,West,Mode,T-Shirt,1,21.54,0.0,Lastschrift,6.99,1,4.0,False,21.54,2023-11,Thursday
104947,2024-12-18,973,25.0,Mitte,Sport,Trinkflasche,1,47.02,0.0,Rechnung,4.99,2,3.0,False,47.02,2024-12,Wednesday
103003,2024-10-29,1136,52.0,Mitte,Sport,Hantel,1,28.7,15.0,Sofortüberweisung,4.99,4,5.0,False,24.395,2024-10,Tuesday
104837,2023-07-05,759,22.0,Süd,Mode,Sneaker,1,18.41,5.0,Kreditkarte,6.99,5,4.0,False,17.4895,2023-07,Wednesday
104594,2024-05-02,1113,41.0,Nord,Mode,Jacke,1,26.88,0.0,PayPal,0.0,3,3.0,False,26.88,2024-05,Thursday
104525,2023-10-29,851,28.0,Ost,Elektronik,Smartphone-Hülle,1,52.77,10.0,Kreditkarte,0.0,2,4.0,False,47.493,2023-10,Sunday
101763,2023-03-30,473,53.0,West,Sport,Hantel,1,67.45,0.0,Sofortüberweisung,0.0,7,-1.0,False,67.45,2023-03,Thursday
101875,2023-05-27,576,32.0,West,Haushalt,Kaffeemaschine,1,65.74,0.0,Rechnung,2.99,3,4.0,False,65.74,2023-05,Saturday
101259,2024-05-11,1433,52.0,Nord,Sport,Laufschuhe,5,68.24,0.0,Lastschrift,2.99,5,5.0,False,341.2,2024-05,Saturday
103344,2023-12-22,1690,41.0,West,Mode,Jeans,4,51.95,0.0,Kreditkarte,2.99,2,2.0,False,207.8,2023-12,Friday
104575,2023-07-20,1198,30.0,Süd,Haushalt,Staubsauger,2,7.7,0.0,PayPal,2.99,4,4.0,False,15.4,2023-07,Thursday
102253,2024-02-26,1487,40.0,West,Elektronik,USB-Kabel,3,81.9,0.0,Sofortüberweisung,4.99,7,2.0,False,245.70000000000002,2024-02,Monday
102781,2023-07-04,1184,50.0,Süd,Elektronik,Kopfhörer,1,37.35,10.0,PayPal,2.99,4,5.0,False,33.615,2023-07,Tuesday
103665,2023-04-23,317,24.0,Mitte,Mode,Jacke,1,46.33,0.0,Kreditkarte,4.99,3,1.0,True,46.33,2023-04,Sunday
100526,2023-01-05,69,28.0,Ost,Mode,T-Shirt,1,35.11,0.0,Sofortüberweisung,0.0,1,5.0,False,35.11,2023-01,Thursday
104035,2024-12-22,139,30.0,Mitte,Mode,Jacke,1,9.73,10.0,Rechnung,2.99,4,2.0,False,8.757000000000001,2024-12,Sunday
102946,2023-05-07,140,42.0,Ost,Mode,Jeans,2,64.8,10.0,Rechnung,4.99,4,4.0,False,116.64,2023-05,Sunday
100377,2023-07-09,596,23.0,Süd,Mode,T-Shirt,1,64.42,10.0,Sofortüberweisung,6.99,2,5.0,False,57.978,2023-07,Sunday
101559,2024-02-14,752,18.0,West,Elektronik,USB-Kabel,1,95.67,0.0,Sofortüberweisung,2.99,5,4.0,False,95.67,2024-02,Wednesday
103894,2023-01-07,617,39.0,West,Bücher,Roman,1,23.48,0.0,Rechnung,0.0,3,5.0,False,23.48,2023-01,Saturday
101963,2023-03-09,498,50.0,West,Mode,Mütze,1,20.31,0.0,Lastschrift,4.99,5,4.0,False,20.31,2023-03,Thursday
104781,2023-11-06,519,28.0,Süd,Sport,Fitnessband,1,52.07,0.0,Kreditkarte,0.0,2,4.0,False,52.07,2023-11,Monday
100348,2024-04-11,1652,29.0,Nord,Elektronik,Smartphone-Hülle,1,64.51,0.0,Sofortüberweisung,6.99,1,4.0,False,64.51,2024-04,Thursday
102434,2024-01-02,1245,48.0,Mitte,Mode,T-Shirt,1,31.61,25.0,Rechnung,2.99,4,3.0,False,23.7075,2024-01,Tuesday
102246,2023-04-01,1236,24.0,Süd,Sport,Fitnessband,1,47.34,0.0,Sofortüberweisung,2.99,2,4.0,False,47.34,2023-04,Saturday
104861,2024-07-25,618,28.0,West,Mode,Sneaker,1,17.1,0.0,Kreditkarte,2.99,1,5.0,False,17.1,2024-07,Thursday
101709,2023-05-17,314,45.0,Nord,Elektronik,Powerbank,1,70.66,0.0,Kreditkarte,0.0,3,5.0,False,70.66,2023-05,Wednesday
101050,2023-07-23,370,59.0,Ost,Haushalt,Bettwäsche,5,27.36,0.0,Sofortüberweisung,4.99,4,2.0,False,136.8,2023-07,Sunday
100590,2023-10-15,177,25.0,West,Haushalt,Lampe,3,49.29,0.0,Kreditkarte,6.99,1,4.0,False,147.87,2023-10,Sunday
100519,2023-10-10,864,65.0,West,Sport,Yogamatte,1,17.74,10.0,Rechnung,2.99,2,4.0,False,15.966,2023-10,Tuesday
103380,2024-09-30,1076,49.0,Süd,Bücher,Comic,1,15.01,10.0,Kreditkarte,4.99,5,2.0,False,13.509,2024-09,Monday
104538,2023-08-29,1339,38.0,West,Sport,Laufschuhe,3,27.9,0.0,Lastschrift,0.0,5,5.0,False,83.69999999999999,2023-08,Tuesday
104165,2023-10-30,1543,48.0,Ost,Elektronik,Bluetooth-Lautsprecher,1,19.84,10.0,PayPal,2.99,5,5.0,False,17.856,2023-10,Monday
102477,2023-04-10,627,23.0,Mitte,Mode,Jeans,1,11.43,0.0,Rechnung,6.99,3,-1.0,False,11.43,2023-04,Monday
101083,2024-10-08,963,36.0,Nord,Elektronik,Bluetooth-Lautsprecher,2,87.81,0.0,Rechnung,2.99,5,2.0,False,175.62,2024-10,Tuesday
103661,2024-07-07,1664,42.0,West,Elektronik,Powerbank,1,60.82,0.0,Kreditkarte,6.99,5,4.0,False,60.82,2024-07,Sunday
104827,2023-11-19,941,18.0,Ost,Elektronik,Bluetooth-Lautsprecher,1,63.73,0.0,Lastschrift,6.99,5,5.0,False,63.73,2023-11,Sunday
104554,2024-12-20,1753,31.0,Ost,Elektronik,Smartphone-Hülle,1,16.66,20.0,PayPal,4.99,7,4.0,False,13.328000000000001,2024-12,Friday
101294,2024-08-01,98,31.0,Mitte,Bücher,Sachbuch,3,10.27,25.0,Lastschrift,6.99,3,3.0,False,23.107499999999998,2024-08,Thursday
101809,2023-11-16,452,27.0,Mitte,Mode,Jacke,1,49.47,0.0,Lastschrift,6.99,4,4.0,False,49.47,2023-11,Thursday
100791,2024-09-03,316,55.0,Nord,Mode,Sneaker,1,65.91,25.0,Sofortüberweisung,0.0,3,5.0,False,49.4325,2024-09,Tuesday
100792,2024-12-09,949,22.0,Ost,Mode,Mütze,1,23.31,20.0,Kreditkarte,2.99,5,3.0,False,18.648,2024-12,Monday
104375,2023-01-17,1350,23.0,West,Mode,Mütze,1,74.68,5.0,Sofortüberweisung,0.0,5,5.0,False,70.946,2023-01,Tuesday
101855,2024-01-23,1275,49.0,Mitte,Elektronik,Kopfhörer,1,26.05,5.0,Lastschrift,6.99,3,4.0,False,24.7475,2024-01,Tuesday
104806,2024-12-04,594,52.0,Ost,Bücher,Roman,1,15.79,0.0,Lastschrift,0.0,3,4.0,False,15.79,2024-12,Wednesday
101980,2023-09-10,1122,52.0,West,Elektronik,Powerbank,2,26.77,10.0,Kreditkarte,4.99,7,4.0,False,48.186,2023-09,Sunday
103233,2023-11-05,1580,43.0,Süd,Haushalt,Lampe,1,100.59,20.0,Lastschrift,0.0,5,4.0,False,80.47200000000001,2023-11,Sunday
103985,2023-09-24,44,51.0,Nord,Mode,Jeans,1,7.88,0.0,PayPal,2.99,9,4.0,False,7.88,2023-09,Sunday
103453,2024-02-02,810,48.0,West,Elektronik,Smartphone-Hülle,1,34.73,0.0,Lastschrift,2.99,2,4.0,False,34.73,2024-02,Friday
103328,2024-08-10,778,38.0,West,Elektronik,USB-Kabel,1,55.52,0.0,PayPal,2.99,6,3.0,False,55.52,2024-08,Saturday
101530,2023-12-28,134,22.0,West,Elektronik,Powerbank,1,29.39,15.0,Rechnung,0.0,3,4.0,False,24.9815,2023-12,Thursday
101410,2023-08-09,188,43.0,Mitte,Mode,Sneaker,1,26.05,10.0,PayPal,0.0,4,5.0,False,23.445,2023-08,Wednesday
104338,2023-12-08,1579,19.0,Nord,Elektronik,Powerbank,1,10.69,0.0,Rechnung,6.99,6,5.0,False,10.69,2023-12,Friday
104695,2023-01-02,1043,60.0,Ost,Haushalt,Kaffeemaschine,1,6.7,0.0,Rechnung,0.0,1,4.0,False,6.7,2023-01,Monday
100083,2024-07-11,636,51.0,Süd,Bücher,Kinderbuch,4,12.79,0.0,Lastschrift,4.99,5,-1.0,False,51.16,2024-07,Thursday
100868,2023-04-03,1086,33.0,Mitte,Elektronik,Kopfhörer,1,26.84,15.0,PayPal,0.0,4,5.0,False,22.814,2023-04,Monday
102350,2024-07-16,1647,38.0,Mitte,Elektronik,Powerbank,1,114.59,0.0,PayPal,0.0,5,4.0,False,114.59,2024-07,Tuesday
100020,2024-03-08,1156,29.0,Ost,Elektronik,USB-Kabel,1,70.29,15.0,Sofortüberweisung,0.0,3,2.0,True,59.746500000000005,2024-03,Friday
103492,2023-07-29,626,20.0,West,Mode,T-Shirt,2,14.05,15.0,Kreditkarte,2.99,5,4.0,False,23.885,2023-07,Saturday
102795,2023-08-14,202,55.0,Ost,Haushalt,Lampe,1,75.22,0.0,Sofortüberweisung,0.0,4,5.0,False,75.22,2023-08,Monday
104617,2023-05-01,799,21.0,Süd,Elektronik,Smartphone-Hülle,1,10.97,10.0,Sofortüberweisung,0.0,2,5.0,False,9.873000000000001,2023-05,Monday
103093,2024-09-18,77,29.0,Ost,Mode,Jacke,2,24.19,0.0,PayPal,0.0,6,5.0,False,48.38,2024-09,Wednesday
103155,2023-01-15,256,49.0,Mitte,Mode,T-Shirt,1,16.7,0.0,Kreditkarte,0.0,4,4.0,False,16.7,2023-01,Sunday
100973,2024-07-06,780,24.0,Nord,Haushalt,Kaffeemaschine,1,36.68,0.0,Rechnung,4.99,3,3.0,False,36.68,2024-07,Saturday
101710,2023-02-23,535,36.0,Mitte,Elektronik,USB-Kabel,1,15.96,0.0,Rechnung,2.99,4,4.0,False,15.96,2023-02,Thursday
103201,2023-08-21,541,38.0,Nord,Elektronik,Powerbank,1,10.78,10.0,Lastschrift,6.99,4,4.0,False,9.702,2023-08,Monday
104059,2024-03-04,600,55.0,Nord,Bücher,Sachbuch,1,26.64,0.0,PayPal,2.99,3,4.0,False,26.64,2024-03,Monday
104868,2024-07-12,546,18.0,Ost,Elektronik,USB-Kabel,1,75.24,0.0,Rechnung,4.99,1,3.0,False,75.24,2024-07,Friday
101098,2024-10-02,1302,40.0,West,Mode,Sneaker,1,39.09,20.0,Rechnung,2.99,4,5.0,False,31.272000000000006,2024-10,Wednesday
104203,2024-03-17,783,19.0,Mitte,Bücher,Sachbuch,2,10.56,0.0,Lastschrift,2.99,2,4.0,False,21.12,2024-03,Sunday
102844,2023-08-28,686,39.0,Nord,Elektronik,Kopfhörer,1,58.09,5.0,Sofortüberweisung,0.0,4,5.0,False,55.1855,2023-08,Monday
100886,2023-11-11,255,25.0,West,Bücher,Kochbuch,3,26.71,15.0,Lastschrift,4.99,3,5.0,False,68.11049999999999,2023-11,Saturday
104981,2023-04-14,665,29.0,Ost,Elektronik,Smartphone-Hülle,1,18.65,5.0,Lastschrift,2.99,3,5.0,False,17.717499999999998,2023-04,Friday
103751,2024-11-09,1770,59.0,Ost,Mode,T-Shirt,1,12.71,25.0,Kreditkarte,4.99,3,5.0,False,9.5325,2024-11,Saturday
104625,2023-03-20,174,37.0,Nord,Sport,Trinkflasche,1,26.22,0.0,Kreditkarte,4.99,7,4.0,False,26.22,2023-03,Monday
104489,2024-12-04,757,44.0,Süd,Bücher,Kinderbuch,1,4.99,0.0,Kreditkarte,0.0,2,4.0,False,4.99,2024-12,Wednesday
104445,2023-10-20,381,44.0,Mitte,Elektronik,Powerbank,1,62.38,0.0,Sofortüberweisung,6.99,5,4.0,False,62.38,2023-10,Friday
100515,2024-01-01,1127,25.0,Nord,Mode,Mütze,3,70.89,0.0,Kreditkarte,0.0,8,4.0,False,212.67000000000002,2024-01,Monday
104667,2023-09-19,750,19.0,Mitte,Sport,Fitnessband,1,27.34,0.0,PayPal,2.99,6,-1.0,False,27.34,2023-09,Tuesday
100737,2023-12-12,1749,27.0,West,Haushalt,Bettwäsche,1,48.53,10.0,Sofortüberweisung,4.99,3,1.0,False,43.677,2023-12,Tuesday
101453,2023-05-17,1262,42.0,Nord,Mode,T-Shirt,1,33.63,5.0,Kreditkarte,0.0,1,2.0,False,31.9485,2023-05,Wednesday
104049,2024-09-13,150,35.0,Süd,Haushalt,Kaffeemaschine,3,75.49,0.0,Rechnung,2.99,1,5.0,False,226.46999999999997,2024-09,Friday
104748,2023-09-19,1392,40.0,West,Bücher,Comic,2,31.47,0.0,Sofortüberweisung,2.99,3,4.0,False,62.94,2023-09,Tuesday
102506,2023-12-24,1353,38.0,Mitte,Elektronik,Smartphone-Hülle,1,21.89,0.0,Sofortüberweisung,4.99,2,5.0,False,21.89,2023-12,Sunday
102994,2024-05-04,1530,43.0,West,Elektronik,Smartphone-Hülle,1,11.73,0.0,Rechnung,2.99,2,4.0,False,11.73,2024-05,Saturday
102126,2024-06-06,1080,40.0,Süd,Elektronik,Kopfhörer,1,26.46,0.0,Kreditkarte,0.0,2,5.0,False,26.46,2024-06,Thursday
102926,2024-06-01,896,29.0,Nord,Elektronik,Powerbank,1,89.21,0.0,Kreditkarte,2.99,3,4.0,False,89.21,2024-06,Saturday
104794,2023-12-19,463,53.0,Ost,Sport,Trinkflasche,2,55.48,0.0,Kreditkarte,6.99,3,5.0,False,110.96,2023-12,Tuesday
100906,2024-09-30,381,31.0,Nord,Elektronik,Powerbank,1,38.64,0.0,PayPal,6.99,2,4.0,False,38.64,2024-09,Monday
103720,2023-09-18,254,35.0,Süd,Elektronik,Kopfhörer,1,81.71,15.0,Lastschrift,2.99,4,4.0,False,69.45349999999999,2023-09,Monday
101030,2024-05-19,922,32.0,Mitte,Mode,Jeans,2,13.83,15.0,Lastschrift,2.99,2,5.0,False,23.511,2024-05,Sunday
102507,2023-02-01,991,39.0,West,Elektronik,Smartphone-Hülle,1,35.93,0.0,PayPal,4.99,3,5.0,False,35.93,2023-02,Wednesday
102428,2023-10-16,1551,35.0,Nord,Mode,Jacke,1,17.42,10.0,PayPal,4.99,1,5.0,False,15.678000000000003,2023-10,Monday
100947,2024-05-07,276,39.0,Süd,Elektronik,Powerbank,1,44.53,0.0,Sofortüberweisung,6.99,2,4.0,False,44.53,2024-05,Tuesday
103879,2023-02-06,1720,38.0,Süd,Sport,Fitnessband,2,14.13,10.0,Sofortüberweisung,4.99,4,3.0,True,25.434,2023-02,Monday
100762,2023-04-15,1094,40.0,Mitte,Haushalt,Pfannenset,1,63.65,0.0,Lastschrift,2.99,6,4.0,False,63.65,2023-04,Saturday
100715,2024-06-22,441,19.0,Ost,Sport,Trinkflasche,1,29.63,0.0,Sofortüberweisung,0.0,1,-1.0,True,29.63,2024-06,Saturday
100284,2024-11-24,1047,18.0,Mitte,Mode,Jeans,1,14.43,0.0,Lastschrift,0.0,6,4.0,True,14.43,2024-11,Sunday
100686,2024-05-16,55,32.0,West,Haushalt,Staubsauger,1,83.81,0.0,Kreditkarte,2.99,4,4.0,False,83.81,2024-05,Thursday
100703,2023-06-03,873,42.0,Süd,Sport,Hantel,1,47.49,5.0,Kreditkarte,2.99,3,5.0,False,45.1155,2023-06,Saturday
103341,2024-02-24,768,38.0,West,Bücher,Kinderbuch,1,13.37,0.0,Rechnung,6.99,5,4.0,False,13.37,2024-02,Saturday
102353,2023-10-13,994,26.0,Ost,Sport,Hantel,1,25.29,0.0,PayPal,0.0,6,4.0,False,25.29,2023-10,Friday
102257,2023-06-24,820,49.0,Mitte,Elektronik,Powerbank,1,74.83,0.0,Kreditkarte,2.99,4,4.0,False,74.83,2023-06,Saturday
103621,2023-03-23,1777,38.0,Nord,Sport,Yogamatte,1,57.01,0.0,Sofortüberweisung,2.99,2,3.0,False,57.01,2023-03,Thursday
100473,2023-01-31,1001,31.0,Ost,Haushalt,Bettwäsche,1,21.99,5.0,Sofortüberweisung,0.0,2,-1.0,False,20.890499999999996,2023-01,Tuesday
100021,2023-08-23,1443,18.0,Ost,Mode,Sneaker,1,31.16,15.0,Lastschrift,6.99,4,5.0,False,26.486,2023-08,Wednesday
102752,2023-09-02,308,38.0,West,Sport,Trinkflasche,2,10.74,0.0,Rechnung,0.0,2,3.0,False,21.48,2023-09,Saturday
100885,2024-01-10,658,55.0,Mitte,Haushalt,Kaffeemaschine,1,70.96,20.0,Kreditkarte,0.0,2,5.0,False,56.768,2024-01,Wednesday
102448,2024-08-24,793,48.0,Süd,Mode,Sneaker,1,16.48,0.0,Lastschrift,2.99,1,2.0,False,16.48,2024-08,Saturday
100917,2023-08-26,1538,28.0,Süd,Elektronik,USB-Kabel,1,21.23,15.0,Lastschrift,2.99,3,2.0,True,18.0455,2023-08,Saturday
103830,2023-08-11,1242,32.0,Nord,Haushalt,Lampe,2,306.40733940905767,20.0,PayPal,0.0,5,5.0,False,490.2517430544923,2023-08,Friday
103824,2024-03-12,170,54.0,West,Elektronik,Powerbank,2,16.85,0.0,PayPal,0.0,3,3.0,False,33.7,2024-03,Tuesday
102239,2024-07-08,559,36.0,Mitte,Haushalt,Staubsauger,2,69.91,0.0,PayPal,0.0,2,4.0,False,139.82,2024-07,Monday
103918,2024-07-01,583,39.0,West,Elektronik,Smartphone-Hülle,1,27.88,10.0,Rechnung,4.99,3,5.0,False,25.092,2024-07,Monday
103395,2024-11-01,1342,41.0,West,Haushalt,Pfannenset,4,72.88,0.0,Rechnung,2.99,3,5.0,False,291.52,2024-11,Friday
101265,2023-06-04,1090,36.0,Ost,Bücher,Kinderbuch,1,4.34,5.0,Kreditkarte,0.0,3,4.0,False,4.122999999999999,2023-06,Sunday
100483,2023-03-01,709,18.0,Ost,Mode,Mütze,2,25.87,25.0,Kreditkarte,0.0,3,4.0,False,38.805,2023-03,Wednesday
104381,2024-08-23,379,51.0,Süd,Elektronik,Bluetooth-Lautsprecher,2,87.67,0.0,Rechnung,0.0,6,4.0,False,175.34,2024-08,Friday
102963,2023-12-13,1132,26.0,Nord,Elektronik,Bluetooth-Lautsprecher,2,58.53,0.0,PayPal,2.99,1,5.0,False,117.06,2023-12,Wednesday
101219,2023-01-16,617,32.0,Süd,Elektronik,Powerbank,1,38.92,20.0,Kreditkarte,2.99,1,1.0,False,31.136000000000003,2023-01,Monday
100277,2024-03-28,141,23.0,Mitte,Mode,Jacke,4,36.93,5.0,Lastschrift,4.99,9,5.0,False,140.334,2024-03,Thursday
100988,2023-07-14,1688,58.0,Nord,Haushalt,Pfannenset,2,25.89,0.0,PayPal,0.0,7,5.0,False,51.78,2023-07,Friday
102084,2024-05-30,1170,43.0,West,Haushalt,Lampe,2,45.47,5.0,Rechnung,2.99,6,5.0,False,86.393,2024-05,Thursday
101245,2024-05-07,708,39.0,Ost,Mode,T-Shirt,2,36.1,0.0,Kreditkarte,2.99,1,5.0,False,72.2,2024-05,Tuesday
102382,2024-07-24,491,18.0,Nord,Mode,Jacke,1,55.42,10.0,Kreditkarte,0.0,4,1.0,False,49.878,2024-07,Wednesday
100571,2024-12-08,352,60.0,West,Haushalt,Bettwäsche,1,48.68,5.0,Sofortüberweisung,0.0,3,5.0,False,46.245999999999995,2024-12,Sunday
101435,2023-04-02,150,37.0,Mitte,Haushalt,Staubsauger,1,39.45,0.0,Lastschrift,2.99,3,5.0,False,39.45,2023-04,Sunday
100993,2023-03-12,196,50.0,Mitte,Sport,Trinkflasche,1,23.24,0.0,Sofortüberweisung,6.99,3,5.0,False,23.24,2023-03,Sunday
103520,2023-01-16,1696,66.0,West,Sport,Yogamatte,1,88.52,0.0,Sofortüberweisung,0.0,4,5.0,False,88.52,2023-01,Monday
103515,2023-11-20,1365,39.0,Nord,Haushalt,Kaffeemaschine,1,13.56,0.0,Kreditkarte,0.0,6,4.0,False,13.56,2023-11,Monday
100585,2023-07-15,169,31.0,Süd,Bücher,Sachbuch,4,4.26,20.0,Sofortüberweisung,6.99,5,5.0,True,13.632,2023-07,Saturday
103731,2024-05-03,897,31.0,West,Sport,Fitnessband,2,45.31,0.0,Lastschrift,0.0,5,4.0,False,90.62,2024-05,Friday
102514,2024-03-26,823,31.0,Ost,Elektronik,Kopfhörer,3,14.35,0.0,Sofortüberweisung,2.99,8,4.0,False,43.05,2024-03,Tuesday
101349,2024-03-25,1712,43.0,Süd,Haushalt,Kaffeemaschine,1,28.49,0.0,PayPal,0.0,1,-1.0,False,28.49,2024-03,Monday
101007,2023-03-03,1629,18.0,West,Elektronik,Smartphone-Hülle,2,46.15,10.0,Lastschrift,0.0,4,4.0,False,83.07,2023-03,Friday
100674,2024-01-16,1342,30.0,Ost,Mode,Mütze,1,29.96,0.0,PayPal,6.99,2,4.0,True,29.96,2024-01,Tuesday
102412,2023-12-10,739,28.0,West,Mode,Jacke,2,25.22,0.0,Kreditkarte,2.99,5,5.0,False,50.44,2023-12,Sunday
102903,2023-09-14,1571,21.0,Süd,Haushalt,Pfannenset,2,30.11,0.0,Rechnung,2.99,2,4.0,False,60.22,2023-09,Thursday
100447,2023-07-17,1503,39.0,West,Haushalt,Kaffeemaschine,1,72.8,0.0,Rechnung,4.99,5,5.0,False,72.8,2023-07,Monday
103542,2023-09-14,89,28.0,Mitte,Haushalt,Staubsauger,1,62.53,0.0,Lastschrift,2.99,4,5.0,False,62.53,2023-09,Thursday
103831,2024-12-21,1238,49.0,Süd,Haushalt,Kaffeemaschine,1,41.44,0.0,PayPal,0.0,4,1.0,False,41.44,2024-12,Saturday
103921,2023-01-05,1707,32.0,Mitte,Mode,Sneaker,1,21.3,5.0,PayPal,2.99,4,4.0,False,20.235,2023-01,Thursday
100359,2024-06-04,898,22.0,West,Elektronik,Smartphone-Hülle,2,32.23,0.0,PayPal,4.99,4,4.0,False,64.46,2024-06,Tuesday
102064,2024-01-22,219,44.0,Ost,Mode,Jeans,1,42.72,5.0,PayPal,2.99,3,3.0,False,40.583999999999996,2024-01,Monday
104494,2024-08-11,1479,42.0,Süd,Mode,Sneaker,2,33.2,15.0,Kreditkarte,2.99,4,5.0,False,56.440000000000005,2024-08,Sunday
103883,2023-03-13,528,45.0,Nord,Mode,Sneaker,1,6.65,0.0,PayPal,4.99,1,5.0,False,6.65,2023-03,Monday
101690,2023-04-28,1779,49.0,Süd,Mode,Sneaker,2,12.0,0.0,Sofortüberweisung,0.0,1,5.0,False,24.0,2023-04,Friday
104370,2023-09-14,333,27.0,West,Sport,Trinkflasche,2,32.59,0.0,Sofortüberweisung,4.99,2,3.0,False,65.18,2023-09,Thursday
101548,2024-07-08,1370,34.0,Mitte,Elektronik,Smartphone-Hülle,1,39.04,15.0,Sofortüberweisung,0.0,3,4.0,False,33.184,2024-07,Monday
101247,2023-05-12,1702,29.0,Mitte,Elektronik,USB-Kabel,1,57.84,0.0,Lastschrift,0.0,4,5.0,False,57.84,2023-05,Friday
101985,2023-02-12,891,51.0,Nord,Bücher,Kinderbuch,3,15.43,5.0,Rechnung,4.99,7,4.0,False,43.9755,2023-02,Sunday
100294,2024-01-29,765,38.0,Ost,Elektronik,Smartphone-Hülle,1,15.59,0.0,PayPal,0.0,4,3.0,False,15.59,2024-01,Monday
101547,2023-01-15,138,37.0,Mitte,Mode,Sneaker,1,36.73,0.0,Kreditkarte,4.99,1,2.0,False,36.73,2023-01,Sunday
102012,2023-02-02,772,51.0,West,Mode,Sneaker,2,90.61,0.0,PayPal,0.0,8,5.0,False,181.22,2023-02,Thursday
100588,2023-10-30,1442,23.0,Süd,Bücher,Roman,2,38.37,20.0,Rechnung,2.99,6,5.0,False,61.391999999999996,2023-10,Monday
103329,2024-10-08,1732,18.0,West,Haushalt,Kaffeemaschine,1,25.81,20.0,Kreditkarte,2.99,2,5.0,False,20.648,2024-10,Tuesday
102403,2023-03-13,1340,40.0,West,Mode,Jeans,2,92.57,0.0,Kreditkarte,0.0,5,5.0,False,185.14,2023-03,Monday
102129,2024-11-30,193,31.0,West,Elektronik,Powerbank,2,66.08,0.0,Kreditkarte,4.99,4,5.0,False,132.16,2024-11,Saturday
104432,2023-10-24,1681,48.0,Nord,Mode,Sneaker,1,13.59,0.0,Lastschrift,2.99,2,5.0,False,13.59,2023-10,Tuesday
103508,2024-11-12,1362,43.0,Ost,Elektronik,USB-Kabel,1,46.83,0.0,Rechnung,2.99,3,4.0,False,46.83,2024-11,Tuesday
102410,2024-07-12,1733,18.0,Mitte,Elektronik,Smartphone-Hülle,2,48.44,0.0,Rechnung,2.99,1,5.0,False,96.88,2024-07,Friday
102719,2023-07-23,597,49.0,Ost,Bücher,Kochbuch,2,30.82,0.0,Lastschrift,0.0,1,5.0,False,61.64,2023-07,Sunday
104599,2024-12-25,928,31.0,West,Bücher,Roman,1,5.46,10.0,Lastschrift,0.0,8,3.0,False,4.914,2024-12,Wednesday
100425,2024-03-25,916,41.0,Süd,Sport,Yogamatte,2,31.25,0.0,Lastschrift,2.99,3,5.0,False,62.5,2024-03,Monday
102582,2023-07-29,371,38.0,Ost,Sport,Hantel,1,13.0,10.0,Sofortüberweisung,4.99,1,5.0,False,11.700000000000001,2023-07,Saturday
101054,2023-04-03,1732,38.0,Mitte,Bücher,Roman,4,6.88,0.0,Lastschrift,6.99,4,5.0,False,27.52,2023-04,Monday
104044,2024-09-19,911,22.0,West,Mode,Jacke,1,15.23,5.0,Lastschrift,6.99,4,4.0,False,14.4685,2024-09,Thursday
104607,2024-11-12,1505,44.0,Ost,Mode,Mütze,2,15.71,0.0,Lastschrift,2.99,7,1.0,False,31.42,2024-11,Tuesday
100556,2024-12-30,938,31.0,West,Elektronik,Powerbank,3,13.58,10.0,Rechnung,0.0,4,5.0,False,36.666000000000004,2024-12,Monday
104402,2023-09-15,193,39.0,Nord,Sport,Hantel,3,87.09,0.0,PayPal,6.99,6,4.0,False,261.27,2023-09,Friday
104015,2023-08-07,132,31.0,Ost,Haushalt,Staubsauger,1,41.54,0.0,Sofortüberweisung,2.99,2,5.0,False,41.54,2023-08,Monday
104760,2024-03-07,1525,47.0,Süd,Bücher,Kochbuch,1,7.74,0.0,Lastschrift,0.0,4,4.0,False,7.74,2024-03,Thursday
102469,2023-06-24,32,43.0,Mitte,Mode,Jeans,1,23.89,10.0,Lastschrift,6.99,5,5.0,False,21.501,2023-06,Saturday
104758,2023-05-30,1688,44.0,Ost,Sport,Fitnessband,3,11.62,10.0,Rechnung,2.99,6,4.0,False,31.374,2023-05,Tuesday
100355,2024-03-08,249,40.0,Nord,Elektronik,Smartphone-Hülle,2,43.91,0.0,Lastschrift,2.99,3,4.0,False,87.82,2024-03,Friday
101193,2023-09-09,158,52.0,Ost,Elektronik,Smartphone-Hülle,2,37.04,0.0,Sofortüberweisung,4.99,4,3.0,False,74.08,2023-09,Saturday
101716,2023-03-20,828,18.0,West,Elektronik,Kopfhörer,1,78.62,0.0,Kreditkarte,4.99,3,4.0,False,78.62,2023-03,Monday
103416,2024-07-27,1009,21.0,Nord,Bücher,Comic,1,28.99,10.0,Kreditkarte,0.0,3,-1.0,False,26.090999999999998,2024-07,Saturday
102604,2023-02-20,1644,25.0,Mitte,Haushalt,Bettwäsche,1,30.46,20.0,PayPal,0.0,4,4.0,False,24.368000000000002,2023-02,Monday
104577,2024-02-08,1015,18.0,West,Mode,Sneaker,2,554.4699521663513,15.0,Kreditkarte,0.0,1,3.0,False,942.5989186827971,2024-02,Thursday
102828,2024-12-25,1745,33.0,West,Bücher,Kinderbuch,1,13.47,0.0,Rechnung,6.99,2,5.0,False,13.47,2024-12,Wednesday
101704,2024-11-23,530,46.0,Mitte,Sport,Yogamatte,1,8.51,0.0,Lastschrift,6.99,5,5.0,False,8.51,2024-11,Saturday
102863,2024-02-29,617,37.0,Mitte,Haushalt,Bettwäsche,2,36.8,0.0,Lastschrift,4.99,3,5.0,False,73.6,2024-02,Thursday
102618,2024-03-17,246,18.0,Nord,Haushalt,Staubsauger,3,124.12,20.0,Lastschrift,4.99,1,5.0,False,297.88800000000003,2024-03,Sunday
102400,2024-03-24,981,66.0,West,Haushalt,Pfannenset,3,129.19,10.0,PayPal,2.99,4,4.0,False,348.813,2024-03,Sunday
102139,2024-01-06,709,38.0,West,Sport,Hantel,2,36.84,0.0,PayPal,0.0,3,5.0,False,73.68,2024-01,Saturday
103239,2023-02-12,124,44.0,West,Mode,Sneaker,1,23.68,0.0,Sofortüberweisung,6.99,2,2.0,False,23.68,2023-02,Sunday
102383,2023-02-09,1625,44.0,West,Haushalt,Staubsauger,2,25.34,15.0,Lastschrift,4.99,3,5.0,False,43.077999999999996,2023-02,Thursday
103218,2023-03-04,1547,22.0,Ost,Haushalt,Kaffeemaschine,1,95.63,0.0,Sofortüberweisung,2.99,1,1.0,False,95.63,2023-03,Saturday
103817,2024-02-19,1344,50.0,Ost,Sport,Trinkflasche,1,26.7,0.0,PayPal,4.99,4,5.0,False,26.7,2024-02,Monday
101285,2023-03-16,1097,29.0,West,Mode,T-Shirt,2,28.97,0.0,PayPal,2.99,6,4.0,False,57.94,2023-03,Thursday
103869,2023-10-21,1606,30.0,West,Elektronik,Smartphone-Hülle,2,68.72,0.0,Rechnung,4.99,2,4.0,False,137.44,2023-10,Saturday
103914,2024-12-31,1489,45.0,Süd,Bücher,Kochbuch,1,2.98,0.0,PayPal,0.0,8,3.0,False,2.98,2024-12,Tuesday
104513,2024-01-31,1552,41.0,Nord,Haushalt,Staubsauger,1,48.84,0.0,Kreditkarte,0.0,1,5.0,False,48.84,2024-01,Wednesday
102087,2024-11-15,1243,19.0,West,Sport,Hantel,2,39.8,0.0,Kreditkarte,0.0,4,5.0,False,79.6,2024-11,Friday
101889,2023-09-10,468,32.0,West,Mode,Jacke,1,49.54,10.0,Rechnung,0.0,3,5.0,False,44.586,2023-09,Sunday
103576,2023-08-11,224,44.0,Nord,Bücher,Sachbuch,2,2.33,5.0,Kreditkarte,4.99,2,5.0,False,4.427,2023-08,Friday
101591,2023-05-31,400,26.0,Mitte,Haushalt,Bettwäsche,1,11.59,5.0,Kreditkarte,2.99,3,4.0,False,11.010499999999999,2023-05,Wednesday
101346,2023-07-09,752,54.0,West,Bücher,Kochbuch,2,26.09,0.0,Lastschrift,2.99,1,5.0,False,52.18,2023-07,Sunday
104475,2023-06-30,1267,48.0,West,Mode,Mütze,1,17.13,0.0,Rechnung,4.99,3,1.0,False,17.13,2023-06,Friday
102162,2023-01-13,1022,27.0,West,Bücher,Kochbuch,1,7.54,0.0,Sofortüberweisung,2.99,6,4.0,False,7.54,2023-01,Friday
102396,2023-09-03,961,48.0,Süd,Elektronik,Bluetooth-Lautsprecher,1,22.08,5.0,Kreditkarte,0.0,6,4.0,False,20.976,2023-09,Sunday
103716,2023-06-01,1108,27.0,Süd,Sport,Trinkflasche,1,1495.2393290076106,0.0,PayPal,4.99,1,5.0,False,1495.2393290076106,2023-06,Thursday
102271,2024-04-21,708,42.0,Mitte,Mode,Sneaker,5,17.77,10.0,Kreditkarte,6.99,1,-1.0,False,79.965,2024-04,Sunday
104535,2023-09-19,1137,47.0,Süd,Sport,Trinkflasche,4,23.26,15.0,Kreditkarte,0.0,4,3.0,False,79.084,2023-09,Tuesday
103111,2024-08-14,191,70.0,Süd,Elektronik,USB-Kabel,2,16.4,0.0,Sofortüberweisung,0.0,4,3.0,False,32.8,2024-08,Wednesday
101137,2024-05-25,282,38.0,Mitte,Bücher,Kinderbuch,1,4.28,0.0,Rechnung,2.99,3,5.0,False,4.28,2024-05,Saturday
103972,2024-08-28,1785,43.0,Nord,Elektronik,Smartphone-Hülle,2,48.23,25.0,PayPal,2.99,4,5.0,True,72.345,2024-08,Wednesday
100972,2023-08-07,1683,36.0,West,Elektronik,Powerbank,3,56.32,0.0,Kreditkarte,0.0,2,1.0,False,168.96,2023-08,Monday
100795,2024-03-20,1630,38.0,West,Elektronik,Powerbank,2,81.68,10.0,Lastschrift,0.0,4,4.0,True,147.02400000000003,2024-03,Wednesday
103020,2023-09-30,1313,35.0,West,Haushalt,Pfannenset,2,67.74,0.0,Sofortüberweisung,4.99,4,5.0,False,135.48,2023-09,Saturday
101711,2023-03-21,374,29.0,Mitte,Elektronik,Smartphone-Hülle,1,76.54,0.0,Rechnung,4.99,5,4.0,False,76.54,2023-03,Tuesday
103387,2023-01-16,975,40.0,Ost,Sport,Hantel,1,9.36,5.0,PayPal,4.99,4,5.0,False,8.892,2023-01,Monday
100036,2024-05-28,1455,24.0,West,Haushalt,Bettwäsche,2,40.86,0.0,Rechnung,2.99,9,5.0,False,81.72,2024-05,Tuesday
100453,2023-04-05,473,44.0,West,Mode,Mütze,1,57.77,10.0,Lastschrift,4.99,5,3.0,False,51.993,2023-04,Wednesday
100913,2024-06-04,951,39.0,Mitte,Mode,Sneaker,2,22.87,0.0,Sofortüberweisung,4.99,2,5.0,False,45.74,2024-06,Tuesday
104130,2024-10-18,976,55.0,Süd,Haushalt,Lampe,1,29.96,10.0,Sofortüberweisung,0.0,3,4.0,False,26.964000000000002,2024-10,Friday
101199,2023-09-06,181,52.0,Süd,Elektronik,Powerbank,2,38.09,5.0,Rechnung,2.99,3,-1.0,False,72.37100000000001,2023-09,Wednesday
101274,2023-04-06,200,29.0,Nord,Mode,Jeans,2,61.37,20.0,Rechnung,4.99,2,4.0,True,98.19200000000001,2023-04,Thursday
102375,2023-03-24,1253,27.0,Ost,Haushalt,Staubsauger,1,45.1,0.0,Rechnung,2.99,5,4.0,False,45.1,2023-03,Friday
100037,2023-02-26,505,45.0,Ost,Mode,Mütze,2,23.98,0.0,PayPal,0.0,6,2.0,False,47.96,2023-02,Sunday
100974,2024-03-31,44,18.0,Nord,Mode,Sneaker,4,30.44,0.0,Rechnung,2.99,5,4.0,False,121.76,2024-03,Sunday
103195,2023-09-29,265,29.0,Nord,Sport,Laufschuhe,1,29.39,5.0,Sofortüberweisung,4.99,7,3.0,False,27.9205,2023-09,Friday
100983,2023-12-09,136,60.0,Nord,Sport,Trinkflasche,1,97.55,0.0,Rechnung,4.99,1,4.0,False,97.55,2023-12,Saturday
104415,2024-08-09,1306,44.0,Nord,Sport,Hantel,1,32.84,10.0,Sofortüberweisung,2.99,4,-1.0,False,29.556000000000004,2024-08,Friday
104352,2024-12-25,771,32.0,Nord,Bücher,Roman,4,60.72,0.0,Kreditkarte,0.0,2,5.0,False,242.88,2024-12,Wednesday
101418,2023-03-06,1243,37.0,Süd,Haushalt,Lampe,1,77.29,0.0,Lastschrift,2.99,7,3.0,False,77.29,2023-03,Monday
103332,2024-07-26,895,43.0,West,Elektronik,Powerbank,2,22.17,0.0,Rechnung,0.0,1,5.0,False,44.34,2024-07,Friday
101560,2023-05-22,1005,35.0,Mitte,Haushalt,Kaffeemaschine,4,49.17,0.0,Kreditkarte,2.99,6,-1.0,False,196.68,2023-05,Monday
100039,2024-11-03,1780,42.0,Mitte,Haushalt,Pfannenset,1,15.47,0.0,Rechnung,4.99,2,3.0,False,15.47,2024-11,Sunday
101486,2023-11-29,161,33.0,Süd,Haushalt,Lampe,2,151.05,0.0,Kreditkarte,0.0,6,5.0,False,302.1,2023-11,Wednesday
103959,2024-05-02,615,36.0,Nord,Haushalt,Lampe,2,102.81,0.0,Rechnung,0.0,2,4.0,False,205.62,2024-05,Thursday
100169,2024-03-27,1791,41.0,Mitte,Bücher,Roman,1,12.66,0.0,Kreditkarte,6.99,6,4.0,False,12.66,2024-03,Wednesday
101355,2024-02-24,1540,42.0,Ost,Sport,Trinkflasche,1,27.3,0.0,Rechnung,2.99,3,4.0,False,27.3,2024-02,Saturday
102785,2023-12-26,818,32.0,Nord,Mode,T-Shirt,2,5.16,0.0,Kreditkarte,2.99,2,4.0,True,10.32,2023-12,Tuesday
103705,2024-10-30,985,18.0,Nord,Mode,T-Shirt,1,48.78,0.0,Kreditkarte,2.99,6,5.0,False,48.78,2024-10,Wednesday
104797,2024-07-17,1463,37.0,Nord,Elektronik,Bluetooth-Lautsprecher,3,45.92,15.0,PayPal,2.99,7,-1.0,False,117.09599999999999,2024-07,Wednesday
104083,2024-03-04,601,36.0,Süd,Mode,Jacke,2,49.02,15.0,Rechnung,4.99,1,5.0,False,83.334,2024-03,Monday
102682,2024-01-18,933,56.0,Mitte,Mode,T-Shirt,1,18.15,0.0,Lastschrift,2.99,5,2.0,False,18.15,2024-01,Thursday
104752,2024-08-08,1542,21.0,West,Bücher,Kochbuch,1,29.54,0.0,Rechnung,2.99,4,5.0,False,29.54,2024-08,Thursday
104103,2023-02-09,114,51.0,West,Elektronik,Powerbank,1,40.55,10.0,PayPal,6.99,3,2.0,False,36.495,2023-02,Thursday
101640,2024-02-02,247,18.0,Süd,Mode,T-Shirt,1,20.62,0.0,Kreditkarte,4.99,2,5.0,False,20.62,2024-02,Friday
101290,2024-03-06,1191,45.0,Mitte,Sport,Trinkflasche,1,425.99087263087023,0.0,Sofortüberweisung,0.0,4,4.0,False,425.99087263087023,2024-03,Wednesday
101380,2023-05-12,1642,42.0,Mitte,Bücher,Comic,1,6.83,0.0,PayPal,2.99,4,4.0,False,6.83,2023-05,Friday
101933,2024-01-28,562,18.0,Süd,Elektronik,Powerbank,2,19.55,10.0,Rechnung,6.99,2,3.0,False,35.190000000000005,2024-01,Sunday
100579,2023-01-14,916,29.0,Nord,Bücher,Kochbuch,4,7.23,5.0,PayPal,4.99,6,3.0,False,27.474,2023-01,Saturday
104263,2024-10-26,100,42.0,Ost,Elektronik,Bluetooth-Lautsprecher,1,34.77,0.0,PayPal,0.0,5,3.0,False,34.77,2024-10,Saturday
103160,2024-01-12,1550,59.0,Nord,Bücher,Kinderbuch,1,23.15,20.0,Kreditkarte,0.0,7,4.0,False,18.52,2024-01,Friday
102030,2023-03-24,483,27.0,Ost,Elektronik,Powerbank,2,37.15,0.0,Rechnung,4.99,2,5.0,False,74.3,2023-03,Friday
100892,2024-06-06,591,63.0,West,Sport,Yogamatte,2,25.38,0.0,Kreditkarte,0.0,6,4.0,False,50.76,2024-06,Thursday
104909,2023-08-19,585,23.0,Nord,Mode,Jacke,1,9.91,0.0,PayPal,2.99,7,3.0,False,9.91,2023-08,Saturday
100780,2023-08-06,1045,35.0,Mitte,Elektronik,Bluetooth-Lautsprecher,1,11.77,20.0,Sofortüberweisung,4.99,2,4.0,False,9.416,2023-08,Sunday
100159,2023-12-08,464,47.0,Süd,Elektronik,Kopfhörer,1,53.22,15.0,Rechnung,2.99,4,4.0,False,45.236999999999995,2023-12,Friday
100002,2023-04-23,595,45.0,Süd,Elektronik,USB-Kabel,1,51.51,0.0,Rechnung,2.99,3,3.0,False,51.51,2023-04,Sunday
102263,2024-07-26,1126,28.0,Nord,Elektronik,Powerbank,1,86.49,10.0,Rechnung,2.99,3,5.0,False,77.841,2024-07,Friday
103216,2024-08-12,26,30.0,West,Mode,Mütze,1,70.13,15.0,Rechnung,2.99,4,5.0,False,59.610499999999995,2024-08,Monday
102109,2024-05-10,526,35.0,West,Sport,Trinkflasche,1,21.54,0.0,PayPal,4.99,4,5.0,False,21.54,2024-05,Friday
100849,2024-02-08,999,38.0,Süd,Haushalt,Pfannenset,3,61.76,10.0,Rechnung,4.99,5,4.0,False,166.752,2024-02,Thursday
102737,2023-11-22,327,44.0,West,Haushalt,Bettwäsche,1,34.05,0.0,Lastschrift,4.99,2,3.0,False,34.05,2023-11,Wednesday
102466,2024-07-16,75,48.0,West,Mode,Mütze,1,9.51,10.0,PayPal,0.0,3,3.0,False,8.559,2024-07,Tuesday
104713,2023-11-04,1624,38.0,West,Elektronik,Powerbank,2,81.38,0.0,Rechnung,2.99,6,3.0,False,162.76,2023-11,Saturday
104834,2024-12-29,1641,49.0,Süd,Mode,T-Shirt,1,17.56,20.0,Lastschrift,4.99,5,1.0,False,14.048,2024-12,Sunday
101596,2024-02-02,202,40.0,Ost,Mode,Mütze,2,37.65,0.0,Kreditkarte,6.99,4,3.0,True,75.3,2024-02,Friday
101776,2023-03-16,1183,51.0,West,Elektronik,Powerbank,1,14.45,10.0,Rechnung,2.99,3,4.0,False,13.004999999999999,2023-03,Thursday
101913,2024-03-29,545,29.0,West,Elektronik,Smartphone-Hülle,1,47.3,0.0,Rechnung,2.99,1,5.0,False,47.3,2024-03,Friday
101043,2024-02-13,1579,32.0,Nord,Sport,Hantel,2,13.97,0.0,Lastschrift,2.99,2,4.0,False,27.94,2024-02,Tuesday
104761,2023-04-26,208,38.0,Mitte,Elektronik,Kopfhörer,3,85.77,15.0,Lastschrift,2.99,8,3.0,True,218.71349999999998,2023-04,Wednesday
101544,2024-01-21,1618,26.0,West,Haushalt,Bettwäsche,2,58.78,5.0,Lastschrift,4.99,2,-1.0,False,111.682,2024-01,Sunday
102736,2023-06-26,660,45.0,West,Mode,Jacke,1,69.12,0.0,Kreditkarte,0.0,4,4.0,False,69.12,2023-06,Monday
103779,2024-02-07,99,34.0,West,Bücher,Kinderbuch,1,24.22,15.0,PayPal,2.99,3,5.0,False,20.587,2024-02,Wednesday
104664,2024-06-01,1512,50.0,West,Elektronik,Kopfhörer,1,23.3,5.0,Lastschrift,0.0,5,5.0,False,22.134999999999998,2024-06,Saturday
100053,2023-02-04,92,26.0,Mitte,Mode,Mütze,1,45.43,0.0,Kreditkarte,2.99,3,4.0,False,45.43,2023-02,Saturday
101796,2024-08-24,1478,25.0,Nord,Sport,Yogamatte,2,35.36,0.0,Sofortüberweisung,2.99,1,2.0,False,70.72,2024-08,Saturday
103588,2023-09-23,976,18.0,Nord,Bücher,Kochbuch,1,24.35,20.0,Kreditkarte,2.99,3,4.0,False,19.480000000000004,2023-09,Saturday
101911,2023-04-21,791,30.0,Mitte,Bücher,Sachbuch,1,27.89,0.0,Kreditkarte,0.0,3,5.0,False,27.89,2023-04,Friday
102306,2024-05-30,80,35.0,West,Elektronik,USB-Kabel,1,41.39,0.0,Kreditkarte,0.0,2,-1.0,False,41.39,2024-05,Thursday
102553,2024-03-01,1630,41.0,Süd,Sport,Fitnessband,2,21.24,0.0,PayPal,2.99,3,5.0,False,42.48,2024-03,Friday
102800,2024-04-08,525,25.0,Süd,Mode,Mütze,4,61.18,15.0,PayPal,2.99,4,5.0,False,208.012,2024-04,Monday
100936,2023-06-20,201,46.0,Nord,Sport,Yogamatte,2,42.83,0.0,Lastschrift,0.0,6,5.0,False,85.66,2023-06,Tuesday
104169,2024-08-19,351,30.0,West,Elektronik,Bluetooth-Lautsprecher,1,27.48,15.0,Sofortüberweisung,0.0,3,5.0,False,23.358,2024-08,Monday
100824,2023-02-15,207,52.0,West,Sport,Laufschuhe,2,4.35,0.0,Sofortüberweisung,0.0,1,5.0,False,8.7,2023-02,Wednesday
104782,2023-11-17,1245,35.0,West,Haushalt,Lampe,1,41.56,0.0,Sofortüberweisung,0.0,4,5.0,False,41.56,2023-11,Friday
103178,2024-08-23,1664,61.0,Süd,Mode,Jacke,1,23.55,0.0,Rechnung,2.99,3,1.0,False,23.55,2024-08,Friday
103401,2023-04-23,1735,18.0,Ost,Mode,Jacke,1,34.21,0.0,Kreditkarte,2.99,6,5.0,False,34.21,2023-04,Sunday
101389,2023-02-02,1087,48.0,Süd,Haushalt,Kaffeemaschine,1,53.95,15.0,Lastschrift,6.99,5,3.0,False,45.8575,2023-02,Thursday
103564,2023-03-26,334,62.0,West,Mode,Jacke,1,11.93,0.0,Rechnung,2.99,4,4.0,False,11.93,2023-03,Sunday
104926,2023-06-04,110,29.0,Süd,Mode,Jeans,2,12.97,10.0,Rechnung,0.0,6,5.0,False,23.346,2023-06,Sunday
100884,2024-05-29,876,27.0,Ost,Mode,Sneaker,1,25.21,15.0,Kreditkarte,2.99,5,4.0,False,21.4285,2024-05,Wednesday
103878,2024-07-17,547,42.0,Ost,Mode,Mütze,1,24.52,5.0,Sofortüberweisung,0.0,7,5.0,False,23.293999999999997,2024-07,Wednesday
103646,2024-08-04,1352,24.0,Ost,Elektronik,USB-Kabel,1,40.18,15.0,Rechnung,4.99,5,1.0,False,34.153,2024-08,Sunday
101607,2024-08-17,1459,24.0,Nord,Mode,Jacke,1,75.49,15.0,Rechnung,0.0,3,4.0,True,64.1665,2024-08,Saturday
101594,2024-01-16,1144,32.0,Süd,Mode,Sneaker,2,40.11,0.0,Sofortüberweisung,2.99,2,5.0,False,80.22,2024-01,Tuesday
100771,2023-11-28,1713,31.0,Süd,Sport,Yogamatte,1,40.31,15.0,Sofortüberweisung,2.99,3,2.0,False,34.2635,2023-11,Tuesday
102611,2024-04-26,1036,35.0,Nord,Mode,Jacke,1,27.99,10.0,Lastschrift,4.99,3,-1.0,False,25.191,2024-04,Friday
103929,2023-01-04,274,62.0,Süd,Mode,Mütze,1,8.24,0.0,Kreditkarte,0.0,5,4.0,False,8.24,2023-01,Wednesday
102273,2023-10-01,514,29.0,Mitte,Mode,Sneaker,1,30.55,0.0,Sofortüberweisung,4.99,2,4.0,False,30.55,2023-10,Sunday
101868,2024-05-30,364,18.0,Süd,Mode,Jeans,1,65.87,0.0,Rechnung,2.99,5,-1.0,False,65.87,2024-05,Thursday
101085,2023-11-05,1004,41.0,Nord,Elektronik,Smartphone-Hülle,2,25.54,0.0,Lastschrift,2.99,3,5.0,False,51.08,2023-11,Sunday
100010,2024-12-01,1716,42.0,Süd,Elektronik,Kopfhörer,1,19.92,0.0,Rechnung,0.0,1,5.0,False,19.92,2024-12,Sunday
103684,2024-11-23,770,71.0,West,Sport,Yogamatte,1,63.07,5.0,Lastschrift,2.99,5,4.0,False,59.9165,2024-11,Saturday
101325,2024-09-03,1477,45.0,Nord,Mode,Sneaker,1,46.93,0.0,Lastschrift,6.99,5,2.0,True,46.93,2024-09,Tuesday
103390,2024-10-05,1619,19.0,Mitte,Elektronik,Kopfhörer,4,26.1,0.0,Sofortüberweisung,0.0,6,5.0,False,104.4,2024-10,Saturday
101463,2023-04-07,242,45.0,Ost,Haushalt,Lampe,1,41.53,0.0,Lastschrift,0.0,3,-1.0,False,41.53,2023-04,Friday
100806,2023-06-12,206,39.0,West,Haushalt,Lampe,2,44.02,0.0,Kreditkarte,2.99,1,5.0,False,88.04,2023-06,Monday
103808,2023-12-24,1484,32.0,Ost,Bücher,Kochbuch,2,6.47,0.0,Rechnung,4.99,7,3.0,False,12.94,2023-12,Sunday
104063,2023-02-27,1277,23.0,Süd,Mode,T-Shirt,1,15.81,0.0,PayPal,6.99,1,4.0,True,15.81,2023-02,Monday
103844,2024-02-04,867,44.0,Mitte,Elektronik,Powerbank,1,68.4,0.0,PayPal,0.0,3,4.0,False,68.4,2024-02,Sunday
102108,2023-03-24,1161,22.0,Ost,Mode,Jacke,1,11.51,10.0,PayPal,4.99,2,3.0,False,10.359,2023-03,Friday
104279,2024-10-11,217,33.0,Süd,Elektronik,Smartphone-Hülle,2,61.86,10.0,Kreditkarte,4.99,5,1.0,False,111.348,2024-10,Friday
102234,2024-05-27,1027,37.0,Nord,Sport,Laufschuhe,1,40.3,0.0,PayPal,0.0,4,-1.0,False,40.3,2024-05,Monday
103211,2023-09-11,162,19.0,Süd,Mode,T-Shirt,1,53.9,25.0,Kreditkarte,4.99,5,5.0,False,40.425,2023-09,Monday
100963,2023-04-03,622,38.0,Mitte,Mode,T-Shirt,1,17.35,0.0,Rechnung,4.99,4,3.0,False,17.35,2023-04,Monday
103415,2024-06-24,488,48.0,Mitte,Bücher,Comic,4,15.84,5.0,Sofortüberweisung,2.99,3,5.0,False,60.192,2024-06,Monday
103826,2024-02-25,1584,33.0,Ost,Sport,Yogamatte,1,51.71,0.0,Lastschrift,2.99,2,5.0,False,51.71,2024-02,Sunday
100398,2023-10-09,21,28.0,Ost,Mode,Mütze,1,1120.10072363784,20.0,Sofortüberweisung,2.99,6,5.0,False,896.080578910272,2023-10,Monday
102632,2024-07-20,556,46.0,Süd,Bücher,Comic,1,8.66,0.0,Rechnung,4.99,5,3.0,False,8.66,2024-07,Saturday
104900,2024-10-28,1294,46.0,Mitte,Mode,Sneaker,1,18.64,15.0,Lastschrift,4.99,5,4.0,False,15.844,2024-10,Monday
102996,2024-11-03,1783,61.0,West,Mode,T-Shirt,1,21.39,0.0,Kreditkarte,6.99,4,1.0,False,21.39,2024-11,Sunday
100704,2024-01-31,362,42.0,Süd,Haushalt,Bettwäsche,1,52.22,0.0,Lastschrift,6.99,3,4.0,False,52.22,2024-01,Wednesday
100431,2023-10-06,76,44.0,Süd,Mode,T-Shirt,1,49.82,0.0,PayPal,2.99,1,5.0,False,49.82,2023-10,Friday
100292,2023-05-24,378,33.0,Süd,Mode,Jacke,1,32.31,0.0,Kreditkarte,2.99,2,3.0,False,32.31,2023-05,Wednesday
104916,2023-06-24,973,38.0,West,Mode,Mütze,4,32.29,5.0,Sofortüberweisung,2.99,1,4.0,False,122.70199999999998,2023-06,Saturday
100145,2023-03-13,388,18.0,Mitte,Mode,Mütze,1,11.55,0.0,Sofortüberweisung,4.99,2,4.0,False,11.55,2023-03,Monday
104378,2024-06-04,296,38.0,Mitte,Elektronik,Kopfhörer,5,11.14,0.0,Lastschrift,0.0,4,2.0,False,55.7,2024-06,Tuesday
102033,2023-12-21,652,57.0,Mitte,Bücher,Sachbuch,1,19.67,10.0,Sofortüberweisung,4.99,4,4.0,False,17.703000000000003,2023-12,Thursday
104671,2023-03-06,175,18.0,Süd,Elektronik,USB-Kabel,1,28.78,5.0,Lastschrift,0.0,2,3.0,False,27.341,2023-03,Monday
101165,2024-11-30,1408,33.0,Süd,Bücher,Roman,2,27.7,20.0,Kreditkarte,4.99,1,5.0,False,44.32,2024-11,Saturday
103500,2023-11-03,315,54.0,Süd,Mode,Jeans,1,31.45,5.0,PayPal,4.99,4,4.0,False,29.877499999999998,2023-11,Friday
102050,2023-09-24,1268,49.0,Nord,Bücher,Kinderbuch,1,12.07,10.0,PayPal,4.99,4,4.0,True,10.863000000000001,2023-09,Sunday
102624,2024-09-23,1730,42.0,Nord,Mode,Mütze,1,37.2,0.0,PayPal,0.0,2,5.0,False,37.2,2024-09,Monday
104422,2024-07-28,105,79.0,Süd,Mode,T-Shirt,1,27.49,0.0,Lastschrift,0.0,1,1.0,False,27.49,2024-07,Sunday
100339,2024-11-04,1619,39.0,Ost,Mode,Jeans,1,37.83,0.0,Kreditkarte,4.99,5,4.0,False,37.83,2024-11,Monday
103955,2024-01-02,1168,25.0,Mitte,Elektronik,Smartphone-Hülle,1,46.79,5.0,Kreditkarte,0.0,4,5.0,False,44.4505,2024-01,Tuesday
103745,2024-09-12,1675,31.0,Nord,Sport,Yogamatte,5,15.97,0.0,Kreditkarte,2.99,3,5.0,True,79.85000000000001,2024-09,Thursday
102973,2023-10-17,305,18.0,Mitte,Mode,Jeans,1,26.22,0.0,Rechnung,4.99,5,5.0,False,26.22,2023-10,Tuesday
100265,2023-01-12,1602,56.0,Mitte,Elektronik,Kopfhörer,1,24.7,0.0,Lastschrift,4.99,1,5.0,False,24.7,2023-01,Thursday
102424,2023-09-14,1189,34.0,Ost,Elektronik,Bluetooth-Lautsprecher,1,81.78,0.0,Kreditkarte,2.99,1,5.0,True,81.78,2023-09,Thursday
101262,2024-01-11,479,18.0,Nord,Haushalt,Staubsauger,2,57.19,0.0,PayPal,6.99,4,4.0,False,114.38,2024-01,Thursday
101771,2023-02-27,283,35.0,West,Haushalt,Pfannenset,1,47.47,0.0,PayPal,0.0,3,5.0,False,47.47,2023-02,Monday
103511,2023-08-13,86,57.0,Süd,Elektronik,Kopfhörer,1,80.42,0.0,Kreditkarte,2.99,4,4.0,False,80.42,2023-08,Sunday
100271,2023-06-23,1353,47.0,Mitte,Elektronik,USB-Kabel,1,68.71,0.0,Rechnung,2.99,6,5.0,False,68.71,2023-06,Friday
100696,2024-11-23,1309,21.0,West,Mode,Sneaker,1,23.83,0.0,Rechnung,4.99,1,5.0,False,23.83,2024-11,Saturday
100747,2024-07-29,1,45.0,Süd,Elektronik,Smartphone-Hülle,1,71.37,0.0,Sofortüberweisung,2.99,2,3.0,False,71.37,2024-07,Monday
100244,2023-03-04,1597,21.0,Ost,Elektronik,Kopfhörer,2,46.7,10.0,Rechnung,4.99,4,5.0,False,84.06,2023-03,Saturday
100317,2024-10-12,992,44.0,Süd,Haushalt,Lampe,1,94.78,10.0,Kreditkarte,0.0,1,5.0,False,85.302,2024-10,Saturday
100476,2023-01-09,358,21.0,Nord,Sport,Yogamatte,1,26.61,15.0,Sofortüberweisung,4.99,4,5.0,True,22.618499999999997,2023-01,Monday
102032,2023-09-16,1329,34.0,Nord,Mode,Mütze,1,40.34,0.0,Lastschrift,4.99,7,5.0,False,40.34,2023-09,Saturday
100957,2023-08-07,1495,53.0,Nord,Mode,Mütze,2,72.87,0.0,Kreditkarte,0.0,2,5.0,False,145.74,2023-08,Monday
100813,2024-10-05,427,32.0,Mitte,Haushalt,Pfannenset,5,33.31,5.0,Lastschrift,2.99,2,5.0,False,158.2225,2024-10,Saturday
104213,2024-02-16,1733,24.0,West,Mode,Jacke,1,46.08,0.0,Sofortüberweisung,0.0,5,3.0,False,46.08,2024-02,Friday
101914,2024-01-06,496,22.0,Süd,Elektronik,USB-Kabel,3,32.01,0.0,PayPal,2.99,4,4.0,False,96.03,2024-01,Saturday
104648,2024-06-15,824,63.0,Nord,Elektronik,USB-Kabel,1,51.37,0.0,PayPal,2.99,3,3.0,False,51.37,2024-06,Saturday
103487,2023-02-01,1667,38.0,Süd,Haushalt,Pfannenset,1,83.89,0.0,Sofortüberweisung,0.0,4,-1.0,True,83.89,2023-02,Wednesday
101297,2023-04-16,916,20.0,Nord,Haushalt,Bettwäsche,1,33.41,5.0,Sofortüberweisung,4.99,1,-1.0,False,31.739499999999996,2023-04,Sunday
104624,2024-09-26,218,32.0,Mitte,Haushalt,Lampe,1,40.95,0.0,Sofortüberweisung,2.99,1,-1.0,True,40.95,2024-09,Thursday
101804,2024-04-25,1724,38.0,Süd,Sport,Yogamatte,1,23.74,10.0,Rechnung,2.99,3,1.0,False,21.366,2024-04,Thursday
100758,2023-05-18,79,35.0,Süd,Elektronik,USB-Kabel,1,31.87,5.0,Sofortüberweisung,6.99,4,5.0,False,30.2765,2023-05,Thursday
100250,2024-04-18,1302,29.0,Nord,Haushalt,Bettwäsche,3,76.11,15.0,Lastschrift,2.99,4,4.0,False,194.08049999999997,2024-04,Thursday
102461,2023-03-20,831,35.0,Mitte,Haushalt,Staubsauger,2,95.25,0.0,Rechnung,4.99,1,2.0,False,190.5,2023-03,Monday
100545,2024-09-16,1285,54.0,West,Haushalt,Lampe,1,334.2075709318092,0.0,Kreditkarte,4.99,4,5.0,True,334.2075709318092,2024-09,Monday
103241,2023-04-18,1166,42.0,Mitte,Sport,Trinkflasche,2,30.47,5.0,Kreditkarte,2.99,8,3.0,False,57.892999999999994,2023-04,Tuesday
100738,2023-02-21,676,30.0,Mitte,Sport,Fitnessband,4,50.14,0.0,Rechnung,2.99,4,4.0,False,200.56,2023-02,Tuesday
100310,2023-01-11,1242,38.0,Nord,Elektronik,Smartphone-Hülle,2,70.19,0.0,Rechnung,6.99,3,5.0,False,140.38,2023-01,Wednesday
103853,2023-11-07,537,63.0,Ost,Elektronik,USB-Kabel,1,24.17,0.0,Rechnung,4.99,2,4.0,False,24.17,2023-11,Tuesday
102941,2024-09-25,1176,36.0,West,Mode,T-Shirt,3,16.09,0.0,Sofortüberweisung,2.99,4,5.0,False,48.269999999999996,2024-09,Wednesday
101131,2023-05-03,595,55.0,Nord,Mode,Jeans,2,17.81,5.0,Kreditkarte,4.99,5,-1.0,False,33.839,2023-05,Wednesday
101449,2024-05-01,218,47.0,West,Mode,Jacke,1,34.58,20.0,PayPal,4.99,3,4.0,False,27.664,2024-05,Wednesday
104969,2024-02-26,1658,37.0,Mitte,Elektronik,Bluetooth-Lautsprecher,1,41.52,0.0,Lastschrift,0.0,5,5.0,False,41.52,2024-02,Monday
100015,2024-09-23,1447,37.0,Nord,Elektronik,Bluetooth-Lautsprecher,2,48.85,0.0,Lastschrift,0.0,1,5.0,False,97.7,2024-09,Monday
103232,2024-12-11,248,59.0,Nord,Sport,Trinkflasche,2,58.95,20.0,Lastschrift,6.99,4,3.0,False,94.32000000000001,2024-12,Wednesday
102769,2023-09-11,1657,47.0,Nord,Elektronik,Powerbank,1,57.43,0.0,Kreditkarte,0.0,7,4.0,False,57.43,2023-09,Monday
103468,2023-08-29,716,29.0,West,Haushalt,Lampe,2,80.72,0.0,PayPal,2.99,2,4.0,False,161.44,2023-08,Tuesday
100920,2024-04-30,1208,37.0,Süd,Sport,Laufschuhe,1,45.45,0.0,PayPal,0.0,4,5.0,False,45.45,2024-04,Tuesday
103029,2023-11-18,247,37.0,Ost,Elektronik,Smartphone-Hülle,1,130.35,0.0,Kreditkarte,2.99,5,5.0,False,130.35,2023-11,Saturday
101372,2024-01-03,1161,47.0,Süd,Haushalt,Lampe,2,26.57,0.0,Sofortüberweisung,4.99,4,5.0,False,53.14,2024-01,Wednesday
103587,2024-06-09,209,32.0,West,Bücher,Comic,2,11.71,5.0,Sofortüberweisung,6.99,8,5.0,False,22.249000000000002,2024-06,Sunday
102544,2024-02-07,1547,24.0,Süd,Haushalt,Pfannenset,1,102.34,10.0,Lastschrift,4.99,6,4.0,False,92.10600000000001,2024-02,Wednesday
103598,2023-11-04,155,41.0,Süd,Haushalt,Kaffeemaschine,4,60.77,0.0,Rechnung,0.0,3,5.0,False,243.08,2023-11,Saturday
100038,2024-06-26,138,29.0,Mitte,Mode,T-Shirt,1,21.55,0.0,Rechnung,6.99,1,3.0,False,21.55,2024-06,Wednesday
100363,2024-04-02,410,18.0,Mitte,Mode,Sneaker,2,41.06,5.0,PayPal,6.99,1,5.0,False,78.014,2024-04,Tuesday
104700,2023-03-12,736,42.0,West,Sport,Trinkflasche,1,25.66,0.0,Rechnung,0.0,1,-1.0,False,25.66,2023-03,Sunday
100182,2023-04-15,1505,19.0,West,Elektronik,Powerbank,1,74.7,0.0,Sofortüberweisung,2.99,1,4.0,False,74.7,2023-04,Saturday
103033,2023-04-02,1759,42.0,Süd,Haushalt,Pfannenset,1,56.42,0.0,PayPal,2.99,4,-1.0,True,56.42,2023-04,Sunday
102983,2023-05-30,934,39.0,West,Haushalt,Lampe,1,83.42,20.0,Kreditkarte,0.0,2,5.0,False,66.736,2023-05,Tuesday
101194,2024-10-11,377,30.0,Mitte,Elektronik,Powerbank,1,16.63,5.0,Kreditkarte,6.99,7,-1.0,False,15.798499999999999,2024-10,Friday
102852,2024-12-09,697,18.0,Süd,Elektronik,Powerbank,1,17.43,0.0,Rechnung,6.99,5,5.0,False,17.43,2024-12,Monday
103839,2024-12-25,419,39.0,Nord,Sport,Fitnessband,1,20.8,10.0,Kreditkarte,4.99,4,5.0,False,18.720000000000002,2024-12,Wednesday
101121,2024-10-15,1455,38.0,Mitte,Mode,T-Shirt,1,26.92,15.0,Kreditkarte,6.99,7,5.0,False,22.882,2024-10,Tuesday
102235,2023-04-30,1070,35.0,Nord,Sport,Laufschuhe,1,26.9,15.0,Lastschrift,2.99,5,5.0,False,22.865,2023-04,Sunday
102667,2023-10-22,1174,38.0,Süd,Mode,Jeans,1,14.5,0.0,Kreditkarte,4.99,5,4.0,False,14.5,2023-10,Sunday
103223,2024-07-29,516,52.0,Süd,Elektronik,Kopfhörer,1,65.99,0.0,Lastschrift,4.99,5,3.0,False,65.99,2024-07,Monday
101182,2024-12-11,1330,38.0,Mitte,Mode,Jeans,1,7.16,0.0,Lastschrift,6.99,5,3.0,False,7.16,2024-12,Wednesday
104226,2024-10-12,767,55.0,Mitte,Haushalt,Pfannenset,4,65.75,25.0,Rechnung,2.99,6,4.0,False,197.25,2024-10,Saturday
104337,2023-08-19,1341,38.0,West,Sport,Yogamatte,3,20.28,0.0,Lastschrift,6.99,5,4.0,False,60.84,2023-08,Saturday
100614,2023-10-27,1018,44.0,Ost,Sport,Fitnessband,1,27.53,0.0,Rechnung,2.99,1,4.0,False,27.53,2023-10,Friday
104958,2023-05-28,968,53.0,Süd,Haushalt,Bettwäsche,1,14.01,20.0,Rechnung,2.99,1,5.0,False,11.208,2023-05,Sunday
101466,2023-06-14,1291,20.0,Süd,Bücher,Comic,1,261.3842951410574,15.0,Kreditkarte,0.0,4,5.0,False,222.1766508698988,2023-06,Wednesday
100401,2024-04-16,114,40.0,West,Elektronik,Kopfhörer,2,62.83,10.0,Sofortüberweisung,4.99,1,4.0,False,113.094,2024-04,Tuesday
103042,2023-07-27,3,32.0,West,Mode,Mütze,1,16.1,15.0,Sofortüberweisung,6.99,5,5.0,False,13.685,2023-07,Thursday
100934,2024-04-19,1321,58.0,West,Mode,Mütze,2,18.47,10.0,Sofortüberweisung,2.99,1,4.0,False,33.246,2024-04,Friday
102419,2024-09-04,331,51.0,Mitte,Elektronik,USB-Kabel,2,47.54,5.0,Rechnung,0.0,2,5.0,False,90.326,2024-09,Wednesday
104179,2023-09-01,1588,21.0,West,Haushalt,Lampe,1,98.64,0.0,Kreditkarte,0.0,1,5.0,False,98.64,2023-09,Friday
104559,2024-08-09,930,46.0,West,Mode,Sneaker,1,11.02,0.0,Rechnung,0.0,7,4.0,False,11.02,2024-08,Friday
102641,2024-10-05,505,38.0,Süd,Sport,Trinkflasche,4,30.78,0.0,Lastschrift,2.99,1,4.0,False,123.12,2024-10,Saturday
104096,2024-04-05,436,57.0,Nord,Elektronik,USB-Kabel,3,20.67,0.0,Kreditkarte,2.99,5,5.0,False,62.010000000000005,2024-04,Friday
100726,2024-05-21,912,72.0,Süd,Sport,Fitnessband,2,45.29,0.0,Sofortüberweisung,4.99,2,5.0,False,90.58,2024-05,Tuesday
100826,2023-09-16,1160,38.0,West,Elektronik,Bluetooth-Lautsprecher,2,113.47,0.0,PayPal,2.99,4,2.0,False,226.94,2023-09,Saturday
101521,2024-09-27,837,40.0,Nord,Mode,Jacke,1,12.68,0.0,PayPal,0.0,3,5.0,True,12.68,2024-09,Friday
104793,2023-12-25,1748,23.0,Mitte,Elektronik,USB-Kabel,1,27.29,0.0,Rechnung,2.99,4,5.0,False,27.29,2023-12,Monday
102930,2024-02-28,474,33.0,West,Elektronik,USB-Kabel,1,71.02,0.0,Lastschrift,0.0,1,5.0,False,71.02,2024-02,Wednesday
100136,2023-10-29,630,49.0,Süd,Haushalt,Staubsauger,1,51.71,10.0,Lastschrift,0.0,1,5.0,False,46.539,2023-10,Sunday
103590,2024-10-25,1021,53.0,Mitte,Mode,Jacke,1,29.3,5.0,Sofortüberweisung,4.99,4,4.0,False,27.835,2024-10,Friday
100628,2024-05-22,505,26.0,West,Mode,Mütze,2,30.74,0.0,Kreditkarte,0.0,3,4.0,False,61.48,2024-05,Wednesday
100334,2024-12-17,1550,38.0,West,Elektronik,Powerbank,1,39.1,5.0,Rechnung,4.99,4,5.0,True,37.145,2024-12,Tuesday
100390,2023-11-07,1430,41.0,West,Mode,Jeans,1,26.64,0.0,Sofortüberweisung,0.0,6,4.0,True,26.64,2023-11,Tuesday
104431,2023-02-08,327,25.0,Ost,Sport,Hantel,1,13.96,0.0,PayPal,6.99,5,3.0,False,13.96,2023-02,Wednesday
104925,2024-01-30,1707,44.0,Mitte,Mode,Jeans,1,40.93,0.0,Kreditkarte,2.99,1,5.0,False,40.93,2024-01,Tuesday
103906,2023-04-16,1345,36.0,West,Haushalt,Pfannenset,1,105.78,0.0,Lastschrift,6.99,5,5.0,False,105.78,2023-04,Sunday
101817,2023-04-20,450,33.0,West,Mode,Sneaker,1,35.02,10.0,Kreditkarte,0.0,3,5.0,False,31.518000000000004,2023-04,Thursday
100400,2024-01-28,780,44.0,Nord,Mode,Jacke,2,15.16,0.0,Kreditkarte,4.99,4,4.0,False,30.32,2024-01,Sunday
100710,2023-01-21,91,38.0,Nord,Haushalt,Staubsauger,1,115.74,15.0,Rechnung,2.99,3,3.0,True,98.37899999999999,2023-01,Saturday
101039,2024-04-17,1526,61.0,Ost,Bücher,Sachbuch,2,6.04,15.0,Lastschrift,4.99,6,5.0,False,10.267999999999999,2024-04,Wednesday
104068,2023-07-21,755,36.0,Nord,Sport,Hantel,1,36.61,5.0,Lastschrift,4.99,1,5.0,False,34.7795,2023-07,Friday
103359,2024-01-31,1730,40.0,Süd,Haushalt,Kaffeemaschine,4,43.25,10.0,Lastschrift,4.99,4,3.0,False,155.70000000000002,2024-01,Wednesday
100046,2023-03-04,1373,18.0,West,Sport,Trinkflasche,2,20.62,0.0,Lastschrift,4.99,1,2.0,False,41.24,2023-03,Saturday
101561,2024-10-08,1436,58.0,West,Elektronik,USB-Kabel,1,60.19,0.0,PayPal,2.99,8,3.0,False,60.19,2024-10,Tuesday
104848,2023-01-31,1349,48.0,Süd,Elektronik,Powerbank,1,27.35,0.0,PayPal,2.99,4,3.0,False,27.35,2023-01,Tuesday
103642,2024-01-06,231,21.0,Mitte,Haushalt,Bettwäsche,1,42.63,25.0,Kreditkarte,4.99,4,4.0,False,31.972500000000004,2024-01,Saturday
103726,2024-07-16,22,37.0,Mitte,Mode,Jacke,3,21.55,0.0,Kreditkarte,2.99,1,5.0,False,64.65,2024-07,Tuesday
104892,2024-11-20,871,56.0,Nord,Haushalt,Kaffeemaschine,1,13.92,0.0,Sofortüberweisung,2.99,3,5.0,False,13.92,2024-11,Wednesday
101112,2024-12-03,1692,57.0,Süd,Bücher,Sachbuch,5,8.11,10.0,PayPal,2.99,3,5.0,False,36.495,2024-12,Tuesday
102513,2024-06-01,739,42.0,West,Haushalt,Staubsauger,1,86.16,10.0,PayPal,2.99,4,4.0,False,77.544,2024-06,Saturday
103608,2023-05-11,1067,36.0,Ost,Elektronik,USB-Kabel,1,31.59,0.0,Sofortüberweisung,0.0,4,4.0,False,31.59,2023-05,Thursday
101223,2023-06-03,208,51.0,Ost,Sport,Fitnessband,1,42.31,0.0,Lastschrift,4.99,3,4.0,False,42.31,2023-06,Saturday
104906,2023-05-22,1428,18.0,Nord,Mode,Jacke,4,67.61,15.0,Kreditkarte,4.99,3,4.0,False,229.874,2023-05,Monday
103023,2024-05-12,522,41.0,Mitte,Bücher,Kochbuch,1,25.94,0.0,Sofortüberweisung,4.99,5,5.0,False,25.94,2024-05,Sunday
102421,2023-04-23,1328,34.0,Mitte,Haushalt,Staubsauger,2,51.65,15.0,Kreditkarte,4.99,4,4.0,False,87.80499999999999,2023-04,Sunday
101508,2024-01-06,772,38.0,West,Mode,Jeans,1,52.21,0.0,Kreditkarte,2.99,6,5.0,False,52.21,2024-01,Saturday
101750,2023-02-02,1361,37.0,Mitte,Elektronik,Smartphone-Hülle,2,67.92,0.0,PayPal,2.99,2,5.0,False,135.84,2023-02,Thursday
104886,2024-06-04,47,41.0,Mitte,Haushalt,Bettwäsche,1,49.65,0.0,Rechnung,2.99,3,5.0,False,49.65,2024-06,Tuesday
104137,2023-09-02,1698,35.0,Süd,Mode,Mütze,2,24.24,5.0,Kreditkarte,2.99,7,3.0,False,46.056,2023-09,Saturday
101799,2024-11-15,1399,23.0,Ost,Elektronik,Powerbank,2,15.53,0.0,Kreditkarte,6.99,4,5.0,False,31.06,2024-11,Friday
100338,2024-03-31,276,51.0,Mitte,Mode,Sneaker,2,19.59,0.0,Rechnung,6.99,5,4.0,False,39.18,2024-03,Sunday
100215,2024-06-08,1587,24.0,Mitte,Haushalt,Kaffeemaschine,1,26.8,0.0,Lastschrift,2.99,5,5.0,False,26.8,2024-06,Saturday
103663,2023-05-26,1327,30.0,Ost,Haushalt,Kaffeemaschine,2,20.33,0.0,PayPal,2.99,2,5.0,True,40.66,2023-05,Friday
101341,2023-07-02,581,41.0,Süd,Mode,Sneaker,1,17.14,25.0,Lastschrift,0.0,7,4.0,False,12.855,2023-07,Sunday
100011,2024-11-17,1383,38.0,Süd,Elektronik,USB-Kabel,1,72.2,0.0,Kreditkarte,4.99,4,4.0,False,72.2,2024-11,Sunday
101520,2024-11-14,542,43.0,Mitte,Mode,Jacke,1,44.38,0.0,PayPal,0.0,4,5.0,False,44.38,2024-11,Thursday
103640,2023-01-24,1767,55.0,West,Haushalt,Staubsauger,1,158.3,15.0,Lastschrift,2.99,3,3.0,False,134.555,2023-01,Tuesday
104743,2023-01-03,1661,18.0,Nord,Mode,T-Shirt,2,20.72,0.0,Kreditkarte,6.99,6,5.0,False,41.44,2023-01,Tuesday
103848,2023-07-26,69,43.0,Nord,Haushalt,Lampe,2,42.83,15.0,Kreditkarte,2.99,1,5.0,False,72.81099999999999,2023-07,Wednesday
103004,2024-01-22,595,36.0,Mitte,Haushalt,Lampe,2,69.52,0.0,Lastschrift,4.99,7,5.0,False,139.04,2024-01,Monday
102864,2024-04-12,625,44.0,Ost,Bücher,Kinderbuch,1,26.12,0.0,Rechnung,0.0,5,5.0,True,26.12,2024-04,Friday
103115,2024-03-04,798,18.0,Süd,Elektronik,Kopfhörer,1,59.98,0.0,Kreditkarte,4.99,1,5.0,True,59.98,2024-03,Monday
104889,2023-08-26,764,41.0,Mitte,Mode,Sneaker,1,30.23,0.0,Sofortüberweisung,2.99,6,2.0,False,30.23,2023-08,Saturday
102322,2024-07-13,100,56.0,Süd,Elektronik,Bluetooth-Lautsprecher,1,52.62,0.0,Sofortüberweisung,4.99,6,-1.0,False,52.62,2024-07,Saturday
102571,2023-08-11,262,24.0,Ost,Haushalt,Lampe,1,32.11,15.0,PayPal,0.0,5,4.0,False,27.293499999999998,2023-08,Friday
102913,2024-09-20,1197,38.0,Süd,Mode,T-Shirt,1,28.53,10.0,PayPal,6.99,1,5.0,False,25.677000000000003,2024-09,Friday
100101,2023-12-16,1725,43.0,West,Bücher,Kochbuch,1,17.54,0.0,Kreditkarte,6.99,2,2.0,False,17.54,2023-12,Saturday
103549,2023-07-16,620,18.0,West,Bücher,Roman,1,28.66,0.0,Sofortüberweisung,6.99,2,5.0,False,28.66,2023-07,Sunday
101458,2024-06-08,1570,37.0,Mitte,Elektronik,USB-Kabel,1,40.04,0.0,PayPal,2.99,5,5.0,False,40.04,2024-06,Saturday
100171,2024-08-31,665,41.0,Ost,Elektronik,Bluetooth-Lautsprecher,1,28.05,10.0,Rechnung,6.99,4,4.0,False,25.245,2024-08,Saturday
100107,2023-05-08,1211,35.0,Nord,Elektronik,Bluetooth-Lautsprecher,1,123.22,10.0,Rechnung,4.99,6,3.0,False,110.898,2023-05,Monday
104239,2023-11-22,388,33.0,West,Elektronik,Smartphone-Hülle,1,38.43,5.0,Rechnung,2.99,5,5.0,False,36.5085,2023-11,Wednesday
103569,2024-10-22,1627,36.0,Ost,Haushalt,Pfannenset,2,33.26,0.0,Sofortüberweisung,0.0,5,5.0,False,66.52,2024-10,Tuesday
104339,2024-07-04,963,32.0,Mitte,Elektronik,Bluetooth-Lautsprecher,2,25.8,0.0,PayPal,6.99,1,4.0,False,51.6,2024-07,Thursday
100024,2024-04-07,1045,38.0,Nord,Mode,Jacke,2,16.82,15.0,Rechnung,4.99,5,5.0,False,28.594,2024-04,Sunday
103936,2023-05-06,304,18.0,Nord,Haushalt,Bettwäsche,4,34.36,15.0,Sofortüberweisung,6.99,5,3.0,False,116.824,2023-05,Saturday
104396,2023-09-27,1227,65.0,Süd,Sport,Laufschuhe,1,28.85,0.0,Kreditkarte,0.0,4,1.0,False,28.85,2023-09,Wednesday
100938,2024-01-04,1742,39.0,Nord,Haushalt,Bettwäsche,2,144.61,10.0,Sofortüberweisung,2.99,3,5.0,False,260.29800000000006,2024-01,Thursday
100060,2024-01-27,282,42.0,Süd,Bücher,Kochbuch,1,6.3,0.0,Sofortüberweisung,2.99,3,5.0,False,6.3,2024-01,Saturday
101240,2023-04-25,244,38.0,Nord,Sport,Hantel,1,52.94,10.0,Rechnung,2.99,2,5.0,False,47.646,2023-04,Tuesday
101040,2024-02-08,1521,63.0,Ost,Mode,Mütze,2,25.56,0.0,Lastschrift,2.99,6,5.0,False,51.12,2024-02,Thursday
104229,2023-08-17,1313,54.0,West,Haushalt,Bettwäsche,1,44.12,0.0,PayPal,0.0,4,5.0,False,44.12,2023-08,Thursday
102760,2023-06-04,919,50.0,Nord,Haushalt,Staubsauger,1,14.57,20.0,Lastschrift,6.99,2,5.0,False,11.656,2023-06,Sunday
102120,2023-10-26,165,42.0,Mitte,Mode,T-Shirt,1,10.81,0.0,Rechnung,4.99,3,5.0,False,10.81,2023-10,Thursday
101524,2023-01-29,263,18.0,Süd,Bücher,Kochbuch,3,37.15,0.0,Lastschrift,6.99,1,3.0,False,111.44999999999999,2023-01,Sunday
103521,2023-06-14,701,38.0,Süd,Haushalt,Staubsauger,2,28.0,15.0,Sofortüberweisung,6.99,1,-1.0,False,47.6,2023-06,Wednesday
100153,2023-08-10,1290,26.0,Ost,Mode,Mütze,2,20.7,0.0,Rechnung,2.99,5,4.0,False,41.4,2023-08,Thursday
102248,2024-11-10,1032,18.0,Nord,Haushalt,Staubsauger,1,101.25,15.0,Lastschrift,0.0,5,4.0,False,86.0625,2024-11,Sunday
100481,2024-10-18,1161,21.0,Süd,Elektronik,USB-Kabel,1,19.73,0.0,Lastschrift,2.99,5,5.0,False,19.73,2024-10,Friday
104763,2023-10-26,348,51.0,Mitte,Haushalt,Lampe,1,86.45,0.0,Rechnung,2.99,6,1.0,False,86.45,2023-10,Thursday
104349,2023-10-03,1485,53.0,Mitte,Mode,Mütze,1,6.44,0.0,Kreditkarte,6.99,1,5.0,True,6.44,2023-10,Tuesday
103578,2023-09-06,1153,30.0,Süd,Haushalt,Bettwäsche,1,141.76,10.0,Rechnung,0.0,1,4.0,False,127.58399999999999,2023-09,Wednesday
104167,2024-04-17,260,20.0,Süd,Bücher,Comic,2,13.37,25.0,PayPal,4.99,1,4.0,False,20.055,2024-04,Wednesday
103562,2024-05-25,687,42.0,Süd,Haushalt,Lampe,1,29.63,15.0,PayPal,2.99,6,3.0,False,25.185499999999998,2024-05,Saturday
103315,2023-10-30,833,32.0,West,Elektronik,Kopfhörer,1,31.97,0.0,Lastschrift,6.99,3,4.0,False,31.97,2023-10,Monday
101762,2023-09-18,1105,29.0,Nord,Elektronik,USB-Kabel,2,48.81,0.0,Rechnung,2.99,5,3.0,False,97.62,2023-09,Monday
103538,2024-06-24,1443,30.0,Süd,Elektronik,Bluetooth-Lautsprecher,1,79.46,20.0,Kreditkarte,2.99,5,3.0,False,63.568,2024-06,Monday
104852,2023-08-27,418,43.0,Süd,Haushalt,Pfannenset,4,74.91,0.0,Rechnung,2.99,5,5.0,False,299.64,2023-08,Sunday
100750,2024-06-13,1228,39.0,Süd,Sport,Fitnessband,1,22.09,0.0,Lastschrift,4.99,3,4.0,False,22.09,2024-06,Thursday
103619,2024-07-14,109,29.0,Ost,Haushalt,Pfannenset,2,27.36,0.0,PayPal,2.99,10,1.0,False,54.72,2024-07,Sunday
101785,2024-06-18,1434,46.0,West,Elektronik,Kopfhörer,2,46.65,25.0,Kreditkarte,6.99,3,-1.0,False,69.975,2024-06,Tuesday
104314,2024-06-24,801,25.0,West,Elektronik,Smartphone-Hülle,2,91.09,5.0,Kreditkarte,2.99,4,4.0,False,173.071,2024-06,Monday
103383,2024-06-23,487,23.0,Nord,Elektronik,USB-Kabel,2,37.41,10.0,Rechnung,4.99,2,5.0,False,67.338,2024-06,Sunday
104180,2023-04-03,498,37.0,West,Sport,Fitnessband,1,48.69,15.0,PayPal,2.99,3,-1.0,False,41.3865,2023-04,Monday
100405,2024-11-11,552,18.0,Nord,Bücher,Sachbuch,1,11.29,0.0,Kreditkarte,6.99,4,5.0,False,11.29,2024-11,Monday
100757,2024-07-09,698,18.0,Nord,Sport,Hantel,1,33.68,0.0,Sofortüberweisung,6.99,1,3.0,False,33.68,2024-07,Tuesday
102711,2024-10-07,1600,52.0,Mitte,Mode,Jacke,1,29.79,0.0,PayPal,0.0,6,5.0,True,29.79,2024-10,Monday
102670,2023-07-20,1106,38.0,Süd,Sport,Laufschuhe,1,23.21,0.0,Rechnung,2.99,4,5.0,False,23.21,2023-07,Thursday
104841,2023-09-21,518,35.0,Ost,Sport,Fitnessband,3,17.5,0.0,Rechnung,4.99,4,5.0,False,52.5,2023-09,Thursday
100097,2023-11-14,1395,62.0,Nord,Sport,Yogamatte,1,110.74270809201224,15.0,Rechnung,0.0,4,5.0,False,94.1313018782104,2023-11,Tuesday
101333,2024-12-25,1289,40.0,Ost,Haushalt,Staubsauger,2,82.74,25.0,Sofortüberweisung,6.99,4,4.0,False,124.10999999999999,2024-12,Wednesday
104796,2023-10-21,43,49.0,Ost,Mode,Sneaker,1,32.39,10.0,PayPal,2.99,1,5.0,False,29.151,2023-10,Saturday
102791,2023-02-02,1422,36.0,Süd,Mode,Sneaker,2,61.06,0.0,Sofortüberweisung,2.99,1,5.0,False,122.12,2023-02,Thursday
102854,2023-09-25,734,55.0,Ost,Mode,Sneaker,2,83.11,0.0,Sofortüberweisung,6.99,4,5.0,False,166.22,2023-09,Monday
100186,2024-03-29,569,40.0,Ost,Haushalt,Bettwäsche,4,55.51,0.0,Kreditkarte,2.99,3,4.0,False,222.04,2024-03,Friday
104082,2024-07-18,527,38.0,Ost,Haushalt,Lampe,2,52.93,0.0,PayPal,6.99,6,5.0,False,105.86,2024-07,Thursday
102723,2024-02-23,1140,61.0,Mitte,Elektronik,Smartphone-Hülle,2,21.23,25.0,Lastschrift,6.99,5,4.0,False,31.845,2024-02,Friday
103583,2023-08-14,805,34.0,Nord,Bücher,Roman,1,21.34,15.0,Rechnung,0.0,2,3.0,False,18.139,2023-08,Monday
102058,2024-09-16,351,38.0,West,Bücher,Sachbuch,1,19.76,10.0,Lastschrift,0.0,4,1.0,False,17.784000000000002,2024-09,Monday
101319,2023-09-27,1574,31.0,Ost,Mode,Mütze,1,36.85,15.0,Kreditkarte,6.99,5,5.0,False,31.3225,2023-09,Wednesday
104241,2023-09-25,1410,40.0,Nord,Sport,Laufschuhe,1,40.26,0.0,Sofortüberweisung,0.0,3,3.0,False,40.26,2023-09,Monday
100148,2023-02-04,592,34.0,West,Haushalt,Kaffeemaschine,1,56.38,0.0,Lastschrift,2.99,7,2.0,True,56.38,2023-02,Saturday
100028,2024-07-24,861,44.0,Ost,Bücher,Sachbuch,2,21.48,20.0,Kreditkarte,0.0,3,5.0,True,34.368,2024-07,Wednesday
104182,2023-10-13,1457,40.0,Süd,Bücher,Roman,1,11.65,0.0,PayPal,2.99,3,2.0,False,11.65,2023-10,Friday
104088,2023-02-04,499,38.0,West,Bücher,Sachbuch,3,12.34,0.0,Lastschrift,4.99,4,3.0,False,37.019999999999996,2023-02,Saturday
103363,2024-06-23,594,49.0,Nord,Haushalt,Bettwäsche,1,54.79,0.0,Kreditkarte,4.99,1,4.0,True,54.79,2024-06,Sunday
100692,2024-02-11,716,28.0,Süd,Sport,Yogamatte,1,23.95,0.0,Kreditkarte,4.99,2,5.0,False,23.95,2024-02,Sunday
102866,2023-03-29,44,53.0,Süd,Mode,Sneaker,1,11.35,5.0,Rechnung,2.99,6,-1.0,False,10.782499999999999,2023-03,Wednesday
103776,2023-04-07,126,47.0,Nord,Mode,Mütze,1,22.59,5.0,Rechnung,0.0,8,2.0,False,21.4605,2023-04,Friday
101386,2023-02-21,1122,23.0,Nord,Elektronik,Smartphone-Hülle,1,26.88,0.0,PayPal,2.99,2,4.0,False,26.88,2023-02,Tuesday
101845,2023-07-11,1675,36.0,Mitte,Elektronik,USB-Kabel,3,53.77,10.0,PayPal,0.0,6,3.0,False,145.179,2023-07,Tuesday
104902,2023-01-10,731,43.0,West,Mode,Jacke,1,25.86,0.0,Lastschrift,2.99,6,4.0,False,25.86,2023-01,Tuesday
100129,2023-08-01,381,39.0,Nord,Bücher,Kinderbuch,1,9.13,20.0,Kreditkarte,0.0,2,-1.0,False,7.304000000000001,2023-08,Tuesday
101599,2024-02-13,932,37.0,Nord,Bücher,Comic,1,3.93,0.0,Rechnung,2.99,2,4.0,False,3.93,2024-02,Tuesday
103629,2024-07-31,1378,40.0,Nord,Mode,Mütze,1,15.1,15.0,PayPal,2.99,6,4.0,False,12.834999999999999,2024-07,Wednesday
104661,2023-01-13,792,18.0,West,Mode,T-Shirt,2,14.83,5.0,Lastschrift,4.99,7,5.0,False,28.177,2023-01,Friday
100701,2023-08-23,137,38.0,Nord,Mode,Jeans,1,17.27,0.0,Lastschrift,4.99,7,5.0,False,17.27,2023-08,Wednesday
104060,2023-12-03,1212,58.0,Ost,Sport,Fitnessband,1,7.84,5.0,Lastschrift,6.99,3,5.0,False,7.4479999999999995,2023-12,Sunday
103028,2024-07-15,1722,34.0,Süd,Elektronik,Powerbank,1,23.31,0.0,Kreditkarte,0.0,1,5.0,False,23.31,2024-07,Monday
102969,2023-09-08,330,19.0,Süd,Mode,Jacke,3,22.0,0.0,Lastschrift,0.0,4,5.0,False,66.0,2023-09,Friday
104400,2023-08-04,603,50.0,Ost,Elektronik,Smartphone-Hülle,1,23.67,15.0,Rechnung,0.0,4,5.0,True,20.119500000000002,2023-08,Friday
101708,2023-11-08,1696,52.0,Mitte,Haushalt,Kaffeemaschine,1,81.45,0.0,Kreditkarte,6.99,4,5.0,False,81.45,2023-11,Wednesday
102953,2023-07-21,474,36.0,West,Elektronik,Smartphone-Hülle,2,32.87,0.0,Kreditkarte,0.0,5,4.0,False,65.74,2023-07,Friday
100454,2023-04-10,760,33.0,Ost,Sport,Laufschuhe,1,50.98,10.0,PayPal,2.99,7,4.0,False,45.882,2023-04,Monday
102868,2023-12-20,490,43.0,West,Sport,Hantel,1,43.55,0.0,PayPal,0.0,2,4.0,False,43.55,2023-12,Wednesday
102040,2023-06-19,994,55.0,Nord,Elektronik,Powerbank,4,34.11,0.0,Lastschrift,4.99,2,5.0,False,136.44,2023-06,Monday
101772,2023-01-15,1031,31.0,Mitte,Bücher,Comic,1,13.21,0.0,Lastschrift,4.99,4,4.0,False,13.21,2023-01,Sunday
102315,2023-07-12,839,41.0,Nord,Haushalt,Lampe,1,70.12,0.0,Rechnung,2.99,6,4.0,False,70.12,2023-07,Wednesday
100609,2024-07-15,772,32.0,Mitte,Haushalt,Kaffeemaschine,1,45.66,0.0,Kreditkarte,2.99,1,5.0,False,45.66,2024-07,Monday
100167,2024-05-30,1267,41.0,Süd,Sport,Trinkflasche,1,14.51,15.0,PayPal,2.99,1,4.0,False,12.333499999999999,2024-05,Thursday
100730,2024-08-18,1003,52.0,Nord,Bücher,Sachbuch,2,2.62,0.0,Kreditkarte,2.99,8,4.0,True,5.24,2024-08,Sunday
104292,2024-01-03,1028,45.0,West,Elektronik,Powerbank,1,18.54,15.0,Kreditkarte,0.0,2,4.0,False,15.758999999999999,2024-01,Wednesday
103358,2023-02-11,1661,29.0,West,Sport,Hantel,1,29.4,0.0,PayPal,0.0,2,5.0,False,29.4,2023-02,Saturday
103896,2023-01-26,1775,38.0,West,Haushalt,Pfannenset,2,20.61,0.0,Lastschrift,0.0,5,4.0,False,41.22,2023-01,Thursday
102074,2024-12-13,1704,18.0,Nord,Mode,Sneaker,1,45.44,10.0,Sofortüberweisung,0.0,5,5.0,False,40.896,2024-12,Friday
104111,2024-06-25,270,49.0,Nord,Sport,Trinkflasche,5,10.39,0.0,Kreditkarte,2.99,2,4.0,False,51.95,2024-06,Tuesday
103700,2024-03-25,229,22.0,Mitte,Mode,Sneaker,1,18.5,0.0,Lastschrift,0.0,4,5.0,False,18.5,2024-03,Monday
101622,2023-12-05,160,28.0,Ost,Mode,Jeans,2,45.6,5.0,Rechnung,4.99,5,5.0,False,86.64,2023-12,Tuesday
100587,2024-02-26,1126,38.0,West,Haushalt,Lampe,1,71.0,0.0,Kreditkarte,2.99,7,5.0,False,71.0,2024-02,Monday
101401,2024-12-12,1522,18.0,West,Haushalt,Kaffeemaschine,2,17.33,0.0,Rechnung,2.99,5,4.0,True,34.66,2024-12,Thursday
103045,2023-01-23,293,43.0,Ost,Mode,Mütze,3,4.52,0.0,Sofortüberweisung,6.99,5,5.0,False,13.559999999999999,2023-01,Monday
103224,2023-10-21,1538,30.0,Süd,Sport,Hantel,1,13.97,0.0,Rechnung,6.99,6,-1.0,False,13.97,2023-10,Saturday
101700,2024-07-22,383,36.0,Süd,Sport,Fitnessband,1,67.11,0.0,Lastschrift,4.99,5,-1.0,False,67.11,2024-07,Monday
103088,2024-12-15,674,36.0,Nord,Haushalt,Lampe,1,36.92,0.0,Kreditkarte,4.99,4,2.0,False,36.92,2024-12,Sunday
104434,2024-10-01,528,53.0,Süd,Bücher,Kinderbuch,2,7.22,0.0,Sofortüberweisung,4.99,6,5.0,False,14.44,2024-10,Tuesday
102981,2023-03-07,792,40.0,West,Mode,T-Shirt,1,29.15,0.0,Sofortüberweisung,6.99,5,5.0,False,29.15,2023-03,Tuesday
100040,2023-04-14,1693,56.0,Nord,Bücher,Kinderbuch,2,28.39,0.0,Lastschrift,6.99,2,3.0,False,56.78,2023-04,Friday
101379,2024-06-03,1130,25.0,Süd,Elektronik,USB-Kabel,2,55.13,0.0,Sofortüberweisung,6.99,7,5.0,False,110.26,2024-06,Monday
102089,2023-08-22,1635,32.0,Nord,Bücher,Kochbuch,1,22.83,20.0,Kreditkarte,4.99,5,5.0,False,18.264,2023-08,Tuesday
103924,2023-01-16,1657,35.0,Mitte,Elektronik,Smartphone-Hülle,1,27.37,15.0,Rechnung,0.0,4,4.0,False,23.2645,2023-01,Monday
102175,2024-11-03,616,35.0,West,Elektronik,USB-Kabel,1,55.65,0.0,Rechnung,0.0,3,3.0,False,55.65,2024-11,Sunday
103217,2024-01-18,397,18.0,Mitte,Bücher,Sachbuch,1,30.27,0.0,Sofortüberweisung,2.99,2,5.0,False,30.27,2024-01,Thursday
102885,2023-07-13,744,32.0,Süd,Haushalt,Pfannenset,3,27.91,10.0,Rechnung,4.99,1,5.0,False,75.357,2023-07,Thursday
100074,2023-12-04,1778,40.0,Ost,Haushalt,Pfannenset,4,37.55,0.0,PayPal,0.0,4,5.0,False,150.2,2023-12,Monday
103986,2023-02-26,773,47.0,Nord,Mode,Jeans,5,194.5486988993237,5.0,Kreditkarte,4.99,5,3.0,True,924.1063197717875,2023-02,Sunday
103967,2023-05-08,1139,35.0,Mitte,Haushalt,Bettwäsche,1,145.59841028528052,20.0,Rechnung,4.99,9,4.0,False,116.47872822822443,2023-05,Monday
102657,2023-07-11,58,23.0,Nord,Mode,T-Shirt,3,4.78,5.0,Kreditkarte,2.99,4,3.0,False,13.623,2023-07,Tuesday
103180,2024-06-06,430,32.0,Süd,Bücher,Sachbuch,1,15.89,0.0,PayPal,2.99,2,5.0,False,15.89,2024-06,Thursday
102076,2023-07-06,892,40.0,Süd,Elektronik,Powerbank,1,67.71,5.0,Rechnung,0.0,6,4.0,False,64.32449999999999,2023-07,Thursday
100441,2023-12-06,1762,31.0,Ost,Sport,Trinkflasche,1,104.93,0.0,Sofortüberweisung,6.99,6,5.0,False,104.93,2023-12,Wednesday
104118,2024-08-21,209,64.0,Ost,Elektronik,Smartphone-Hülle,1,38.38,0.0,Lastschrift,2.99,5,5.0,False,38.38,2024-08,Wednesday
102051,2024-11-30,1163,37.0,West,Mode,Sneaker,1,25.53,0.0,Kreditkarte,2.99,9,4.0,False,25.53,2024-11,Saturday
102541,2024-04-04,919,31.0,Süd,Mode,Jeans,1,32.98,0.0,Sofortüberweisung,0.0,3,3.0,False,32.98,2024-04,Thursday
103306,2023-09-28,1764,35.0,Mitte,Mode,Jeans,2,13.63,0.0,Kreditkarte,0.0,5,5.0,False,27.26,2023-09,Thursday
101301,2023-11-19,293,60.0,Süd,Mode,T-Shirt,4,28.96,25.0,Sofortüberweisung,4.99,2,4.0,False,86.88,2023-11,Sunday
101781,2023-09-20,1157,18.0,Ost,Mode,Sneaker,1,18.65,15.0,Rechnung,4.99,7,2.0,False,15.8525,2023-09,Wednesday
104863,2024-08-19,67,41.0,Süd,Haushalt,Staubsauger,1,87.12,5.0,Kreditkarte,0.0,5,5.0,False,82.764,2024-08,Monday
103430,2024-07-23,212,43.0,Ost,Mode,Sneaker,1,26.12,0.0,Sofortüberweisung,2.99,1,4.0,False,26.12,2024-07,Tuesday
101304,2023-04-10,1571,42.0,Mitte,Mode,Sneaker,1,11.54,0.0,Kreditkarte,0.0,3,4.0,False,11.54,2023-04,Monday
100236,2023-09-15,1504,28.0,Süd,Elektronik,Powerbank,1,72.19,5.0,Rechnung,2.99,4,1.0,False,68.5805,2023-09,Friday
102599,2023-10-14,39,36.0,Nord,Bücher,Kinderbuch,1,9.87,0.0,Rechnung,0.0,2,5.0,False,9.87,2023-10,Saturday
100520,2024-05-09,1435,50.0,Süd,Sport,Hantel,1,25.19,0.0,PayPal,0.0,2,4.0,False,25.19,2024-05,Thursday
102573,2024-12-21,447,22.0,Ost,Sport,Fitnessband,1,6.67,0.0,Kreditkarte,6.99,2,5.0,False,6.67,2024-12,Saturday
103280,2024-02-26,1020,51.0,Ost,Haushalt,Staubsauger,1,48.79,5.0,Sofortüberweisung,2.99,4,5.0,True,46.3505,2024-02,Monday
103186,2024-02-14,782,43.0,Ost,Sport,Trinkflasche,5,55.21,0.0,Rechnung,4.99,2,4.0,False,276.05,2024-02,Wednesday
103953,2024-04-14,1128,18.0,Mitte,Elektronik,Kopfhörer,2,86.8,15.0,PayPal,2.99,4,-1.0,False,147.56,2024-04,Sunday
102768,2023-03-05,1552,22.0,West,Elektronik,Powerbank,1,28.89,0.0,Lastschrift,4.99,4,5.0,False,28.89,2023-03,Sunday
100735,2023-06-02,1171,37.0,Ost,Haushalt,Pfannenset,5,68.24,0.0,Rechnung,6.99,5,5.0,False,341.2,2023-06,Friday
104751,2023-05-22,715,41.0,Nord,Mode,Jeans,2,7.13,5.0,Kreditkarte,4.99,1,-1.0,False,13.546999999999999,2023-05,Monday
104979,2023-11-04,980,44.0,Nord,Haushalt,Pfannenset,3,52.12,10.0,Kreditkarte,0.0,4,4.0,False,140.724,2023-11,Saturday
102106,2024-03-08,1452,42.0,Mitte,Haushalt,Bettwäsche,1,20.74,0.0,Lastschrift,2.99,5,4.0,True,20.74,2024-03,Friday
102679,2023-11-08,350,47.0,West,Elektronik,USB-Kabel,1,34.56,0.0,Sofortüberweisung,4.99,3,4.0,False,34.56,2023-11,Wednesday
103229,2024-06-19,1607,38.0,Nord,Haushalt,Staubsauger,2,44.55,20.0,Rechnung,2.99,1,4.0,False,71.28,2024-06,Wednesday
102761,2024-11-10,778,18.0,Mitte,Mode,Jeans,4,20.09,10.0,Sofortüberweisung,0.0,4,5.0,False,72.324,2024-11,Sunday
100592,2023-06-27,382,38.0,Nord,Elektronik,Bluetooth-Lautsprecher,1,17.87,0.0,Rechnung,6.99,3,3.0,False,17.87,2023-06,Tuesday
101303,2023-11-22,1132,53.0,Nord,Mode,Sneaker,1,8.16,10.0,Rechnung,0.0,1,5.0,False,7.344,2023-11,Wednesday
101387,2023-09-11,1267,55.0,West,Elektronik,Powerbank,3,59.94,0.0,PayPal,2.99,5,5.0,False,179.82,2023-09,Monday
104742,2023-02-04,1622,69.0,Süd,Elektronik,Powerbank,1,46.31,10.0,PayPal,2.99,2,5.0,False,41.679,2023-02,Saturday
104571,2023-08-09,1371,18.0,Ost,Mode,Jacke,1,58.24,0.0,Sofortüberweisung,0.0,4,-1.0,False,58.24,2023-08,Wednesday
104024,2023-11-18,1663,41.0,Mitte,Mode,Jeans,1,21.21,0.0,Sofortüberweisung,0.0,2,4.0,False,21.21,2023-11,Saturday
101890,2023-10-07,1474,30.0,Nord,Sport,Trinkflasche,1,26.25,15.0,Lastschrift,0.0,5,4.0,False,22.3125,2023-10,Saturday
102987,2023-03-04,739,36.0,Süd,Elektronik,Bluetooth-Lautsprecher,1,86.26,0.0,Sofortüberweisung,0.0,3,3.0,False,86.26,2023-03,Saturday
104974,2023-10-11,395,38.0,Nord,Mode,Jeans,1,28.09,0.0,Sofortüberweisung,0.0,5,5.0,False,28.09,2023-10,Wednesday
103297,2024-03-17,1139,18.0,Mitte,Mode,Jacke,2,59.68,0.0,Rechnung,6.99,2,-1.0,False,119.36,2024-03,Sunday
100904,2023-10-30,520,41.0,West,Mode,Jeans,1,52.62,0.0,PayPal,0.0,1,4.0,False,52.62,2023-10,Monday
104655,2023-12-19,831,32.0,Süd,Haushalt,Lampe,1,51.56,0.0,Rechnung,0.0,5,5.0,True,51.56,2023-12,Tuesday
101279,2024-04-30,596,42.0,Mitte,Elektronik,Powerbank,1,43.21,0.0,PayPal,0.0,5,3.0,False,43.21,2024-04,Tuesday
100933,2024-11-14,225,27.0,Ost,Elektronik,USB-Kabel,1,44.31,0.0,Sofortüberweisung,0.0,5,-1.0,False,44.31,2024-11,Thursday
104949,2023-11-30,195,37.0,Nord,Haushalt,Pfannenset,5,101.39,0.0,PayPal,4.99,3,5.0,False,506.95,2023-11,Thursday
102308,2023-03-25,1790,30.0,West,Mode,Mütze,1,16.7,0.0,Kreditkarte,4.99,6,4.0,False,16.7,2023-03,Saturday
101555,2023-05-16,972,25.0,Süd,Elektronik,Kopfhörer,1,58.59,10.0,PayPal,0.0,3,1.0,False,52.731,2023-05,Tuesday
104578,2024-11-15,1581,57.0,Mitte,Sport,Fitnessband,1,55.37,15.0,PayPal,2.99,5,3.0,True,47.064499999999995,2024-11,Friday
103190,2024-08-29,1600,40.0,West,Haushalt,Lampe,3,88.24,0.0,Kreditkarte,2.99,1,5.0,False,264.71999999999997,2024-08,Thursday
104486,2024-09-30,159,20.0,Süd,Bücher,Sachbuch,1,26.72,5.0,Kreditkarte,2.99,4,3.0,False,25.383999999999997,2024-09,Monday
100706,2023-06-14,1799,62.0,Ost,Haushalt,Lampe,2,15.9,20.0,Lastschrift,0.0,3,4.0,False,25.44,2023-06,Wednesday
104882,2023-05-06,365,38.0,Süd,Mode,Jeans,1,27.11,5.0,Sofortüberweisung,2.99,2,3.0,False,25.754499999999997,2023-05,Saturday
103070,2023-11-25,452,44.0,Süd,Elektronik,Smartphone-Hülle,1,30.62,15.0,PayPal,4.99,3,-1.0,True,26.027,2023-11,Saturday
100745,2023-12-05,1487,39.0,Mitte,Sport,Laufschuhe,1,50.83,0.0,Sofortüberweisung,6.99,5,3.0,False,50.83,2023-12,Tuesday
103594,2023-11-09,1641,43.0,Süd,Haushalt,Bettwäsche,1,34.85,0.0,Sofortüberweisung,4.99,4,5.0,False,34.85,2023-11,Thursday
101939,2024-02-07,1145,38.0,Nord,Bücher,Comic,2,14.47,10.0,Rechnung,6.99,2,-1.0,False,26.046000000000003,2024-02,Wednesday
104444,2023-01-22,802,38.0,Mitte,Mode,Sneaker,2,27.98,0.0,Kreditkarte,0.0,5,-1.0,False,55.96,2023-01,Sunday
102862,2024-01-28,1051,36.0,Ost,Elektronik,USB-Kabel,1,18.81,0.0,Kreditkarte,2.99,5,4.0,False,18.81,2024-01,Sunday
104075,2024-08-21,79,39.0,Ost,Mode,Mütze,2,37.17,0.0,Sofortüberweisung,0.0,6,5.0,False,74.34,2024-08,Wednesday
100513,2024-09-02,1461,21.0,Nord,Sport,Trinkflasche,2,36.61,15.0,Kreditkarte,2.99,4,4.0,True,62.236999999999995,2024-09,Monday
100081,2024-10-03,1679,27.0,Süd,Sport,Laufschuhe,1,29.66,25.0,Sofortüberweisung,4.99,6,3.0,False,22.245,2024-10,Thursday
101308,2024-05-01,1089,18.0,West,Mode,Jacke,1,62.14,15.0,Kreditkarte,2.99,3,4.0,False,52.819,2024-05,Wednesday
104593,2023-02-03,1584,78.0,West,Mode,Sneaker,1,28.84,10.0,Rechnung,0.0,3,5.0,False,25.956,2023-02,Friday
100914,2024-08-05,499,25.0,Süd,Mode,Jeans,1,25.21,0.0,Lastschrift,0.0,2,5.0,False,25.21,2024-08,Monday
103452,2023-01-28,1204,38.0,Ost,Haushalt,Pfannenset,2,43.1,20.0,Sofortüberweisung,0.0,3,4.0,False,68.96000000000001,2023-01,Saturday
103695,2023-10-09,277,30.0,Ost,Mode,Jacke,1,13.62,0.0,Kreditkarte,4.99,4,4.0,False,13.62,2023-10,Monday
104853,2023-09-02,1244,21.0,Mitte,Elektronik,Powerbank,5,38.7,0.0,Kreditkarte,0.0,7,5.0,False,193.5,2023-09,Saturday
103156,2023-01-19,179,52.0,Ost,Elektronik,Kopfhörer,1,294.99014140074587,0.0,PayPal,2.99,4,5.0,False,294.99014140074587,2023-01,Thursday
102198,2024-06-21,1623,44.0,Mitte,Elektronik,Kopfhörer,1,35.6,0.0,Lastschrift,6.99,4,5.0,True,35.6,2024-06,Friday
104275,2023-08-04,184,20.0,Süd,Sport,Hantel,1,18.7,0.0,Rechnung,2.99,3,4.0,False,18.7,2023-08,Friday
100774,2024-11-06,808,34.0,Süd,Mode,Jacke,2,20.25,15.0,Sofortüberweisung,2.99,1,2.0,False,34.425,2024-11,Wednesday
100329,2024-07-13,519,61.0,West,Sport,Fitnessband,2,5.19,0.0,Rechnung,0.0,4,4.0,False,10.38,2024-07,Saturday
102054,2024-10-20,1038,36.0,West,Elektronik,Smartphone-Hülle,1,18.24,0.0,Sofortüberweisung,0.0,2,4.0,True,18.24,2024-10,Sunday
102001,2024-09-14,970,53.0,West,Haushalt,Bettwäsche,1,78.95,5.0,Sofortüberweisung,4.99,6,4.0,False,75.0025,2024-09,Saturday
100943,2023-05-30,1018,43.0,Mitte,Haushalt,Kaffeemaschine,3,90.79,0.0,Sofortüberweisung,2.99,3,2.0,False,272.37,2023-05,Tuesday
100822,2023-05-11,657,38.0,Nord,Haushalt,Lampe,1,17.59,10.0,PayPal,2.99,3,5.0,False,15.831,2023-05,Thursday
104572,2024-04-04,968,46.0,Ost,Bücher,Kinderbuch,1,26.3,5.0,Lastschrift,0.0,4,5.0,False,24.985,2024-04,Thursday
100909,2024-04-15,1209,54.0,Nord,Mode,Jacke,1,29.51,0.0,Lastschrift,2.99,4,4.0,False,29.51,2024-04,Monday
102516,2023-04-19,1248,63.0,Süd,Haushalt,Lampe,2,30.38,10.0,Lastschrift,2.99,5,4.0,False,54.684,2023-04,Wednesday
100181,2023-01-27,1302,29.0,Süd,Elektronik,Bluetooth-Lautsprecher,2,92.34,0.0,Rechnung,6.99,5,4.0,False,184.68,2023-01,Friday
100164,2024-04-24,978,44.0,Süd,Mode,Sneaker,1,7.15,0.0,Lastschrift,2.99,2,4.0,False,7.15,2024-04,Wednesday
101523,2023-01-18,1250,32.0,Mitte,Sport,Trinkflasche,1,54.64,0.0,Lastschrift,0.0,3,5.0,False,54.64,2023-01,Wednesday
100451,2023-04-22,1241,46.0,Nord,Bücher,Kinderbuch,1,6.7,0.0,Rechnung,6.99,4,2.0,False,6.7,2023-04,Saturday
103983,2024-08-29,1767,33.0,Ost,Mode,Jeans,1,16.79,0.0,Lastschrift,2.99,2,5.0,False,16.79,2024-08,Thursday
102538,2024-11-24,758,18.0,Mitte,Haushalt,Kaffeemaschine,3,481.8885477405015,0.0,PayPal,6.99,2,5.0,False,1445.6656432215045,2024-11,Sunday
104147,2024-12-08,1532,23.0,Ost,Sport,Hantel,1,1010.7566157047772,0.0,Kreditkarte,2.99,3,4.0,False,1010.7566157047772,2024-12,Sunday
104824,2023-07-15,1766,55.0,West,Haushalt,Lampe,1,122.88,5.0,Rechnung,2.99,1,5.0,False,116.73599999999999,2023-07,Saturday
101311,2023-04-19,1642,45.0,West,Sport,Yogamatte,3,13.62,0.0,Sofortüberweisung,4.99,5,3.0,False,40.86,2023-04,Wednesday
103149,2023-01-07,1319,65.0,Mitte,Mode,Jacke,1,60.13,0.0,Kreditkarte,6.99,4,2.0,True,60.13,2023-01,Saturday
101111,2023-06-12,809,33.0,Ost,Mode,T-Shirt,1,19.01,10.0,PayPal,0.0,4,-1.0,False,17.109,2023-06,Monday
104640,2023-01-12,1111,28.0,Mitte,Sport,Fitnessband,1,26.27,15.0,Sofortüberweisung,4.99,5,3.0,False,22.3295,2023-01,Thursday
103874,2023-12-04,1023,33.0,Nord,Bücher,Sachbuch,2,1.2,0.0,PayPal,0.0,4,5.0,False,2.4,2023-12,Monday
103489,2024-06-20,638,29.0,Ost,Elektronik,Smartphone-Hülle,2,49.3,20.0,Kreditkarte,0.0,5,3.0,False,78.88,2024-06,Thursday
101287,2023-03-06,322,31.0,Mitte,Sport,Laufschuhe,2,16.59,5.0,PayPal,6.99,3,4.0,False,31.520999999999997,2023-03,Monday
104219,2024-09-16,351,54.0,Nord,Haushalt,Staubsauger,1,71.68,0.0,Lastschrift,4.99,4,5.0,False,71.68,2024-09,Monday
104692,2024-11-10,243,38.0,Süd,Haushalt,Kaffeemaschine,4,50.12,0.0,PayPal,2.99,1,5.0,False,200.48,2024-11,Sunday
103680,2023-09-16,1421,49.0,Süd,Haushalt,Kaffeemaschine,1,29.67,0.0,Kreditkarte,0.0,3,5.0,False,29.67,2023-09,Saturday
104374,2023-07-02,709,50.0,Ost,Mode,Jacke,4,39.86,0.0,Sofortüberweisung,0.0,4,3.0,False,159.44,2023-07,Sunday
104210,2024-01-05,664,38.0,Ost,Elektronik,USB-Kabel,1,44.0,5.0,Sofortüberweisung,2.99,3,5.0,False,41.8,2024-01,Friday
103300,2024-06-26,1468,33.0,West,Bücher,Kochbuch,1,24.8,0.0,PayPal,6.99,2,3.0,False,24.8,2024-06,Wednesday
103310,2024-09-09,136,25.0,Ost,Elektronik,Smartphone-Hülle,1,62.9,0.0,Sofortüberweisung,2.99,4,4.0,False,62.9,2024-09,Monday
104601,2024-09-27,1694,18.0,Süd,Mode,Jacke,2,35.29,0.0,PayPal,0.0,5,4.0,False,70.58,2024-09,Friday
103125,2023-06-04,1652,43.0,Ost,Elektronik,USB-Kabel,1,47.54,15.0,PayPal,4.99,1,5.0,False,40.409,2023-06,Sunday
100327,2024-04-22,747,20.0,Süd,Bücher,Roman,1,16.94,0.0,PayPal,2.99,2,2.0,False,16.94,2024-04,Monday
101790,2023-05-23,519,45.0,Süd,Sport,Hantel,1,30.46,0.0,Rechnung,4.99,1,5.0,False,30.46,2023-05,Tuesday
102490,2024-09-22,931,39.0,Nord,Bücher,Comic,1,13.94,0.0,Kreditkarte,4.99,3,5.0,False,13.94,2024-09,Sunday
102006,2023-06-01,847,56.0,West,Elektronik,Bluetooth-Lautsprecher,2,54.13,20.0,Lastschrift,6.99,7,4.0,False,86.608,2023-06,Thursday
102007,2024-02-20,1047,66.0,Süd,Haushalt,Staubsauger,1,109.19,0.0,Rechnung,2.99,3,5.0,False,109.19,2024-02,Tuesday
101858,2023-03-23,504,39.0,West,Elektronik,Smartphone-Hülle,2,82.52,0.0,Kreditkarte,4.99,2,5.0,False,165.04,2023-03,Thursday
104732,2024-04-15,656,50.0,Mitte,Elektronik,USB-Kabel,1,50.7,5.0,Sofortüberweisung,4.99,5,4.0,False,48.165,2024-04,Monday
100312,2023-05-24,904,54.0,Mitte,Elektronik,Bluetooth-Lautsprecher,1,49.94,0.0,Sofortüberweisung,2.99,4,2.0,False,49.94,2023-05,Wednesday
100832,2024-01-07,1023,23.0,Ost,Mode,Sneaker,1,32.68,0.0,PayPal,0.0,6,4.0,True,32.68,2024-01,Sunday
103079,2024-09-07,773,34.0,Mitte,Haushalt,Pfannenset,1,69.66,0.0,Sofortüberweisung,6.99,6,2.0,False,69.66,2024-09,Saturday
104765,2023-08-31,846,38.0,West,Bücher,Comic,1,3.92,0.0,Rechnung,6.99,5,5.0,False,3.92,2023-08,Thursday
103462,2023-10-18,586,31.0,West,Bücher,Kinderbuch,1,6.37,0.0,Sofortüberweisung,4.99,2,4.0,False,6.37,2023-10,Wednesday
101201,2024-12-28,754,41.0,West,Sport,Trinkflasche,1,14.5,0.0,Rechnung,0.0,2,4.0,False,14.5,2024-12,Saturday
104435,2024-05-20,1792,18.0,West,Sport,Laufschuhe,1,32.9,0.0,Sofortüberweisung,0.0,2,4.0,False,32.9,2024-05,Monday
103547,2023-07-07,914,30.0,Nord,Haushalt,Bettwäsche,1,131.25,0.0,Rechnung,4.99,1,5.0,False,131.25,2023-07,Friday
104072,2024-12-23,742,60.0,West,Elektronik,USB-Kabel,1,17.01,10.0,Rechnung,6.99,6,5.0,False,15.309000000000001,2024-12,Monday
102134,2024-11-30,583,36.0,Ost,Mode,Jeans,2,39.4,0.0,Kreditkarte,4.99,4,1.0,False,78.8,2024-11,Saturday
103451,2023-05-19,1129,35.0,West,Haushalt,Lampe,3,81.51,15.0,PayPal,0.0,2,5.0,False,207.8505,2023-05,Friday
102209,2024-10-03,153,41.0,Ost,Mode,Jacke,1,41.78,0.0,Sofortüberweisung,6.99,1,3.0,False,41.78,2024-10,Thursday
101901,2023-12-02,206,47.0,Nord,Haushalt,Lampe,1,41.92,10.0,Sofortüberweisung,2.99,1,4.0,False,37.728,2023-12,Saturday
104050,2023-03-01,1022,27.0,Mitte,Elektronik,USB-Kabel,2,24.57,0.0,Sofortüberweisung,6.99,5,5.0,False,49.14,2023-03,Wednesday
101481,2023-06-20,543,49.0,Süd,Haushalt,Kaffeemaschine,2,43.75,0.0,Lastschrift,4.99,6,5.0,False,87.5,2023-06,Tuesday
100777,2023-06-12,1315,18.0,Ost,Elektronik,Kopfhörer,2,29.22,0.0,Lastschrift,6.99,2,4.0,False,58.44,2023-06,Monday
100799,2024-11-23,188,53.0,Mitte,Elektronik,Bluetooth-Lautsprecher,1,20.03,5.0,Kreditkarte,0.0,4,4.0,False,19.0285,2024-11,Saturday
103714,2023-10-28,1374,25.0,Süd,Elektronik,Kopfhörer,1,37.53,5.0,PayPal,6.99,1,3.0,False,35.6535,2023-10,Saturday
103942,2024-04-11,209,44.0,Mitte,Sport,Yogamatte,1,69.97,15.0,Sofortüberweisung,4.99,7,5.0,False,59.4745,2024-04,Thursday
100054,2024-05-25,495,46.0,Ost,Elektronik,Bluetooth-Lautsprecher,1,21.58,0.0,Kreditkarte,2.99,3,5.0,False,21.58,2024-05,Saturday
102972,2023-02-22,1650,45.0,Süd,Mode,Jacke,1,11.19,0.0,Sofortüberweisung,2.99,4,4.0,True,11.19,2023-02,Wednesday
103335,2024-11-18,775,21.0,West,Mode,Mütze,1,14.22,0.0,Rechnung,4.99,1,1.0,False,14.22,2024-11,Monday
101920,2023-07-09,1077,37.0,Ost,Mode,T-Shirt,2,44.91,0.0,PayPal,0.0,6,3.0,False,89.82,2023-07,Sunday
103715,2024-07-26,778,49.0,Ost,Haushalt,Bettwäsche,1,48.19,0.0,Lastschrift,2.99,3,-1.0,False,48.19,2024-07,Friday
104693,2023-11-21,1490,38.0,Nord,Mode,T-Shirt,3,92.14,0.0,Kreditkarte,4.99,5,-1.0,False,276.42,2023-11,Tuesday
100946,2024-08-27,25,28.0,West,Haushalt,Bettwäsche,1,44.16,0.0,Rechnung,0.0,9,5.0,False,44.16,2024-08,Tuesday
101701,2023-10-03,629,40.0,Süd,Haushalt,Staubsauger,1,48.93,10.0,Sofortüberweisung,0.0,3,5.0,False,44.037,2023-10,Tuesday
103293,2024-03-13,1378,38.0,Mitte,Haushalt,Staubsauger,2,23.77,0.0,Sofortüberweisung,4.99,2,5.0,False,47.54,2024-03,Wednesday
102161,2023-03-22,710,48.0,Ost,Sport,Trinkflasche,1,22.81,10.0,Rechnung,0.0,1,-1.0,False,20.529,2023-03,Wednesday
101136,2023-08-22,558,18.0,Nord,Mode,T-Shirt,1,36.79,0.0,Kreditkarte,4.99,5,3.0,False,36.79,2023-08,Tuesday
100987,2023-01-29,867,43.0,Süd,Elektronik,Kopfhörer,1,59.6,0.0,Kreditkarte,2.99,4,3.0,False,59.6,2023-01,Sunday
102549,2024-03-13,1765,66.0,Nord,Sport,Laufschuhe,1,14.9,0.0,Sofortüberweisung,0.0,1,5.0,True,14.9,2024-03,Wednesday
100193,2023-06-26,836,40.0,West,Haushalt,Bettwäsche,1,12.26,0.0,PayPal,2.99,4,5.0,False,12.26,2023-06,Monday
103057,2023-08-08,980,49.0,West,Haushalt,Lampe,2,38.13,0.0,Rechnung,0.0,2,1.0,False,76.26,2023-08,Tuesday
103246,2023-02-22,1282,51.0,West,Haushalt,Bettwäsche,2,29.59,0.0,Sofortüberweisung,0.0,4,4.0,True,59.18,2023-02,Wednesday
101394,2023-12-14,1384,43.0,Mitte,Sport,Hantel,1,46.51,0.0,Kreditkarte,2.99,5,5.0,False,46.51,2023-12,Thursday
102637,2024-08-04,352,18.0,Mitte,Elektronik,Bluetooth-Lautsprecher,1,29.75,15.0,Kreditkarte,6.99,3,4.0,False,25.287499999999998,2024-08,Sunday
100768,2023-07-06,1604,47.0,Mitte,Mode,Jacke,2,10.93,0.0,Kreditkarte,2.99,4,4.0,True,21.86,2023-07,Thursday
104750,2024-09-27,732,40.0,Nord,Haushalt,Lampe,1,55.2,0.0,Rechnung,0.0,6,-1.0,False,55.2,2024-09,Friday
103090,2023-09-17,135,18.0,Mitte,Mode,T-Shirt,1,11.21,0.0,Kreditkarte,6.99,2,4.0,False,11.21,2023-09,Sunday
103495,2024-04-27,1051,46.0,Nord,Elektronik,Kopfhörer,2,38.89,20.0,Lastschrift,2.99,5,5.0,False,62.224000000000004,2024-04,Saturday
103215,2023-04-20,913,31.0,West,Elektronik,Smartphone-Hülle,3,30.35,0.0,PayPal,4.99,4,4.0,False,91.05000000000001,2023-04,Thursday
100285,2023-03-05,1529,20.0,Mitte,Bücher,Kochbuch,3,9.7,5.0,Sofortüberweisung,6.99,5,5.0,False,27.644999999999996,2023-03,Sunday
104988,2023-03-28,1003,34.0,West,Elektronik,Powerbank,2,69.44,10.0,Kreditkarte,0.0,1,2.0,False,124.992,2023-03,Tuesday
104801,2024-12-21,833,52.0,West,Bücher,Sachbuch,2,18.29,0.0,Lastschrift,6.99,1,5.0,False,36.58,2024-12,Saturday
102332,2023-11-14,91,47.0,West,Mode,Jacke,5,34.61,0.0,Rechnung,2.99,6,5.0,False,173.05,2023-11,Tuesday
102717,2024-05-30,55,31.0,West,Sport,Trinkflasche,1,52.96,0.0,Rechnung,2.99,4,3.0,False,52.96,2024-05,Thursday
102079,2024-10-15,6,25.0,Süd,Bücher,Roman,1,5.24,0.0,Sofortüberweisung,4.99,4,5.0,False,5.24,2024-10,Tuesday
103389,2023-06-02,1122,48.0,Süd,Elektronik,Kopfhörer,1,24.38,10.0,Sofortüberweisung,4.99,4,5.0,False,21.942,2023-06,Friday
100722,2023-06-03,851,36.0,Nord,Haushalt,Bettwäsche,1,58.7,0.0,Rechnung,0.0,1,-1.0,False,58.7,2023-06,Saturday
100951,2023-09-17,101,56.0,West,Bücher,Sachbuch,2,6.99,10.0,PayPal,0.0,6,5.0,False,12.582,2023-09,Sunday
104410,2024-06-28,1539,24.0,West,Haushalt,Bettwäsche,2,18.75,0.0,Kreditkarte,4.99,1,5.0,False,37.5,2024-06,Friday
102262,2024-04-03,1717,33.0,Mitte,Bücher,Kochbuch,1,27.36,0.0,Sofortüberweisung,2.99,5,5.0,False,27.36,2024-04,Wednesday
100989,2023-04-05,625,35.0,Mitte,Mode,Sneaker,1,19.47,0.0,Kreditkarte,6.99,4,3.0,False,19.47,2023-04,Wednesday
103212,2024-08-09,1297,38.0,Mitte,Sport,Laufschuhe,1,41.47,0.0,Kreditkarte,2.99,5,4.0,False,41.47,2024-08,Friday
101759,2024-06-30,1246,18.0,Ost,Mode,Mütze,1,36.56,0.0,Rechnung,2.99,6,5.0,False,36.56,2024-06,Sunday
104148,2023-01-27,1263,18.0,Mitte,Bücher,Comic,1,13.13,0.0,Sofortüberweisung,6.99,4,4.0,False,13.13,2023-01,Friday
101724,2023-03-11,980,44.0,Mitte,Sport,Yogamatte,1,32.28,0.0,Lastschrift,0.0,6,5.0,False,32.28,2023-03,Saturday
100341,2023-05-27,1520,38.0,Ost,Elektronik,Kopfhörer,1,39.81,25.0,Sofortüberweisung,2.99,4,4.0,False,29.8575,2023-05,Saturday
103701,2024-08-14,918,33.0,Mitte,Elektronik,USB-Kabel,1,110.53,0.0,Rechnung,2.99,7,5.0,False,110.53,2024-08,Wednesday
100688,2023-11-03,744,38.0,Mitte,Mode,Jeans,1,49.77,15.0,PayPal,4.99,4,4.0,False,42.304500000000004,2023-11,Friday
103432,2024-07-02,163,63.0,Nord,Bücher,Kinderbuch,2,9.32,0.0,Kreditkarte,0.0,5,5.0,False,18.64,2024-07,Tuesday
100966,2023-04-22,256,19.0,Ost,Sport,Yogamatte,1,20.42,0.0,Rechnung,4.99,2,5.0,False,20.42,2023-04,Saturday
104775,2024-09-19,703,31.0,Nord,Sport,Fitnessband,2,78.47,0.0,PayPal,0.0,6,4.0,False,156.94,2024-09,Thursday
102203,2024-06-16,685,36.0,Ost,Haushalt,Staubsauger,1,55.87,25.0,Sofortüberweisung,2.99,5,4.0,False,41.902499999999996,2024-06,Sunday
102713,2023-11-02,1610,18.0,Mitte,Sport,Fitnessband,3,46.2,0.0,Sofortüberweisung,2.99,2,3.0,False,138.60000000000002,2023-11,Thursday
103572,2023-02-07,1795,57.0,West,Mode,T-Shirt,2,500.6246861827258,0.0,PayPal,4.99,5,5.0,False,1001.2493723654516,2023-02,Tuesday
101990,2024-05-26,154,31.0,Mitte,Haushalt,Staubsauger,1,19.13,0.0,Rechnung,0.0,2,4.0,False,19.13,2024-05,Sunday
104120,2023-03-06,777,32.0,Nord,Mode,Jeans,1,14.01,5.0,Lastschrift,0.0,8,5.0,True,13.3095,2023-03,Monday
104361,2024-06-04,912,31.0,Ost,Mode,Jeans,1,30.8,0.0,PayPal,4.99,2,5.0,False,30.8,2024-06,Tuesday
104791,2023-02-02,829,53.0,Mitte,Elektronik,Smartphone-Hülle,2,52.85,0.0,Rechnung,4.99,1,4.0,False,105.7,2023-02,Thursday
103600,2023-02-23,1253,50.0,Süd,Mode,Jeans,1,72.17,0.0,PayPal,0.0,4,5.0,True,72.17,2023-02,Thursday
104612,2023-04-16,995,31.0,Ost,Mode,Jeans,1,27.6,0.0,Rechnung,4.99,2,3.0,False,27.6,2023-04,Sunday
104166,2023-09-04,243,37.0,Mitte,Elektronik,Kopfhörer,1,71.91,5.0,Sofortüberweisung,0.0,6,2.0,False,68.3145,2023-09,Monday
100385,2023-10-12,465,55.0,Nord,Mode,T-Shirt,1,29.56,0.0,Sofortüberweisung,0.0,6,-1.0,False,29.56,2023-10,Thursday
104414,2024-09-03,1043,40.0,Nord,Elektronik,Powerbank,3,36.59,0.0,Rechnung,0.0,5,5.0,False,109.77000000000001,2024-09,Tuesday
104614,2024-07-02,88,47.0,Süd,Elektronik,Kopfhörer,1,25.12,25.0,Rechnung,2.99,1,4.0,False,18.84,2024-07,Tuesday
100536,2023-10-10,367,77.0,Nord,Mode,Jeans,1,20.33,0.0,Lastschrift,2.99,1,5.0,False,20.33,2023-10,Tuesday
104712,2024-05-18,1028,23.0,West,Elektronik,Kopfhörer,1,11.72,0.0,PayPal,2.99,5,5.0,False,11.72,2024-05,Saturday
103507,2024-02-19,1073,31.0,West,Haushalt,Pfannenset,1,22.72,0.0,Kreditkarte,4.99,2,3.0,False,22.72,2024-02,Monday
100201,2024-09-21,649,18.0,Ost,Elektronik,USB-Kabel,2,53.1,0.0,Lastschrift,4.99,6,5.0,False,106.2,2024-09,Saturday
101332,2024-07-31,1745,22.0,Ost,Elektronik,USB-Kabel,2,51.63,15.0,Lastschrift,2.99,4,3.0,False,87.771,2024-07,Wednesday
103502,2024-05-27,944,27.0,West,Bücher,Roman,1,10.2,0.0,Sofortüberweisung,0.0,4,5.0,False,10.2,2024-05,Monday
102708,2024-07-18,710,45.0,Ost,Haushalt,Bettwäsche,2,111.57,10.0,PayPal,2.99,8,5.0,False,200.826,2024-07,Thursday
104021,2023-07-07,851,37.0,West,Elektronik,Kopfhörer,4,34.13,15.0,Lastschrift,2.99,3,5.0,False,116.042,2023-07,Friday
101854,2023-04-20,441,22.0,Süd,Mode,T-Shirt,1,46.28,20.0,Kreditkarte,2.99,4,5.0,True,37.024,2023-04,Thursday
104960,2024-12-18,1323,44.0,Nord,Bücher,Comic,2,17.74,0.0,PayPal,6.99,4,3.0,False,35.48,2024-12,Wednesday
102872,2023-08-26,288,21.0,Mitte,Elektronik,USB-Kabel,2,44.21,0.0,Lastschrift,0.0,4,5.0,False,88.42,2023-08,Saturday
103030,2024-11-10,1505,18.0,Süd,Elektronik,Smartphone-Hülle,1,28.63,20.0,Lastschrift,0.0,2,-1.0,False,22.904,2024-11,Sunday
101205,2023-11-01,1776,20.0,West,Elektronik,Powerbank,1,41.39,5.0,Lastschrift,0.0,2,5.0,False,39.320499999999996,2023-11,Wednesday
101645,2023-01-08,1470,25.0,Süd,Mode,Jeans,2,20.08,10.0,Sofortüberweisung,2.99,1,4.0,False,36.144,2023-01,Sunday
103417,2023-08-17,646,42.0,Mitte,Sport,Fitnessband,1,32.76,10.0,Rechnung,2.99,2,4.0,False,29.483999999999998,2023-08,Thursday
103476,2023-08-04,1498,36.0,West,Bücher,Sachbuch,1,12.76,10.0,Rechnung,0.0,9,5.0,False,11.484,2023-08,Friday
102861,2023-12-13,463,28.0,Nord,Elektronik,Powerbank,5,74.91,0.0,Rechnung,6.99,2,3.0,False,374.54999999999995,2023-12,Wednesday
101792,2023-04-11,1716,18.0,West,Elektronik,Kopfhörer,1,10.87,0.0,Rechnung,2.99,3,-1.0,False,10.87,2023-04,Tuesday
103797,2024-06-27,1764,48.0,West,Elektronik,USB-Kabel,2,53.31,0.0,Lastschrift,2.99,8,4.0,False,106.62,2024-06,Thursday
103368,2024-08-12,1583,30.0,Süd,Elektronik,Bluetooth-Lautsprecher,1,45.52,0.0,PayPal,0.0,2,5.0,False,45.52,2024-08,Monday
103367,2023-08-11,1766,46.0,Nord,Elektronik,Kopfhörer,1,38.92,20.0,Kreditkarte,2.99,4,5.0,False,31.136000000000003,2023-08,Friday
103533,2023-08-17,1315,34.0,Nord,Mode,T-Shirt,1,59.37,0.0,PayPal,4.99,2,5.0,False,59.37,2023-08,Thursday
104437,2024-11-17,732,41.0,Ost,Elektronik,USB-Kabel,1,31.8,0.0,Lastschrift,2.99,5,1.0,False,31.8,2024-11,Sunday
103449,2024-11-30,560,56.0,West,Elektronik,USB-Kabel,3,11.95,0.0,Kreditkarte,2.99,4,3.0,True,35.849999999999994,2024-11,Saturday
100603,2024-12-21,1665,36.0,Süd,Haushalt,Staubsauger,1,58.56,0.0,Rechnung,0.0,4,5.0,False,58.56,2024-12,Saturday
103056,2023-04-09,1399,50.0,Süd,Elektronik,Bluetooth-Lautsprecher,2,74.72,0.0,PayPal,4.99,1,5.0,False,149.44,2023-04,Sunday
104404,2024-12-10,1577,18.0,West,Haushalt,Pfannenset,1,35.97,0.0,Sofortüberweisung,4.99,2,5.0,False,35.97,2024-12,Tuesday
100126,2024-12-17,1652,42.0,West,Mode,Jacke,1,28.93,0.0,PayPal,0.0,3,-1.0,False,28.93,2024-12,Tuesday
103876,2023-05-17,52,24.0,West,Haushalt,Bettwäsche,2,41.89,0.0,PayPal,6.99,4,4.0,False,83.78,2023-05,Wednesday
102935,2023-11-14,1755,38.0,Nord,Elektronik,Bluetooth-Lautsprecher,1,34.57,5.0,Lastschrift,4.99,5,4.0,False,32.841499999999996,2023-11,Tuesday
103531,2023-09-05,1051,49.0,Mitte,Elektronik,USB-Kabel,1,10.16,0.0,PayPal,4.99,3,5.0,False,10.16,2023-09,Tuesday
102730,2023-12-28,197,38.0,Nord,Bücher,Roman,1,13.73,0.0,PayPal,2.99,3,3.0,False,13.73,2023-12,Thursday
100827,2024-07-05,166,36.0,Süd,Mode,T-Shirt,1,34.09,0.0,Lastschrift,2.99,3,3.0,False,34.09,2024-07,Friday
101639,2023-03-21,1219,18.0,West,Mode,Mütze,2,3.77,0.0,PayPal,2.99,1,-1.0,False,7.54,2023-03,Tuesday
100984,2023-03-26,1633,24.0,Süd,Haushalt,Bettwäsche,2,87.34,0.0,PayPal,2.99,3,4.0,False,174.68,2023-03,Sunday
103281,2023-06-07,525,37.0,Süd,Mode,Jacke,2,38.2,15.0,Sofortüberweisung,2.99,5,5.0,False,64.94,2023-06,Wednesday
102188,2023-11-15,777,29.0,Süd,Elektronik,Kopfhörer,2,36.86,0.0,Sofortüberweisung,4.99,3,5.0,False,73.72,2023-11,Wednesday
104893,2024-08-13,128,26.0,Ost,Bücher,Roman,1,18.24,0.0,Rechnung,6.99,4,5.0,False,18.24,2024-08,Tuesday
102443,2023-06-10,533,53.0,Nord,Mode,Sneaker,3,56.94,0.0,Rechnung,0.0,3,5.0,False,170.82,2023-06,Saturday
100362,2024-04-05,688,60.0,Nord,Sport,Hantel,1,24.31,0.0,PayPal,6.99,5,5.0,False,24.31,2024-04,Friday
102349,2024-12-03,1166,47.0,Nord,Haushalt,Lampe,2,23.42,10.0,Sofortüberweisung,4.99,2,-1.0,False,42.156000000000006,2024-12,Tuesday
100345,2023-11-17,302,35.0,Nord,Mode,Sneaker,1,35.05,0.0,PayPal,2.99,7,4.0,False,35.05,2023-11,Friday
100814,2024-08-19,388,28.0,Nord,Elektronik,Bluetooth-Lautsprecher,1,51.28,15.0,Kreditkarte,6.99,1,5.0,False,43.588,2024-08,Monday
103205,2024-05-05,336,42.0,West,Mode,Mütze,2,18.07,20.0,Kreditkarte,2.99,1,4.0,False,28.912000000000003,2024-05,Sunday
104844,2024-10-21,513,33.0,Nord,Elektronik,Smartphone-Hülle,2,27.34,0.0,Lastschrift,6.99,3,5.0,False,54.68,2024-10,Monday
103325,2023-07-09,215,32.0,West,Sport,Fitnessband,1,26.36,0.0,Kreditkarte,6.99,3,4.0,False,26.36,2023-07,Sunday
104106,2023-12-13,1046,57.0,Mitte,Sport,Laufschuhe,2,29.74,0.0,Sofortüberweisung,2.99,6,4.0,False,59.48,2023-12,Wednesday
102116,2023-09-17,1611,47.0,Nord,Bücher,Roman,1,5.78,15.0,PayPal,0.0,2,5.0,False,4.913,2023-09,Sunday
101834,2023-12-21,480,62.0,Süd,Elektronik,Smartphone-Hülle,1,23.57,15.0,Sofortüberweisung,2.99,3,3.0,False,20.0345,2023-12,Thursday
100793,2023-03-30,477,29.0,West,Elektronik,Smartphone-Hülle,1,27.92,5.0,PayPal,4.99,1,2.0,False,26.524,2023-03,Thursday
104996,2023-02-01,70,50.0,Süd,Haushalt,Bettwäsche,2,1165.730985112628,0.0,Lastschrift,2.99,3,5.0,True,2331.461970225256,2023-02,Wednesday
102674,2023-04-14,425,35.0,Nord,Bücher,Roman,1,8.27,0.0,PayPal,2.99,5,3.0,False,8.27,2023-04,Friday
100094,2024-03-06,1744,18.0,Ost,Sport,Yogamatte,1,75.47,15.0,PayPal,2.99,1,4.0,False,64.1495,2024-03,Wednesday
103756,2023-08-30,792,32.0,Süd,Mode,Jeans,1,29.63,0.0,Rechnung,2.99,5,5.0,False,29.63,2023-08,Wednesday
102891,2024-09-02,637,35.0,Mitte,Elektronik,Smartphone-Hülle,1,48.24,0.0,Kreditkarte,2.99,5,4.0,True,48.24,2024-09,Monday
102371,2024-06-02,1562,30.0,Ost,Elektronik,USB-Kabel,2,62.97,20.0,Sofortüberweisung,4.99,1,4.0,False,100.75200000000001,2024-06,Sunday
104933,2024-10-13,1303,43.0,Mitte,Sport,Hantel,1,20.39,20.0,Lastschrift,6.99,2,4.0,False,16.312,2024-10,Sunday
104476,2024-11-29,25,35.0,Mitte,Haushalt,Lampe,1,31.62,0.0,Lastschrift,2.99,2,4.0,True,31.62,2024-11,Friday
103228,2023-01-02,1007,38.0,Nord,Mode,Jacke,1,18.39,10.0,PayPal,2.99,5,4.0,False,16.551000000000002,2023-01,Monday
102853,2023-10-26,813,28.0,Mitte,Sport,Trinkflasche,1,454.4236682273976,15.0,Sofortüberweisung,4.99,3,5.0,False,386.26011799328796,2023-10,Thursday
102912,2024-06-09,1012,27.0,Süd,Bücher,Roman,2,12.8,0.0,Lastschrift,2.99,4,5.0,False,25.6,2024-06,Sunday
101865,2023-11-03,672,39.0,Süd,Elektronik,Powerbank,1,91.06,0.0,Lastschrift,6.99,4,5.0,False,91.06,2023-11,Friday
101857,2024-07-31,1380,68.0,Mitte,Mode,Jeans,1,57.17,10.0,Rechnung,4.99,4,5.0,False,51.453,2024-07,Wednesday
102645,2023-12-30,741,43.0,Süd,Elektronik,USB-Kabel,4,54.92,0.0,Sofortüberweisung,0.0,2,3.0,False,219.68,2023-12,Saturday
102243,2024-08-25,830,50.0,Mitte,Elektronik,Bluetooth-Lautsprecher,1,15.89,0.0,Lastschrift,4.99,5,-1.0,False,15.89,2024-08,Sunday
102336,2023-10-03,1207,31.0,West,Haushalt,Staubsauger,3,78.27,0.0,Kreditkarte,2.99,1,5.0,False,234.81,2023-10,Tuesday
100950,2023-12-14,1467,37.0,Süd,Mode,Sneaker,2,21.7,0.0,Kreditkarte,6.99,3,4.0,False,43.4,2023-12,Thursday
103068,2024-02-23,869,37.0,Nord,Mode,Mütze,2,23.52,0.0,Lastschrift,2.99,7,5.0,False,47.04,2024-02,Friday
101120,2023-05-17,631,39.0,Nord,Haushalt,Kaffeemaschine,4,32.79,0.0,Sofortüberweisung,2.99,3,3.0,False,131.16,2023-05,Wednesday
102597,2023-04-15,911,37.0,Ost,Haushalt,Pfannenset,3,14.32,10.0,Sofortüberweisung,0.0,5,4.0,False,38.664,2023-04,Saturday
102204,2024-03-15,484,29.0,West,Mode,Mütze,1,12.57,25.0,Lastschrift,0.0,2,3.0,False,9.4275,2024-03,Friday
100419,2023-06-14,1794,27.0,Nord,Sport,Fitnessband,1,44.51,25.0,Kreditkarte,4.99,4,3.0,False,33.3825,2023-06,Wednesday
100922,2023-11-04,1277,38.0,Ost,Elektronik,Kopfhörer,2,21.38,15.0,Kreditkarte,2.99,1,4.0,False,36.346,2023-11,Saturday
101254,2023-09-22,793,41.0,Mitte,Sport,Laufschuhe,1,24.96,0.0,Kreditkarte,0.0,4,4.0,False,24.96,2023-09,Friday
100477,2024-07-06,379,42.0,Süd,Haushalt,Lampe,1,93.79,10.0,PayPal,4.99,8,4.0,False,84.411,2024-07,Saturday
102035,2023-05-03,469,41.0,Ost,Mode,Jacke,1,22.47,10.0,Lastschrift,6.99,7,4.0,False,20.223,2023-05,Wednesday
101202,2023-09-27,543,38.0,Mitte,Elektronik,Smartphone-Hülle,1,32.97,10.0,PayPal,2.99,3,4.0,False,29.673,2023-09,Wednesday
102626,2023-09-16,930,45.0,West,Elektronik,USB-Kabel,1,49.0,0.0,Rechnung,2.99,2,2.0,False,49.0,2023-09,Saturday
104867,2024-04-24,450,47.0,Ost,Bücher,Kinderbuch,1,22.81,0.0,PayPal,2.99,6,5.0,False,22.81,2024-04,Wednesday
101970,2023-12-21,1348,38.0,West,Elektronik,Smartphone-Hülle,2,16.44,0.0,Lastschrift,0.0,3,5.0,False,32.88,2023-12,Thursday
103110,2024-03-31,1567,29.0,Mitte,Mode,Jeans,1,16.26,0.0,Rechnung,0.0,4,5.0,False,16.26,2024-03,Sunday
104018,2023-05-22,1690,20.0,West,Sport,Laufschuhe,2,27.38,20.0,Lastschrift,2.99,1,2.0,False,43.808,2023-05,Monday
102151,2023-03-08,1411,18.0,Süd,Mode,Jeans,1,48.68,0.0,Lastschrift,4.99,2,5.0,False,48.68,2023-03,Wednesday
103687,2023-04-15,1651,38.0,Süd,Mode,T-Shirt,1,42.48,15.0,Kreditkarte,6.99,3,4.0,False,36.108,2023-04,Saturday
101997,2024-07-01,849,49.0,Mitte,Haushalt,Kaffeemaschine,1,33.84,5.0,Rechnung,6.99,4,3.0,False,32.148,2024-07,Monday
104033,2024-04-12,1631,22.0,Ost,Haushalt,Bettwäsche,1,35.29,5.0,Kreditkarte,6.99,3,5.0,False,33.5255,2024-04,Friday
103054,2024-07-10,1367,63.0,West,Sport,Yogamatte,3,57.61,0.0,Kreditkarte,2.99,5,5.0,False,172.82999999999998,2024-07,Wednesday
101248,2024-03-10,567,44.0,Nord,Haushalt,Kaffeemaschine,1,48.18,0.0,Sofortüberweisung,0.0,3,4.0,False,48.18,2024-03,Sunday
102192,2023-06-17,1434,20.0,Mitte,Bücher,Kinderbuch,1,5.19,0.0,PayPal,4.99,3,3.0,False,5.19,2023-06,Saturday
102712,2024-05-15,1621,41.0,Ost,Mode,Jacke,1,31.43,5.0,Lastschrift,2.99,6,4.0,False,29.8585,2024-05,Wednesday
100992,2023-03-17,907,33.0,Nord,Mode,Sneaker,2,37.46,0.0,Kreditkarte,4.99,6,-1.0,False,74.92,2023-03,Friday
102190,2023-07-27,1715,44.0,Mitte,Mode,Sneaker,2,4.45,0.0,PayPal,0.0,4,5.0,False,8.9,2023-07,Thursday
103762,2024-07-18,789,28.0,Nord,Sport,Fitnessband,4,46.93,0.0,Sofortüberweisung,4.99,3,-1.0,False,187.72,2024-07,Thursday
103597,2024-08-24,988,24.0,Nord,Bücher,Sachbuch,1,9.46,0.0,PayPal,2.99,2,4.0,False,9.46,2024-08,Saturday
101318,2023-06-17,1792,43.0,West,Bücher,Roman,1,10.45,0.0,Sofortüberweisung,2.99,2,4.0,False,10.45,2023-06,Saturday
101863,2023-04-02,874,31.0,Süd,Haushalt,Bettwäsche,4,30.57,10.0,PayPal,0.0,7,3.0,False,110.052,2023-04,Sunday
102343,2023-11-03,54,50.0,Ost,Sport,Laufschuhe,3,20.53,0.0,Rechnung,0.0,4,4.0,False,61.59,2023-11,Friday
102449,2023-03-28,1644,34.0,Nord,Bücher,Roman,2,22.23,0.0,Rechnung,6.99,6,5.0,False,44.46,2023-03,Tuesday
102136,2024-10-09,96,18.0,Nord,Sport,Laufschuhe,1,81.98,10.0,Kreditkarte,2.99,4,5.0,False,73.78200000000001,2024-10,Wednesday
101065,2023-08-01,1102,41.0,Süd,Sport,Trinkflasche,4,50.0,20.0,Kreditkarte,4.99,3,5.0,False,160.0,2023-08,Tuesday
104227,2023-11-24,69,57.0,West,Haushalt,Lampe,1,37.82,0.0,Kreditkarte,4.99,2,-1.0,False,37.82,2023-11,Friday
102621,2023-10-01,681,48.0,Ost,Elektronik,Powerbank,1,72.8,15.0,Kreditkarte,4.99,4,4.0,False,61.879999999999995,2023-10,Sunday
100077,2024-02-04,1262,42.0,West,Elektronik,Powerbank,1,19.84,0.0,Sofortüberweisung,2.99,4,5.0,False,19.84,2024-02,Sunday
102898,2023-11-12,1321,38.0,Nord,Mode,Mütze,1,83.59,10.0,PayPal,2.99,1,4.0,False,75.23100000000001,2023-11,Sunday
101314,2023-12-31,259,40.0,West,Mode,Mütze,1,33.94,0.0,Lastschrift,4.99,5,5.0,False,33.94,2023-12,Sunday
104416,2023-11-18,1773,19.0,Ost,Mode,Jacke,2,34.36,0.0,Lastschrift,6.99,5,1.0,False,68.72,2023-11,Saturday
100872,2023-10-18,1239,41.0,Nord,Mode,Mütze,1,69.91,0.0,PayPal,0.0,4,5.0,False,69.91,2023-10,Wednesday
103850,2024-10-19,1194,25.0,West,Mode,Jacke,1,13.77,20.0,Lastschrift,0.0,1,1.0,False,11.016,2024-10,Saturday
104836,2023-04-12,826,43.0,Ost,Mode,T-Shirt,2,27.75,20.0,Kreditkarte,0.0,4,1.0,False,44.400000000000006,2023-04,Wednesday
102965,2024-04-08,322,42.0,Ost,Elektronik,Kopfhörer,1,43.57,0.0,Sofortüberweisung,2.99,4,5.0,False,43.57,2024-04,Monday
103391,2024-06-11,1235,36.0,Nord,Haushalt,Staubsauger,3,50.81,10.0,Sofortüberweisung,6.99,2,4.0,False,137.187,2024-06,Tuesday
102560,2024-05-01,853,59.0,West,Sport,Laufschuhe,2,28.3,0.0,Sofortüberweisung,2.99,6,5.0,False,56.6,2024-05,Wednesday
104946,2023-06-05,186,22.0,West,Sport,Fitnessband,2,9.19,10.0,Kreditkarte,0.0,5,3.0,False,16.541999999999998,2023-06,Monday
102635,2024-07-23,792,31.0,Ost,Elektronik,Powerbank,1,49.62,15.0,PayPal,6.99,3,4.0,False,42.177,2024-07,Tuesday
103530,2023-09-15,1130,43.0,Süd,Elektronik,Kopfhörer,2,388.1178131118664,0.0,Kreditkarte,0.0,1,5.0,False,776.2356262237328,2023-09,Friday
100375,2023-05-12,1083,37.0,Mitte,Elektronik,Bluetooth-Lautsprecher,1,50.33,0.0,Lastschrift,6.99,2,5.0,True,50.33,2023-05,Friday
101908,2024-01-25,407,32.0,Ost,Elektronik,Smartphone-Hülle,1,17.36,20.0,Rechnung,6.99,1,5.0,False,13.888,2024-01,Thursday
104376,2024-03-25,1655,37.0,Mitte,Elektronik,Bluetooth-Lautsprecher,1,27.11,0.0,Kreditkarte,4.99,5,5.0,False,27.11,2024-03,Monday
104423,2023-03-07,736,26.0,Ost,Mode,Sneaker,1,15.17,0.0,Rechnung,4.99,3,4.0,False,15.17,2023-03,Tuesday
104027,2023-08-18,621,41.0,Süd,Haushalt,Pfannenset,1,16.74,0.0,Lastschrift,6.99,3,3.0,False,16.74,2023-08,Friday
101604,2024-12-16,1437,38.0,West,Haushalt,Lampe,2,79.0,0.0,PayPal,6.99,3,4.0,False,158.0,2024-12,Monday
101118,2024-04-23,1160,47.0,West,Sport,Fitnessband,1,29.08,15.0,Sofortüberweisung,0.0,2,5.0,False,24.717999999999996,2024-04,Tuesday
103677,2023-07-31,451,61.0,Ost,Elektronik,Powerbank,1,71.99,5.0,PayPal,6.99,1,4.0,False,68.39049999999999,2023-07,Monday
103490,2024-05-01,1582,57.0,Süd,Elektronik,Kopfhörer,1,45.28,0.0,Kreditkarte,4.99,2,5.0,False,45.28,2024-05,Wednesday
104913,2023-06-19,1682,32.0,Süd,Elektronik,Smartphone-Hülle,1,56.65,0.0,Kreditkarte,6.99,2,4.0,False,56.65,2023-06,Monday
102958,2024-09-27,1388,32.0,West,Sport,Yogamatte,3,54.32,10.0,Kreditkarte,4.99,4,5.0,False,146.66400000000002,2024-09,Friday
101994,2024-12-20,1476,30.0,West,Mode,Sneaker,1,49.64,10.0,Lastschrift,6.99,1,4.0,False,44.676,2024-12,Friday
104399,2024-02-18,1733,18.0,West,Mode,Sneaker,1,12.79,0.0,Sofortüberweisung,6.99,8,5.0,False,12.79,2024-02,Sunday
102376,2024-03-31,810,18.0,Nord,Sport,Yogamatte,1,44.95,0.0,PayPal,2.99,4,5.0,False,44.95,2024-03,Sunday
101342,2023-03-15,658,19.0,Ost,Elektronik,Bluetooth-Lautsprecher,2,23.23,0.0,Kreditkarte,6.99,4,5.0,False,46.46,2023-03,Wednesday
100320,2024-11-27,1405,41.0,Ost,Haushalt,Lampe,1,84.54,0.0,Rechnung,2.99,3,5.0,False,84.54,2024-11,Wednesday
101619,2024-10-03,1663,21.0,Ost,Sport,Laufschuhe,2,43.45,20.0,Kreditkarte,0.0,6,4.0,False,69.52000000000001,2024-10,Thursday
103713,2024-03-31,107,42.0,Ost,Elektronik,Kopfhörer,1,24.44,15.0,Kreditkarte,2.99,3,3.0,False,20.774,2024-03,Sunday
102060,2024-04-14,1145,37.0,Nord,Sport,Hantel,3,42.92,0.0,Sofortüberweisung,0.0,4,5.0,False,128.76,2024-04,Sunday
102219,2023-04-06,981,21.0,West,Elektronik,USB-Kabel,1,131.22,5.0,Lastschrift,4.99,2,5.0,False,124.65899999999999,2023-04,Thursday
101673,2024-05-21,431,41.0,Nord,Mode,Mütze,2,30.78,0.0,Kreditkarte,2.99,7,5.0,False,61.56,2024-05,Tuesday
100260,2024-05-30,247,35.0,Süd,Elektronik,Powerbank,1,60.39,0.0,Lastschrift,0.0,4,4.0,False,60.39,2024-05,Thursday
104461,2023-03-08,1583,40.0,Süd,Haushalt,Lampe,1,19.05,0.0,Sofortüberweisung,4.99,4,3.0,False,19.05,2023-03,Wednesday
102039,2024-10-21,92,55.0,Ost,Haushalt,Staubsauger,3,93.87,10.0,PayPal,2.99,4,5.0,False,253.449,2024-10,Monday
100901,2023-09-30,1248,21.0,Nord,Elektronik,USB-Kabel,1,21.22,0.0,Lastschrift,2.99,2,5.0,False,21.22,2023-09,Saturday
103744,2024-02-13,657,41.0,Nord,Elektronik,Smartphone-Hülle,1,14.76,0.0,Rechnung,0.0,1,4.0,False,14.76,2024-02,Tuesday
102026,2023-04-08,183,52.0,Mitte,Mode,T-Shirt,1,9.77,0.0,PayPal,2.99,3,5.0,False,9.77,2023-04,Saturday
104234,2023-05-30,1743,30.0,West,Elektronik,Bluetooth-Lautsprecher,5,19.18,0.0,PayPal,6.99,2,4.0,True,95.9,2023-05,Tuesday
101917,2024-04-19,417,36.0,Ost,Sport,Hantel,1,58.55,0.0,Sofortüberweisung,2.99,4,5.0,False,58.55,2024-04,Friday
101828,2023-02-01,306,20.0,West,Elektronik,Powerbank,3,82.77,0.0,Rechnung,2.99,1,1.0,False,248.31,2023-02,Wednesday
101573,2024-10-05,170,57.0,Ost,Bücher,Kinderbuch,2,23.72,0.0,Lastschrift,6.99,2,3.0,False,47.44,2024-10,Saturday
104438,2024-06-14,984,47.0,Nord,Haushalt,Kaffeemaschine,1,72.64,0.0,Rechnung,0.0,7,4.0,False,72.64,2024-06,Friday
104208,2023-10-21,957,29.0,Mitte,Mode,Sneaker,1,12.24,0.0,Sofortüberweisung,2.99,1,4.0,False,12.24,2023-10,Saturday
100224,2024-04-14,1518,41.0,Süd,Mode,Jeans,1,17.89,0.0,Rechnung,0.0,3,5.0,False,17.89,2024-04,Sunday
100723,2023-08-15,1415,31.0,Süd,Haushalt,Kaffeemaschine,1,54.12,0.0,Kreditkarte,0.0,5,2.0,False,54.12,2023-08,Tuesday
104530,2024-06-15,1118,25.0,Ost,Haushalt,Bettwäsche,1,20.93,0.0,PayPal,6.99,3,4.0,False,20.93,2024-06,Saturday
101141,2024-09-08,1172,26.0,Mitte,Mode,Sneaker,1,13.43,5.0,Lastschrift,2.99,3,5.0,False,12.7585,2024-09,Sunday
102762,2024-08-03,1446,40.0,Mitte,Mode,Jeans,1,37.17,0.0,Lastschrift,0.0,4,4.0,False,37.17,2024-08,Saturday
100846,2024-07-17,1152,18.0,Mitte,Haushalt,Lampe,1,92.38,5.0,Sofortüberweisung,4.99,5,4.0,True,87.761,2024-07,Wednesday
102551,2023-02-23,429,27.0,Süd,Sport,Fitnessband,2,40.28,0.0,Kreditkarte,2.99,4,5.0,False,80.56,2023-02,Thursday
102928,2023-03-11,1281,38.0,Süd,Elektronik,USB-Kabel,1,75.56,0.0,Lastschrift,4.99,4,-1.0,False,75.56,2023-03,Saturday
100117,2024-11-04,1644,29.0,West,Elektronik,Smartphone-Hülle,2,24.75,5.0,Kreditkarte,0.0,5,-1.0,False,47.025,2024-11,Monday
100645,2023-07-12,1637,39.0,Mitte,Elektronik,USB-Kabel,1,35.23,0.0,Sofortüberweisung,4.99,4,4.0,False,35.23,2023-07,Wednesday
100003,2024-08-11,14,40.0,West,Sport,Trinkflasche,2,13.71,0.0,Lastschrift,0.0,4,5.0,False,27.42,2024-08,Sunday
104170,2023-07-30,471,28.0,West,Bücher,Kochbuch,1,5.12,0.0,Lastschrift,2.99,4,3.0,False,5.12,2023-07,Sunday
100467,2023-04-11,1569,37.0,Süd,Elektronik,Powerbank,1,77.68,0.0,Lastschrift,4.99,5,4.0,False,77.68,2023-04,Tuesday
100005,2023-04-03,1003,26.0,Ost,Elektronik,USB-Kabel,2,29.71,0.0,Lastschrift,4.99,4,4.0,False,59.42,2023-04,Monday
100919,2024-01-29,1716,54.0,Süd,Elektronik,Smartphone-Hülle,1,63.29,0.0,PayPal,2.99,2,4.0,False,63.29,2024-01,Monday
102595,2023-01-12,736,26.0,Ost,Elektronik,Smartphone-Hülle,1,59.67,0.0,Rechnung,0.0,5,-1.0,False,59.67,2023-01,Thursday
101063,2024-08-04,168,26.0,Mitte,Mode,Mütze,1,23.79,0.0,Lastschrift,2.99,2,-1.0,False,23.79,2024-08,Sunday
102590,2023-04-01,103,25.0,Süd,Bücher,Kinderbuch,2,1.9,0.0,Lastschrift,2.99,3,-1.0,False,3.8,2023-04,Saturday
100242,2024-06-10,855,38.0,Süd,Mode,Jacke,4,51.66,10.0,Rechnung,6.99,4,4.0,False,185.976,2024-06,Monday
101160,2023-11-10,1318,31.0,Süd,Haushalt,Staubsauger,2,93.21,0.0,Sofortüberweisung,4.99,4,3.0,False,186.42,2023-11,Friday
102870,2024-06-29,1602,42.0,West,Mode,Mütze,1,55.23888322797905,0.0,Sofortüberweisung,0.0,3,4.0,False,55.23888322797905,2024-06,Saturday
103735,2023-03-25,355,38.0,Ost,Haushalt,Bettwäsche,1,33.74,0.0,Rechnung,2.99,7,4.0,True,33.74,2023-03,Saturday
102397,2023-11-07,1599,28.0,Nord,Haushalt,Staubsauger,1,33.27,20.0,Sofortüberweisung,4.99,7,5.0,False,26.616000000000003,2023-11,Tuesday
103517,2024-09-28,350,58.0,Süd,Elektronik,Smartphone-Hülle,1,22.05,0.0,Sofortüberweisung,2.99,4,4.0,False,22.05,2024-09,Saturday
103421,2023-04-28,947,46.0,Süd,Mode,Jacke,1,29.82,15.0,Kreditkarte,4.99,4,4.0,False,25.347,2023-04,Friday
102563,2024-07-07,547,44.0,West,Elektronik,Powerbank,3,10.63,20.0,Kreditkarte,2.99,3,3.0,False,25.512,2024-07,Sunday
101605,2024-02-20,1244,44.0,Mitte,Elektronik,Kopfhörer,1,98.32,20.0,Kreditkarte,0.0,1,5.0,False,78.656,2024-02,Tuesday
104877,2023-12-13,638,19.0,Süd,Bücher,Comic,3,28.98,0.0,Kreditkarte,6.99,5,4.0,True,86.94,2023-12,Wednesday
102324,2024-09-21,775,18.0,West,Elektronik,Bluetooth-Lautsprecher,1,91.96,0.0,Sofortüberweisung,2.99,1,4.0,False,91.96,2024-09,Saturday
102709,2024-09-05,764,39.0,Nord,Haushalt,Kaffeemaschine,2,32.03,0.0,Rechnung,2.99,2,5.0,False,64.06,2024-09,Thursday
104442,2024-09-14,1383,35.0,Mitte,Mode,Sneaker,4,58.64,0.0,PayPal,2.99,1,4.0,False,234.56,2024-09,Saturday
101312,2023-03-16,1222,32.0,Süd,Haushalt,Kaffeemaschine,1,29.79,0.0,PayPal,0.0,2,4.0,False,29.79,2023-03,Thursday
103448,2023-10-14,980,45.0,Süd,Bücher,Comic,1,17.76,5.0,Kreditkarte,2.99,1,4.0,False,16.872,2023-10,Saturday
103812,2024-04-27,343,53.0,Ost,Haushalt,Kaffeemaschine,4,67.22,5.0,Rechnung,0.0,2,4.0,False,255.43599999999998,2024-04,Saturday
104702,2023-07-28,1563,59.0,Mitte,Bücher,Kinderbuch,2,4.26,0.0,Rechnung,6.99,4,5.0,False,8.52,2023-07,Friday
102362,2023-07-12,1227,54.0,West,Sport,Yogamatte,2,16.52,5.0,PayPal,4.99,6,5.0,False,31.387999999999998,2023-07,Wednesday
101975,2023-08-28,1384,38.0,Süd,Mode,Jeans,1,20.06,0.0,Kreditkarte,4.99,4,5.0,False,20.06,2023-08,Monday
103514,2024-02-08,1163,48.0,Mitte,Haushalt,Lampe,1,45.03,0.0,PayPal,2.99,7,3.0,False,45.03,2024-02,Thursday
101761,2023-12-13,1494,73.0,Mitte,Mode,Jeans,2,13.16,0.0,Rechnung,4.99,2,5.0,False,26.32,2023-12,Wednesday
102739,2024-12-19,860,27.0,Mitte,Elektronik,Kopfhörer,2,26.35,10.0,Sofortüberweisung,6.99,3,-1.0,False,47.43000000000001,2024-12,Thursday
104706,2023-01-27,416,53.0,West,Mode,Mütze,1,35.24,0.0,PayPal,0.0,2,4.0,False,35.24,2023-01,Friday
102472,2023-10-19,431,25.0,Ost,Mode,T-Shirt,1,21.92,15.0,Sofortüberweisung,4.99,2,4.0,True,18.632,2023-10,Thursday
104007,2023-02-24,1293,32.0,Ost,Sport,Fitnessband,4,35.32,5.0,Sofortüberweisung,2.99,2,3.0,False,134.216,2023-02,Friday
101493,2024-09-23,1602,30.0,West,Mode,T-Shirt,1,26.52,0.0,PayPal,4.99,3,2.0,False,26.52,2024-09,Monday
104206,2023-08-05,1220,44.0,Nord,Elektronik,Bluetooth-Lautsprecher,2,27.92,0.0,Sofortüberweisung,2.99,4,3.0,False,55.84,2023-08,Saturday
102158,2023-11-30,1334,53.0,Mitte,Haushalt,Bettwäsche,1,26.55,0.0,Kreditkarte,2.99,5,5.0,False,26.55,2023-11,Thursday
101169,2024-09-26,1720,27.0,Süd,Haushalt,Pfannenset,2,29.55,0.0,PayPal,0.0,6,5.0,True,59.1,2024-09,Thursday
104561,2024-12-10,1189,64.0,Nord,Sport,Trinkflasche,1,25.02,0.0,Sofortüberweisung,6.99,4,5.0,False,25.02,2024-12,Tuesday
100232,2023-02-21,417,39.0,Nord,Mode,T-Shirt,5,19.01,20.0,Kreditkarte,4.99,6,5.0,False,76.04,2023-02,Tuesday
100066,2023-12-09,563,18.0,West,Mode,T-Shirt,4,25.91,5.0,PayPal,0.0,3,3.0,False,98.458,2023-12,Saturday
101603,2023-03-16,881,33.0,Ost,Elektronik,Kopfhörer,1,1053.948968030953,0.0,Rechnung,2.99,4,5.0,False,1053.948968030953,2023-03,Thursday
103283,2024-07-05,185,18.0,Ost,Elektronik,Kopfhörer,1,23.53,0.0,PayPal,0.0,2,5.0,False,23.53,2024-07,Friday
103596,2023-01-29,661,42.0,Ost,Elektronik,Smartphone-Hülle,2,27.61,0.0,Rechnung,2.99,3,2.0,False,55.22,2023-01,Sunday
100125,2024-03-25,1576,59.0,Nord,Bücher,Roman,1,20.46,0.0,PayPal,2.99,2,5.0,False,20.46,2024-03,Monday
101296,2024-03-08,321,40.0,Süd,Sport,Hantel,1,27.3,0.0,Sofortüberweisung,0.0,1,5.0,False,27.3,2024-03,Friday
101976,2023-10-29,1448,32.0,Ost,Sport,Fitnessband,1,8.16,5.0,Rechnung,4.99,5,3.0,False,7.752,2023-10,Sunday
104562,2024-12-06,754,34.0,Mitte,Haushalt,Staubsauger,1,86.27,0.0,Sofortüberweisung,4.99,4,4.0,False,86.27,2024-12,Friday
104526,2024-07-18,319,36.0,Nord,Mode,Mütze,1,36.78,0.0,Kreditkarte,0.0,4,5.0,False,36.78,2024-07,Thursday
102075,2024-05-10,1756,38.0,West,Mode,Jeans,3,4.64,0.0,Sofortüberweisung,0.0,2,5.0,False,13.919999999999998,2024-05,Friday
103086,2024-02-06,939,44.0,West,Haushalt,Staubsauger,2,15.21,5.0,PayPal,4.99,4,5.0,False,28.899,2024-02,Tuesday
104870,2023-03-26,1384,41.0,Mitte,Mode,Mütze,1,23.21,15.0,PayPal,6.99,4,4.0,False,19.7285,2023-03,Sunday
103345,2024-10-17,643,41.0,Ost,Mode,Sneaker,2,13.2,0.0,Kreditkarte,0.0,4,2.0,False,26.4,2024-10,Thursday
104509,2023-03-02,485,59.0,West,Mode,T-Shirt,1,26.78,0.0,Rechnung,2.99,5,-1.0,False,26.78,2023-03,Thursday
102797,2023-10-24,1628,21.0,Mitte,Mode,T-Shirt,1,15.24,5.0,Rechnung,0.0,3,4.0,False,14.478,2023-10,Tuesday
100918,2023-07-08,911,26.0,Mitte,Elektronik,USB-Kabel,1,26.84,0.0,Lastschrift,2.99,3,4.0,False,26.84,2023-07,Saturday
101646,2024-07-01,1677,28.0,Mitte,Elektronik,Powerbank,1,17.22,0.0,Sofortüberweisung,4.99,3,3.0,False,17.22,2024-07,Monday
100364,2023-09-21,1046,24.0,Nord,Elektronik,Kopfhörer,1,77.2,0.0,Lastschrift,2.99,5,1.0,False,77.2,2023-09,Thursday
103287,2023-10-03,1664,33.0,Nord,Bücher,Comic,1,13.79,25.0,Lastschrift,0.0,2,5.0,False,10.3425,2023-10,Tuesday
102125,2023-07-20,1183,38.0,Nord,Elektronik,Smartphone-Hülle,2,12.15,0.0,Sofortüberweisung,4.99,4,2.0,False,24.3,2023-07,Thursday
104123,2023-02-04,1677,30.0,Mitte,Sport,Hantel,2,17.81,0.0,Kreditkarte,2.99,5,5.0,False,35.62,2023-02,Saturday
100525,2023-07-10,982,31.0,Nord,Mode,T-Shirt,1,33.81,5.0,Lastschrift,2.99,3,4.0,False,32.1195,2023-07,Monday
100055,2023-12-19,88,26.0,Ost,Sport,Laufschuhe,1,15.42,0.0,Rechnung,6.99,4,-1.0,False,15.42,2023-12,Tuesday
100638,2023-12-16,695,24.0,Nord,Mode,Jeans,1,42.1,0.0,Lastschrift,4.99,3,3.0,False,42.1,2023-12,Saturday
100302,2024-07-17,1072,27.0,Mitte,Sport,Hantel,1,31.21,15.0,Rechnung,4.99,2,4.0,False,26.5285,2024-07,Wednesday
102766,2024-08-14,933,56.0,Ost,Haushalt,Pfannenset,1,51.24,15.0,Kreditkarte,2.99,7,5.0,False,43.554,2024-08,Wednesday
101276,2024-11-11,1151,21.0,Ost,Mode,Mütze,2,16.25,5.0,Sofortüberweisung,2.99,5,5.0,False,30.875,2024-11,Monday
102055,2024-04-13,877,46.0,West,Haushalt,Lampe,1,67.43,15.0,Sofortüberweisung,6.99,3,4.0,False,57.31550000000001,2024-04,Saturday
103644,2023-11-19,1325,35.0,Nord,Haushalt,Lampe,2,60.61,0.0,Rechnung,4.99,4,-1.0,False,121.22,2023-11,Sunday
104143,2023-08-17,1328,51.0,Nord,Mode,Sneaker,2,25.77,20.0,Kreditkarte,4.99,5,-1.0,False,41.232,2023-08,Thursday
102878,2024-01-16,671,32.0,Süd,Bücher,Sachbuch,1,6.89,0.0,PayPal,2.99,4,5.0,False,6.89,2024-01,Tuesday
104202,2023-07-27,54,52.0,Mitte,Mode,Jacke,1,27.77,0.0,Lastschrift,0.0,1,4.0,False,27.77,2023-07,Thursday
102286,2024-04-30,1602,58.0,Süd,Bücher,Comic,1,17.11,0.0,Lastschrift,0.0,6,-1.0,False,17.11,2024-04,Tuesday
102261,2024-02-20,1668,58.0,West,Haushalt,Pfannenset,1,35.66,0.0,Kreditkarte,2.99,5,4.0,False,35.66,2024-02,Tuesday
102296,2023-06-02,881,51.0,Süd,Mode,Sneaker,2,25.2,0.0,PayPal,2.99,1,-1.0,False,50.4,2023-06,Friday
101753,2024-04-02,1449,41.0,Mitte,Elektronik,Powerbank,2,26.04,0.0,Rechnung,2.99,4,3.0,False,52.08,2024-04,Tuesday
101968,2024-02-07,1553,37.0,Nord,Sport,Laufschuhe,1,32.57,0.0,Lastschrift,2.99,3,5.0,False,32.57,2024-02,Wednesday
104395,2024-11-08,697,37.0,Mitte,Mode,Jeans,2,28.84,15.0,Rechnung,6.99,4,-1.0,False,49.028,2024-11,Friday
103117,2023-04-17,1538,62.0,West,Mode,Mütze,2,74.82,0.0,Lastschrift,6.99,4,5.0,False,149.64,2023-04,Monday
102393,2023-10-23,1231,37.0,Nord,Elektronik,Smartphone-Hülle,2,33.41,0.0,Kreditkarte,0.0,6,5.0,True,66.82,2023-10,Monday
100523,2024-08-02,1533,43.0,Ost,Mode,T-Shirt,2,16.55,0.0,Lastschrift,0.0,4,5.0,False,33.1,2024-08,Friday
103900,2023-12-25,309,38.0,Ost,Bücher,Kochbuch,1,21.45,0.0,Kreditkarte,4.99,4,4.0,False,21.45,2023-12,Monday
103122,2023-08-30,517,38.0,Nord,Sport,Yogamatte,1,48.93,5.0,Rechnung,4.99,4,4.0,False,46.4835,2023-08,Wednesday
104156,2024-11-22,297,35.0,Nord,Haushalt,Bettwäsche,1,21.09,15.0,PayPal,2.99,4,5.0,False,17.9265,2024-11,Friday
101969,2023-06-25,336,44.0,Ost,Elektronik,Powerbank,2,58.12,5.0,PayPal,6.99,3,1.0,False,110.42799999999998,2023-06,Sunday
100671,2024-09-28,1558,18.0,Nord,Mode,T-Shirt,3,25.5,0.0,Lastschrift,2.99,3,4.0,False,76.5,2024-09,Saturday
104188,2024-10-27,705,44.0,Süd,Haushalt,Pfannenset,5,48.28,0.0,Kreditkarte,2.99,3,5.0,False,241.4,2024-10,Sunday
100666,2023-06-01,150,28.0,Süd,Elektronik,Bluetooth-Lautsprecher,2,37.1,0.0,Sofortüberweisung,0.0,3,5.0,False,74.2,2023-06,Thursday
104382,2023-02-23,471,34.0,Süd,Bücher,Comic,1,4.72,0.0,Rechnung,6.99,6,4.0,False,4.72,2023-02,Thursday
101887,2024-03-31,1332,48.0,West,Bücher,Comic,2,5.97,0.0,Lastschrift,4.99,2,5.0,False,11.94,2024-03,Sunday
103266,2023-09-29,289,32.0,Süd,Haushalt,Bettwäsche,1,23.36,0.0,Lastschrift,0.0,3,4.0,False,23.36,2023-09,Friday
100280,2024-11-14,262,45.0,West,Haushalt,Pfannenset,1,82.57,0.0,Sofortüberweisung,0.0,4,4.0,False,82.57,2024-11,Thursday
101719,2023-04-29,183,33.0,West,Sport,Trinkflasche,2,27.5,0.0,Kreditkarte,4.99,2,4.0,False,55.0,2023-04,Saturday
102947,2023-08-26,559,18.0,West,Elektronik,Kopfhörer,2,56.3,0.0,Sofortüberweisung,4.99,1,5.0,False,112.6,2023-08,Saturday
100899,2023-10-16,364,36.0,Süd,Elektronik,Kopfhörer,1,48.82,0.0,Lastschrift,2.99,1,4.0,False,48.82,2023-10,Monday
104899,2024-06-26,762,33.0,Mitte,Mode,T-Shirt,1,24.33,0.0,Lastschrift,2.99,6,5.0,False,24.33,2024-06,Wednesday
100760,2024-01-31,1446,46.0,Nord,Sport,Fitnessband,1,18.2,10.0,Rechnung,0.0,6,4.0,False,16.38,2024-01,Wednesday
101906,2023-08-21,1639,40.0,West,Elektronik,Smartphone-Hülle,1,30.29,15.0,Rechnung,6.99,5,4.0,True,25.746499999999997,2023-08,Monday
104042,2024-12-13,902,35.0,Nord,Haushalt,Bettwäsche,3,98.46,0.0,Sofortüberweisung,0.0,2,5.0,False,295.38,2024-12,Friday
103823,2024-10-02,72,40.0,Mitte,Mode,Sneaker,1,12.47,5.0,Sofortüberweisung,4.99,8,5.0,False,11.8465,2024-10,Wednesday
104138,2023-01-23,360,21.0,Nord,Elektronik,Smartphone-Hülle,1,35.23,0.0,Sofortüberweisung,2.99,3,5.0,True,35.23,2023-01,Monday
103818,2023-03-04,1237,58.0,Nord,Sport,Trinkflasche,1,15.5,0.0,Kreditkarte,4.99,3,4.0,False,15.5,2023-03,Saturday
104300,2024-09-11,462,50.0,Mitte,Elektronik,USB-Kabel,2,20.41,0.0,Lastschrift,4.99,2,2.0,False,40.82,2024-09,Wednesday
102593,2023-04-11,1686,18.0,Süd,Elektronik,Kopfhörer,3,64.74,0.0,Sofortüberweisung,0.0,6,3.0,False,194.21999999999997,2023-04,Tuesday
104164,2024-02-21,365,32.0,Ost,Mode,Jeans,1,37.88,0.0,PayPal,2.99,3,4.0,False,37.88,2024-02,Wednesday
103031,2024-10-21,1141,42.0,Ost,Elektronik,Smartphone-Hülle,1,74.82,10.0,Sofortüberweisung,2.99,2,5.0,False,67.338,2024-10,Monday
103579,2023-05-21,372,33.0,Süd,Elektronik,USB-Kabel,1,52.65,0.0,Rechnung,0.0,4,-1.0,False,52.65,2023-05,Sunday
102832,2023-03-20,679,38.0,West,Haushalt,Lampe,2,46.66,5.0,Kreditkarte,4.99,5,5.0,False,88.654,2023-03,Monday
103472,2024-01-19,408,28.0,West,Haushalt,Lampe,1,149.97,10.0,PayPal,0.0,6,5.0,False,134.973,2024-01,Friday
100137,2024-11-17,792,52.0,Süd,Bücher,Sachbuch,2,22.49,20.0,Sofortüberweisung,2.99,2,4.0,False,35.984,2024-11,Sunday
102180,2024-01-28,545,38.0,Nord,Bücher,Sachbuch,2,9.47,0.0,Lastschrift,2.99,1,5.0,False,18.94,2024-01,Sunday
102128,2024-05-27,1257,25.0,Süd,Sport,Laufschuhe,3,29.25,0.0,Kreditkarte,0.0,4,5.0,False,87.75,2024-05,Monday
103177,2024-02-10,1724,18.0,West,Elektronik,USB-Kabel,1,862.3021651947546,20.0,Sofortüberweisung,2.99,8,-1.0,False,689.8417321558037,2024-02,Saturday
104411,2024-08-18,477,32.0,Mitte,Mode,Jacke,1,48.45,0.0,Sofortüberweisung,2.99,1,2.0,False,48.45,2024-08,Sunday
104261,2023-11-12,1126,21.0,Süd,Elektronik,Smartphone-Hülle,4,28.92,10.0,Rechnung,4.99,1,3.0,False,104.11200000000001,2023-11,Sunday
104344,2024-02-14,639,42.0,West,Bücher,Kinderbuch,1,37.28,10.0,Lastschrift,0.0,7,5.0,False,33.552,2024-02,Wednesday
101331,2023-11-01,1142,42.0,Mitte,Haushalt,Lampe,4,46.13,0.0,Rechnung,2.99,2,5.0,False,184.52,2023-11,Wednesday
102017,2024-09-24,1184,37.0,Süd,Mode,Mütze,2,6.64,20.0,Kreditkarte,2.99,5,2.0,True,10.624,2024-09,Tuesday
102482,2024-05-31,1530,29.0,Nord,Elektronik,Smartphone-Hülle,1,33.38,0.0,PayPal,2.99,1,4.0,False,33.38,2024-05,Friday
101358,2024-02-10,1326,40.0,Mitte,Bücher,Sachbuch,1,29.29,5.0,Rechnung,2.99,5,5.0,False,27.825499999999998,2024-02,Saturday
101329,2024-12-30,629,54.0,Nord,Mode,Jacke,1,45.69,0.0,PayPal,4.99,1,5.0,True,45.69,2024-12,Monday
102150,2024-04-18,1529,36.0,Mitte,Bücher,Kochbuch,5,29.22,10.0,PayPal,0.0,2,5.0,False,131.49,2024-04,Thursday
102122,2024-09-04,618,38.0,Süd,Mode,Mütze,1,21.44,0.0,Rechnung,0.0,4,5.0,False,21.44,2024-09,Wednesday
103981,2023-02-11,1758,41.0,West,Elektronik,Bluetooth-Lautsprecher,2,9.82,0.0,PayPal,0.0,3,4.0,False,19.64,2023-02,Saturday
101252,2023-12-19,441,58.0,Mitte,Mode,Jacke,1,53.29,0.0,Rechnung,2.99,6,-1.0,False,53.29,2023-12,Tuesday
103278,2024-03-01,67,50.0,Süd,Mode,Sneaker,1,28.17,20.0,Rechnung,4.99,4,1.0,False,22.536,2024-03,Friday
103374,2024-06-30,914,53.0,Mitte,Elektronik,Powerbank,2,36.32,0.0,PayPal,0.0,4,4.0,False,72.64,2024-06,Sunday
102814,2024-01-25,809,22.0,Süd,Sport,Fitnessband,1,38.49,20.0,Sofortüberweisung,0.0,5,5.0,False,30.792,2024-01,Thursday
101848,2023-03-05,1767,40.0,Mitte,Sport,Trinkflasche,1,36.69,0.0,PayPal,2.99,4,3.0,False,36.69,2023-03,Sunday
103037,2024-04-18,509,47.0,Ost,Elektronik,Smartphone-Hülle,1,45.55,0.0,Lastschrift,0.0,5,3.0,False,45.55,2024-04,Thursday
100388,2023-10-04,709,18.0,West,Bücher,Roman,1,4.53,0.0,Sofortüberweisung,6.99,6,4.0,False,4.53,2023-10,Wednesday
100235,2023-03-04,7,29.0,Süd,Haushalt,Pfannenset,2,67.13,15.0,Kreditkarte,2.99,5,5.0,False,114.121,2023-03,Saturday
101077,2024-03-03,1555,29.0,Süd,Mode,T-Shirt,4,39.96,0.0,Lastschrift,4.99,4,5.0,False,159.84,2024-03,Sunday
101984,2024-05-02,1678,51.0,Mitte,Mode,Jacke,1,49.78,5.0,PayPal,4.99,1,-1.0,False,47.291,2024-05,Thursday
104363,2023-01-01,392,27.0,Nord,Elektronik,Bluetooth-Lautsprecher,3,30.29,0.0,Lastschrift,0.0,5,3.0,False,90.87,2023-01,Sunday
103962,2024-12-25,801,25.0,Süd,Mode,Jacke,1,18.82,0.0,Lastschrift,4.99,1,4.0,False,18.82,2024-12,Wednesday
100770,2023-09-09,624,29.0,Ost,Sport,Laufschuhe,1,43.39,0.0,Sofortüberweisung,4.99,5,5.0,True,43.39,2023-09,Saturday
102165,2023-10-04,84,21.0,Ost,Haushalt,Bettwäsche,1,64.71,0.0,Kreditkarte,2.99,1,4.0,False,64.71,2023-10,Wednesday
100673,2023-10-08,1357,37.0,Ost,Sport,Fitnessband,1,25.82,25.0,Lastschrift,4.99,1,5.0,False,19.365000000000002,2023-10,Sunday
100249,2024-09-22,1668,51.0,Mitte,Haushalt,Bettwäsche,1,36.77,0.0,Kreditkarte,4.99,3,5.0,False,36.77,2024-09,Sunday
101574,2023-06-30,63,18.0,West,Elektronik,USB-Kabel,1,47.04,0.0,Lastschrift,0.0,3,2.0,False,47.04,2023-06,Friday
103419,2024-04-24,1119,42.0,Süd,Elektronik,USB-Kabel,1,27.19,0.0,Lastschrift,0.0,3,4.0,False,27.19,2024-04,Wednesday
102081,2024-09-19,919,44.0,Ost,Elektronik,Powerbank,1,21.68,0.0,PayPal,4.99,3,5.0,False,21.68,2024-09,Thursday
101823,2024-03-25,257,43.0,Mitte,Elektronik,Bluetooth-Lautsprecher,1,41.12,0.0,Sofortüberweisung,2.99,2,3.0,False,41.12,2024-03,Monday
100716,2023-08-02,658,49.0,Ost,Sport,Hantel,2,18.69,5.0,Rechnung,4.99,1,4.0,False,35.511,2023-08,Wednesday
104715,2023-07-14,1262,58.0,Süd,Elektronik,Kopfhörer,4,4.95,0.0,Kreditkarte,4.99,4,-1.0,False,19.8,2023-07,Friday
102048,2024-11-05,659,35.0,Ost,Mode,Sneaker,2,13.2,0.0,Sofortüberweisung,2.99,3,3.0,False,26.4,2024-11,Tuesday
104178,2023-02-12,1564,47.0,Mitte,Mode,T-Shirt,1,7.0,0.0,Kreditkarte,4.99,4,5.0,False,7.0,2023-02,Sunday
102724,2024-05-21,1189,32.0,Ost,Haushalt,Kaffeemaschine,1,112.14,25.0,Sofortüberweisung,0.0,8,4.0,False,84.105,2024-05,Tuesday
104566,2024-04-02,744,47.0,Mitte,Sport,Yogamatte,1,20.71,0.0,Kreditkarte,4.99,3,4.0,False,20.71,2024-04,Tuesday
101460,2023-12-23,643,40.0,Ost,Elektronik,Smartphone-Hülle,1,67.98,0.0,Sofortüberweisung,4.99,4,4.0,False,67.98,2023-12,Saturday
101668,2024-04-21,906,44.0,Süd,Haushalt,Pfannenset,1,23.36,5.0,Rechnung,2.99,1,4.0,False,22.192,2024-04,Sunday
102756,2024-03-08,715,27.0,Mitte,Haushalt,Bettwäsche,1,96.06,0.0,Kreditkarte,0.0,1,4.0,False,96.06,2024-03,Friday
102000,2023-06-08,696,39.0,Nord,Elektronik,Powerbank,1,20.95,25.0,Rechnung,2.99,5,4.0,False,15.712499999999999,2023-06,Thursday
100404,2023-03-24,158,49.0,Ost,Mode,Jacke,1,26.45,0.0,Lastschrift,2.99,2,5.0,False,26.45,2023-03,Friday
100384,2023-06-22,1147,38.0,Ost,Elektronik,Kopfhörer,1,31.4,5.0,PayPal,2.99,7,3.0,False,29.83,2023-06,Thursday
104537,2023-04-12,962,42.0,Süd,Mode,T-Shirt,1,45.8,5.0,Kreditkarte,4.99,2,3.0,False,43.51,2023-04,Wednesday
102152,2023-12-08,638,48.0,Nord,Mode,Jacke,4,7.48,0.0,PayPal,4.99,5,4.0,False,29.92,2023-12,Friday
101633,2024-11-16,461,59.0,Süd,Mode,Jacke,1,28.58,0.0,Kreditkarte,4.99,2,3.0,False,28.58,2024-11,Saturday
104631,2023-03-23,1738,57.0,Ost,Mode,Jacke,1,33.04,0.0,Sofortüberweisung,0.0,4,4.0,False,33.04,2023-03,Thursday
103925,2024-11-05,1169,32.0,Mitte,Haushalt,Kaffeemaschine,1,39.96,0.0,Rechnung,4.99,5,5.0,False,39.96,2024-11,Tuesday
104158,2024-11-10,1582,60.0,Mitte,Mode,Jeans,1,20.55,15.0,Lastschrift,6.99,4,5.0,False,17.4675,2024-11,Sunday
100223,2023-11-22,805,37.0,Süd,Elektronik,Kopfhörer,1,85.43,0.0,Lastschrift,4.99,2,4.0,False,85.43,2023-11,Wednesday
102193,2024-04-20,1474,38.0,West,Sport,Hantel,1,36.37,0.0,Sofortüberweisung,0.0,1,4.0,False,36.37,2024-04,Saturday
103136,2023-12-13,831,45.0,Nord,Mode,Mütze,1,7.1,15.0,Lastschrift,4.99,4,3.0,False,6.034999999999999,2023-12,Wednesday
101824,2024-05-03,543,35.0,Ost,Elektronik,Smartphone-Hülle,1,43.6,0.0,Kreditkarte,4.99,6,4.0,False,43.6,2024-05,Friday
104657,2023-04-19,1290,52.0,Süd,Mode,Sneaker,1,41.2,0.0,Lastschrift,2.99,3,1.0,False,41.2,2023-04,Wednesday
100797,2024-04-05,1472,23.0,Ost,Mode,Jeans,1,7.19,0.0,PayPal,0.0,7,5.0,False,7.19,2024-04,Friday
102871,2024-04-11,353,21.0,Nord,Sport,Yogamatte,1,53.23,0.0,Kreditkarte,4.99,1,5.0,False,53.23,2024-04,Thursday
100009,2024-12-24,1046,55.0,Ost,Elektronik,USB-Kabel,1,44.55,0.0,PayPal,6.99,2,5.0,False,44.55,2024-12,Tuesday
101944,2023-05-13,1466,36.0,Süd,Mode,Mütze,2,14.59,0.0,Kreditkarte,6.99,1,5.0,False,29.18,2023-05,Saturday
101838,2024-05-29,142,45.0,Nord,Mode,Mütze,1,16.87,0.0,Rechnung,2.99,4,2.0,False,16.87,2024-05,Wednesday
100255,2024-08-12,1488,45.0,Ost,Haushalt,Pfannenset,1,35.13,0.0,Sofortüberweisung,2.99,2,4.0,False,35.13,2024-08,Monday
101581,2023-05-07,678,18.0,Süd,Sport,Trinkflasche,1,28.43,0.0,Kreditkarte,2.99,2,4.0,True,28.43,2023-05,Sunday
102956,2023-01-23,799,37.0,West,Bücher,Sachbuch,1,35.83,10.0,Rechnung,6.99,2,4.0,False,32.247,2023-01,Monday
100924,2023-09-25,1420,39.0,Nord,Sport,Hantel,1,33.72,0.0,Kreditkarte,6.99,4,5.0,False,33.72,2023-09,Monday
104473,2024-06-24,837,38.0,Nord,Sport,Hantel,3,65.94,0.0,Kreditkarte,0.0,6,4.0,False,197.82,2024-06,Monday
102508,2024-05-19,331,31.0,Nord,Elektronik,Kopfhörer,1,121.11,5.0,Rechnung,0.0,1,4.0,False,115.05449999999999,2024-05,Sunday
103775,2024-12-03,240,43.0,Mitte,Mode,Jeans,1,19.95,0.0,Sofortüberweisung,0.0,5,2.0,False,19.95,2024-12,Tuesday
104136,2023-06-13,1403,19.0,Süd,Elektronik,USB-Kabel,1,65.85,15.0,Kreditkarte,0.0,1,4.0,False,55.9725,2023-06,Tuesday
102779,2023-01-22,1285,38.0,Süd,Mode,Jacke,1,27.98,15.0,Rechnung,4.99,1,4.0,False,23.783,2023-01,Sunday
100539,2024-02-23,862,45.0,West,Elektronik,Smartphone-Hülle,1,29.19,0.0,Lastschrift,4.99,3,3.0,False,29.19,2024-02,Friday
102745,2024-10-30,1306,38.0,Süd,Mode,Jacke,1,18.32,0.0,Lastschrift,4.99,1,5.0,False,18.32,2024-10,Wednesday
104543,2024-10-23,495,60.0,Ost,Elektronik,USB-Kabel,1,45.54,0.0,PayPal,6.99,1,1.0,False,45.54,2024-10,Wednesday
104616,2023-09-25,496,18.0,Nord,Bücher,Roman,2,19.16,0.0,Sofortüberweisung,2.99,5,-1.0,False,38.32,2023-09,Monday
101145,2024-09-16,937,41.0,Mitte,Mode,T-Shirt,1,7.86,5.0,PayPal,0.0,4,5.0,False,7.467,2024-09,Monday
104468,2023-03-08,1122,26.0,Nord,Bücher,Comic,1,14.05,0.0,Kreditkarte,2.99,6,2.0,False,14.05,2023-03,Wednesday
100667,2024-01-22,808,38.0,Süd,Mode,Sneaker,1,18.67,0.0,Sofortüberweisung,0.0,5,5.0,False,18.67,2024-01,Monday
103019,2024-02-12,1171,46.0,Nord,Mode,Jeans,1,73.21,0.0,Rechnung,6.99,5,5.0,False,73.21,2024-02,Monday
100357,2023-06-27,1052,41.0,West,Sport,Hantel,1,47.78,0.0,Rechnung,4.99,1,4.0,False,47.78,2023-06,Tuesday
102831,2024-09-27,201,52.0,Mitte,Haushalt,Kaffeemaschine,1,26.7,15.0,PayPal,2.99,1,1.0,True,22.695,2024-09,Friday
102783,2024-01-20,563,33.0,West,Bücher,Sachbuch,5,8.16,0.0,Rechnung,0.0,2,4.0,False,40.8,2024-01,Saturday
101353,2023-03-12,384,31.0,Mitte,Haushalt,Bettwäsche,1,59.72,0.0,Kreditkarte,6.99,4,4.0,False,59.72,2023-03,Sunday
100470,2023-11-14,1251,38.0,West,Sport,Fitnessband,1,54.52,0.0,Rechnung,2.99,2,5.0,False,54.52,2023-11,Tuesday
102703,2023-11-18,1349,18.0,Nord,Elektronik,Kopfhörer,2,29.84,10.0,Sofortüberweisung,4.99,4,5.0,False,53.712,2023-11,Saturday
103330,2024-03-20,1531,36.0,Nord,Elektronik,Powerbank,2,104.25,0.0,Lastschrift,2.99,5,4.0,False,208.5,2024-03,Wednesday
103637,2023-07-05,996,18.0,Ost,Mode,T-Shirt,1,18.96,10.0,PayPal,2.99,4,5.0,False,17.064,2023-07,Wednesday
101396,2024-03-05,667,29.0,West,Haushalt,Bettwäsche,1,42.82,0.0,Rechnung,2.99,6,4.0,False,42.82,2024-03,Tuesday
103584,2024-04-19,734,42.0,West,Mode,Jacke,1,26.63,0.0,Sofortüberweisung,2.99,1,2.0,False,26.63,2024-04,Friday
104531,2023-02-10,99,36.0,Ost,Mode,Jacke,1,36.22,0.0,Sofortüberweisung,0.0,4,5.0,False,36.22,2023-02,Friday
103376,2023-12-12,420,32.0,Süd,Haushalt,Bettwäsche,4,58.25,15.0,Kreditkarte,4.99,5,5.0,False,198.04999999999998,2023-12,Tuesday
101256,2023-11-16,1242,34.0,Mitte,Elektronik,Bluetooth-Lautsprecher,1,74.82,10.0,Lastschrift,0.0,4,5.0,False,67.338,2023-11,Thursday
103512,2023-11-27,837,38.0,Nord,Mode,Jeans,2,12.11,0.0,Kreditkarte,0.0,2,4.0,False,24.22,2023-11,Monday
101250,2023-07-14,113,31.0,Nord,Bücher,Roman,1,28.16,0.0,Lastschrift,2.99,3,4.0,False,28.16,2023-07,Friday
104856,2023-07-22,569,48.0,Nord,Mode,Jeans,1,33.99,15.0,Sofortüberweisung,2.99,4,4.0,False,28.8915,2023-07,Saturday
104298,2023-10-02,1314,36.0,Mitte,Mode,Jeans,2,48.48,0.0,Lastschrift,4.99,3,5.0,True,96.96,2023-10,Monday
103284,2023-04-07,699,28.0,West,Elektronik,Kopfhörer,2,15.55,0.0,Sofortüberweisung,6.99,6,5.0,False,31.1,2023-04,Friday
102933,2023-07-14,1663,30.0,Süd,Mode,T-Shirt,4,20.1,10.0,Lastschrift,6.99,6,4.0,False,72.36000000000001,2023-07,Friday
104175,2024-03-27,224,60.0,Ost,Bücher,Kinderbuch,1,22.2,0.0,PayPal,6.99,3,5.0,False,22.2,2024-03,Wednesday
101852,2024-03-23,1120,60.0,West,Haushalt,Kaffeemaschine,1,26.37,0.0,Lastschrift,2.99,6,5.0,True,26.37,2024-03,Saturday
104918,2024-06-18,460,36.0,Mitte,Mode,Jeans,2,26.93,5.0,Kreditkarte,6.99,4,5.0,False,51.166999999999994,2024-06,Tuesday
102105,2023-07-30,1339,35.0,Ost,Haushalt,Staubsauger,1,63.13,15.0,Rechnung,6.99,3,5.0,False,53.6605,2023-07,Sunday
100133,2023-01-28,1368,71.0,Mitte,Elektronik,Powerbank,1,19.37,0.0,Rechnung,2.99,3,4.0,False,19.37,2023-01,Saturday
100928,2023-05-21,881,39.0,Mitte,Mode,T-Shirt,1,21.44,5.0,PayPal,4.99,1,4.0,False,20.368,2023-05,Sunday
100823,2023-03-18,528,21.0,Mitte,Bücher,Roman,1,13.74,0.0,Lastschrift,0.0,7,4.0,False,13.74,2023-03,Saturday
104588,2023-03-02,567,38.0,Mitte,Elektronik,Powerbank,2,5.44,0.0,Kreditkarte,0.0,4,4.0,False,10.88,2023-03,Thursday
101531,2024-08-22,72,43.0,Süd,Haushalt,Bettwäsche,1,106.29,10.0,PayPal,2.99,2,5.0,False,95.661,2024-08,Thursday
101214,2024-08-14,1527,32.0,Süd,Elektronik,Bluetooth-Lautsprecher,1,53.95,15.0,Rechnung,2.99,1,3.0,False,45.8575,2024-08,Wednesday
100504,2023-09-13,169,55.0,Mitte,Mode,T-Shirt,1,13.27,5.0,Lastschrift,2.99,3,2.0,False,12.606499999999999,2023-09,Wednesday
104285,2023-09-21,227,29.0,Mitte,Elektronik,Kopfhörer,2,41.17,0.0,PayPal,2.99,1,5.0,False,82.34,2023-09,Thursday
101996,2023-05-10,840,40.0,Mitte,Bücher,Roman,1,14.34,5.0,Kreditkarte,4.99,4,1.0,False,13.623,2023-05,Wednesday
103072,2023-09-14,346,27.0,West,Haushalt,Staubsauger,1,148.71,0.0,PayPal,2.99,1,2.0,False,148.71,2023-09,Thursday
101958,2023-05-15,1060,49.0,West,Bücher,Kochbuch,5,19.56,20.0,Sofortüberweisung,2.99,3,4.0,False,78.24000000000001,2023-05,Monday
101384,2023-08-05,483,26.0,West,Elektronik,Kopfhörer,2,88.58,0.0,PayPal,4.99,1,5.0,False,177.16,2023-08,Saturday
100894,2023-01-10,1004,18.0,Nord,Mode,T-Shirt,2,37.2,0.0,Lastschrift,0.0,1,4.0,False,74.4,2023-01,Tuesday
100455,2024-10-22,446,39.0,Süd,Elektronik,USB-Kabel,1,19.37,10.0,Kreditkarte,2.99,4,5.0,False,17.433,2024-10,Tuesday
104683,2023-12-05,1633,53.0,West,Haushalt,Bettwäsche,1,43.72,0.0,PayPal,4.99,6,5.0,False,43.72,2023-12,Tuesday
103709,2024-10-26,1411,33.0,Mitte,Elektronik,Smartphone-Hülle,2,29.07,0.0,Rechnung,6.99,6,5.0,False,58.14,2024-10,Saturday
104665,2023-08-18,797,42.0,Mitte,Sport,Laufschuhe,1,22.01,0.0,Sofortüberweisung,4.99,1,4.0,False,22.01,2023-08,Friday
104268,2024-08-01,1118,18.0,West,Haushalt,Bettwäsche,1,14.79,0.0,Sofortüberweisung,6.99,3,5.0,False,14.79,2024-08,Thursday
103522,2023-05-05,650,43.0,Süd,Haushalt,Pfannenset,1,25.01,15.0,PayPal,2.99,9,-1.0,False,21.2585,2023-05,Friday
104134,2023-08-02,1567,53.0,Mitte,Elektronik,Bluetooth-Lautsprecher,1,26.46,5.0,Lastschrift,4.99,5,5.0,False,25.137,2023-08,Wednesday
103602,2024-04-29,467,18.0,Mitte,Sport,Fitnessband,2,26.75,10.0,Kreditkarte,2.99,4,2.0,True,48.15,2024-04,Monday
100713,2023-05-15,678,37.0,West,Bücher,Roman,2,6.41,0.0,Sofortüberweisung,0.0,3,5.0,False,12.82,2023-05,Monday
104186,2023-10-19,951,45.0,Süd,Bücher,Sachbuch,3,19.21,0.0,Kreditkarte,4.99,6,5.0,False,57.63,2023-10,Thursday
102214,2024-03-27,374,26.0,West,Mode,Sneaker,1,34.33,20.0,Rechnung,6.99,6,5.0,False,27.464,2024-03,Wednesday
102923,2024-01-29,945,36.0,Mitte,Bücher,Roman,1,7.16,15.0,PayPal,2.99,4,5.0,False,6.086,2024-01,Monday
101810,2023-05-19,359,25.0,Mitte,Bücher,Roman,5,3.51,10.0,Rechnung,2.99,1,4.0,False,15.794999999999998,2023-05,Friday
103486,2023-06-24,324,38.0,Nord,Mode,T-Shirt,1,29.09,0.0,Sofortüberweisung,0.0,4,4.0,False,29.09,2023-06,Saturday
103141,2023-12-19,575,38.0,West,Sport,Hantel,1,11.13,0.0,Kreditkarte,6.99,4,4.0,False,11.13,2023-12,Tuesday
101827,2024-10-08,308,26.0,Süd,Bücher,Kochbuch,1,30.39,0.0,Lastschrift,6.99,2,5.0,False,30.39,2024-10,Tuesday
101155,2024-04-28,1364,18.0,Mitte,Elektronik,USB-Kabel,1,27.91,20.0,Lastschrift,2.99,5,4.0,False,22.328000000000003,2024-04,Sunday
101324,2024-02-02,871,49.0,Nord,Elektronik,Smartphone-Hülle,1,41.04,15.0,Sofortüberweisung,0.0,3,4.0,False,34.884,2024-02,Friday
104312,2023-03-21,1443,50.0,Mitte,Mode,T-Shirt,1,28.12,0.0,Kreditkarte,4.99,3,5.0,False,28.12,2023-03,Tuesday
100510,2023-07-30,410,46.0,Ost,Mode,Jeans,1,12.38,0.0,Sofortüberweisung,2.99,4,4.0,False,12.38,2023-07,Sunday
101680,2024-11-26,952,28.0,Nord,Mode,Mütze,1,50.23,0.0,PayPal,2.99,1,5.0,False,50.23,2024-11,Tuesday
100499,2023-10-18,346,31.0,West,Sport,Laufschuhe,2,35.05,0.0,Lastschrift,2.99,2,4.0,False,70.1,2023-10,Wednesday
104581,2023-01-01,489,32.0,West,Elektronik,Smartphone-Hülle,2,31.0,0.0,Lastschrift,2.99,5,4.0,False,62.0,2023-01,Sunday
101856,2023-08-08,523,26.0,Mitte,Bücher,Kinderbuch,2,15.86,10.0,Rechnung,2.99,7,5.0,False,28.548,2023-08,Tuesday
101388,2023-10-19,198,50.0,West,Sport,Yogamatte,1,13.12,0.0,PayPal,4.99,1,4.0,False,13.12,2023-10,Thursday
103719,2024-10-06,351,28.0,Mitte,Mode,Jacke,2,10.38,5.0,PayPal,0.0,3,5.0,True,19.722,2024-10,Sunday
102386,2023-08-20,75,33.0,West,Sport,Hantel,2,6.9,0.0,Kreditkarte,0.0,4,3.0,False,13.8,2023-08,Sunday
103236,2023-11-24,1205,36.0,Mitte,Bücher,Roman,1,15.41,0.0,Lastschrift,0.0,7,4.0,False,15.41,2023-11,Friday
101540,2024-11-23,1783,21.0,Mitte,Elektronik,USB-Kabel,5,31.83,10.0,Kreditkarte,4.99,6,5.0,False,143.23499999999999,2024-11,Saturday
101217,2023-10-24,1766,34.0,West,Bücher,Kinderbuch,1,23.71,0.0,Kreditkarte,4.99,3,5.0,False,23.71,2023-10,Tuesday
102681,2023-07-29,143,61.0,West,Bücher,Roman,4,33.75,0.0,Sofortüberweisung,2.99,3,4.0,False,135.0,2023-07,Saturday
102993,2023-11-04,1548,35.0,Süd,Sport,Trinkflasche,1,70.18,0.0,Rechnung,2.99,1,5.0,False,70.18,2023-11,Saturday
101191,2024-11-21,249,48.0,Mitte,Elektronik,Powerbank,1,37.62,0.0,Sofortüberweisung,6.99,6,5.0,False,37.62,2024-11,Thursday
101542,2024-07-24,1761,30.0,Mitte,Bücher,Kochbuch,2,16.35,10.0,Kreditkarte,0.0,5,5.0,False,29.430000000000003,2024-07,Wednesday
103301,2023-04-25,982,38.0,Süd,Sport,Yogamatte,2,56.42,0.0,Lastschrift,6.99,2,4.0,False,112.84,2023-04,Tuesday
103324,2024-05-29,793,36.0,Ost,Bücher,Kochbuch,2,6.39,0.0,Kreditkarte,0.0,1,3.0,False,12.78,2024-05,Wednesday
102539,2024-04-24,93,34.0,Mitte,Haushalt,Bettwäsche,1,117.41,15.0,PayPal,4.99,12,4.0,False,99.79849999999999,2024-04,Wednesday
100953,2023-11-06,683,46.0,Mitte,Haushalt,Pfannenset,1,38.51,0.0,Sofortüberweisung,4.99,5,-1.0,False,38.51,2023-11,Monday
104330,2024-02-05,643,25.0,West,Elektronik,Smartphone-Hülle,1,52.41,0.0,Sofortüberweisung,6.99,4,4.0,False,52.41,2024-02,Monday
100732,2023-04-03,1005,23.0,Süd,Elektronik,Powerbank,1,51.92,0.0,PayPal,2.99,2,5.0,False,51.92,2023-04,Monday
101156,2024-01-25,485,46.0,West,Elektronik,Smartphone-Hülle,1,55.83,10.0,Lastschrift,0.0,3,4.0,False,50.247,2024-01,Thursday
103294,2023-06-23,1200,30.0,West,Mode,Sneaker,1,48.33,0.0,Kreditkarte,2.99,4,4.0,False,48.33,2023-06,Friday
102982,2024-05-29,373,40.0,Mitte,Elektronik,Kopfhörer,2,27.85,0.0,PayPal,2.99,2,5.0,False,55.7,2024-05,Wednesday
102156,2024-05-05,1792,38.0,Süd,Elektronik,Smartphone-Hülle,1,26.76,0.0,PayPal,6.99,3,3.0,False,26.76,2024-05,Sunday
101062,2023-04-06,1040,35.0,Ost,Haushalt,Bettwäsche,1,33.42,0.0,Rechnung,4.99,3,2.0,True,33.42,2023-04,Thursday
102616,2024-08-15,1520,36.0,West,Haushalt,Pfannenset,1,44.65,0.0,Kreditkarte,0.0,5,4.0,False,44.65,2024-08,Thursday
101167,2024-10-09,1022,22.0,Nord,Elektronik,Powerbank,1,76.89,0.0,Kreditkarte,0.0,2,5.0,False,76.89,2024-10,Wednesday
103222,2024-12-16,1541,36.0,Nord,Elektronik,USB-Kabel,1,80.03,0.0,Rechnung,2.99,3,5.0,False,80.03,2024-12,Monday
103636,2023-11-09,805,48.0,Mitte,Sport,Hantel,3,23.78,0.0,Rechnung,2.99,8,4.0,False,71.34,2023-11,Thursday
102938,2024-02-10,342,34.0,Ost,Mode,Sneaker,1,23.55,0.0,Sofortüberweisung,2.99,4,5.0,False,23.55,2024-02,Saturday
104491,2024-08-08,757,40.0,Nord,Elektronik,Kopfhörer,1,64.13,0.0,PayPal,0.0,6,5.0,False,64.13,2024-08,Thursday
103140,2023-08-24,1347,40.0,Süd,Elektronik,Bluetooth-Lautsprecher,5,38.84,0.0,Rechnung,0.0,2,4.0,False,194.20000000000002,2023-08,Thursday
100143,2024-09-30,1373,38.0,West,Mode,Jeans,1,19.97,15.0,Sofortüberweisung,0.0,1,5.0,False,16.9745,2024-09,Monday
103577,2023-09-08,708,44.0,Mitte,Haushalt,Lampe,2,15.68,0.0,Sofortüberweisung,2.99,1,4.0,False,31.36,2023-09,Friday
102782,2023-02-23,1738,38.0,West,Bücher,Kochbuch,2,15.52,0.0,Lastschrift,2.99,4,5.0,False,31.04,2023-02,Thursday
100717,2023-11-18,386,33.0,Ost,Elektronik,Powerbank,1,29.64,0.0,PayPal,4.99,4,-1.0,False,29.64,2023-11,Saturday
101819,2023-05-21,1699,32.0,Süd,Bücher,Roman,1,11.04,0.0,Lastschrift,0.0,4,5.0,False,11.04,2023-05,Sunday
102502,2024-11-10,1663,25.0,Mitte,Elektronik,Smartphone-Hülle,1,48.31,10.0,PayPal,0.0,3,4.0,False,43.479000000000006,2024-11,Sunday
104360,2023-05-13,978,33.0,Nord,Bücher,Roman,1,11.25,0.0,Lastschrift,0.0,5,5.0,False,11.25,2023-05,Saturday
104171,2023-08-31,880,36.0,Mitte,Sport,Laufschuhe,2,41.36,5.0,Rechnung,2.99,6,4.0,False,78.58399999999999,2023-08,Thursday
100395,2023-07-31,1674,40.0,Süd,Sport,Trinkflasche,1,48.6,0.0,Rechnung,2.99,5,3.0,False,48.6,2023-07,Monday
104885,2023-05-18,64,31.0,Mitte,Haushalt,Bettwäsche,2,85.67,10.0,Sofortüberweisung,4.99,6,5.0,False,154.20600000000002,2023-05,Thursday
104492,2023-02-20,695,20.0,Mitte,Haushalt,Lampe,2,20.66,0.0,Rechnung,2.99,7,4.0,False,41.32,2023-02,Monday
101365,2024-08-09,1196,27.0,Süd,Elektronik,Smartphone-Hülle,1,17.78,0.0,Rechnung,0.0,3,5.0,True,17.78,2024-08,Friday
104603,2023-04-04,1137,23.0,Süd,Haushalt,Bettwäsche,1,8.55,0.0,Sofortüberweisung,4.99,1,5.0,False,8.55,2023-04,Tuesday
100595,2024-07-23,1257,58.0,Süd,Mode,Mütze,1,21.32,5.0,Lastschrift,2.99,1,5.0,False,20.253999999999998,2024-07,Tuesday
103952,2024-07-30,1295,38.0,Ost,Mode,T-Shirt,2,60.28,0.0,PayPal,0.0,6,3.0,False,120.56,2024-07,Tuesday
102914,2024-02-18,1473,40.0,West,Elektronik,Powerbank,2,70.23,0.0,PayPal,0.0,4,3.0,False,140.46,2024-02,Sunday
102326,2023-01-22,1063,32.0,Süd,Elektronik,Bluetooth-Lautsprecher,1,25.21,15.0,PayPal,2.99,1,4.0,False,21.4285,2023-01,Sunday
103766,2024-03-06,255,31.0,Mitte,Sport,Laufschuhe,3,11.88,5.0,Sofortüberweisung,4.99,3,5.0,False,33.858,2024-03,Wednesday
103440,2023-11-12,1391,49.0,Süd,Haushalt,Pfannenset,1,38.6,5.0,PayPal,0.0,3,5.0,False,36.67,2023-11,Sunday
103851,2023-05-24,406,29.0,Ost,Haushalt,Bettwäsche,1,87.13,0.0,Lastschrift,2.99,6,4.0,False,87.13,2023-05,Wednesday
104132,2024-07-29,312,33.0,Nord,Mode,Sneaker,1,28.63,10.0,Sofortüberweisung,6.99,5,5.0,False,25.767,2024-07,Monday
104929,2023-04-05,1558,41.0,Nord,Elektronik,USB-Kabel,1,13.33,0.0,Rechnung,4.99,1,5.0,False,13.33,2023-04,Wednesday
102143,2023-11-20,1452,38.0,Süd,Haushalt,Staubsauger,1,101.78,0.0,Rechnung,2.99,1,4.0,True,101.78,2023-11,Monday
101571,2024-12-26,955,37.0,Nord,Elektronik,Smartphone-Hülle,1,54.1,0.0,Rechnung,2.99,5,2.0,True,54.1,2024-12,Thursday
104079,2024-06-20,270,58.0,Nord,Elektronik,Powerbank,2,89.56,0.0,Sofortüberweisung,2.99,1,5.0,False,179.12,2024-06,Thursday
101122,2023-06-05,101,22.0,Mitte,Sport,Laufschuhe,2,54.66,0.0,Lastschrift,2.99,7,3.0,False,109.32,2023-06,Monday
102786,2024-05-02,961,36.0,West,Bücher,Kochbuch,2,10.03,20.0,Lastschrift,0.0,3,5.0,False,16.048,2024-05,Thursday
102967,2023-10-25,287,25.0,Nord,Haushalt,Lampe,1,58.14,0.0,PayPal,6.99,3,-1.0,False,58.14,2023-10,Wednesday
102504,2023-09-08,472,34.0,Mitte,Mode,Jeans,2,12.67,0.0,Sofortüberweisung,4.99,4,2.0,False,25.34,2023-09,Friday
103465,2024-07-08,251,54.0,West,Elektronik,Kopfhörer,1,57.83,0.0,Rechnung,0.0,2,5.0,False,57.83,2024-07,Monday
100675,2024-08-04,1339,39.0,Mitte,Sport,Laufschuhe,2,31.25,20.0,Sofortüberweisung,0.0,1,3.0,False,50.0,2024-08,Sunday
102808,2023-07-28,1698,38.0,Süd,Elektronik,USB-Kabel,1,70.91,0.0,Lastschrift,0.0,6,3.0,False,70.91,2023-07,Friday
103348,2024-02-13,1098,38.0,Nord,Mode,Sneaker,1,49.81,0.0,Lastschrift,6.99,2,5.0,False,49.81,2024-02,Tuesday
100728,2024-12-11,203,31.0,Süd,Elektronik,Kopfhörer,1,50.57,0.0,Kreditkarte,6.99,5,4.0,False,50.57,2024-12,Wednesday
100412,2024-06-03,499,47.0,Süd,Elektronik,USB-Kabel,1,58.78,0.0,Rechnung,2.99,2,5.0,False,58.78,2024-06,Monday
103146,2023-12-26,1261,32.0,West,Sport,Trinkflasche,4,38.19,0.0,Rechnung,4.99,4,5.0,False,152.76,2023-12,Tuesday
101516,2024-07-29,1502,48.0,Ost,Mode,Mütze,1,7.02,0.0,Kreditkarte,4.99,2,4.0,False,7.02,2024-07,Monday
100825,2024-07-25,360,41.0,West,Haushalt,Kaffeemaschine,1,25.33,0.0,Rechnung,0.0,5,4.0,True,25.33,2024-07,Thursday
103267,2024-10-06,548,41.0,Mitte,Mode,Jacke,1,35.41,0.0,Rechnung,4.99,1,5.0,False,35.41,2024-10,Sunday
103974,2023-06-25,935,18.0,West,Mode,Jacke,2,41.5,0.0,PayPal,0.0,3,4.0,False,83.0,2023-06,Sunday
100616,2024-08-26,528,38.0,Mitte,Bücher,Comic,2,10.66,5.0,Lastschrift,0.0,5,5.0,False,20.253999999999998,2024-08,Monday
100114,2023-04-06,1122,29.0,Mitte,Elektronik,Smartphone-Hülle,1,54.98,10.0,Rechnung,6.99,3,4.0,False,49.482,2023-04,Thursday
100417,2023-07-04,982,44.0,Nord,Sport,Trinkflasche,1,53.97,0.0,Kreditkarte,6.99,3,3.0,False,53.97,2023-07,Tuesday
103069,2024-01-14,1676,33.0,Süd,Haushalt,Lampe,2,79.66,0.0,Rechnung,0.0,1,4.0,False,159.32,2024-01,Sunday
101625,2023-12-01,230,31.0,Nord,Mode,T-Shirt,1,68.22,0.0,Lastschrift,6.99,6,3.0,False,68.22,2023-12,Friday
104185,2023-12-20,200,46.0,West,Haushalt,Lampe,1,48.79,0.0,Rechnung,6.99,2,5.0,False,48.79,2023-12,Wednesday
102896,2023-12-22,1278,34.0,Mitte,Elektronik,Smartphone-Hülle,1,29.43,20.0,Sofortüberweisung,4.99,5,2.0,False,23.544,2023-12,Friday
104718,2024-02-25,334,29.0,Mitte,Mode,Sneaker,2,55.51,0.0,Kreditkarte,0.0,5,4.0,False,111.02,2024-02,Sunday
102082,2024-01-19,1356,59.0,Süd,Elektronik,Bluetooth-Lautsprecher,2,24.41,0.0,Lastschrift,2.99,5,3.0,False,48.82,2024-01,Friday
100753,2023-04-23,1339,25.0,Nord,Mode,Jeans,2,37.7,15.0,Rechnung,0.0,2,4.0,True,64.09,2023-04,Sunday
102546,2024-10-14,1196,36.0,Nord,Mode,Jacke,1,17.41,0.0,Lastschrift,6.99,3,3.0,False,17.41,2024-10,Monday
103969,2024-09-12,1005,42.0,Ost,Mode,T-Shirt,1,17.3,20.0,Rechnung,2.99,4,5.0,False,13.840000000000002,2024-09,Thursday
103373,2023-02-04,745,44.0,Nord,Mode,Jeans,1,42.07,0.0,PayPal,0.0,3,4.0,False,42.07,2023-02,Saturday
104107,2023-06-08,1555,19.0,West,Mode,Sneaker,2,41.21,0.0,Lastschrift,0.0,2,4.0,False,82.42,2023-06,Thursday
102444,2023-02-13,942,34.0,Süd,Sport,Yogamatte,2,53.71,0.0,PayPal,0.0,3,3.0,False,107.42,2023-02,Monday
104380,2023-07-01,1799,46.0,West,Haushalt,Staubsauger,1,37.69,15.0,Sofortüberweisung,0.0,2,3.0,False,32.0365,2023-07,Saturday
101066,2023-08-18,200,32.0,Süd,Haushalt,Lampe,4,64.43,0.0,PayPal,0.0,5,5.0,False,257.72,2023-08,Friday
103913,2023-07-10,878,19.0,Nord,Haushalt,Kaffeemaschine,2,24.71,0.0,Kreditkarte,0.0,7,4.0,False,49.42,2023-07,Monday
103498,2024-10-20,1208,41.0,West,Haushalt,Kaffeemaschine,2,8.47,0.0,Rechnung,0.0,3,5.0,False,16.94,2024-10,Sunday
102738,2023-07-16,1750,34.0,Süd,Bücher,Kinderbuch,1,12.86,0.0,Lastschrift,6.99,4,3.0,False,12.86,2023-07,Sunday
104000,2024-12-20,317,42.0,Süd,Elektronik,USB-Kabel,2,21.36,20.0,Kreditkarte,2.99,4,4.0,False,34.176,2024-12,Friday
101568,2024-03-22,636,26.0,West,Haushalt,Lampe,3,77.2,5.0,PayPal,4.99,3,2.0,False,220.02,2024-03,Friday
102427,2024-09-24,1617,41.0,Nord,Sport,Hantel,1,29.56,0.0,PayPal,4.99,1,5.0,False,29.56,2024-09,Tuesday
103746,2023-01-04,658,52.0,Nord,Elektronik,Smartphone-Hülle,1,40.71,10.0,Sofortüberweisung,2.99,1,4.0,False,36.639,2023-01,Wednesday
104686,2023-06-22,1412,29.0,Süd,Elektronik,Bluetooth-Lautsprecher,1,85.35,0.0,Sofortüberweisung,0.0,5,5.0,False,85.35,2023-06,Thursday
101687,2023-01-04,1612,40.0,Nord,Haushalt,Kaffeemaschine,1,33.51,15.0,Kreditkarte,6.99,7,5.0,False,28.483499999999996,2023-01,Wednesday
100851,2024-08-05,166,26.0,Süd,Haushalt,Staubsauger,1,14.84,25.0,Kreditkarte,2.99,3,3.0,False,11.129999999999999,2024-08,Monday
103546,2024-08-22,1579,28.0,West,Mode,Mütze,1,43.28,0.0,Rechnung,4.99,2,3.0,False,43.28,2024-08,Thursday
100895,2023-10-10,267,41.0,West,Sport,Laufschuhe,3,18.44,0.0,Lastschrift,2.99,8,4.0,True,55.32000000000001,2023-10,Tuesday
104592,2023-03-31,513,48.0,Mitte,Haushalt,Kaffeemaschine,5,36.87,0.0,Kreditkarte,2.99,5,3.0,False,184.35,2023-03,Friday
100335,2024-11-04,1037,42.0,Ost,Haushalt,Pfannenset,2,166.33,0.0,PayPal,2.99,6,5.0,False,332.66,2024-11,Monday
102839,2023-04-27,1365,30.0,West,Bücher,Kochbuch,1,221.54699066389685,0.0,Kreditkarte,6.99,7,3.0,False,221.54699066389685,2023-04,Thursday
103087,2023-10-04,377,48.0,Ost,Elektronik,Powerbank,2,22.0,0.0,Sofortüberweisung,2.99,4,5.0,False,44.0,2023-10,Wednesday
104611,2023-01-26,1312,59.0,Mitte,Haushalt,Staubsauger,2,94.73,10.0,Sofortüberweisung,2.99,3,5.0,True,170.514,2023-01,Thursday
101348,2024-03-10,1145,53.0,Ost,Elektronik,USB-Kabel,1,34.4,0.0,Sofortüberweisung,6.99,6,5.0,False,34.4,2024-03,Sunday
101015,2024-06-16,670,23.0,Nord,Haushalt,Pfannenset,1,53.95,0.0,Rechnung,4.99,2,5.0,False,53.95,2024-06,Sunday
102816,2023-02-20,1451,33.0,Nord,Elektronik,Kopfhörer,1,46.06,0.0,Lastschrift,2.99,4,4.0,False,46.06,2023-02,Monday
101631,2023-02-18,440,36.0,Ost,Elektronik,USB-Kabel,1,49.39,10.0,PayPal,2.99,5,5.0,False,44.451,2023-02,Saturday
102489,2024-01-24,1029,54.0,Ost,Elektronik,Kopfhörer,1,73.85,0.0,Rechnung,4.99,4,5.0,False,73.85,2024-01,Wednesday
103730,2023-09-01,238,26.0,West,Haushalt,Lampe,1,6.4,0.0,PayPal,2.99,1,4.0,False,6.4,2023-09,Friday
103251,2024-10-02,71,35.0,Nord,Mode,Mütze,1,70.31,5.0,PayPal,0.0,3,1.0,False,66.7945,2024-10,Wednesday
104681,2024-11-19,599,29.0,Ost,Sport,Hantel,1,4.48,0.0,Kreditkarte,2.99,1,4.0,False,4.48,2024-11,Tuesday
102070,2024-04-28,472,30.0,Süd,Haushalt,Bettwäsche,1,56.75,0.0,PayPal,2.99,7,4.0,False,56.75,2024-04,Sunday
104452,2024-11-05,200,56.0,Süd,Elektronik,Bluetooth-Lautsprecher,1,7.23,10.0,Kreditkarte,4.99,4,5.0,False,6.507000000000001,2024-11,Tuesday
104932,2024-04-02,842,34.0,Mitte,Elektronik,Bluetooth-Lautsprecher,1,31.73,0.0,Kreditkarte,2.99,2,4.0,False,31.73,2024-04,Tuesday
101635,2024-09-23,391,45.0,Mitte,Sport,Fitnessband,2,26.03,0.0,Sofortüberweisung,0.0,4,4.0,False,52.06,2024-09,Monday
104646,2024-01-10,801,43.0,Süd,Mode,T-Shirt,1,19.62,0.0,Rechnung,2.99,6,2.0,False,19.62,2024-01,Wednesday
102479,2023-03-15,1685,32.0,Nord,Mode,Jeans,1,68.65,0.0,PayPal,4.99,3,5.0,False,68.65,2023-03,Wednesday
102265,2023-01-02,1770,43.0,Süd,Bücher,Comic,2,4.14,10.0,Lastschrift,6.99,5,5.0,True,7.452,2023-01,Monday
102959,2024-02-08,1788,30.0,Süd,Sport,Hantel,1,39.86,0.0,Lastschrift,6.99,1,5.0,False,39.86,2024-02,Thursday
104780,2023-06-18,1469,66.0,Ost,Elektronik,Kopfhörer,2,42.34,0.0,Sofortüberweisung,6.99,2,2.0,False,84.68,2023-06,Sunday
103059,2023-04-23,438,21.0,West,Sport,Laufschuhe,1,24.58,0.0,Rechnung,6.99,7,4.0,False,24.58,2023-04,Sunday
102141,2023-12-02,1309,43.0,Süd,Sport,Fitnessband,1,19.36,0.0,Kreditkarte,6.99,4,4.0,False,19.36,2023-12,Saturday
103118,2024-07-06,194,35.0,Ost,Haushalt,Pfannenset,1,32.89,0.0,Lastschrift,0.0,3,4.0,False,32.89,2024-07,Saturday
104773,2023-09-28,1701,33.0,West,Elektronik,USB-Kabel,2,31.85,10.0,Kreditkarte,2.99,1,2.0,False,57.330000000000005,2023-09,Thursday
104045,2023-10-16,1089,40.0,Süd,Haushalt,Pfannenset,1,46.25,20.0,PayPal,2.99,2,1.0,False,37.0,2023-10,Monday
103356,2024-08-09,483,51.0,Ost,Sport,Fitnessband,2,53.09,0.0,Sofortüberweisung,2.99,4,5.0,False,106.18,2024-08,Friday
102744,2024-03-13,1091,38.0,Ost,Mode,Sneaker,1,34.64,10.0,Sofortüberweisung,6.99,3,3.0,False,31.176000000000002,2024-03,Wednesday
103506,2024-04-11,1577,33.0,Ost,Elektronik,Smartphone-Hülle,1,19.85,5.0,Kreditkarte,2.99,3,3.0,False,18.8575,2024-04,Thursday
101679,2024-03-25,286,45.0,Ost,Haushalt,Bettwäsche,1,42.66,15.0,Sofortüberweisung,0.0,5,4.0,False,36.260999999999996,2024-03,Monday
104249,2023-04-15,713,37.0,Mitte,Elektronik,Kopfhörer,2,24.56,0.0,Kreditkarte,2.99,7,5.0,True,49.12,2023-04,Saturday
103147,2024-04-17,230,34.0,Ost,Haushalt,Pfannenset,1,96.73,0.0,Lastschrift,2.99,3,2.0,False,96.73,2024-04,Wednesday
102294,2023-07-08,736,20.0,Mitte,Mode,T-Shirt,1,26.5,0.0,Lastschrift,2.99,1,5.0,False,26.5,2023-07,Saturday
100580,2023-10-28,1538,45.0,Mitte,Elektronik,Powerbank,3,7.73,0.0,Sofortüberweisung,2.99,3,4.0,False,23.19,2023-10,Saturday
101470,2024-03-23,1219,24.0,Süd,Haushalt,Kaffeemaschine,1,46.66,15.0,Sofortüberweisung,4.99,3,4.0,False,39.660999999999994,2024-03,Saturday
104070,2023-01-11,144,43.0,Nord,Haushalt,Bettwäsche,1,92.2,0.0,Kreditkarte,0.0,3,5.0,False,92.2,2023-01,Wednesday
103343,2023-03-04,917,27.0,Mitte,Haushalt,Pfannenset,2,63.35,0.0,Sofortüberweisung,2.99,4,5.0,False,126.7,2023-03,Saturday
104583,2024-01-06,1187,41.0,Nord,Mode,T-Shirt,2,25.48,0.0,Kreditkarte,6.99,3,-1.0,False,50.96,2024-01,Saturday
103672,2023-10-03,507,24.0,Mitte,Elektronik,USB-Kabel,2,51.82,0.0,PayPal,0.0,3,5.0,False,103.64,2023-10,Tuesday
100559,2024-07-28,1708,52.0,Ost,Bücher,Roman,2,18.09,15.0,Rechnung,2.99,4,3.0,False,30.753,2024-07,Sunday
102849,2024-10-02,585,51.0,Nord,Mode,T-Shirt,1,31.87,25.0,Sofortüberweisung,6.99,1,4.0,False,23.9025,2024-10,Wednesday
100512,2024-07-14,452,31.0,Ost,Elektronik,Smartphone-Hülle,1,29.72,0.0,Lastschrift,6.99,4,3.0,False,29.72,2024-07,Sunday
101081,2023-04-29,1213,69.0,Süd,Elektronik,Powerbank,4,23.02,0.0,PayPal,4.99,3,4.0,False,92.08,2023-04,Saturday
101664,2024-06-05,715,31.0,Süd,Sport,Trinkflasche,1,40.7,15.0,Rechnung,2.99,4,5.0,False,34.595,2024-06,Wednesday
101012,2023-06-22,1382,35.0,Süd,Haushalt,Bettwäsche,2,56.33,0.0,Lastschrift,0.0,4,-1.0,False,112.66,2023-06,Thursday
101931,2024-06-19,1548,43.0,West,Elektronik,Bluetooth-Lautsprecher,2,32.16,0.0,Lastschrift,0.0,3,4.0,False,64.32,2024-06,Wednesday
101150,2024-08-07,239,33.0,Nord,Elektronik,USB-Kabel,1,76.83,10.0,Rechnung,0.0,4,5.0,True,69.147,2024-08,Wednesday
102838,2024-11-13,190,59.0,Nord,Mode,Sneaker,1,32.93,0.0,Sofortüberweisung,2.99,5,5.0,False,32.93,2024-11,Wednesday
100116,2024-09-11,1790,36.0,Ost,Sport,Yogamatte,1,16.54,0.0,Lastschrift,2.99,3,5.0,False,16.54,2024-09,Wednesday
100740,2024-05-02,811,44.0,Mitte,Mode,Jacke,2,16.0,5.0,Lastschrift,0.0,4,5.0,False,30.4,2024-05,Thursday
104855,2024-04-02,944,23.0,Nord,Mode,Mütze,2,43.51,5.0,Lastschrift,0.0,4,5.0,False,82.669,2024-04,Tuesday
103675,2023-06-30,1784,27.0,Süd,Mode,T-Shirt,1,6.67,10.0,Sofortüberweisung,2.99,4,3.0,False,6.003,2023-06,Friday
100830,2024-03-04,779,39.0,Süd,Mode,T-Shirt,1,18.5,0.0,Sofortüberweisung,2.99,1,5.0,False,18.5,2024-03,Monday
100119,2023-06-22,340,29.0,Nord,Haushalt,Staubsauger,1,8.05,10.0,Kreditkarte,2.99,1,4.0,False,7.245000000000001,2023-06,Thursday
104828,2023-06-25,796,18.0,West,Bücher,Kinderbuch,1,11.3,15.0,PayPal,2.99,6,5.0,False,9.605,2023-06,Sunday
104787,2024-11-22,764,32.0,Nord,Bücher,Sachbuch,2,8.26,20.0,Sofortüberweisung,2.99,4,5.0,False,13.216000000000001,2024-11,Friday
100635,2024-03-19,1773,21.0,Ost,Bücher,Sachbuch,1,9.22,5.0,Kreditkarte,2.99,5,5.0,False,8.759,2024-03,Tuesday
104465,2023-09-14,674,50.0,Süd,Sport,Fitnessband,1,48.92,10.0,Sofortüberweisung,4.99,4,5.0,False,44.028000000000006,2023-09,Thursday
104364,2024-04-04,1733,25.0,Mitte,Sport,Fitnessband,1,35.18,0.0,Kreditkarte,0.0,4,5.0,False,35.18,2024-04,Thursday
104142,2023-12-12,603,46.0,Nord,Elektronik,Powerbank,2,37.12,5.0,Lastschrift,4.99,1,5.0,False,70.52799999999999,2023-12,Tuesday
100991,2023-08-28,918,48.0,West,Elektronik,Smartphone-Hülle,2,39.78,0.0,PayPal,4.99,6,4.0,False,79.56,2023-08,Monday
100876,2024-06-12,911,39.0,Ost,Mode,Jacke,1,16.43,0.0,Lastschrift,2.99,6,3.0,False,16.43,2024-06,Wednesday
100004,2024-07-24,1018,49.0,Ost,Haushalt,Staubsauger,1,36.12,5.0,Kreditkarte,4.99,3,5.0,False,34.31399999999999,2024-07,Wednesday
103051,2024-10-04,1749,39.0,Ost,Mode,T-Shirt,2,11.41,0.0,Rechnung,4.99,1,-1.0,False,22.82,2024-10,Friday
103124,2024-01-21,720,33.0,Mitte,Elektronik,USB-Kabel,2,55.47,0.0,Rechnung,2.99,3,4.0,False,110.94,2024-01,Sunday
102660,2024-07-13,1564,18.0,Mitte,Mode,Jeans,1,53.81,10.0,Kreditkarte,2.99,1,5.0,False,48.429,2024-07,Saturday
102491,2024-11-02,1055,29.0,Mitte,Bücher,Comic,1,14.94,0.0,Kreditkarte,2.99,4,5.0,False,14.94,2024-11,Saturday
103854,2024-02-24,111,20.0,Nord,Sport,Hantel,1,65.48,10.0,Kreditkarte,2.99,4,4.0,False,58.932,2024-02,Saturday
101715,2024-01-26,1735,29.0,West,Haushalt,Lampe,1,24.78,20.0,Rechnung,4.99,6,5.0,False,19.824,2024-01,Friday
101148,2023-11-11,585,43.0,West,Elektronik,Kopfhörer,1,35.93,0.0,Rechnung,4.99,3,3.0,False,35.93,2023-11,Saturday
103261,2023-07-30,207,35.0,Nord,Haushalt,Kaffeemaschine,1,70.47,20.0,Rechnung,0.0,3,4.0,False,56.376000000000005,2023-07,Sunday
100574,2024-05-16,721,18.0,Süd,Bücher,Kochbuch,1,17.41,0.0,Lastschrift,6.99,1,5.0,False,17.41,2024-05,Thursday
103769,2024-05-05,1311,21.0,Mitte,Sport,Fitnessband,1,47.63,0.0,Rechnung,2.99,4,5.0,False,47.63,2024-05,Sunday
103736,2023-10-03,1130,45.0,Süd,Mode,Mütze,1,25.11,15.0,Rechnung,2.99,2,4.0,False,21.3435,2023-10,Tuesday
104146,2024-11-28,75,52.0,Süd,Elektronik,Powerbank,1,79.98,0.0,Kreditkarte,4.99,5,1.0,False,79.98,2024-11,Thursday
100853,2024-06-21,920,39.0,Nord,Mode,Jacke,2,11.32,5.0,Lastschrift,2.99,3,4.0,False,21.508,2024-06,Friday
101982,2023-07-13,1703,35.0,Ost,Elektronik,Kopfhörer,1,32.04,0.0,Sofortüberweisung,2.99,3,5.0,False,32.04,2023-07,Thursday
102774,2024-09-17,725,53.0,Ost,Bücher,Roman,2,9.02,0.0,Sofortüberweisung,0.0,1,4.0,False,18.04,2024-09,Tuesday
101166,2024-08-25,1094,70.0,West,Mode,Jeans,1,47.91,20.0,Kreditkarte,2.99,3,4.0,False,38.327999999999996,2024-08,Sunday
100971,2024-04-02,237,52.0,Süd,Mode,T-Shirt,2,47.93,0.0,PayPal,0.0,1,5.0,False,95.86,2024-04,Tuesday
102701,2023-11-20,1097,26.0,West,Elektronik,USB-Kabel,1,31.51,0.0,Kreditkarte,2.99,4,3.0,False,31.51,2023-11,Monday
104495,2023-06-30,677,48.0,West,Haushalt,Staubsauger,2,36.28,10.0,Kreditkarte,2.99,7,-1.0,False,65.304,2023-06,Friday
103847,2023-03-03,1401,60.0,Nord,Mode,Mütze,1,17.77,0.0,Lastschrift,4.99,2,5.0,False,17.77,2023-03,Friday
102368,2023-03-23,372,35.0,Nord,Haushalt,Bettwäsche,1,34.51,0.0,Kreditkarte,6.99,1,5.0,False,34.51,2023-03,Thursday
104115,2023-09-15,605,33.0,West,Mode,Jeans,1,36.9,15.0,Sofortüberweisung,0.0,4,4.0,False,31.365,2023-09,Friday
104131,2024-04-07,242,26.0,Süd,Elektronik,Powerbank,1,21.85,0.0,Sofortüberweisung,6.99,5,4.0,False,21.85,2024-04,Sunday
102950,2023-07-27,1515,23.0,West,Elektronik,Bluetooth-Lautsprecher,1,45.33,0.0,Sofortüberweisung,0.0,3,4.0,True,45.33,2023-07,Thursday
100524,2024-06-16,812,44.0,Nord,Sport,Laufschuhe,5,13.74,0.0,Kreditkarte,6.99,1,5.0,False,68.7,2024-06,Sunday
102455,2023-01-05,519,45.0,West,Sport,Hantel,1,20.46,0.0,Rechnung,4.99,3,4.0,False,20.46,2023-01,Thursday
101841,2024-07-06,1094,49.0,Nord,Mode,T-Shirt,1,37.74,0.0,PayPal,2.99,3,3.0,False,37.74,2024-07,Saturday
100537,2023-07-29,1184,45.0,Ost,Bücher,Roman,1,31.26,0.0,PayPal,2.99,4,-1.0,False,31.26,2023-07,Saturday
102806,2024-11-13,1515,45.0,Nord,Elektronik,USB-Kabel,1,38.04,10.0,PayPal,0.0,1,1.0,False,34.236,2024-11,Wednesday
104341,2024-02-19,1543,59.0,Süd,Elektronik,Bluetooth-Lautsprecher,2,95.33,10.0,Sofortüberweisung,0.0,3,4.0,False,171.594,2024-02,Monday
103175,2023-12-08,76,39.0,Ost,Mode,Jacke,1,25.42,5.0,Rechnung,0.0,2,5.0,False,24.149,2023-12,Friday
100784,2024-01-23,1117,40.0,Nord,Haushalt,Bettwäsche,5,69.9,15.0,Rechnung,4.99,5,2.0,False,297.075,2024-01,Tuesday
104057,2023-06-10,379,26.0,Mitte,Elektronik,Bluetooth-Lautsprecher,1,45.87,0.0,Rechnung,2.99,5,4.0,False,45.87,2023-06,Saturday
101409,2023-05-06,1333,47.0,Mitte,Haushalt,Lampe,1,69.88,10.0,PayPal,4.99,4,4.0,False,62.891999999999996,2023-05,Saturday
102537,2023-03-04,1623,34.0,Süd,Sport,Hantel,3,32.01,15.0,Sofortüberweisung,0.0,2,-1.0,True,81.6255,2023-03,Saturday
100154,2024-02-23,1631,51.0,Mitte,Sport,Yogamatte,1,41.59,0.0,PayPal,4.99,4,4.0,False,41.59,2024-02,Friday
103009,2023-09-24,1569,40.0,West,Bücher,Sachbuch,4,55.17,0.0,Rechnung,2.99,1,4.0,False,220.68,2023-09,Sunday
101686,2023-10-24,1506,39.0,West,Elektronik,Smartphone-Hülle,1,57.3,0.0,Rechnung,2.99,3,4.0,False,57.3,2023-10,Tuesday
102901,2023-08-25,970,21.0,West,Mode,Jeans,1,22.17,20.0,PayPal,2.99,3,5.0,False,17.736,2023-08,Friday
104999,2023-06-06,1353,25.0,Mitte,Elektronik,Powerbank,1,75.97,0.0,Lastschrift,0.0,1,2.0,True,75.97,2023-06,Tuesday
104721,2023-08-31,927,27.0,Nord,Bücher,Kinderbuch,3,9.12,5.0,Rechnung,2.99,4,5.0,False,25.991999999999997,2023-08,Thursday
103863,2023-11-26,507,45.0,Mitte,Haushalt,Lampe,1,78.21,5.0,Lastschrift,2.99,4,-1.0,False,74.2995,2023-11,Sunday
102733,2024-10-19,902,33.0,Süd,Bücher,Kinderbuch,2,11.39,0.0,Rechnung,0.0,4,5.0,False,22.78,2024-10,Saturday
101895,2024-10-18,903,35.0,Süd,Bücher,Kinderbuch,2,7.76,15.0,Rechnung,4.99,4,-1.0,False,13.192,2024-10,Friday
100569,2024-05-10,1714,49.0,Süd,Elektronik,Smartphone-Hülle,1,593.270076917929,20.0,Lastschrift,0.0,1,2.0,False,474.61606153434326,2024-05,Friday
101816,2024-09-21,1200,27.0,Nord,Elektronik,Powerbank,2,23.3,0.0,PayPal,4.99,3,4.0,False,46.6,2024-09,Saturday
102065,2023-09-26,1186,55.0,Nord,Mode,Jeans,1,11.62,0.0,Sofortüberweisung,0.0,3,2.0,False,11.62,2023-09,Tuesday
100127,2023-06-13,1343,31.0,West,Elektronik,USB-Kabel,1,57.82,20.0,Sofortüberweisung,6.99,3,5.0,False,46.256,2023-06,Tuesday
103394,2023-12-24,804,43.0,Ost,Elektronik,Powerbank,1,41.62,0.0,Kreditkarte,0.0,3,-1.0,False,41.62,2023-12,Sunday
103327,2023-02-05,740,49.0,Süd,Bücher,Roman,1,14.74,0.0,Rechnung,0.0,5,4.0,False,14.74,2023-02,Sunday
102975,2024-12-06,1176,26.0,Mitte,Bücher,Kochbuch,2,2.23,0.0,PayPal,4.99,4,3.0,True,4.46,2024-12,Friday
100980,2024-06-19,100,28.0,Süd,Bücher,Kinderbuch,1,34.06,0.0,Rechnung,0.0,3,3.0,False,34.06,2024-06,Wednesday
102300,2024-11-16,1365,38.0,Ost,Mode,T-Shirt,1,30.16,15.0,Sofortüberweisung,2.99,3,5.0,False,25.636,2024-11,Saturday
100190,2023-09-02,893,35.0,Nord,Mode,Mütze,2,18.76,15.0,PayPal,6.99,2,3.0,False,31.892000000000003,2023-09,Saturday
101139,2023-08-17,792,32.0,Nord,Haushalt,Kaffeemaschine,1,24.95,0.0,Lastschrift,4.99,3,3.0,False,24.95,2023-08,Thursday
100699,2024-09-30,1717,18.0,Süd,Haushalt,Staubsauger,1,34.65,15.0,Rechnung,6.99,2,5.0,False,29.452499999999997,2024-09,Monday
104829,2024-03-26,94,39.0,Süd,Bücher,Sachbuch,1,15.81,5.0,Lastschrift,2.99,7,5.0,False,15.019499999999999,2024-03,Tuesday
100606,2023-05-23,1538,27.0,West,Bücher,Comic,1,31.58,20.0,Lastschrift,2.99,6,4.0,False,25.264,2023-05,Tuesday
104276,2024-07-01,1481,45.0,Ost,Sport,Fitnessband,1,25.74,15.0,Rechnung,0.0,3,5.0,False,21.878999999999998,2024-07,Monday
100301,2024-03-07,1647,42.0,Ost,Haushalt,Bettwäsche,1,40.25,0.0,Rechnung,4.99,5,3.0,False,40.25,2024-03,Thursday
103420,2023-08-10,1583,22.0,Nord,Mode,Jacke,1,17.59,0.0,Sofortüberweisung,4.99,3,-1.0,False,17.59,2023-08,Thursday
104869,2023-12-25,1661,58.0,West,Haushalt,Lampe,1,105.38,0.0,Kreditkarte,4.99,1,4.0,False,105.38,2023-12,Monday
101060,2024-06-01,7,18.0,West,Mode,Mütze,1,4.7,0.0,Lastschrift,4.99,2,5.0,False,4.7,2024-06,Saturday
102565,2023-03-17,120,20.0,Ost,Mode,Sneaker,1,6.02,0.0,Lastschrift,0.0,3,4.0,False,6.02,2023-03,Friday
101069,2024-11-19,434,41.0,Nord,Mode,T-Shirt,2,36.09,0.0,PayPal,2.99,1,5.0,False,72.18,2024-11,Tuesday
102524,2024-07-29,704,57.0,Mitte,Haushalt,Lampe,2,20.9,0.0,Sofortüberweisung,0.0,1,5.0,False,41.8,2024-07,Monday
102205,2024-05-20,1176,50.0,West,Sport,Laufschuhe,1,61.7,0.0,PayPal,2.99,3,2.0,False,61.7,2024-05,Monday
101243,2023-11-14,1546,35.0,Nord,Bücher,Roman,1,27.26,0.0,Rechnung,0.0,7,5.0,False,27.26,2023-11,Tuesday
100016,2023-04-01,1074,54.0,Ost,Elektronik,USB-Kabel,1,53.2,5.0,Kreditkarte,0.0,2,4.0,False,50.54,2023-04,Saturday
103120,2023-02-07,143,18.0,Ost,Sport,Fitnessband,1,26.79,0.0,Sofortüberweisung,2.99,3,4.0,True,26.79,2023-02,Tuesday
104642,2023-03-23,369,30.0,Nord,Mode,Mütze,1,51.68,0.0,Kreditkarte,2.99,3,5.0,False,51.68,2023-03,Thursday
104754,2024-12-30,1651,30.0,Mitte,Haushalt,Lampe,1,36.71,20.0,PayPal,4.99,4,5.0,False,29.368000000000002,2024-12,Monday
100815,2023-01-30,797,39.0,Mitte,Mode,Jacke,1,88.09,0.0,Lastschrift,2.99,4,4.0,False,88.09,2023-01,Monday
103067,2024-01-30,1735,44.0,Mitte,Haushalt,Staubsauger,4,25.4,0.0,Sofortüberweisung,6.99,2,2.0,False,101.6,2024-01,Tuesday
104833,2023-02-22,1444,23.0,Nord,Mode,Sneaker,1,40.82,0.0,PayPal,6.99,7,4.0,False,40.82,2023-02,Wednesday
100959,2024-11-11,1301,41.0,Mitte,Elektronik,Powerbank,1,39.86,0.0,Sofortüberweisung,4.99,6,-1.0,False,39.86,2024-11,Monday
100225,2024-01-24,1735,23.0,Nord,Mode,Jeans,1,63.05,0.0,Sofortüberweisung,0.0,5,5.0,False,63.05,2024-01,Wednesday
103354,2024-06-21,1522,18.0,Ost,Haushalt,Kaffeemaschine,1,6.55,0.0,Sofortüberweisung,0.0,1,5.0,True,6.55,2024-06,Friday
102485,2024-09-24,1171,47.0,Süd,Mode,Mütze,3,34.25,0.0,Kreditkarte,4.99,1,4.0,False,102.75,2024-09,Tuesday
100562,2024-04-07,371,49.0,Mitte,Mode,Sneaker,3,28.64,0.0,Rechnung,2.99,3,4.0,False,85.92,2024-04,Sunday
103436,2024-02-21,695,33.0,Ost,Elektronik,Bluetooth-Lautsprecher,4,7.2,0.0,Sofortüberweisung,2.99,3,4.0,False,28.8,2024-02,Wednesday
101693,2023-07-11,1133,38.0,Mitte,Mode,Sneaker,1,26.34,15.0,Lastschrift,0.0,3,3.0,False,22.389,2023-07,Tuesday
101045,2024-11-18,427,36.0,West,Elektronik,Smartphone-Hülle,1,57.44,0.0,PayPal,4.99,4,2.0,False,57.44,2024-11,Monday
103446,2024-09-23,687,18.0,Süd,Elektronik,USB-Kabel,1,58.64,0.0,Sofortüberweisung,2.99,2,4.0,False,58.64,2024-09,Monday
104565,2024-07-01,874,45.0,Ost,Elektronik,Smartphone-Hülle,2,63.38,0.0,Rechnung,0.0,3,5.0,False,126.76,2024-07,Monday
100954,2024-02-03,1480,50.0,Ost,Sport,Trinkflasche,1,33.65,0.0,Sofortüberweisung,2.99,3,5.0,False,33.65,2024-02,Saturday
102735,2024-09-02,1470,34.0,Süd,Elektronik,Bluetooth-Lautsprecher,2,32.83,0.0,Sofortüberweisung,2.99,3,4.0,False,65.66,2024-09,Monday
104953,2023-09-07,849,44.0,Süd,Mode,T-Shirt,1,41.62,10.0,Kreditkarte,0.0,6,3.0,False,37.458,2023-09,Thursday
104735,2023-03-02,748,58.0,Nord,Sport,Trinkflasche,1,26.06,5.0,Lastschrift,4.99,1,-1.0,False,24.756999999999998,2023-03,Thursday
104872,2024-04-10,496,46.0,Ost,Elektronik,Bluetooth-Lautsprecher,2,52.59,5.0,Rechnung,0.0,1,5.0,False,99.921,2024-04,Wednesday
101218,2024-08-05,700,39.0,Mitte,Bücher,Roman,1,13.94,0.0,Rechnung,0.0,2,4.0,False,13.94,2024-08,Monday
101527,2024-11-26,1672,39.0,West,Bücher,Kinderbuch,2,12.68,0.0,Lastschrift,6.99,2,4.0,False,25.36,2024-11,Tuesday
103987,2024-09-21,1478,38.0,Nord,Elektronik,Powerbank,1,25.62,0.0,Sofortüberweisung,2.99,4,-1.0,False,25.62,2024-09,Saturday
101300,2024-11-27,1231,38.0,West,Haushalt,Kaffeemaschine,1,29.09,5.0,Kreditkarte,2.99,1,5.0,False,27.635499999999997,2024-11,Wednesday
104941,2023-12-13,918,20.0,Nord,Mode,T-Shirt,1,27.2,0.0,Kreditkarte,2.99,4,5.0,False,27.2,2023-12,Wednesday
100160,2024-02-18,1005,41.0,Nord,Mode,Jacke,4,34.17,10.0,PayPal,2.99,3,5.0,False,123.01200000000001,2024-02,Sunday
104067,2024-10-28,116,39.0,Süd,Haushalt,Lampe,1,55.79,0.0,PayPal,4.99,6,3.0,False,55.79,2024-10,Monday
100956,2023-12-12,1509,37.0,Nord,Mode,T-Shirt,1,803.7415827862288,0.0,Lastschrift,2.99,3,5.0,False,803.7415827862288,2023-12,Tuesday
103791,2023-04-05,1059,47.0,Süd,Elektronik,Smartphone-Hülle,1,59.97,0.0,Lastschrift,0.0,4,5.0,False,59.97,2023-04,Wednesday
103234,2024-06-04,294,34.0,Süd,Bücher,Kinderbuch,2,3.64,0.0,Sofortüberweisung,4.99,3,-1.0,False,7.28,2024-06,Tuesday
102869,2023-02-15,1328,41.0,West,Haushalt,Lampe,1,27.39,5.0,Lastschrift,6.99,1,5.0,False,26.0205,2023-02,Wednesday
103777,2023-11-24,963,35.0,Süd,Haushalt,Lampe,1,87.05,0.0,Lastschrift,4.99,5,5.0,False,87.05,2023-11,Friday
104433,2024-06-13,1606,41.0,Ost,Mode,Jeans,1,10.13,0.0,Sofortüberweisung,4.99,4,4.0,False,10.13,2024-06,Thursday
102961,2024-04-28,138,38.0,Süd,Haushalt,Pfannenset,1,41.5,0.0,Sofortüberweisung,4.99,4,4.0,False,41.5,2024-04,Sunday
102200,2023-06-02,606,39.0,Nord,Elektronik,Bluetooth-Lautsprecher,2,33.65,10.0,Lastschrift,2.99,1,1.0,False,60.57,2023-06,Friday
100098,2024-12-05,1148,18.0,Mitte,Bücher,Roman,2,8.63,0.0,Lastschrift,2.99,5,5.0,False,17.26,2024-12,Thursday
102557,2024-04-09,1151,33.0,Mitte,Sport,Yogamatte,2,35.3,20.0,PayPal,0.0,4,4.0,False,56.48,2024-04,Tuesday
103183,2024-03-19,561,25.0,West,Mode,T-Shirt,1,16.59,10.0,Kreditkarte,2.99,5,5.0,False,14.931000000000001,2024-03,Tuesday
100253,2024-11-16,1479,34.0,Nord,Haushalt,Staubsauger,1,55.63,15.0,Lastschrift,2.99,4,5.0,False,47.2855,2024-11,Saturday
103923,2024-02-07,52,39.0,West,Elektronik,Bluetooth-Lautsprecher,1,48.12,5.0,Kreditkarte,4.99,1,2.0,False,45.714,2024-02,Wednesday
104199,2024-08-01,1629,45.0,Süd,Mode,Jeans,3,22.0,0.0,Rechnung,2.99,3,5.0,False,66.0,2024-08,Thursday
101445,2024-09-05,239,30.0,Mitte,Haushalt,Pfannenset,1,57.4,0.0,Rechnung,2.99,6,2.0,False,57.4,2024-09,Thursday
101648,2024-04-20,664,26.0,Nord,Bücher,Sachbuch,1,7.69,15.0,Kreditkarte,2.99,7,5.0,False,6.5365,2024-04,Saturday
104682,2023-01-29,1133,35.0,Mitte,Elektronik,USB-Kabel,2,15.08,0.0,Lastschrift,0.0,5,3.0,False,30.16,2023-01,Sunday
104723,2023-08-10,181,54.0,Süd,Elektronik,Smartphone-Hülle,1,39.91,20.0,PayPal,4.99,3,2.0,False,31.927999999999997,2023-08,Thursday
103991,2023-12-13,1270,37.0,West,Bücher,Roman,1,26.01,0.0,Lastschrift,2.99,5,4.0,False,26.01,2023-12,Wednesday
101696,2023-04-23,1099,35.0,Süd,Mode,Mütze,1,24.8,0.0,Kreditkarte,0.0,2,3.0,False,24.8,2023-04,Sunday
103191,2024-10-28,179,24.0,Ost,Haushalt,Lampe,1,40.56,0.0,Rechnung,6.99,4,3.0,False,40.56,2024-10,Monday
104499,2023-07-11,1260,41.0,Nord,Sport,Yogamatte,2,23.21,15.0,Sofortüberweisung,0.0,2,5.0,False,39.457,2023-07,Tuesday
101154,2024-05-06,300,48.0,Mitte,Mode,Jacke,2,94.07,20.0,PayPal,6.99,4,4.0,False,150.512,2024-05,Monday
102255,2024-05-30,628,40.0,Ost,Elektronik,Bluetooth-Lautsprecher,2,33.85,0.0,Kreditkarte,0.0,3,4.0,False,67.7,2024-05,Thursday
101682,2023-08-07,1675,21.0,Nord,Mode,Jacke,1,27.89,15.0,Sofortüberweisung,0.0,4,2.0,False,23.7065,2023-08,Monday
103170,2023-05-12,278,32.0,Mitte,Bücher,Roman,3,13.82,15.0,Sofortüberweisung,4.99,3,5.0,False,35.241,2023-05,Friday
102056,2024-08-21,975,26.0,Süd,Haushalt,Kaffeemaschine,1,105.3,20.0,PayPal,0.0,2,5.0,False,84.24000000000001,2024-08,Wednesday
104090,2024-11-30,918,45.0,Nord,Mode,T-Shirt,1,21.6,0.0,Rechnung,4.99,4,4.0,True,21.6,2024-11,Saturday
103108,2024-07-02,497,45.0,West,Mode,Sneaker,1,46.27,20.0,Sofortüberweisung,0.0,3,5.0,False,37.016000000000005,2024-07,Tuesday
104548,2023-03-14,1257,38.0,Süd,Mode,Sneaker,3,31.23,0.0,Kreditkarte,0.0,3,4.0,False,93.69,2023-03,Tuesday
103723,2023-01-24,1411,38.0,Nord,Elektronik,Kopfhörer,1,57.75,20.0,Sofortüberweisung,2.99,3,5.0,False,46.2,2023-01,Tuesday
102049,2023-11-09,1553,44.0,Nord,Sport,Laufschuhe,1,32.41,0.0,PayPal,2.99,5,5.0,False,32.41,2023-11,Thursday
103643,2023-05-31,1315,29.0,Ost,Elektronik,Kopfhörer,3,10.11,0.0,Lastschrift,6.99,5,3.0,False,30.33,2023-05,Wednesday
104977,2023-03-16,850,52.0,West,Mode,Jeans,2,28.93,0.0,Kreditkarte,2.99,7,5.0,False,57.86,2023-03,Thursday
100623,2024-01-12,1548,44.0,Süd,Elektronik,Bluetooth-Lautsprecher,1,33.82,5.0,PayPal,6.99,1,5.0,False,32.129,2024-01,Friday
100262,2024-01-04,1797,50.0,Nord,Haushalt,Pfannenset,2,35.42,15.0,PayPal,4.99,4,5.0,False,60.214,2024-01,Thursday
103369,2024-05-21,523,35.0,West,Bücher,Comic,2,15.27,10.0,PayPal,2.99,2,4.0,False,27.486,2024-05,Tuesday
104061,2024-06-01,990,57.0,Ost,Mode,Jacke,2,7.52,0.0,Lastschrift,4.99,5,4.0,False,15.04,2024-06,Saturday
101802,2023-12-07,781,18.0,Süd,Mode,T-Shirt,1,13.98,0.0,PayPal,0.0,4,5.0,False,13.98,2023-12,Thursday
104736,2024-08-31,439,38.0,Nord,Haushalt,Pfannenset,3,50.13,5.0,Rechnung,4.99,3,5.0,False,142.87050000000002,2024-08,Saturday
102385,2024-10-01,136,40.0,Ost,Sport,Fitnessband,2,29.3,0.0,Kreditkarte,4.99,4,5.0,False,58.6,2024-10,Tuesday
101959,2023-04-29,238,40.0,Süd,Elektronik,Smartphone-Hülle,1,33.6,0.0,Lastschrift,2.99,2,5.0,False,33.6,2023-04,Saturday
102976,2024-02-17,926,26.0,Süd,Haushalt,Staubsauger,2,67.45,0.0,Kreditkarte,0.0,5,4.0,False,134.9,2024-02,Saturday
100488,2024-12-01,1714,18.0,Ost,Haushalt,Pfannenset,3,85.81,0.0,Kreditkarte,4.99,5,4.0,False,257.43,2024-12,Sunday
101843,2023-01-31,205,34.0,Ost,Mode,Sneaker,1,18.85,0.0,PayPal,2.99,4,5.0,False,18.85,2023-01,Tuesday
101734,2023-07-15,510,31.0,Nord,Sport,Trinkflasche,1,30.28,0.0,Sofortüberweisung,6.99,5,4.0,False,30.28,2023-07,Saturday
102911,2023-11-20,1793,18.0,Mitte,Elektronik,Kopfhörer,1,58.01,10.0,PayPal,4.99,8,2.0,False,52.208999999999996,2023-11,Monday
103219,2024-08-23,292,55.0,Ost,Sport,Hantel,5,43.78,15.0,Rechnung,2.99,6,5.0,False,186.065,2024-08,Friday
100146,2023-06-26,558,33.0,Nord,Sport,Trinkflasche,2,18.2,25.0,Rechnung,2.99,2,3.0,False,27.299999999999997,2023-06,Monday
101986,2023-04-06,1362,23.0,Süd,Mode,Sneaker,1,10.05,20.0,Sofortüberweisung,4.99,8,4.0,False,8.040000000000001,2023-04,Thursday
101369,2023-06-19,124,28.0,Nord,Bücher,Sachbuch,2,12.47,10.0,PayPal,4.99,1,-1.0,False,22.446,2023-06,Monday
102811,2023-07-03,636,37.0,West,Elektronik,Bluetooth-Lautsprecher,1,70.54,15.0,Rechnung,2.99,3,3.0,False,59.959,2023-07,Monday
100659,2023-08-03,835,18.0,Nord,Bücher,Kinderbuch,1,15.94,0.0,Sofortüberweisung,4.99,4,4.0,False,15.94,2023-08,Thursday
101794,2024-08-15,494,40.0,Nord,Bücher,Sachbuch,1,21.01,0.0,Rechnung,4.99,2,4.0,False,21.01,2024-08,Thursday
102511,2024-08-27,392,50.0,Mitte,Sport,Fitnessband,1,30.75,0.0,Sofortüberweisung,2.99,5,5.0,False,30.75,2024-08,Tuesday
103397,2024-12-02,1122,38.0,Ost,Bücher,Sachbuch,1,17.26,0.0,Kreditkarte,0.0,3,5.0,False,17.26,2024-12,Monday
104282,2023-07-01,499,18.0,West,Mode,Mütze,2,41.37,15.0,PayPal,6.99,3,1.0,False,70.329,2023-07,Saturday
101147,2024-06-07,1358,40.0,West,Elektronik,Smartphone-Hülle,2,66.08,0.0,Sofortüberweisung,6.99,4,4.0,False,132.16,2024-06,Friday
103272,2024-08-08,744,57.0,Mitte,Sport,Fitnessband,5,42.63,10.0,Rechnung,4.99,3,3.0,False,191.835,2024-08,Thursday
100608,2024-05-18,1369,52.0,West,Elektronik,USB-Kabel,1,26.33,0.0,Sofortüberweisung,2.99,1,4.0,False,26.33,2024-05,Saturday
103582,2023-07-29,378,36.0,Süd,Sport,Yogamatte,1,30.2,5.0,Lastschrift,4.99,6,-1.0,False,28.689999999999998,2023-07,Saturday
101930,2023-11-26,1001,38.0,Nord,Mode,Jacke,3,42.41,0.0,Kreditkarte,6.99,6,5.0,False,127.22999999999999,2023-11,Sunday
100197,2023-05-02,1707,55.0,Süd,Sport,Trinkflasche,1,70.55,5.0,PayPal,2.99,3,5.0,False,67.0225,2023-05,Tuesday
102931,2024-12-17,1287,43.0,Ost,Haushalt,Pfannenset,1,38.19,0.0,Lastschrift,6.99,4,1.0,False,38.19,2024-12,Tuesday
102327,2024-03-01,832,41.0,Ost,Bücher,Comic,1,6.09,0.0,Sofortüberweisung,0.0,6,2.0,False,6.09,2024-03,Friday
104389,2024-07-24,1407,43.0,Mitte,Elektronik,USB-Kabel,5,11.99,0.0,Kreditkarte,0.0,5,-1.0,True,59.95,2024-07,Wednesday
100766,2024-12-24,583,28.0,West,Mode,T-Shirt,2,12.0,0.0,PayPal,6.99,7,4.0,False,24.0,2024-12,Tuesday
104496,2024-11-08,330,58.0,Mitte,Sport,Laufschuhe,1,34.19,0.0,Sofortüberweisung,4.99,2,5.0,False,34.19,2024-11,Friday
104218,2024-04-19,495,56.0,Ost,Sport,Laufschuhe,2,27.84,0.0,Lastschrift,0.0,1,5.0,False,55.68,2024-04,Friday
103255,2024-01-13,1672,50.0,Süd,Sport,Yogamatte,1,40.23,0.0,Sofortüberweisung,2.99,2,-1.0,False,40.23,2024-01,Saturday
100202,2023-12-30,946,37.0,West,Elektronik,Powerbank,2,34.41,0.0,Rechnung,4.99,6,5.0,False,68.82,2023-12,Saturday
103510,2023-07-09,210,31.0,Ost,Haushalt,Lampe,1,30.85,0.0,Sofortüberweisung,6.99,3,3.0,False,30.85,2023-07,Sunday
101733,2023-05-06,1592,27.0,Mitte,Haushalt,Lampe,1,35.36,0.0,Sofortüberweisung,0.0,6,5.0,False,35.36,2023-05,Saturday
102777,2023-10-25,1258,49.0,Ost,Sport,Trinkflasche,1,21.91,0.0,Lastschrift,2.99,4,5.0,False,21.91,2023-10,Wednesday
101707,2023-12-14,1570,28.0,West,Mode,Jacke,1,14.03,0.0,PayPal,6.99,1,5.0,False,14.03,2023-12,Thursday
103474,2024-02-26,1103,32.0,West,Bücher,Comic,1,4.24,10.0,Sofortüberweisung,0.0,4,4.0,False,3.8160000000000003,2024-02,Monday
100854,2024-12-10,727,48.0,Mitte,Bücher,Sachbuch,1,5.23,0.0,Rechnung,2.99,6,5.0,False,5.23,2024-12,Tuesday
104737,2024-06-08,451,43.0,Nord,Elektronik,Bluetooth-Lautsprecher,1,26.98,0.0,Sofortüberweisung,4.99,6,1.0,False,26.98,2024-06,Saturday
104097,2023-11-15,942,28.0,West,Mode,T-Shirt,1,10.84,0.0,Rechnung,4.99,6,5.0,False,10.84,2023-11,Wednesday
102160,2024-10-19,1645,27.0,Ost,Sport,Laufschuhe,2,14.46,20.0,Lastschrift,2.99,5,5.0,True,23.136000000000003,2024-10,Saturday
100698,2023-08-12,957,33.0,Mitte,Mode,Jeans,1,25.6,0.0,Kreditkarte,0.0,4,5.0,False,25.6,2023-08,Saturday
104997,2023-11-21,167,46.0,West,Elektronik,Smartphone-Hülle,1,36.2,10.0,Rechnung,4.99,6,4.0,False,32.580000000000005,2023-11,Tuesday
102999,2023-06-06,980,25.0,Süd,Sport,Fitnessband,1,10.15,0.0,Kreditkarte,4.99,3,1.0,False,10.15,2023-06,Tuesday
103696,2023-05-20,1284,35.0,Nord,Haushalt,Lampe,1,26.83,15.0,PayPal,0.0,2,5.0,False,22.8055,2023-05,Saturday
101636,2023-02-17,300,38.0,Nord,Sport,Yogamatte,1,57.94,0.0,Rechnung,0.0,4,4.0,False,57.94,2023-02,Friday
103457,2023-11-01,765,34.0,Mitte,Mode,Jacke,1,38.35,10.0,Rechnung,0.0,5,4.0,False,34.515,2023-11,Wednesday
103581,2024-01-14,535,47.0,Mitte,Bücher,Comic,1,17.11,10.0,Sofortüberweisung,0.0,5,4.0,False,15.399,2024-01,Sunday
101291,2023-03-15,256,33.0,West,Haushalt,Lampe,1,60.19,0.0,Rechnung,6.99,5,4.0,False,60.19,2023-03,Wednesday
104659,2024-11-11,928,35.0,Nord,Elektronik,Powerbank,1,21.89,10.0,Lastschrift,2.99,5,1.0,False,19.701,2024-11,Monday
101853,2023-05-14,1568,18.0,Süd,Bücher,Comic,1,34.61,10.0,Lastschrift,6.99,2,3.0,False,31.149,2023-05,Sunday
103763,2024-03-09,470,37.0,West,Haushalt,Staubsauger,1,57.48,5.0,Sofortüberweisung,2.99,3,5.0,False,54.605999999999995,2024-03,Saturday
103304,2024-07-10,1261,25.0,Nord,Mode,Sneaker,2,14.92,0.0,PayPal,2.99,1,3.0,False,29.84,2024-07,Wednesday
104962,2024-08-09,1156,41.0,Mitte,Elektronik,Kopfhörer,2,46.24,5.0,Kreditkarte,2.99,3,4.0,False,87.856,2024-08,Friday
103743,2024-05-18,884,45.0,Nord,Haushalt,Kaffeemaschine,1,30.9,15.0,Rechnung,4.99,3,5.0,False,26.264999999999997,2024-05,Saturday
103445,2024-10-06,396,39.0,Ost,Mode,T-Shirt,3,34.82,0.0,Rechnung,0.0,1,3.0,False,104.46000000000001,2024-10,Sunday
101998,2024-04-03,110,44.0,Süd,Elektronik,Kopfhörer,3,32.36,0.0,Lastschrift,2.99,6,4.0,False,97.08,2024-04,Wednesday
100663,2023-01-16,1655,19.0,Ost,Mode,T-Shirt,1,57.53,0.0,Lastschrift,2.99,1,4.0,False,57.53,2023-01,Monday
104779,2023-01-25,1325,28.0,Süd,Sport,Yogamatte,1,157.64,0.0,Lastschrift,0.0,3,3.0,False,157.64,2023-01,Wednesday
103748,2023-10-27,1189,47.0,Ost,Mode,Mütze,2,35.43,10.0,Rechnung,4.99,6,1.0,False,63.774,2023-10,Friday
104413,2023-09-03,701,25.0,Nord,Bücher,Kochbuch,3,20.05,10.0,Rechnung,2.99,3,5.0,False,54.135000000000005,2023-09,Sunday
104744,2023-07-08,3,33.0,Ost,Elektronik,Bluetooth-Lautsprecher,1,13.88,15.0,Rechnung,0.0,4,-1.0,False,11.798,2023-07,Saturday
100709,2023-07-01,1261,43.0,Ost,Bücher,Roman,4,18.15,15.0,Rechnung,2.99,8,4.0,False,61.709999999999994,2023-07,Saturday
101282,2024-04-02,1382,32.0,Ost,Elektronik,Powerbank,2,28.09,0.0,Lastschrift,4.99,3,-1.0,False,56.18,2024-04,Tuesday
102675,2023-04-05,692,46.0,Ost,Elektronik,USB-Kabel,3,39.39,0.0,Lastschrift,0.0,3,5.0,False,118.17,2023-04,Wednesday
104029,2023-01-26,845,26.0,West,Elektronik,USB-Kabel,1,34.77,0.0,Rechnung,6.99,4,5.0,False,34.77,2023-01,Thursday
101306,2023-02-03,1045,22.0,Mitte,Sport,Fitnessband,1,58.99,20.0,Lastschrift,2.99,3,2.0,False,47.19200000000001,2023-02,Friday
102237,2023-11-08,243,42.0,West,Mode,Jeans,1,4.06,0.0,PayPal,2.99,4,4.0,False,4.06,2023-11,Wednesday
103302,2023-07-30,1024,32.0,West,Mode,Jeans,2,39.1,0.0,Lastschrift,6.99,1,4.0,False,78.2,2023-07,Sunday
102038,2023-09-17,315,43.0,Süd,Sport,Hantel,4,54.16,10.0,Rechnung,4.99,4,3.0,False,194.976,2023-09,Sunday
101529,2024-07-24,1670,39.0,Süd,Sport,Hantel,1,33.56,0.0,PayPal,2.99,1,5.0,False,33.56,2024-07,Wednesday
101663,2023-07-24,115,44.0,Ost,Sport,Fitnessband,2,28.75,0.0,PayPal,4.99,1,4.0,False,57.5,2023-07,Monday
104984,2024-07-13,866,43.0,Süd,Haushalt,Bettwäsche,1,26.85,0.0,PayPal,0.0,2,4.0,False,26.85,2024-07,Saturday
103627,2024-07-07,1327,46.0,Ost,Elektronik,USB-Kabel,2,24.32,0.0,Rechnung,0.0,8,5.0,False,48.64,2024-07,Sunday
104891,2023-08-27,1501,40.0,Süd,Bücher,Kochbuch,5,10.23,5.0,Lastschrift,2.99,1,3.0,False,48.5925,2023-08,Sunday
102693,2023-10-31,1300,54.0,Süd,Elektronik,USB-Kabel,4,43.9,0.0,Rechnung,2.99,2,5.0,False,175.6,2023-10,Tuesday
103060,2023-09-25,1319,44.0,Süd,Haushalt,Pfannenset,1,29.36,15.0,Sofortüberweisung,2.99,3,5.0,False,24.956,2023-09,Monday
101597,2024-02-04,65,40.0,Nord,Sport,Trinkflasche,2,11.19,0.0,Lastschrift,6.99,2,5.0,False,22.38,2024-02,Sunday
102729,2023-03-21,864,18.0,Süd,Bücher,Roman,1,20.23,15.0,Sofortüberweisung,6.99,5,5.0,False,17.1955,2023-03,Tuesday
102625,2024-05-21,173,62.0,Süd,Bücher,Sachbuch,1,9.55,10.0,Lastschrift,2.99,1,2.0,False,8.595,2024-05,Tuesday
103157,2024-12-15,290,62.0,West,Bücher,Kinderbuch,2,25.14,10.0,PayPal,6.99,3,4.0,False,45.252,2024-12,Sunday
103314,2024-10-03,473,51.0,Süd,Haushalt,Staubsauger,1,35.1,0.0,Rechnung,2.99,6,-1.0,False,35.1,2024-10,Thursday
101722,2023-04-25,1337,30.0,Mitte,Haushalt,Kaffeemaschine,1,41.33,0.0,Sofortüberweisung,2.99,3,3.0,False,41.33,2023-04,Tuesday
101059,2024-12-24,1392,44.0,Mitte,Mode,Mütze,2,8.16,0.0,Kreditkarte,0.0,4,5.0,False,16.32,2024-12,Tuesday
104636,2023-07-19,826,40.0,Mitte,Haushalt,Kaffeemaschine,1,34.42,0.0,Kreditkarte,2.99,5,-1.0,False,34.42,2023-07,Wednesday
103242,2023-05-26,439,48.0,Nord,Sport,Hantel,1,12.63,0.0,Kreditkarte,0.0,7,4.0,False,12.63,2023-05,Friday
101678,2023-10-31,1180,49.0,Süd,Mode,Jacke,2,25.04,0.0,Rechnung,0.0,1,5.0,False,50.08,2023-10,Tuesday
101757,2024-09-18,1344,43.0,West,Sport,Trinkflasche,1,39.1,5.0,PayPal,2.99,2,4.0,False,37.145,2024-09,Wednesday
104191,2023-11-15,1007,41.0,Ost,Mode,Jacke,2,36.92,0.0,Lastschrift,6.99,4,4.0,False,73.84,2023-11,Wednesday
100563,2023-03-02,763,49.0,Ost,Haushalt,Lampe,2,109.39,0.0,Rechnung,0.0,2,4.0,False,218.78,2023-03,Thursday
102790,2023-03-05,556,38.0,Mitte,Mode,Sneaker,1,21.52,25.0,PayPal,2.99,1,3.0,False,16.14,2023-03,Sunday
100863,2023-11-20,615,36.0,Mitte,Elektronik,USB-Kabel,1,44.38,10.0,Lastschrift,2.99,3,4.0,False,39.942,2023-11,Monday
101484,2024-04-11,1186,46.0,Mitte,Elektronik,Powerbank,3,65.47,10.0,Lastschrift,4.99,1,5.0,False,176.769,2024-04,Thursday
100206,2023-02-14,374,50.0,West,Mode,Jacke,1,38.7,5.0,Rechnung,6.99,3,3.0,True,36.765,2023-02,Tuesday
104488,2024-07-05,294,56.0,Nord,Mode,Sneaker,1,38.9,5.0,Kreditkarte,0.0,4,4.0,False,36.955,2024-07,Friday
100870,2024-02-03,1336,50.0,West,Elektronik,USB-Kabel,5,10.76,10.0,Sofortüberweisung,2.99,6,4.0,False,48.42,2024-02,Saturday
104493,2023-08-30,1466,35.0,Nord,Bücher,Roman,2,16.54,0.0,Kreditkarte,6.99,3,5.0,False,33.08,2023-08,Wednesday
100502,2023-06-12,1432,21.0,Süd,Elektronik,Powerbank,5,31.03,0.0,Kreditkarte,2.99,3,4.0,False,155.15,2023-06,Monday
101028,2023-01-29,1283,36.0,West,Elektronik,Smartphone-Hülle,4,118.29,0.0,Rechnung,6.99,5,4.0,False,473.16,2023-01,Sunday
103840,2024-10-06,1765,48.0,West,Mode,Jeans,1,14.16,0.0,Rechnung,4.99,1,5.0,True,14.16,2024-10,Sunday
102690,2023-08-01,441,32.0,Süd,Elektronik,Kopfhörer,1,82.87,0.0,Lastschrift,4.99,4,5.0,False,82.87,2023-08,Tuesday
101570,2024-10-23,720,37.0,Nord,Mode,Mütze,1,48.17,0.0,Sofortüberweisung,4.99,6,5.0,False,48.17,2024-10,Wednesday
102773,2023-04-04,1001,22.0,Nord,Mode,Jacke,2,23.78,10.0,Rechnung,2.99,8,5.0,False,42.804,2023-04,Tuesday
102731,2024-10-25,1607,42.0,West,Elektronik,Powerbank,1,65.64,0.0,PayPal,4.99,4,4.0,False,65.64,2024-10,Friday
100804,2023-12-26,1484,44.0,West,Haushalt,Kaffeemaschine,4,85.11,5.0,Rechnung,6.99,4,3.0,False,323.418,2023-12,Tuesday
103645,2024-07-09,636,32.0,Nord,Elektronik,Powerbank,4,8.84,0.0,Kreditkarte,2.99,3,-1.0,False,35.36,2024-07,Tuesday
102454,2023-06-10,204,35.0,West,Elektronik,Kopfhörer,1,17.55,0.0,Lastschrift,0.0,4,4.0,True,17.55,2023-06,Saturday
104598,2023-10-18,567,18.0,Süd,Sport,Laufschuhe,2,18.92,0.0,Sofortüberweisung,6.99,1,4.0,False,37.84,2023-10,Wednesday
103104,2024-11-05,230,46.0,Mitte,Elektronik,Powerbank,1,57.98,5.0,PayPal,4.99,4,4.0,False,55.080999999999996,2024-11,Tuesday
104875,2023-10-22,826,52.0,Süd,Elektronik,Powerbank,1,32.09,0.0,Sofortüberweisung,0.0,3,3.0,False,32.09,2023-10,Sunday
100200,2024-08-13,1273,39.0,Süd,Mode,Mütze,2,13.36,10.0,Kreditkarte,0.0,3,4.0,False,24.048,2024-08,Tuesday
103099,2023-03-21,291,44.0,Mitte,Elektronik,Kopfhörer,1,17.07,0.0,Sofortüberweisung,2.99,3,4.0,False,17.07,2023-03,Tuesday
102278,2024-07-17,1196,39.0,Nord,Haushalt,Pfannenset,1,29.61,20.0,Rechnung,2.99,4,2.0,False,23.688000000000002,2024-07,Wednesday
103561,2024-03-10,1715,38.0,West,Mode,Sneaker,1,51.43,0.0,Sofortüberweisung,2.99,6,4.0,False,51.43,2024-03,Sunday
104474,2023-02-23,1065,18.0,Nord,Mode,Mütze,1,74.79,0.0,Lastschrift,2.99,2,5.0,False,74.79,2023-02,Thursday
104514,2024-04-25,535,21.0,Süd,Bücher,Kinderbuch,1,28.0,0.0,Kreditkarte,2.99,4,4.0,False,28.0,2024-04,Thursday
100391,2023-10-23,644,35.0,Süd,Elektronik,Bluetooth-Lautsprecher,1,46.51,0.0,Lastschrift,0.0,1,5.0,False,46.51,2023-10,Monday
101495,2023-07-04,729,21.0,West,Sport,Hantel,1,34.61,0.0,Lastschrift,6.99,3,3.0,False,34.61,2023-07,Tuesday
102695,2023-12-06,1624,37.0,West,Mode,Jeans,2,33.25,0.0,Sofortüberweisung,2.99,5,5.0,False,66.5,2023-12,Wednesday
102027,2024-03-04,416,58.0,West,Mode,Mütze,1,23.81,5.0,PayPal,0.0,6,4.0,False,22.6195,2024-03,Monday
102568,2024-09-05,1046,31.0,Mitte,Haushalt,Bettwäsche,1,72.86,0.0,Lastschrift,2.99,1,3.0,False,72.86,2024-09,Thursday
100064,2023-10-03,908,48.0,Ost,Bücher,Comic,1,33.39,0.0,Kreditkarte,6.99,5,4.0,False,33.39,2023-10,Tuesday
103884,2023-04-19,92,36.0,Nord,Sport,Trinkflasche,1,25.02,0.0,Sofortüberweisung,4.99,4,-1.0,False,25.02,2023-04,Wednesday
102062,2024-12-18,1784,34.0,Mitte,Haushalt,Kaffeemaschine,1,24.59,0.0,Kreditkarte,4.99,7,5.0,False,24.59,2024-12,Wednesday
100492,2024-09-17,39,26.0,Süd,Elektronik,Powerbank,2,30.29,5.0,PayPal,2.99,1,5.0,False,57.550999999999995,2024-09,Tuesday
100379,2024-09-04,1126,54.0,West,Bücher,Sachbuch,2,13.38,0.0,Sofortüberweisung,4.99,1,3.0,True,26.76,2024-09,Wednesday
104859,2024-04-06,1509,36.0,Ost,Mode,Mütze,1,22.68,5.0,Kreditkarte,6.99,4,4.0,False,21.546,2024-04,Saturday
103993,2024-11-09,1311,49.0,Ost,Elektronik,Powerbank,2,39.71,15.0,Lastschrift,2.99,4,4.0,False,67.507,2024-11,Saturday
104887,2023-10-21,1100,18.0,Süd,Haushalt,Bettwäsche,2,33.6,5.0,Sofortüberweisung,6.99,3,5.0,False,63.839999999999996,2023-10,Saturday
101076,2023-08-31,1702,35.0,Mitte,Bücher,Comic,1,31.47,10.0,Sofortüberweisung,0.0,7,1.0,False,28.323,2023-08,Thursday
100878,2024-01-14,1424,60.0,Süd,Mode,Mütze,4,70.65,0.0,Lastschrift,2.99,2,4.0,False,282.6,2024-01,Sunday
100337,2024-09-27,782,25.0,Süd,Mode,Jacke,1,34.34,0.0,Kreditkarte,6.99,3,4.0,False,34.34,2024-09,Friday
101016,2024-03-13,1050,53.0,Ost,Elektronik,Bluetooth-Lautsprecher,1,52.29,10.0,Lastschrift,2.99,7,5.0,False,47.061,2024-03,Wednesday
101275,2024-06-02,1326,27.0,Nord,Haushalt,Lampe,2,41.2,0.0,Rechnung,4.99,5,5.0,False,82.4,2024-06,Sunday
103798,2024-12-05,1207,43.0,Mitte,Sport,Hantel,1,35.98,0.0,Rechnung,2.99,1,5.0,False,35.98,2024-12,Thursday
104551,2023-05-15,225,37.0,Nord,Haushalt,Staubsauger,2,37.66,25.0,Rechnung,0.0,3,3.0,False,56.489999999999995,2023-05,Monday
103342,2024-01-04,713,55.0,Süd,Bücher,Kochbuch,1,12.81,0.0,PayPal,4.99,4,2.0,False,12.81,2024-01,Thursday
104911,2024-09-04,942,37.0,Nord,Haushalt,Pfannenset,3,105.96,15.0,Sofortüberweisung,4.99,4,5.0,False,270.198,2024-09,Wednesday
100995,2023-03-17,258,38.0,Süd,Bücher,Roman,1,30.59,10.0,PayPal,2.99,6,5.0,False,27.531,2023-03,Friday
101981,2023-07-23,1154,32.0,Süd,Elektronik,Smartphone-Hülle,2,40.09,25.0,Rechnung,2.99,5,4.0,False,60.135000000000005,2023-07,Sunday
104297,2023-09-08,641,40.0,Süd,Haushalt,Bettwäsche,2,17.27,0.0,Rechnung,0.0,6,3.0,False,34.54,2023-09,Friday
100161,2023-08-04,466,26.0,Nord,Elektronik,Bluetooth-Lautsprecher,2,32.4,0.0,Lastschrift,2.99,3,5.0,False,64.8,2023-08,Friday
104798,2023-08-12,439,35.0,West,Haushalt,Pfannenset,2,42.02,5.0,Lastschrift,0.0,6,1.0,False,79.83800000000001,2023-08,Saturday
101500,2024-03-27,148,39.0,Süd,Sport,Yogamatte,1,29.06,15.0,Rechnung,4.99,1,4.0,False,24.700999999999997,2024-03,Wednesday
103843,2024-07-23,580,30.0,Nord,Elektronik,Bluetooth-Lautsprecher,1,15.12,0.0,Sofortüberweisung,0.0,3,1.0,False,15.12,2024-07,Tuesday
102613,2024-11-17,1507,18.0,Mitte,Mode,Mütze,2,45.16,0.0,Sofortüberweisung,4.99,5,4.0,False,90.32,2024-11,Sunday
103461,2024-03-09,379,48.0,Mitte,Haushalt,Lampe,1,51.41,10.0,Kreditkarte,4.99,1,4.0,False,46.269,2024-03,Saturday
101021,2023-01-02,1715,38.0,West,Mode,Sneaker,1,1032.4101033035342,25.0,Lastschrift,2.99,6,2.0,False,774.3075774776507,2023-01,Monday
103073,2023-03-09,1355,43.0,Mitte,Mode,T-Shirt,1,26.84,0.0,Sofortüberweisung,0.0,1,4.0,False,26.84,2023-03,Thursday
103943,2024-08-09,1530,39.0,Mitte,Sport,Fitnessband,1,36.46,5.0,Sofortüberweisung,0.0,3,-1.0,False,34.637,2024-08,Friday
101585,2024-07-25,715,25.0,Mitte,Sport,Yogamatte,1,79.21,0.0,Kreditkarte,2.99,4,5.0,False,79.21,2024-07,Thursday
101955,2024-09-17,1584,52.0,Ost,Elektronik,Smartphone-Hülle,1,29.93,25.0,Sofortüberweisung,6.99,3,5.0,False,22.447499999999998,2024-09,Tuesday
103152,2024-11-04,127,33.0,West,Elektronik,Bluetooth-Lautsprecher,1,63.26,20.0,Kreditkarte,2.99,4,5.0,False,50.608000000000004,2024-11,Monday
100034,2023-08-09,1752,36.0,Nord,Bücher,Kochbuch,4,4.54,0.0,Sofortüberweisung,0.0,7,4.0,False,18.16,2023-08,Wednesday
104014,2023-04-25,326,27.0,West,Mode,Sneaker,1,15.14,0.0,Lastschrift,4.99,4,4.0,False,15.14,2023-04,Tuesday
100775,2023-10-14,721,23.0,West,Elektronik,USB-Kabel,2,39.14,0.0,Sofortüberweisung,2.99,3,5.0,False,78.28,2023-10,Saturday
102556,2024-01-31,1367,18.0,West,Haushalt,Staubsauger,2,43.37,20.0,Sofortüberweisung,2.99,2,4.0,False,69.392,2024-01,Wednesday
101478,2023-01-30,1514,18.0,Ost,Haushalt,Bettwäsche,2,15.66,0.0,Lastschrift,0.0,4,4.0,False,31.32,2023-01,Monday
101363,2023-08-08,1167,31.0,Mitte,Haushalt,Pfannenset,2,52.88,0.0,Kreditkarte,2.99,5,5.0,False,105.76,2023-08,Tuesday
102612,2023-11-21,1734,57.0,Süd,Haushalt,Staubsauger,1,37.01,0.0,Lastschrift,6.99,4,5.0,False,37.01,2023-11,Tuesday
102824,2023-01-22,1418,48.0,West,Mode,Jacke,1,33.22,0.0,Kreditkarte,4.99,7,4.0,False,33.22,2023-01,Sunday
102041,2023-11-17,1583,52.0,Ost,Sport,Trinkflasche,1,35.72,25.0,Sofortüberweisung,0.0,6,3.0,False,26.79,2023-11,Friday
100241,2023-04-10,758,50.0,Nord,Mode,Mütze,1,49.07,0.0,Kreditkarte,4.99,4,3.0,False,49.07,2023-04,Monday
102061,2024-07-26,1584,46.0,Ost,Elektronik,Powerbank,1,20.72,0.0,PayPal,6.99,5,2.0,False,20.72,2024-07,Friday
102363,2023-10-02,1261,38.0,Süd,Bücher,Roman,1,6.42,0.0,PayPal,2.99,6,4.0,False,6.42,2023-10,Monday
100600,2024-11-09,1306,22.0,West,Mode,T-Shirt,2,97.83,15.0,Lastschrift,2.99,4,5.0,False,166.31099999999998,2024-11,Saturday
102435,2023-01-23,896,46.0,West,Haushalt,Staubsauger,1,17.21,0.0,Rechnung,6.99,4,5.0,False,17.21,2023-01,Monday
102888,2024-10-31,769,44.0,West,Elektronik,Bluetooth-Lautsprecher,1,38.13,0.0,Sofortüberweisung,2.99,7,4.0,False,38.13,2024-10,Thursday
100646,2024-03-04,1366,31.0,West,Bücher,Sachbuch,2,5.12,10.0,Lastschrift,2.99,4,-1.0,False,9.216000000000001,2024-03,Monday
103890,2023-03-03,422,18.0,Süd,Mode,T-Shirt,2,37.81,0.0,Rechnung,2.99,3,2.0,False,75.62,2023-03,Friday
103556,2023-12-10,464,26.0,Ost,Mode,Jacke,4,17.81,0.0,Lastschrift,2.99,7,4.0,False,71.24,2023-12,Sunday
103202,2024-09-23,172,32.0,Süd,Mode,Jacke,2,19.03,0.0,Kreditkarte,2.99,5,4.0,False,38.06,2024-09,Monday
101528,2024-04-06,875,31.0,West,Bücher,Comic,2,4.84,15.0,Rechnung,6.99,1,4.0,False,8.228,2024-04,Saturday
101267,2023-02-23,1401,57.0,Süd,Mode,Sneaker,1,43.87,0.0,Lastschrift,0.0,3,5.0,True,43.87,2023-02,Thursday
101899,2024-12-31,1282,32.0,Süd,Mode,Mütze,1,24.53,0.0,Lastschrift,0.0,4,4.0,False,24.53,2024-12,Tuesday
104658,2023-09-06,1651,50.0,Süd,Mode,Jeans,1,19.22,0.0,PayPal,0.0,3,4.0,False,19.22,2023-09,Wednesday
103005,2023-03-17,43,41.0,Mitte,Haushalt,Bettwäsche,4,110.31,0.0,Sofortüberweisung,0.0,1,5.0,True,441.24,2023-03,Friday
102734,2023-04-13,1071,52.0,Ost,Elektronik,Smartphone-Hülle,1,77.72,20.0,Sofortüberweisung,0.0,2,5.0,False,62.176,2023-04,Thursday
100189,2023-09-17,139,35.0,West,Elektronik,Powerbank,1,27.28,0.0,Kreditkarte,4.99,3,5.0,True,27.28,2023-09,Sunday
101806,2024-02-18,1598,54.0,Ost,Elektronik,USB-Kabel,2,32.1,5.0,PayPal,0.0,5,4.0,False,60.99,2024-02,Sunday
100975,2023-07-21,20,36.0,Mitte,Bücher,Comic,1,16.58,25.0,PayPal,0.0,3,4.0,False,12.434999999999999,2023-07,Friday
102747,2024-12-15,649,36.0,Süd,Mode,Jacke,3,28.0,0.0,Lastschrift,4.99,3,5.0,False,84.0,2024-12,Sunday
102047,2024-08-29,548,32.0,Ost,Mode,Jeans,1,28.01,0.0,Sofortüberweisung,4.99,6,4.0,False,28.01,2024-08,Thursday
102558,2023-03-23,692,35.0,West,Sport,Laufschuhe,1,39.31,0.0,Kreditkarte,0.0,1,5.0,False,39.31,2023-03,Thursday
101082,2023-09-12,767,23.0,Mitte,Mode,Jacke,2,15.13,0.0,Sofortüberweisung,2.99,5,5.0,False,30.26,2023-09,Tuesday
100474,2024-11-28,871,52.0,Süd,Sport,Trinkflasche,5,8.17,0.0,Rechnung,2.99,4,2.0,False,40.85,2024-11,Thursday
102904,2023-05-14,928,53.0,Ost,Haushalt,Staubsauger,1,35.34,0.0,Lastschrift,4.99,4,5.0,False,35.34,2023-05,Sunday
104843,2023-07-26,767,39.0,Ost,Haushalt,Kaffeemaschine,1,22.8,0.0,Sofortüberweisung,6.99,7,4.0,False,22.8,2023-07,Wednesday
104117,2023-02-21,1527,38.0,Ost,Elektronik,Smartphone-Hülle,2,21.5,0.0,Lastschrift,4.99,3,3.0,False,43.0,2023-02,Tuesday
103385,2023-07-10,127,34.0,Süd,Elektronik,Powerbank,2,68.67,0.0,Sofortüberweisung,4.99,7,4.0,False,137.34,2023-07,Monday
104555,2023-06-16,43,18.0,Ost,Sport,Laufschuhe,1,11.1,0.0,Lastschrift,2.99,2,5.0,False,11.1,2023-06,Friday
101184,2024-10-07,132,34.0,Mitte,Sport,Hantel,1,23.56,15.0,Lastschrift,4.99,4,3.0,False,20.026,2024-10,Monday
102433,2023-02-02,1148,50.0,Nord,Mode,Jacke,2,17.73,0.0,Kreditkarte,0.0,5,3.0,False,35.46,2023-02,Thursday
102391,2024-06-10,929,39.0,Mitte,Haushalt,Lampe,1,25.41,0.0,Sofortüberweisung,6.99,2,5.0,False,25.41,2024-06,Monday
100769,2023-07-28,1710,18.0,West,Sport,Hantel,1,23.1,0.0,Rechnung,2.99,3,5.0,False,23.1,2023-07,Friday
101685,2024-04-08,649,20.0,Süd,Haushalt,Bettwäsche,2,17.67,15.0,Sofortüberweisung,0.0,1,5.0,False,30.039,2024-04,Monday
100130,2024-12-24,1689,38.0,West,Elektronik,Kopfhörer,1,74.46,10.0,Rechnung,2.99,3,5.0,False,67.014,2024-12,Tuesday
102919,2023-06-20,1785,36.0,Ost,Haushalt,Lampe,1,35.41,20.0,Kreditkarte,4.99,1,5.0,False,28.328,2023-06,Tuesday
103171,2024-11-14,190,29.0,Süd,Elektronik,Powerbank,1,51.03,10.0,Rechnung,4.99,6,2.0,False,45.927,2024-11,Thursday
103444,2024-10-13,1189,23.0,Mitte,Bücher,Kinderbuch,3,7.86,5.0,PayPal,2.99,4,5.0,False,22.401,2024-10,Sunday
104426,2024-09-20,581,38.0,Nord,Elektronik,Bluetooth-Lautsprecher,1,19.92,0.0,Kreditkarte,6.99,7,5.0,False,19.92,2024-09,Friday
100466,2024-01-07,691,18.0,Ost,Bücher,Roman,1,29.58,0.0,Kreditkarte,0.0,2,4.0,False,29.58,2024-01,Sunday
103092,2023-03-30,850,34.0,Süd,Elektronik,USB-Kabel,3,12.85,0.0,Lastschrift,2.99,7,4.0,False,38.55,2023-03,Thursday
103772,2024-04-04,838,43.0,Nord,Elektronik,Kopfhörer,1,36.0,0.0,Kreditkarte,2.99,4,5.0,False,36.0,2024-04,Thursday
100860,2023-03-11,898,54.0,Mitte,Bücher,Roman,1,7.84,0.0,Sofortüberweisung,0.0,2,5.0,False,7.84,2023-03,Saturday
