order_id,order_date,customer_id,customer_age,customer_region,product_category,product_name,quantity,unit_price,discount_percent,payment_method,shipping_cost,delivery_days,customer_rating,is_returned
104710,2023-06-01,676,46.0,Nord,Mode,Mütze,1,29.84,10.0,Sofortüberweisung,2.99,4,5.0,False
100691,2024-06-06,371,30.0,West,Elektronik,Bluetooth-Lautsprecher,2,21.07,0.0,Rechnung,2.99,6,5.0,False
100065,2023-09-09,501,26.0,Ost,Mode,T-Shirt,1,26.9,20.0,PayPal,6.99,3,3.0,False
103426,2023-11-02,961,30.0,Süd,Haushalt,Staubsauger,1,13.9,10.0,Kreditkarte,6.99,4,5.0,False
104820,2023-01-21,1213,48.0,Süd,Mode,Mütze,1,53.6,0.0,Sofortüberweisung,4.99,3,4.0,False
100393,2023-01-23,140,31.0,Mitte,Sport,Laufschuhe,3,26.16,0.0,Kreditkarte,4.99,2,4.0,False
101424,2023-04-06,116,45.0,Mitte,Mode,Sneaker,2,4.71,0.0,PayPal,4.99,5,5.0,False
100642,2023-10-14,181,36.0,Ost,Elektronik,Kopfhörer,1,67.81,5.0,Lastschrift,6.99,6,4.0,False
102835,2024-01-01,1497,18.0,Süd,Haushalt,Pfannenset,1,59.7,5.0,Sofortüberweisung,0.0,4,5.0,False
101738,2023-03-07,1006,43.0,Nord,Elektronik,Powerbank,2,16.99,5.0,Lastschrift,6.99,6,3.0,False
102945,2023-04-24,1738,,Süd,Elektronik,Smartphone-Hülle,1,38.67,0.0,Lastschrift,0.0,3,4.0,False
102067,2023-05-10,940,35.0,Nord,Elektronik,Bluetooth-Lautsprecher,1,41.85,0.0,Rechnung,4.99,2,2.0,False
103347,2024-11-03,1053,45.0,Mitte,Sport,Yogamatte,2,58.33,0.0,Kreditkarte,2.99,2,5.0,True
100530,2024-12-23,674,31.0,Mitte,Elektronik,Powerbank,1,54.21,0.0,Sofortüberweisung,2.99,4,4.0,False
104301,2024-03-20,503,56.0,Süd,Mode,Mütze,3,15.9,25.0,Sofortüberweisung,0.0,1,3.0,False
100828,2024-09-22,1772,55.0,Ost,Elektronik ,Powerbank,1,64.86,0.0,Rechnung,2.99,5,4.0,False
101204,2024-03-01,19,31.0,Süd,Mode,Jeans,1,31.57,10.0,Rechnung,2.99,3,4.0,False
100179,2024-09-04,1029,46.0,Nord,Bücher,Sachbuch,2,4.04,25.0,Kreditkarte,2.99,4,4.0,False
102765,2023-03-28,719,37.0,Süd,Mode,Sneaker,1,37.07,20.0,Sofortüberweisung,2.99,3,5.0,False
101777,2024-01-09,396,41.0,West,Elektronik,Bluetooth-Lautsprecher,1,36.42,0.0,PayPal,4.99,6,5.0,False
104927,2023-09-15,481,38.0,West,BÜCHER,Comic,1,18.12,0.0,Sofortüberweisung,0.0,6,4.0,False
100491,2023-11-14,957,54.0,Ost,Elektronik,Smartphone-Hülle,1,33.3,20.0,Lastschrift,0.0,1,4.0,False
104653,2024-12-08,1593,31.0,Süd,Elektronik ,Kopfhörer,1,30.37,5.0,Kreditkarte,2.99,8,4.0,False
100033,2023-07-06,1145,31.0,Mitte,Haushalt,Pfannenset,1,64.52,0.0,Rechnung,4.99,2,5.0,False
103022,2024-03-12,984,35.0,West,Mode,Jacke,4,60.61,0.0,Sofortüberweisung,2.99,4,4.0,False
103620,2023-07-08,472,,Ost,Elektronik,Powerbank,1,52.84,0.0,Kreditkarte,0.0,1,4.0,False
100485,2024-12-24,1155,37.0,Ost,Mode,Mütze,2,58.41,0.0,Rechnung,6.99,4,4.0,False
100079,2024-12-29,1376,44.0,Süd,Mode,Mütze,1,39.78,15.0,Lastschrift,4.99,4,5.0,False
101344,2023-07-18,285,22.0,Mitte,HAUSHALT,Staubsauger,1,41.0,0.0,Lastschrift,0.0,5,2.0,True
100577,2023-11-29,53,44.0,Nord,Elektronik,Powerbank,1,37.14,0.0,PayPal,0.0,2,5.0,False
101175,2023-02-05,947,22.0,West,Elektronik,Smartphone-Hülle,1,21.59,5.0,PayPal,0.0,2,4.0,True
101487,2023-10-02,1679,58.0,Nord,Mode,Sneaker,1,39.18,0.0,Lastschrift,0.0,5,5.0,False
100497,2024-06-05,1365,38.0,Süd,Mode,Jeans,1,12.62,0.0,Sofortüberweisung,4.99,6,4.0,False
104102,2023-04-27,1295,18.0,Süd,Sport,Yogamatte,1,12.37,0.0,PayPal,6.99,5,5.0,False
101144,2024-08-08,1228,30.0,West,Elektronik,Kopfhörer,1,40.01,10.0,Lastschrift,2.99,2,1.0,True
103734,2023-04-18,836,26.0,Mitte,BÜCHER,Kochbuch,1,28.53,20.0,Lastschrift,2.99,4,,False
104237,2024-09-05,858,21.0,Mitte,Sport,Laufschuhe,1,39.93,5.0,PayPal,2.99,2,5.0,False
103243,2024-06-24,1608,47.0,Süd,Sport,Hantel,1,24.63,10.0,PayPal,2.99,2,4.0,False
101235,2024-01-04,236,35.0,Süd,Mode,Mütze,2,20.01,0.0,Sofortüberweisung,4.99,4,5.0,False
104568,2023-11-03,1302,34.0,Süd,Haushalt,Pfannenset,2,53.24,0.0,Sofortüberweisung,4.99,1,3.0,False
104267,2023-03-14,1006,23.0,Nord,Mode,Jeans,1,17.64,0.0,Rechnung,2.99,6,,False
100624,2024-12-02,884,43.0,Ost,Mode,Jeans,1,28.72,0.0,PayPal,6.99,8,5.0,False
101629,2023-09-12,382,18.0,Süd,Haushalt,Bettwäsche,1,15.82,0.0,Kreditkarte,4.99,2,4.0,False
100199,2024-01-20,1783,39.0,Ost,Elektronik,USB-Kabel,1,28.69,0.0,Kreditkarte,2.99,2,5.0,False
103613,2024-01-12,632,30.0,Mitte,Mode,T-Shirt,2,21.11,10.0,Sofortüberweisung,4.99,4,5.0,False
101988,2023-10-06,1732,34.0,West,Sport,Hantel,2,53.04,10.0,Rechnung,4.99,5,4.0,False
102344,2024-01-18,1453,51.0,Süd,Sport,Laufschuhe,1,23.77,0.0,Lastschrift,0.0,1,1.0,False
103263,2023-09-22,786,59.0,West,Haushalt,Bettwäsche,1,39.8,0.0,Kreditkarte,2.99,4,5.0,False
101905,2023-12-27,546,51.0,West,Mode,T-Shirt,1,18.63,5.0,Kreditkarte,4.99,4,4.0,False
100765,2024-01-22,1652,33.0,Mitte,Mode ,T-Shirt,1,11.47,0.0,Rechnung,6.99,1,5.0,False
100803,2023-01-02,1661,37.0,Mitte,Bücher,Kochbuch,1,8.98,0.0,Sofortüberweisung,4.99,5,5.0,False
101501,2024-04-30,853,45.0,West,Sport,Yogamatte,1,50.93,0.0,Kreditkarte,4.99,8,5.0,False
101770,2024-07-10,277,50.0,Nord,Mode,Jeans,2,21.15,0.0,Sofortüberweisung,0.0,2,1.0,False
100106,2023-04-23,1173,37.0,Mitte,Elektronik,Smartphone-Hülle,3,29.13,0.0,Lastschrift,4.99,3,,False
102964,2024-04-14,1747,23.0,Süd,Bücher,Kochbuch,2,18.99,0.0,Lastschrift,2.99,6,4.0,False
100838,2024-11-19,1278,51.0,Mitte,Sport,Laufschuhe,1,95.11,0.0,Lastschrift,0.0,3,5.0,True
103971,2024-11-10,650,38.0,Ost,Elektronik,USB-Kabel,3,94.06,0.0,Sofortüberweisung,4.99,1,3.0,False
100705,2023-10-13,1709,27.0,Mitte,Haushalt,Lampe,1,173.15,0.0,Lastschrift,4.99,2,5.0,False
104150,2024-09-02,1490,35.0,Mitte,Mode,Jacke,1,11.72,0.0,Lastschrift,2.99,4,5.0,False
103179,2023-08-18,71,45.0,Ost,Haushalt,Lampe,1,76.88,0.0,Lastschrift,2.99,3,5.0,False
104776,2023-04-27,1267,21.0,Nord,ELEKTRONIK,Bluetooth-Lautsprecher,1,39.67,5.0,Rechnung,6.99,4,4.0,False
100228,2024-12-02,676,51.0,West,Elektronik,Kopfhörer,1,47.07,0.0,Rechnung,0.0,4,5.0,False
103336,2023-02-20,1211,53.0,Süd,Haushalt,Staubsauger,1,67.26,0.0,Rechnung,4.99,3,5.0,False
102268,2023-08-31,985,39.0,Ost,Haushalt,Kaffeemaschine,2,63.57,5.0,Rechnung,,1,4.0,False
103852,2024-06-22,199,45.0,West,Elektronik,Kopfhörer,2,383.7046384462407,0.0,Kreditkarte,2.99,5,4.0,False
100501,2023-03-11,1301,27.0,Nord,Elektronik,USB-Kabel,1,24.85,0.0,PayPal,6.99,5,5.0,False
103128,2023-02-26,1052,29.0,Mitte,Sport ,Yogamatte,2,28.84,0.0,Sofortüberweisung,2.99,2,5.0,False
103352,2023-06-11,346,,West,Mode,Mütze,5,13.49,0.0,PayPal,4.99,4,5.0,False
104174,2024-04-12,636,28.0,Süd,Mode,Jeans,1,40.1,0.0,Kreditkarte,2.99,2,4.0,False
101634,2024-05-22,231,20.0,Nord,Bücher,Kochbuch,2,26.78,5.0,PayPal,0.0,4,5.0,False
101480,2024-08-29,605,44.0,West,Haushalt,Kaffeemaschine,2,99.38,0.0,Rechnung,2.99,4,4.0,False
102115,2024-01-22,932,50.0,Ost,Elektronik,Smartphone-Hülle,2,39.47,10.0,PayPal,0.0,1,5.0,False
103999,2024-03-21,665,19.0,Mitte,Bücher,Kinderbuch,1,5.3,10.0,Lastschrift,4.99,1,5.0,False
100561,2023-12-14,262,30.0,West,Elektronik,USB-Kabel,1,43.76,0.0,Rechnung,6.99,5,5.0,False
104198,2024-05-28,190,46.0,Nord,Mode,Sneaker,1,18.99,0.0,Lastschrift,4.99,1,4.0,True
103697,2024-09-23,434,18.0,West,Mode,Sneaker,1,71.76,0.0,Rechnung,2.99,2,5.0,False
101744,2024-10-30,1470,34.0,Ost,Elektronik,USB-Kabel,1,20.75,0.0,Rechnung,2.99,4,5.0,False
100279,2023-07-19,37,38.0,Nord,Haushalt,Kaffeemaschine,1,44.76,0.0,Kreditkarte,0.0,2,4.0,False
102266,2023-07-17,1780,43.0,Ost,Sport,Yogamatte,1,18.71,10.0,Rechnung,,6,5.0,False
100157,2024-07-12,555,39.0,Nord,Mode,Mütze,2,19.73,10.0,Sofortüberweisung,4.99,4,4.0,False
100538,2023-12-23,1323,47.0,Ost,Haushalt,Lampe,1,46.24,15.0,Rechnung,2.99,4,4.0,False
104114,2024-05-01,1724,48.0,Ost,Mode,Mütze,2,30.14,0.0,Kreditkarte,6.99,2,5.0,False
104457,2023-06-26,643,30.0,West,Haushalt,Bettwäsche,1,52.43,10.0,Sofortüberweisung,0.0,2,4.0,False
101650,2023-03-07,1747,39.0,Mitte,Mode,Jacke,2,21.34,0.0,Rechnung,2.99,3,4.0,False
103150,2023-06-24,709,52.0,Nord,Mode,Mütze,1,28.95,0.0,Lastschrift,0.0,2,5.0,False
100764,2024-12-06,789,20.0,Ost,Mode,Jacke,2,48.51,0.0,Rechnung,4.99,3,4.0,False
101864,2023-06-05,439,18.0,Mitte,Mode,T-Shirt,1,48.68,5.0,Rechnung,4.99,1,5.0,False
103485,2024-04-02,530,30.0,Nord,Mode,Jacke,3,17.27,0.0,Sofortüberweisung,0.0,2,4.0,False
100731,2024-11-10,200,59.0,Ost,Elektronik,Bluetooth-Lautsprecher,1,13.48,5.0,Lastschrift,4.99,1,5.0,False
100084,2023-11-01,554,39.0,Ost,SPORT,Hantel,1,50.02,15.0,PayPal,0.0,6,5.0,True
102580,2024-03-08,599,62.0,Süd,Elektronik,Smartphone-Hülle,1,31.89,10.0,Sofortüberweisung,4.99,5,4.0,False
103207,2024-11-02,848,44.0,Süd,Elektronik,Kopfhörer,1,60.9,0.0,Rechnung,2.99,7,4.0,False
102974,2023-10-21,1645,30.0,Süd,Bücher ,Roman,1,19.34,0.0,Lastschrift,,5,5.0,False
102696,2024-10-24,927,36.0,Mitte,Mode,Sneaker,1,39.3,20.0,Sofortüberweisung,2.99,5,4.0,False
101338,2024-08-04,811,42.0,West,Mode,T-Shirt,1,514.1127929196556,0.0,Lastschrift,4.99,4,5.0,False
103902,2024-11-19,517,37.0,Süd,Elektronik,Powerbank,4,44.15,20.0,Rechnung,4.99,5,5.0,False
100911,2023-06-14,1600,36.0,Süd,ELEKTRONIK,Bluetooth-Lautsprecher,1,42.57,0.0,Sofortüberweisung,4.99,4,4.0,False
100029,2023-02-02,1582,44.0,West,Mode,Jacke,1,8.13,0.0,PayPal,6.99,1,,False
100677,2024-02-15,53,44.0,West,Haushalt,Kaffeemaschine,1,54.65,5.0,PayPal,2.99,4,5.0,False
104501,2024-06-05,651,48.0,Ost,Mode,Mütze,1,38.09,0.0,PayPal,2.99,3,5.0,False
103685,2023-01-26,899,31.0,West,Haushalt,Bettwäsche,2,60.03,10.0,Sofortüberweisung,0.0,3,3.0,False
103741,2023-12-16,861,27.0,Nord,Bücher,Kochbuch,1,9.0,0.0,Kreditkarte,6.99,4,2.0,False
101620,2024-06-04,840,60.0,Nord,Sport,Hantel,1,38.89,0.0,Lastschrift,6.99,3,4.0,False
100422,2024-12-09,777,43.0,Süd,Bücher,Kochbuch,2,20.67,10.0,Kreditkarte,2.99,4,5.0,False
101665,2024-02-27,253,53.0,Mitte,SPORT,Fitnessband,1,38.93,0.0,Rechnung,2.99,3,5.0,False
104989,2024-11-04,446,66.0,Mitte,Elektronik,USB-Kabel,1,31.48,0.0,Rechnung,2.99,5,5.0,False
102727,2023-03-29,1479,48.0,Mitte,Bücher,Kinderbuch,2,7.37,0.0,Lastschrift,4.99,4,5.0,False
103193,2024-08-04,707,41.0,Mitte,Elektronik,Kopfhörer,1,46.05,0.0,Rechnung,6.99,4,4.0,False
103968,2024-01-17,627,30.0,West,HAUSHALT,Staubsauger,1,126.64,0.0,Sofortüberweisung,2.99,5,4.0,False
100168,2024-07-12,1110,49.0,Nord,Bücher,Kinderbuch,2,7.24,0.0,Sofortüberweisung,4.99,2,4.0,False
103834,2023-02-16,1139,35.0,Nord,Elektronik,USB-Kabel,1,51.25,0.0,Rechnung,4.99,3,,False
103481,2024-01-14,1481,29.0,Ost,Elektronik,Powerbank,1,33.16,10.0,PayPal,0.0,3,3.0,False
103469,2023-04-12,1794,21.0,West,Sport,Trinkflasche,1,20.02,0.0,Lastschrift,4.99,2,4.0,False
100227,2024-03-28,464,56.0,Nord,MODE,Jeans,2,33.34,20.0,Kreditkarte,2.99,2,2.0,False
102654,2023-10-13,475,26.0,Mitte,Elektronik,Powerbank,2,52.13,0.0,Sofortüberweisung,4.99,2,4.0,False
100486,2024-05-10,1172,69.0,Nord,Haushalt,Pfannenset,2,75.19,0.0,Lastschrift,2.99,5,5.0,False
101694,2023-10-19,428,23.0,Nord,Mode,Mütze,4,36.09,0.0,Sofortüberweisung,2.99,6,,False
101200,2023-01-07,93,45.0,Mitte,Mode,T-Shirt,2,65.15,25.0,Lastschrift,0.0,5,1.0,False
102685,2024-10-25,1092,50.0,Nord,Mode,Jeans,1,44.37,0.0,Rechnung,4.99,3,5.0,False
103172,2023-09-28,403,48.0,Süd,Mode,T-Shirt,1,12.45,0.0,Kreditkarte,0.0,4,4.0,False
100023,2024-12-03,1527,44.0,Ost,Mode,Jeans,1,21.65,20.0,Lastschrift,2.99,6,4.0,False
103084,2024-06-06,11,48.0,Süd,Elektronik,Bluetooth-Lautsprecher,2,18.9,0.0,Rechnung,0.0,4,4.0,False
103130,2023-05-30,1015,27.0,Ost,Elektronik,Powerbank,2,70.42,0.0,PayPal,2.99,5,1.0,False
102536,2024-12-04,753,26.0,Süd,Elektronik,Powerbank,1,45.94,0.0,Sofortüberweisung,0.0,4,5.0,False
102897,2024-07-05,504,55.0,West,Elektronik,Bluetooth-Lautsprecher,1,93.65,0.0,Kreditkarte,2.99,3,5.0,False
104840,2023-08-01,1006,47.0,Ost,Bücher,Sachbuch,2,25.43,0.0,PayPal,2.99,3,4.0,False
102093,2023-01-09,1094,28.0,West,Sport,Trinkflasche,2,27.31,0.0,Kreditkarte,0.0,3,5.0,False
100239,2023-01-04,143,20.0,Nord,Bücher,Comic,1,21.69,10.0,Lastschrift,0.0,5,4.0,False
103571,2023-07-17,450,58.0,West,Sport,Trinkflasche,3,13.02,0.0,Kreditkarte,4.99,2,5.0,True
103765,2023-05-16,986,34.0,Ost,Elektronik,Powerbank,2,3.86,0.0,Sofortüberweisung,4.99,3,4.0,False
102016,2023-12-26,220,43.0,Süd,Bücher,Comic,2,19.4,5.0,PayPal,6.99,3,3.0,False
104038,2023-12-13,474,54.0,West,Elektronik,Powerbank,1,131.31,0.0,Kreditkarte,0.0,6,,False
100297,2024-04-23,1490,28.0,Süd,MODE,T-Shirt,1,25.6,5.0,Sofortüberweisung,,2,,False
100248,2024-09-17,869,62.0,Mitte,Elektronik,Bluetooth-Lautsprecher,1,51.84,15.0,Lastschrift,6.99,5,5.0,False
102135,2023-03-28,1727,34.0,Ost,Elektronik,Bluetooth-Lautsprecher,1,34.92,0.0,PayPal,4.99,2,4.0,False
100373,2024-08-29,523,30.0,Mitte,Haushalt,Kaffeemaschine,1,26.51,20.0,Rechnung,6.99,3,5.0,False
100881,2024-01-14,1053,37.0,Mitte,Sport,Laufschuhe,3,11.74,0.0,PayPal,6.99,8,2.0,False
102307,2023-04-07,508,38.0,West,Mode,T-Shirt,1,36.76,15.0,Rechnung,4.99,1,4.0,False
103887,2023-07-27,737,18.0,Nord,Elektronik,USB-Kabel,2,25.58,5.0,Lastschrift,0.0,3,5.0,False
104503,2023-06-21,1082,43.0,Ost,Mode,Mütze,2,19.09,0.0,Sofortüberweisung,0.0,6,4.0,False
102991,2023-03-30,874,50.0,Mitte,Mode,Mütze,2,50.42,20.0,PayPal,2.99,2,5.0,False
100724,2024-08-22,1247,21.0,Nord,Elektronik,Bluetooth-Lautsprecher,1,62.32,10.0,Sofortüberweisung,0.0,7,3.0,False
102220,2023-01-14,1634,54.0,Ost,Mode,Jeans,2,32.8,20.0,Rechnung,2.99,1,5.0,False
102217,2024-08-11,44,57.0,Mitte,Sport,Fitnessband,1,14.06,0.0,PayPal,2.99,4,5.0,False
101468,2024-05-02,1786,34.0,Nord,Elektronik,Bluetooth-Lautsprecher,1,66.88,10.0,Kreditkarte,6.99,1,3.0,False
101592,2024-08-11,1692,23.0,West,Sport,Hantel,1,56.08,10.0,Kreditkarte,6.99,7,5.0,False
103951,2023-05-04,1354,18.0,Mitte,Sport,Yogamatte,1,23.22,15.0,Kreditkarte,0.0,6,4.0,False
102445,2024-04-21,609,31.0,West,Bücher,Comic,2,201.1439154098505,0.0,Rechnung,0.0,4,5.0,False
103091,2023-07-13,511,43.0,West,Haushalt,Lampe,1,36.85,0.0,Sofortüberweisung,4.99,4,4.0,False
100927,2023-12-26,748,23.0,West,Mode,Jacke,1,103.792051418842,0.0,Sofortüberweisung,0.0,1,4.0,False
104579,2024-02-24,142,35.0,West,Elektronik,Kopfhörer,3,18.15,10.0,Sofortüberweisung,4.99,2,3.0,False
104652,2024-08-05,88,37.0,Süd,Elektronik,Powerbank,1,34.38,0.0,PayPal,2.99,3,5.0,False
100599,2024-12-03,1359,27.0,Mitte,Haushalt,Staubsauger,3,75.52,0.0,Rechnung,0.0,4,4.0,True
101392,2024-05-17,1447,18.0,Ost,Elektronik,USB-Kabel,2,62.99,0.0,Kreditkarte,2.99,3,5.0,False
102227,2023-10-29,138,23.0,Nord,Haushalt,Pfannenset,1,53.61,20.0,Kreditkarte,0.0,7,4.0,False
104176,2023-07-01,462,29.0,Mitte,Mode,Mütze,1,35.79,0.0,Kreditkarte,2.99,1,5.0,False
101609,2023-03-24,480,36.0,Nord,Haushalt,Kaffeemaschine,1,58.41,15.0,Sofortüberweisung,2.99,1,2.0,False
104290,2024-02-20,1379,31.0,Ost,Mode,T-Shirt,1,44.41,20.0,PayPal,4.99,3,4.0,False
102876,2023-07-17,1616,32.0,West,Elektronik,USB-Kabel,1,17.83,10.0,Sofortüberweisung,0.0,6,4.0,False
103288,2024-03-07,720,,Mitte,BÜCHER,Sachbuch,2,12.32,0.0,PayPal,4.99,4,2.0,False
102142,2023-11-26,801,27.0,Nord,Mode,T-Shirt,3,29.37,0.0,Lastschrift,0.0,3,5.0,False
100471,2024-04-15,699,42.0,Nord,Elektronik,Powerbank,1,17.97,0.0,Rechnung,2.99,5,3.0,False
101244,2024-11-17,755,60.0,West,BÜCHER,Kochbuch,1,26.15,0.0,Sofortüberweisung,4.99,7,5.0,False
103690,2024-11-10,307,19.0,Mitte,Mode,T-Shirt,2,33.03,0.0,PayPal,4.99,1,5.0,False
104221,2023-07-01,1143,49.0,West,Mode,Sneaker,2,29.98,0.0,Lastschrift,0.0,2,2.0,False
101073,2024-04-16,1371,20.0,Mitte,MODE,Mütze,1,9.23,0.0,Rechnung,0.0,9,5.0,False
101044,2023-11-09,1478,40.0,Mitte,Elektronik,Smartphone-Hülle,1,85.7,20.0,Lastschrift,2.99,4,4.0,False
101714,2024-06-12,270,57.0,Nord,Sport,Laufschuhe,4,33.61,0.0,PayPal,0.0,4,5.0,True
104040,2023-04-10,1064,,Nord,Sport,Yogamatte,1,9.11,0.0,Sofortüberweisung,6.99,3,1.0,False
104778,2024-03-31,547,44.0,Süd,BÜCHER,Sachbuch,1,34.58,0.0,Lastschrift,4.99,4,4.0,False
101034,2023-09-01,1120,44.0,Süd,Haushalt,Bettwäsche,1,46.06,0.0,PayPal,0.0,4,5.0,False
104417,2024-05-11,575,19.0,West,Elektronik,USB-Kabel,5,23.89,0.0,Kreditkarte,4.99,4,2.0,False
101752,2023-01-21,928,26.0,Ost,Bücher,Kochbuch,5,15.41,5.0,Lastschrift,2.99,3,2.0,False
103649,2023-01-21,1648,26.0,Ost,Bücher,Kinderbuch,1,5.43,10.0,Rechnung,2.99,4,,False
104808,2024-10-07,399,43.0,Süd,Elektronik,Powerbank,1,8.05,0.0,Lastschrift,2.99,5,5.0,False
101554,2023-10-08,322,44.0,Mitte,Elektronik,Smartphone-Hülle,1,64.04,0.0,Sofortüberweisung,2.99,3,5.0,False
104195,2024-11-30,823,41.0,Süd,Mode,Jacke,4,19.54,0.0,Rechnung,2.99,4,5.0,False
102986,2024-12-24,1755,57.0,Mitte,Mode,Jeans,1,22.72,0.0,Lastschrift,0.0,4,5.0,False
102721,2024-04-03,1566,37.0,West,Bücher,Comic,1,16.28,0.0,Kreditkarte,4.99,7,3.0,False
100829,2024-12-20,1575,49.0,Ost,Sport,Hantel,5,12.95,20.0,Kreditkarte,0.0,2,5.0,False
101095,2024-07-12,1457,52.0,Ost,Elektronik,Smartphone-Hülle,2,24.46,0.0,Rechnung,2.99,5,3.0,False
100426,2023-02-15,602,42.0,Süd,Sport,Laufschuhe,2,31.65,5.0,PayPal,0.0,5,5.0,False
102145,2023-03-11,272,47.0,Nord,Sport,Trinkflasche,2,57.31,0.0,Sofortüberweisung,4.99,3,,False
103135,2024-08-22,1405,43.0,Süd,Mode,T-Shirt,1,14.6,0.0,Sofortüberweisung,4.99,3,5.0,False
104160,2024-09-04,717,32.0,Süd,Elektronik,USB-Kabel,2,38.25,0.0,Lastschrift,4.99,1,5.0,False
104064,2024-02-26,1338,57.0,West,Sport,Laufschuhe,1,75.78,5.0,PayPal,0.0,1,4.0,False
104342,2023-06-29,1413,41.0,Ost,Haushalt,Pfannenset,1,91.32,0.0,Rechnung,0.0,3,4.0,False
104951,2024-11-09,331,24.0,Ost,Haushalt,Staubsauger,3,101.26,10.0,Sofortüberweisung,2.99,2,4.0,False
103580,2024-10-26,435,50.0,West,Haushalt,Bettwäsche,2,28.37,0.0,Rechnung,2.99,1,5.0,False
104230,2023-10-18,358,49.0,Süd,Sport,Laufschuhe,5,29.49,0.0,Rechnung,0.0,6,5.0,False
102662,2023-02-08,112,37.0,Süd,Mode,Jeans,3,26.55,20.0,Kreditkarte,0.0,1,5.0,False
102705,2024-01-02,843,49.0,Mitte,Mode,Jeans,1,19.49,0.0,Rechnung,2.99,1,5.0,False
101323,2023-12-19,413,53.0,Mitte,Elektronik,Bluetooth-Lautsprecher,1,30.89,0.0,Sofortüberweisung,6.99,4,5.0,False
104129,2024-12-31,936,44.0,Mitte,Mode,Sneaker,4,30.35,0.0,Rechnung,4.99,6,2.0,False
103984,2024-10-15,1632,26.0,Süd,Haushalt,Bettwäsche,1,31.75,0.0,Lastschrift,6.99,1,3.0,False
104825,2024-12-09,935,,Nord,Bücher,Kinderbuch,2,26.4,0.0,Kreditkarte,4.99,2,5.0,False
104459,2024-07-13,1089,29.0,Mitte,Mode,T-Shirt,1,79.87,0.0,Kreditkarte,2.99,1,3.0,False
102883,2023-04-13,330,29.0,Ost,Bücher,Kochbuch,1,22.6,0.0,Lastschrift,4.99,5,3.0,False
102117,2024-11-10,1096,52.0,Nord,Elektronik,Kopfhörer,2,25.53,10.0,Lastschrift,6.99,4,4.0,False
100653,2024-05-30,964,52.0,Mitte,Mode,Mütze,1,51.52,0.0,PayPal,0.0,3,4.0,False
104436,2024-05-01,1576,28.0,Mitte,Mode,Jacke,1,42.45,0.0,Sofortüberweisung,4.99,1,4.0,False
101018,2023-04-09,291,42.0,West,Sport,Trinkflasche,3,38.01,15.0,Kreditkarte,,2,4.0,False
100088,2023-07-31,1114,33.0,Süd,Haushalt,Lampe,2,16.22,5.0,PayPal,2.99,1,2.0,False
101129,2023-07-13,461,51.0,Nord,Elektronik,Bluetooth-Lautsprecher,1,50.84,0.0,Sofortüberweisung,2.99,1,5.0,False
103773,2024-03-29,1721,47.0,Mitte,Sport,Yogamatte,1,34.25,10.0,PayPal,0.0,2,5.0,False
100008,2024-10-21,556,20.0,West,Elektronik,USB-Kabel,1,64.32,0.0,Kreditkarte,2.99,2,5.0,False
101886,2024-11-25,551,20.0,Mitte,Mode,T-Shirt,1,20.06,0.0,Lastschrift,2.99,7,4.0,False
101662,2023-08-17,1388,25.0,Mitte,Mode,Mütze,1,24.16,0.0,Lastschrift,2.99,3,5.0,False
103910,2024-01-16,21,26.0,Süd,Sport,Trinkflasche,4,44.92,0.0,Lastschrift,4.99,4,5.0,False
100681,2024-07-13,183,29.0,West,Sport,Fitnessband,1,21.37,15.0,Sofortüberweisung,2.99,3,3.0,False
103773,2024-03-29,1721,47.0,Mitte,Sport,Yogamatte,1,34.25,10.0,PayPal,0.0,2,5.0,False
103658,2024-10-13,1688,46.0,West,Elektronik,Kopfhörer,1,49.2,0.0,Sofortüberweisung,0.0,1,4.0,False
100144,2024-02-07,1265,50.0,West,Bücher,Roman,1,18.37,0.0,Kreditkarte,0.0,1,3.0,False
100994,2023-03-12,1511,,Mitte,Elektronik,Powerbank,1,26.46,0.0,Sofortüberweisung,6.99,5,5.0,False
103652,2024-12-18,975,47.0,West,Haushalt,Staubsauger,1,61.17,0.0,Lastschrift,4.99,2,2.0,False
101741,2023-05-01,1728,39.0,Nord,Mode,Jacke,1,11.4,0.0,PayPal,2.99,5,4.0,False
103340,2024-10-09,1034,24.0,West,Elektronik,Smartphone-Hülle,1,40.09,0.0,Kreditkarte,2.99,3,4.0,False
103835,2023-12-20,1129,34.0,West,Mode,Jacke,2,15.12,0.0,Lastschrift,6.99,5,,False
102741,2023-07-18,999,37.0,West,Elektronik,USB-Kabel,1,24.47,0.0,PayPal,4.99,4,5.0,False
100151,2024-12-21,479,59.0,West,Bücher,Roman,1,12.58,0.0,Rechnung,6.99,3,4.0,False
101670,2024-07-12,1612,50.0,Ost,Bücher,Sachbuch,1,15.96,0.0,PayPal,2.99,3,5.0,False
103917,2024-06-27,592,48.0,Nord,Haushalt,Staubsauger,1,61.82,0.0,PayPal,0.0,4,5.0,True
101831,2024-07-01,890,46.0,Ost,Elektronik,USB-Kabel,2,8.7,15.0,Sofortüberweisung,4.99,4,5.0,False
100240,2023-09-05,1024,50.0,West,Mode,Mütze,4,9.53,0.0,Rechnung,4.99,3,5.0,False
100848,2023-05-30,1315,53.0,Ost,Mode,Jacke,2,7.93,0.0,Lastschrift,2.99,3,3.0,False
102172,2024-11-14,1550,56.0,Nord,Haushalt,Pfannenset,1,44.2,20.0,Kreditkarte,2.99,5,5.0,False
101881,2024-03-10,1246,52.0,West,Bücher,Kinderbuch,2,2.27,0.0,PayPal,6.99,6,5.0,True
100856,2024-05-28,684,34.0,Süd,Haushalt,Lampe,1,54.57,0.0,Kreditkarte,0.0,3,5.0,False
103355,2024-02-01,337,18.0,Ost,Mode,Jacke,1,33.19,5.0,Lastschrift,2.99,4,3.0,False
101413,2023-04-03,1021,,West,Haushalt,Pfannenset,1,66.0,0.0,PayPal,0.0,2,3.0,False
100964,2023-03-22,805,31.0,Mitte,Bücher,Roman,2,19.46,0.0,Kreditkarte,0.0,2,5.0,False
101417,2023-04-25,378,46.0,Ost,Elektronik,Kopfhörer,2,33.83,15.0,Kreditkarte,2.99,7,,False
102749,2023-07-29,1342,58.0,West,Sport,Trinkflasche,2,34.34,25.0,Rechnung,4.99,1,4.0,False
100457,2023-01-17,319,46.0,Ost,Mode,Sneaker,1,33.03,0.0,Kreditkarte,4.99,2,5.0,False
101103,2023-05-11,16,27.0,West,Haushalt,Pfannenset,1,50.46,15.0,Sofortüberweisung,4.99,2,3.0,True
101436,2023-05-04,261,29.0,Nord,Haushalt,Bettwäsche,2,1778.1924327474612,0.0,PayPal,2.99,3,5.0,False
104759,2023-05-28,603,35.0,West,Elektronik,Smartphone-Hülle,1,41.9,0.0,Lastschrift,2.99,2,4.0,False
104084,2023-11-05,1551,37.0,Ost,Sport,Fitnessband,1,9.18,0.0,PayPal,0.0,3,5.0,False
101590,2024-09-30,1092,42.0,Mitte,Mode,Sneaker,2,21.9,0.0,Rechnung,4.99,4,3.0,False
103386,2024-09-24,1516,30.0,West,BÜCHER,Comic,1,24.41,0.0,PayPal,2.99,1,4.0,False
100465,2024-07-25,493,35.0,Mitte,Bücher,Comic,4,32.8,5.0,Rechnung,2.99,3,5.0,False
102673,2023-04-18,1137,47.0,West,Haushalt,Kaffeemaschine,2,45.69,0.0,Rechnung,4.99,3,4.0,False
103257,2024-02-27,1783,25.0,West,Elektronik,Smartphone-Hülle,1,97.04,0.0,Kreditkarte,2.99,4,2.0,False
104293,2023-08-04,463,65.0,Ost,Elektronik,Kopfhörer,1,39.74,10.0,Rechnung,4.99,4,5.0,False
101786,2023-07-06,1212,41.0,Nord,Elektronik,Smartphone-Hülle,1,30.63,5.0,PayPal,2.99,6,5.0,False
101718,2024-03-29,1125,43.0,Süd,Mode,T-Shirt,3,25.71,0.0,Kreditkarte,4.99,2,4.0,False
100100,2023-10-03,922,36.0,Mitte,Haushalt,Kaffeemaschine,1,15.44,0.0,Kreditkarte,0.0,1,3.0,False
104028,2023-03-25,337,33.0,Ost,Bücher,Comic,1,7.01,0.0,PayPal,0.0,1,4.0,False
101705,2024-04-07,1245,44.0,Mitte,Bücher,Sachbuch,1,9.93,0.0,Sofortüberweisung,0.0,2,5.0,False
103319,2023-05-07,563,52.0,West,Sport,Fitnessband,1,25.29,0.0,Kreditkarte,2.99,2,4.0,False
101049,2023-03-30,1010,39.0,Ost,Elektronik,Kopfhörer,1,18.26,0.0,Sofortüberweisung,0.0,6,3.0,False
101406,2023-09-20,1738,59.0,Nord,SPORT,Hantel,1,41.67,0.0,Kreditkarte,4.99,5,5.0,False
103625,2023-08-20,499,38.0,Nord,Elektronik,USB-Kabel,1,57.9,0.0,Sofortüberweisung,0.0,5,5.0,False
104192,2024-05-26,89,31.0,Mitte,Elektronik,Bluetooth-Lautsprecher,1,50.76,0.0,PayPal,4.99,3,5.0,False
101253,2024-11-21,1422,43.0,West,Mode,Jeans,1,30.96,0.0,Sofortüberweisung,0.0,4,4.0,False
104738,2024-07-31,718,18.0,Nord,Elektronik,Smartphone-Hülle,3,75.54,0.0,PayPal,0.0,2,5.0,True
102420,2024-09-08,73,62.0,Mitte,Haushalt,Pfannenset,5,69.81,0.0,Kreditkarte,6.99,4,5.0,False
104273,2023-04-05,1303,39.0,Süd,Haushalt,Pfannenset,1,28.42,0.0,PayPal,2.99,4,5.0,False
102847,2023-10-04,575,41.0,West,Elektronik,Kopfhörer,1,57.56,0.0,Kreditkarte,4.99,3,3.0,False
101056,2024-04-13,1744,31.0,Süd,Elektronik,Smartphone-Hülle,1,25.26,5.0,Rechnung,4.99,3,4.0,False
102072,2023-08-18,711,45.0,West,Elektronik,Kopfhörer,4,30.17,10.0,Lastschrift,0.0,3,2.0,False
101726,2023-08-11,867,46.0,Nord,Sport,Yogamatte,2,92.38,0.0,PayPal,2.99,4,3.0,False
104252,2023-01-09,1207,52.0,Ost,Elektronik,Bluetooth-Lautsprecher,1,28.89,0.0,Kreditkarte,0.0,2,,False
103361,2023-06-16,1668,20.0,Mitte,Elektronik,Powerbank,1,20.41,0.0,Rechnung,0.0,4,4.0,False
101295,2024-02-12,159,28.0,Süd,Mode,Jacke,1,25.02,0.0,Sofortüberweisung,4.99,4,5.0,False
103592,2024-03-19,800,41.0,Ost,Elektronik,Bluetooth-Lautsprecher,2,41.48,0.0,Rechnung,4.99,4,4.0,False
103488,2024-03-04,734,33.0,Süd,Elektronik,Smartphone-Hülle,1,40.83,0.0,Kreditkarte,4.99,4,4.0,False
101292,2023-05-10,655,32.0,Süd,Elektronik,Smartphone-Hülle,2,13.79,0.0,PayPal,2.99,3,4.0,False
100589,2024-05-13,1287,20.0,Süd,Mode,T-Shirt,1,16.16,0.0,Sofortüberweisung,0.0,5,4.0,False
104116,2024-03-09,285,45.0,Mitte,Elektronik,USB-Kabel,1,68.78,0.0,Sofortüberweisung,0.0,2,2.0,False
102837,2024-04-04,1443,56.0,Ost,Elektronik,Smartphone-Hülle,2,102.89,0.0,Lastschrift,2.99,8,2.0,False
104610,2024-12-31,1540,39.0,West,Elektronik,USB-Kabel,4,50.28,0.0,PayPal,2.99,1,5.0,False
100931,2024-10-18,1390,39.0,Mitte,Elektronik,Powerbank,3,42.24,0.0,Rechnung,4.99,5,5.0,False
101170,2024-02-26,1465,22.0,Süd,Bücher,Roman,1,24.35,0.0,Rechnung,0.0,1,4.0,False
103167,2024-01-22,855,36.0,West,ELEKTRONIK,USB-Kabel,1,54.67,0.0,Kreditkarte,0.0,5,4.0,False
101699,2024-01-09,404,37.0,West,Sport,Yogamatte,2,76.11,0.0,Sofortüberweisung,2.99,3,5.0,False
102619,2023-01-04,1524,59.0,Nord,Elektronik,USB-Kabel,1,28.2,0.0,Kreditkarte,4.99,2,4.0,False
100683,2023-08-30,1221,44.0,Mitte,Haushalt,Bettwäsche,1,63.92,10.0,Rechnung,0.0,4,5.0,False
100230,2024-11-21,70,40.0,Süd,Haushalt,Pfannenset,1,36.82,5.0,Kreditkarte,4.99,4,5.0,False
104605,2024-03-06,933,49.0,Ost,Elektronik,Bluetooth-Lautsprecher,1,56.03,0.0,Sofortüberweisung,4.99,2,4.0,False
103408,2024-09-06,1343,55.0,Süd,Mode,Jacke,1,5.29,20.0,PayPal,6.99,3,2.0,False
104322,2023-05-25,630,27.0,Süd,Elektronik,Kopfhörer,2,80.87,0.0,PayPal,2.99,6,5.0,False
104046,2024-09-02,76,,Ost,Elektronik,Kopfhörer,1,62.5,5.0,Kreditkarte,2.99,7,4.0,False
102407,2023-10-31,1371,34.0,Ost,Sport,Fitnessband,2,99.37,0.0,PayPal,2.99,7,4.0,False
102337,2024-01-02,1233,18.0,West,Mode,Mütze,1,20.65,25.0,Kreditkarte,4.99,4,5.0,False
104051,2023-01-19,1382,43.0,Ost,Elektronik,Smartphone-Hülle,4,40.32,5.0,Kreditkarte,0.0,2,5.0,False
100296,2023-09-17,930,52.0,West,Mode,T-Shirt,1,28.59,0.0,Lastschrift,2.99,6,4.0,False
104749,2024-01-31,1017,26.0,West,Elektronik,Powerbank,1,61.35,0.0,Lastschrift,0.0,2,5.0,False
103780,2024-10-05,1709,42.0,Nord,Sport,Trinkflasche,1,8.15,15.0,Lastschrift,0.0,6,5.0,False
101173,2023-06-25,1042,44.0,Mitte,Sport,Trinkflasche,1,13.88,5.0,Kreditkarte,4.99,3,4.0,False
103127,2024-02-01,1692,62.0,Nord,Mode,Mütze,1,25.32,20.0,Lastschrift,4.99,5,5.0,False
103035,2024-06-17,661,36.0,Mitte,Elektronik,Kopfhörer,2,17.31,15.0,PayPal,6.99,1,4.0,False
100742,2024-02-01,212,38.0,Mitte,BÜCHER,Roman,1,4.21,0.0,Lastschrift,0.0,2,3.0,False
103940,2023-10-16,106,38.0,Süd,Sport,Yogamatte,1,39.57,0.0,PayPal,0.0,4,4.0,False
103868,2024-07-30,948,49.0,Mitte,Mode,Mütze,3,24.0,0.0,Sofortüberweisung,4.99,4,4.0,False
100505,2024-08-31,1667,30.0,Ost,Mode,Mütze,1,30.95,0.0,Kreditkarte,0.0,4,4.0,False
104600,2024-07-25,1502,34.0,Ost,Mode,T-Shirt,1,17.82,0.0,Rechnung,6.99,1,4.0,False
104258,2024-07-06,1292,40.0,Nord,Bücher,Sachbuch,1,3.75,5.0,Lastschrift,0.0,6,5.0,False
101485,2024-05-05,1163,29.0,Nord,Mode ,T-Shirt,2,57.51,10.0,Lastschrift,4.99,7,4.0,False
101419,2023-08-30,735,64.0,Süd,Mode,Sneaker,1,53.53,0.0,Lastschrift,4.99,4,5.0,False
103098,2023-02-28,1610,42.0,West,Sport,Trinkflasche,1,109.95,0.0,PayPal,6.99,6,3.0,False
100705,2023-10-13,1709,27.0,Mitte,Haushalt,Lampe,1,173.15,0.0,Lastschrift,4.99,2,5.0,False
104725,2024-01-26,1408,52.0,Nord,Mode,Jacke,1,38.1,0.0,Lastschrift,2.99,7,5.0,False
100333,2023-10-30,1781,40.0,West,HAUSHALT,Pfannenset,2,16.41,15.0,Rechnung,0.0,5,4.0,False
100468,2024-10-03,120,38.0,West,Elektronik,Kopfhörer,1,33.14,0.0,Rechnung,4.99,3,4.0,False
103450,2024-05-28,612,37.0,Nord,Haushalt,Lampe,2,46.6,0.0,Sofortüberweisung,0.0,8,3.0,False
103105,2024-08-11,12,28.0,Mitte,Mode,Jacke,2,14.1,0.0,Sofortüberweisung,6.99,4,5.0,False
101434,2023-05-19,628,27.0,West,Sport,Yogamatte,1,8.76,10.0,Kreditkarte,6.99,5,5.0,True
100149,2024-09-16,758,28.0,West,Elektronik,Kopfhörer,1,53.2,0.0,Kreditkarte,2.99,4,1.0,False
104031,2024-12-20,1277,38.0,West,HAUSHALT,Staubsauger,2,52.25,0.0,PayPal,0.0,5,4.0,False
100414,2023-02-05,1772,19.0,Mitte,Haushalt,Bettwäsche,2,20.62,0.0,Kreditkarte,,3,3.0,False
101305,2024-06-10,330,27.0,Ost,Mode,Jeans,3,4.93,0.0,Sofortüberweisung,2.99,6,4.0,False
102629,2024-06-10,1696,41.0,Süd,Bücher,Kinderbuch,1,14.58,10.0,Rechnung,4.99,4,5.0,False
101126,2024-12-16,1288,44.0,Ost,Elektronik,Kopfhörer,4,29.96,0.0,Sofortüberweisung,0.0,3,4.0,False
103692,2024-09-15,1345,57.0,Süd,Mode,Sneaker,1,15.13,15.0,Lastschrift,4.99,2,3.0,False
100012,2023-01-28,1784,,Mitte,Elektronik,Smartphone-Hülle,2,24.74,0.0,Kreditkarte,0.0,3,4.0,True
100093,2024-04-23,578,39.0,Süd,Sport,Hantel,1,21.77,20.0,Kreditkarte,0.0,2,4.0,False
103657,2024-11-27,230,39.0,Nord,Mode,Jacke,1,29.69,10.0,Kreditkarte,2.99,6,3.0,False
101541,2023-04-25,1460,52.0,Mitte,Mode,Jacke,1,56.11,0.0,PayPal,0.0,3,,False
104372,2024-03-02,244,30.0,Mitte,Sport,Trinkflasche,1,35.97,5.0,PayPal,6.99,3,4.0,False
103759,2023-03-20,968,49.0,Ost,Bücher,Roman,2,2.02,0.0,Kreditkarte,2.99,6,4.0,False
103733,2023-10-09,636,62.0,West,Mode,Sneaker,1,72.77,0.0,Kreditkarte,2.99,1,3.0,False
103767,2023-08-18,258,42.0,Süd,Elektronik,Kopfhörer,1,38.16,5.0,Sofortüberweisung,2.99,3,5.0,False
102902,2023-10-01,1139,41.0,Ost,Sport,Trinkflasche,1,28.82,10.0,Rechnung,0.0,3,4.0,False
100733,2024-02-17,365,18.0,Ost,Mode,Jeans,1,23.61,0.0,Kreditkarte,4.99,1,4.0,False
103497,2023-07-04,1668,59.0,Ost,Mode,Mütze,1,9.47,0.0,Lastschrift,4.99,3,5.0,False
104125,2023-05-28,331,57.0,Süd,Elektronik,Bluetooth-Lautsprecher,1,46.71,10.0,Kreditkarte,2.99,5,5.0,False
101784,2023-08-14,1021,27.0,Nord,Elektronik,Bluetooth-Lautsprecher,2,49.76,0.0,Kreditkarte,2.99,2,5.0,False
102181,2023-04-02,7,31.0,Mitte,Elektronik,Smartphone-Hülle,2,18.1,0.0,Kreditkarte,0.0,3,1.0,False
100416,2024-10-13,1777,23.0,Ost,Elektronik,USB-Kabel,2,49.4,0.0,PayPal,0.0,4,4.0,False
102316,2023-09-26,1382,27.0,Nord,Haushalt,Kaffeemaschine,1,59.58,0.0,Lastschrift,2.99,7,3.0,False
104325,2024-03-12,970,33.0,Mitte,Haushalt,Staubsauger,1,47.08,5.0,Rechnung,4.99,1,5.0,False
104177,2023-07-10,1449,48.0,West,Mode,Sneaker,1,30.84,0.0,Kreditkarte,,5,5.0,False
100333,2023-10-30,1781,40.0,West,HAUSHALT,Pfannenset,2,16.41,15.0,Rechnung,0.0,5,4.0,False
101094,2023-09-12,1074,39.0,Nord,Mode,Mütze,1,30.18,0.0,Sofortüberweisung,2.99,8,4.0,False
100746,2023-08-21,565,25.0,West,Mode,Mütze,2,23.55,0.0,Sofortüberweisung,6.99,3,4.0,True
103899,2024-08-06,1081,34.0,Ost,Elektronik,Smartphone-Hülle,1,49.23,10.0,Sofortüberweisung,4.99,5,,False
103979,2024-03-08,1522,39.0,Ost,Elektronik,Kopfhörer,1,45.76,15.0,Kreditkarte,0.0,4,4.0,False
102687,2024-07-26,839,30.0,Ost,Mode ,T-Shirt,2,32.46,0.0,Kreditkarte,2.99,7,2.0,False
103017,2024-07-01,1048,44.0,Ost,Haushalt,Kaffeemaschine,1,27.98,15.0,Lastschrift,2.99,3,,False
101992,2024-06-24,529,25.0,Süd,Haushalt,Lampe,1,24.15,0.0,Sofortüberweisung,6.99,7,,False
104904,2023-07-23,185,32.0,Nord,Mode,Jeans,1,34.73,0.0,Sofortüberweisung,0.0,2,5.0,False
102651,2024-07-21,994,47.0,Ost,Haushalt,Pfannenset,1,56.35,0.0,PayPal,0.0,2,5.0,False
102850,2024-08-02,610,23.0,Ost,Bücher,Sachbuch,2,36.08,0.0,PayPal,2.99,8,4.0,False
102858,2023-05-07,778,46.0,Ost,Mode,Jeans,3,19.02,0.0,Kreditkarte,4.99,2,,False
103527,2024-03-19,1419,34.0,Süd,Elektronik,Bluetooth-Lautsprecher,2,1568.5959686455371,0.0,Rechnung,6.99,5,2.0,False
104242,2024-02-26,684,33.0,Ost,Elektronik,Smartphone-Hülle,1,833.463877231682,25.0,Rechnung,6.99,6,1.0,False
103682,2023-12-08,655,39.0,Süd,Sport,Yogamatte,1,21.68,0.0,Kreditkarte,6.99,1,4.0,False
100132,2024-05-18,590,58.0,West,Elektronik,USB-Kabel,1,26.67,0.0,Lastschrift,0.0,1,5.0,False
102413,2024-06-17,585,29.0,Ost,Elektronik ,USB-Kabel,2,26.78,5.0,Kreditkarte,6.99,4,4.0,False
103634,2024-12-25,633,33.0,Süd,Haushalt,Bettwäsche,1,39.82,20.0,Sofortüberweisung,6.99,6,3.0,False
101482,2024-10-06,1268,33.0,West,Sport,Fitnessband,1,27.41,0.0,Kreditkarte,4.99,1,4.0,False
100429,2023-11-23,998,32.0,Mitte,Elektronik ,Bluetooth-Lautsprecher,1,50.13,0.0,PayPal,2.99,4,5.0,False
104805,2024-08-17,1193,53.0,Mitte,Mode,Sneaker,1,25.92,0.0,Rechnung,4.99,3,5.0,True
104739,2023-06-11,1617,27.0,West,Bücher ,Roman,1,7.84,0.0,Kreditkarte,0.0,2,3.0,False
101907,2023-08-22,1721,21.0,Süd,Elektronik,Powerbank,1,64.02,5.0,PayPal,0.0,6,5.0,False
100287,2024-02-08,713,34.0,Nord,Mode,Jacke,1,20.33,10.0,PayPal,2.99,6,4.0,False
103274,2023-03-11,1470,29.0,Mitte,Sport,Fitnessband,1,60.92,5.0,PayPal,,5,4.0,False
103653,2024-12-24,979,22.0,Mitte,Haushalt,Lampe,1,870.2779522954324,20.0,Lastschrift,4.99,1,3.0,False
103922,2023-05-11,50,26.0,Mitte,Mode,T-Shirt,1,22.29,0.0,Rechnung,4.99,4,4.0,False
104163,2024-10-25,936,23.0,West,Sport,Trinkflasche,1,9.83,0.0,Lastschrift,2.99,3,4.0,False
103107,2024-03-31,1159,27.0,West,Haushalt,Kaffeemaschine,1,77.1,0.0,PayPal,4.99,5,5.0,False
102094,2024-06-30,167,21.0,Ost,Haushalt,Pfannenset,1,21.64,25.0,Lastschrift,2.99,4,5.0,False
102436,2023-08-02,1400,41.0,Nord,Elektronik,Powerbank,2,47.77,0.0,Sofortüberweisung,0.0,3,4.0,False
101870,2023-07-16,398,26.0,Mitte,Bücher,Comic,1,22.94,0.0,Lastschrift,4.99,5,5.0,False
102694,2024-09-21,1498,41.0,West,Elektronik,Powerbank,1,31.7,0.0,Rechnung,4.99,1,5.0,False
102970,2023-12-28,388,39.0,Mitte,MODE,Jacke,1,30.11,0.0,Lastschrift,4.99,1,3.0,False
104975,2023-09-04,1467,43.0,Ost,Haushalt,Staubsauger,1,13.34,0.0,Kreditkarte,2.99,2,,False
103544,2024-02-27,1361,25.0,West,Sport,Trinkflasche,4,23.02,5.0,Lastschrift,4.99,5,5.0,False
104894,2024-01-29,1137,40.0,Mitte,Elektronik ,USB-Kabel,2,16.85,10.0,Kreditkarte,0.0,3,,False
103724,2023-11-19,226,42.0,Ost,Bücher,Comic,1,12.33,0.0,Rechnung,4.99,6,5.0,False
100437,2023-02-24,1391,18.0,Nord,Mode,Sneaker,1,32.64,0.0,PayPal,,5,4.0,False
103873,2024-08-31,273,41.0,Süd,Sport,Trinkflasche,1,21.53,0.0,Rechnung,2.99,6,4.0,False
100584,2023-02-01,705,35.0,Ost,Elektronik,Smartphone-Hülle,1,38.44,10.0,Lastschrift,6.99,8,5.0,False
102299,2024-09-26,161,39.0,Nord,Mode,Jacke,2,27.47,0.0,PayPal,0.0,6,5.0,False
101438,2023-10-24,794,24.0,Mitte,Elektronik,Smartphone-Hülle,1,59.93,0.0,Sofortüberweisung,0.0,2,4.0,False
104576,2024-06-08,54,40.0,Nord,Haushalt,Staubsauger,1,24.23,10.0,Rechnung,2.99,3,5.0,False
103871,2023-02-19,137,36.0,Süd,Elektronik,Smartphone-Hülle,1,22.61,0.0,Rechnung,0.0,4,5.0,False
100711,2024-01-01,553,33.0,Süd,Mode,Jacke,1,29.52,0.0,Kreditkarte,0.0,5,3.0,False
102851,2023-07-10,1527,56.0,Ost,Elektronik,Powerbank,4,63.04,0.0,Kreditkarte,4.99,1,5.0,False
104484,2024-10-29,417,,Süd,Elektronik,Powerbank,1,52.16,0.0,Rechnung,6.99,2,5.0,False
102416,2024-07-11,1318,32.0,Ost,Sport,Trinkflasche,1,39.58,0.0,Rechnung,2.99,4,4.0,False
104552,2023-02-26,1023,45.0,Nord,Haushalt,Bettwäsche,2,22.81,0.0,Rechnung,4.99,3,5.0,False
102321,2024-01-14,127,40.0,Nord,Mode,Mütze,1,35.56,15.0,Sofortüberweisung,4.99,5,5.0,False
103007,2023-09-24,238,34.0,Mitte,Elektronik,Smartphone-Hülle,1,7.3,0.0,Rechnung,2.99,5,5.0,False
102131,2024-08-10,1039,31.0,Mitte,Bücher,Sachbuch,1,14.57,0.0,PayPal,4.99,5,3.0,False
104734,2024-07-16,350,37.0,Ost,Haushalt,Staubsauger,2,68.45,0.0,Lastschrift,4.99,2,,False
102669,2023-06-01,1755,,Süd,Sport,Yogamatte,1,39.44,0.0,Rechnung,4.99,6,5.0,True
100586,2023-04-09,741,39.0,Ost,Mode,Jeans,1,9.91,15.0,PayPal,4.99,4,1.0,False
102372,2023-12-15,1110,27.0,Ost,Sport,Laufschuhe,1,28.25,5.0,Rechnung,0.0,2,5.0,False
101534,2024-05-07,854,55.0,Nord,Mode,Jeans,2,48.24,0.0,Kreditkarte,4.99,1,4.0,False
100734,2023-10-17,1784,,West,Elektronik,Smartphone-Hülle,2,17.97,0.0,Rechnung,0.0,2,3.0,False
102164,2023-11-24,923,21.0,Ost,ELEKTRONIK,Powerbank,1,42.16,0.0,Rechnung,0.0,5,5.0,False
103106,2023-03-10,1094,36.0,West,Elektronik,Kopfhörer,2,107.83,10.0,Lastschrift,4.99,4,5.0,False
104424,2024-08-31,1581,31.0,Ost,Haushalt,Bettwäsche,2,26.38,0.0,PayPal,4.99,4,4.0,False
102586,2024-01-14,1230,45.0,Nord,Mode,T-Shirt,5,73.72,5.0,Lastschrift,4.99,1,5.0,False
100553,2024-10-02,1655,32.0,Nord,Mode,Mütze,1,20.57,15.0,PayPal,4.99,6,4.0,False
104943,2024-03-03,1043,30.0,Mitte,Haushalt,Bettwäsche,2,108.51,0.0,Kreditkarte,0.0,2,5.0,False
100472,2024-02-25,99,52.0,Süd,Sport,Laufschuhe,1,110.34,5.0,Sofortüberweisung,0.0,4,5.0,False
101057,2024-05-04,682,46.0,Süd,Elektronik,Powerbank,3,19.59,5.0,Lastschrift,4.99,5,5.0,False
103290,2023-04-14,556,26.0,Süd,Mode,T-Shirt,1,18.55,0.0,Rechnung,6.99,4,5.0,False
104675,2024-02-20,860,33.0,Süd,Elektronik,Kopfhörer,2,84.52,0.0,PayPal,6.99,3,4.0,False
101047,2024-05-11,1645,42.0,Mitte,Mode,Sneaker,2,61.19,0.0,Sofortüberweisung,2.99,3,,False
101220,2024-08-24,1046,22.0,West,Mode,Jeans,2,25.49,5.0,Lastschrift,0.0,3,5.0,False
100544,2023-12-04,557,,Ost,Sport,Trinkflasche,1,25.91,0.0,Sofortüberweisung,0.0,1,3.0,False
100800,2023-12-15,1715,54.0,West,MODE,Jeans,1,3.89,10.0,Sofortüberweisung,4.99,7,5.0,False
104231,2024-10-03,304,38.0,Mitte,Haushalt,Pfannenset,1,42.58,25.0,Sofortüberweisung,6.99,6,,False
103524,2023-08-30,638,42.0,Süd,Haushalt,Pfannenset,1,42.91,0.0,Lastschrift,2.99,1,3.0,False
100290,2024-10-06,84,,Ost,Elektronik,Smartphone-Hülle,1,9.43,0.0,PayPal,0.0,1,5.0,False
104720,2024-04-11,1464,42.0,Ost,Elektronik,Powerbank,1,32.5,0.0,Rechnung,2.99,4,5.0,False
100926,2024-06-11,1275,40.0,Süd,Bücher,Kinderbuch,3,16.0,0.0,Lastschrift,4.99,3,4.0,False
100252,2023-03-05,1782,18.0,Süd,Mode,Jacke,1,27.74,0.0,Rechnung,2.99,6,4.0,True
100969,2024-04-26,702,32.0,Nord,Elektronik,Kopfhörer,3,51.0,0.0,Sofortüberweisung,2.99,1,5.0,False
103311,2023-09-03,374,46.0,Süd,Sport,Fitnessband,1,14.4,5.0,Rechnung,2.99,4,,False
100350,2023-06-06,1356,38.0,Süd,Haushalt,Pfannenset,1,62.81,0.0,Lastschrift,0.0,2,2.0,False
103206,2023-03-11,1735,37.0,Mitte,Mode,T-Shirt,1,5.76,20.0,Sofortüberweisung,2.99,3,4.0,False
102034,2024-10-19,1647,41.0,Süd,Elektronik,Powerbank,3,43.56,0.0,Rechnung,6.99,6,5.0,False
103034,2024-11-30,542,52.0,Mitte,Bücher,Roman,1,25.17,10.0,Sofortüberweisung,4.99,3,5.0,False
101593,2024-09-23,759,55.0,Ost,Mode,Jacke,2,30.48,0.0,Kreditkarte,2.99,6,4.0,False
100090,2024-10-12,1606,61.0,Nord,Elektronik,Bluetooth-Lautsprecher,1,90.48,0.0,Rechnung,0.0,2,3.0,False
101618,2023-09-21,417,39.0,Süd,Sport,Trinkflasche,1,51.25,0.0,PayPal,2.99,2,4.0,True
100811,2023-09-24,400,31.0,Nord,Mode,Mütze,3,13.09,0.0,PayPal,0.0,1,5.0,False
100721,2023-12-06,1071,,Mitte,Sport,Fitnessband,2,47.23,0.0,PayPal,6.99,5,4.0,False
103102,2024-08-09,1230,70.0,Süd,Sport,Hantel,3,35.53,5.0,Lastschrift,6.99,6,4.0,False
100026,2024-01-18,1312,45.0,Ost,Mode,Jacke,1,27.86,20.0,Sofortüberweisung,4.99,6,3.0,False
101345,2023-02-21,148,43.0,Mitte,Bücher,Sachbuch,1,9.27,5.0,Lastschrift,2.99,4,5.0,False
102083,2023-07-20,378,75.0,Ost,Mode,Sneaker,1,27.18,0.0,Kreditkarte,2.99,2,5.0,False
101755,2023-08-10,1742,47.0,Süd,Elektronik,Kopfhörer,1,13.07,10.0,Lastschrift,6.99,1,4.0,False
101210,2024-06-25,990,32.0,Ost,Mode,T-Shirt,1,42.39,0.0,Rechnung,6.99,1,5.0,False
104022,2024-12-07,618,51.0,Süd,Mode,T-Shirt,2,22.12,0.0,PayPal,0.0,4,4.0,False
104071,2024-09-27,1444,55.0,Mitte,Haushalt,Kaffeemaschine,2,39.89,0.0,Rechnung,0.0,6,3.0,False
102373,2024-04-24,1123,34.0,Ost,Elektronik,Smartphone-Hülle,1,29.63,0.0,Sofortüberweisung,2.99,3,3.0,False
104965,2024-07-22,1019,43.0,West,Elektronik,Powerbank,3,95.49,0.0,PayPal,0.0,5,3.0,False
103771,2023-03-29,1760,42.0,Mitte,Elektronik,Kopfhörer,3,14.43,20.0,Rechnung,4.99,1,3.0,False
100915,2024-12-04,1163,25.0,Mitte,Elektronik,Smartphone-Hülle,2,56.37,5.0,Kreditkarte,6.99,1,5.0,False
102525,2024-11-14,974,50.0,Nord,Sport,Hantel,1,30.9,15.0,PayPal,,6,3.0,False
101074,2023-06-05,1551,62.0,West,Mode,Jacke,1,38.93,0.0,Kreditkarte,6.99,1,5.0,False
103698,2024-11-14,1784,49.0,West,Sport,Trinkflasche,1,12.58,10.0,PayPal,2.99,2,2.0,False
100254,2023-01-26,696,41.0,Süd,Elektronik,Kopfhörer,3,57.35,0.0,Lastschrift,0.0,2,4.0,False
104299,2023-05-19,813,21.0,Süd,Mode,Jacke,1,28.74,0.0,PayPal,0.0,4,5.0,False
103210,2024-12-04,950,22.0,Mitte,Mode,Jeans,1,36.95,0.0,Kreditkarte,2.99,6,5.0,False
104086,2024-01-26,326,44.0,Mitte,Mode,Mütze,2,24.41,15.0,Rechnung,6.99,3,5.0,False
104354,2024-05-17,1422,30.0,Ost,Mode,Jeans,1,79.25,5.0,PayPal,0.0,5,4.0,False
104596,2024-09-14,464,33.0,Nord,Elektronik,Smartphone-Hülle,1,83.81,5.0,Rechnung,4.99,5,5.0,False
101729,2023-02-21,110,21.0,Ost,Haushalt,Kaffeemaschine,1,111.36,0.0,PayPal,2.99,4,5.0,False
102275,2024-06-18,520,36.0,West,Sport,Trinkflasche,1,24.81,0.0,Rechnung,2.99,6,5.0,False
101952,2023-09-20,1108,44.0,Mitte,Elektronik,Kopfhörer,1,51.08,10.0,Kreditkarte,4.99,1,5.0,False
101270,2023-01-19,1166,42.0,Mitte,Elektronik,Powerbank,1,33.05,15.0,Kreditkarte,6.99,5,4.0,False
104694,2024-05-17,346,41.0,Ost,Elektronik,Kopfhörer,2,20.1,5.0,Rechnung,4.99,4,1.0,False
100315,2024-12-30,959,27.0,Süd,Bücher,Comic,1,23.32,0.0,Lastschrift,2.99,1,4.0,False
104964,2024-06-11,803,56.0,Mitte,Elektronik,Powerbank,1,34.71,0.0,Sofortüberweisung,4.99,1,4.0,False
104921,2024-10-21,380,37.0,Mitte,Sport,Trinkflasche,2,675.5849959295712,0.0,PayPal,0.0,5,5.0,False
103828,2023-12-30,464,46.0,West,Elektronik,Powerbank,2,44.29,15.0,PayPal,6.99,4,4.0,False
100555,2024-10-20,1423,42.0,Ost,ELEKTRONIK,Powerbank,3,14.55,0.0,Rechnung,0.0,4,,False
101919,2023-12-03,1725,46.0,West,Mode ,Sneaker,1,10.55,0.0,Sofortüberweisung,0.0,2,1.0,False
103945,2023-08-07,1753,34.0,West,Haushalt,Staubsauger,1,84.22,0.0,Kreditkarte,0.0,4,5.0,False
100069,2024-06-10,447,49.0,Süd,Elektronik,Bluetooth-Lautsprecher,1,19.0,0.0,PayPal,2.99,6,5.0,False
102527,2024-07-16,56,26.0,West,Elektronik,Bluetooth-Lautsprecher,1,76.61,15.0,Lastschrift,4.99,5,5.0,False
103443,2024-07-25,1512,51.0,West,Bücher,Roman,1,5.59,0.0,PayPal,2.99,6,3.0,False
103409,2023-05-23,1187,54.0,Mitte,Elektronik,Smartphone-Hülle,1,75.73,0.0,PayPal,0.0,5,5.0,False
102874,2023-09-10,157,49.0,Nord,Sport,Fitnessband,2,98.17,15.0,Kreditkarte,2.99,6,4.0,False
104335,2023-06-15,1472,,Süd,HAUSHALT,Kaffeemaschine,1,24.97,0.0,PayPal,0.0,4,5.0,False
103169,2023-05-20,1359,25.0,Nord,Haushalt,Pfannenset,2,90.7,0.0,Kreditkarte,2.99,7,4.0,False
100805,2024-10-09,490,51.0,Süd,Bücher,Kochbuch,1,18.09,0.0,Kreditkarte,2.99,2,4.0,False
101553,2023-11-18,1661,18.0,Ost,Mode,T-Shirt,4,45.53,15.0,Sofortüberweisung,0.0,3,4.0,False
102118,2023-06-06,1527,49.0,West,Mode,Jeans,1,45.16,15.0,Sofortüberweisung,0.0,9,5.0,False
104220,2024-10-31,1064,39.0,Süd,Sport,Trinkflasche,1,19.28,20.0,Kreditkarte,0.0,4,4.0,False
103703,2024-12-26,682,49.0,Süd,Bücher,Comic,2,32.95,0.0,PayPal,0.0,1,5.0,False
100893,2024-04-23,1674,31.0,Nord,Mode,Sneaker,1,19.91,15.0,Lastschrift,4.99,6,4.0,False
104992,2024-10-02,739,33.0,Nord,Elektronik,Kopfhörer,1,60.93,0.0,Sofortüberweisung,6.99,9,4.0,False
102146,2024-04-02,1486,51.0,Mitte,Haushalt,Bettwäsche,1,89.09,0.0,PayPal,4.99,4,5.0,False
100387,2024-02-19,1316,38.0,West,Mode,Mütze,2,16.07,0.0,Sofortüberweisung,0.0,5,5.0,False
100751,2024-04-02,1675,47.0,Nord,Mode,Mütze,1,241.09749406015027,0.0,Lastschrift,0.0,3,2.0,False
102842,2024-05-07,1711,21.0,Ost,Mode,Jacke,4,30.35,10.0,Kreditkarte,0.0,4,4.0,False
103182,2023-09-04,546,37.0,West,Mode ,Jeans,1,44.75,0.0,Rechnung,2.99,2,5.0,False
101983,2024-12-27,294,41.0,West,Elektronik,Powerbank,1,51.71,15.0,Kreditkarte,0.0,4,4.0,False
104037,2023-09-06,552,37.0,Mitte,Elektronik,Bluetooth-Lautsprecher,2,33.41,0.0,Rechnung,2.99,3,5.0,False
103024,2023-05-28,688,40.0,Mitte,Haushalt,Pfannenset,2,42.73,10.0,PayPal,0.0,3,4.0,False
102187,2024-11-28,446,47.0,Nord,Haushalt,Bettwäsche,1,108.78,0.0,Rechnung,4.99,5,,False
100410,2024-06-07,1643,45.0,Ost,Haushalt,Pfannenset,1,24.09,0.0,PayPal,,5,5.0,False
104490,2024-05-02,422,39.0,Mitte,Haushalt,Staubsauger,1,15.99,15.0,Lastschrift,0.0,1,5.0,False
100109,2024-06-10,1167,34.0,West,HAUSHALT,Bettwäsche,5,105.85,0.0,Lastschrift,4.99,3,4.0,False
102555,2023-01-04,1581,39.0,Mitte,Sport,Fitnessband,2,35.75,0.0,Rechnung,6.99,4,5.0,False
103220,2023-11-10,1157,37.0,Ost,Haushalt,Lampe,1,32.63,0.0,Rechnung,2.99,3,3.0,False
102153,2024-07-10,429,43.0,Nord,Elektronik,Kopfhörer,1,34.08,0.0,Sofortüberweisung,2.99,4,5.0,False
104731,2024-01-27,1732,46.0,Nord,Elektronik,Powerbank,1,24.66,0.0,Kreditkarte,4.99,4,4.0,False
102663,2023-07-31,1448,47.0,West,MODE,Jacke,2,10.39,0.0,Sofortüberweisung,6.99,5,5.0,False
102191,2023-05-10,1298,37.0,West,Elektronik,Powerbank,2,54.22,10.0,Sofortüberweisung,6.99,6,1.0,False
104328,2024-09-06,108,41.0,West,Sport,Trinkflasche,1,29.39,0.0,Sofortüberweisung,4.99,3,4.0,False
101647,2023-06-07,85,43.0,Mitte,Haushalt,Pfannenset,3,19.61,5.0,Rechnung,0.0,7,4.0,True
100221,2024-07-16,1706,40.0,Süd,Haushalt,Kaffeemaschine,1,116.4,15.0,Kreditkarte,4.99,4,5.0,False
104409,2023-03-27,1320,36.0,Nord,Elektronik,USB-Kabel,1,102.32,0.0,Sofortüberweisung,4.99,1,3.0,False
104637,2024-10-03,101,32.0,Nord,Sport,Yogamatte,2,24.81,15.0,Sofortüberweisung,,1,4.0,False
100655,2023-07-13,1377,45.0,Mitte,Bücher,Sachbuch,1,19.93,0.0,Lastschrift,0.0,5,3.0,False
104144,2023-03-15,112,18.0,Nord,Haushalt,Kaffeemaschine,1,58.91,15.0,Kreditkarte,0.0,5,5.0,False
101788,2024-10-14,1610,43.0,Ost,Haushalt,Pfannenset,1,31.24,0.0,Sofortüberweisung,6.99,4,5.0,False
102921,2024-02-17,1500,41.0,Nord,Bücher,Comic,2,4.98,20.0,PayPal,0.0,2,4.0,False
101255,2024-12-01,128,,West,Sport,Trinkflasche,2,90.29,20.0,Rechnung,6.99,1,5.0,False
104013,2024-12-16,1452,37.0,Süd,Haushalt,Bettwäsche,1,98.33,20.0,Sofortüberweisung,2.99,1,4.0,False
104454,2024-12-10,1626,34.0,Ost,Mode,Jacke,2,77.13,10.0,PayPal,4.99,7,5.0,False
101209,2024-08-09,923,38.0,Mitte,Mode,T-Shirt,1,28.29,0.0,Lastschrift,,1,5.0,False
104248,2024-01-31,91,48.0,Süd,Mode,T-Shirt,2,26.14,0.0,Sofortüberweisung,6.99,4,5.0,False
101128,2023-08-06,414,49.0,Süd,Haushalt,Lampe,4,62.55,0.0,Rechnung,0.0,5,4.0,False
104173,2023-10-19,1133,56.0,Nord,Elektronik,Bluetooth-Lautsprecher,1,72.73,0.0,Rechnung,6.99,1,5.0,False
102319,2023-05-10,234,50.0,West,Sport,Yogamatte,4,6.44,0.0,Lastschrift,2.99,2,3.0,False
103989,2023-09-28,348,40.0,Nord,Mode,Jeans,1,30.35,0.0,Sofortüberweisung,4.99,5,5.0,False
100177,2023-04-11,122,68.0,Mitte,Mode,Sneaker,1,61.44,0.0,Sofortüberweisung,2.99,6,3.0,False
102949,2023-02-23,586,,Süd,Bücher ,Sachbuch,1,8.27,0.0,Lastschrift,6.99,3,,False
104792,2023-07-23,773,24.0,Ost,Sport,Hantel,1,37.98,20.0,Lastschrift,2.99,6,3.0,False
100080,2023-06-25,659,55.0,Nord,Mode,Jacke,1,29.19,0.0,Kreditkarte,0.0,6,5.0,False
101224,2024-01-22,1741,33.0,Süd,Mode,Jacke,1,12.15,0.0,Kreditkarte,6.99,4,5.0,False
102298,2024-07-29,1468,33.0,Süd,Haushalt,Staubsauger,2,35.94,0.0,PayPal,0.0,1,5.0,False
102915,2024-12-26,1555,51.0,Süd,Haushalt,Kaffeemaschine,1,16.52,15.0,Sofortüberweisung,2.99,7,4.0,False
102543,2023-07-02,790,42.0,Ost,Elektronik,Smartphone-Hülle,1,55.71,5.0,PayPal,0.0,2,4.0,True
104323,2023-10-24,1588,42.0,Nord,Haushalt,Lampe,1,46.25,0.0,Kreditkarte,6.99,1,3.0,True
101779,2023-08-26,797,46.0,West,Haushalt,Lampe,2,24.2,0.0,Rechnung,2.99,3,,False
104767,2023-12-29,1442,39.0,Süd,Bücher,Comic,1,23.56,5.0,Lastschrift,6.99,4,5.0,False
101611,2024-06-08,1765,,Ost,Sport,Laufschuhe,1,658.8812652396866,0.0,Rechnung,4.99,6,4.0,False
103778,2024-01-30,502,25.0,Nord,Haushalt,Lampe,2,50.07,0.0,Kreditkarte,0.0,6,3.0,False
101867,2024-09-21,594,36.0,West,Haushalt,Bettwäsche,1,74.77,0.0,PayPal,0.0,7,5.0,False
100670,2023-08-19,103,34.0,Süd,Haushalt,Pfannenset,1,40.59,5.0,PayPal,2.99,6,5.0,False
104831,2024-03-05,1053,28.0,Süd,Haushalt,Lampe,1,31.37,0.0,Sofortüberweisung,2.99,4,5.0,False
103618,2023-03-04,228,37.0,West,Bücher,Sachbuch,1,7.14,0.0,Sofortüberweisung,,4,4.0,False
101807,2024-02-07,857,36.0,Ost,Elektronik,USB-Kabel,1,55.69,0.0,Lastschrift,6.99,4,2.0,False
103393,2023-09-29,982,30.0,Ost,Sport,Trinkflasche,1,39.31,0.0,Kreditkarte,4.99,4,5.0,False
102688,2023-07-19,1538,52.0,West,Mode,Sneaker,1,29.06,0.0,Lastschrift,4.99,2,4.0,False
102894,2023-12-27,1744,22.0,Nord,Sport,Trinkflasche,2,36.54,0.0,Rechnung,2.99,5,4.0,False
104873,2023-05-16,1433,61.0,Süd,Mode,Sneaker,1,27.87,0.0,PayPal,,1,5.0,False
100219,2023-05-31,1099,25.0,West,Sport,Trinkflasche,1,5.0,0.0,Lastschrift,0.0,2,2.0,False
102095,2023-06-12,157,42.0,Mitte,BÜCHER,Kochbuch,5,20.26,0.0,Rechnung,4.99,1,4.0,False
103044,2024-02-09,506,44.0,Ost,Mode,Mütze,2,28.24,10.0,PayPal,2.99,6,4.0,False
100043,2024-02-19,14,30.0,Ost,Bücher,Roman,1,13.76,0.0,PayPal,2.99,4,4.0,False
100210,2024-04-28,1517,44.0,Ost,Bücher,Kochbuch,1,24.49,0.0,Lastschrift,0.0,3,3.0,False
101513,2023-04-06,501,50.0,Ost,BÜCHER,Comic,1,33.69,0.0,PayPal,0.0,1,5.0,False
100354,2024-05-29,1094,31.0,West,Haushalt,Staubsauger,1,62.65,10.0,Kreditkarte,4.99,2,5.0,False
102441,2023-09-16,1661,38.0,Nord,Elektronik,USB-Kabel,3,70.4,20.0,Sofortüberweisung,2.99,4,5.0,False
101197,2023-10-06,1368,18.0,Ost,Haushalt,Bettwäsche,2,98.46,0.0,Sofortüberweisung,4.99,4,5.0,False
103975,2023-10-18,1612,51.0,Nord,Mode,Jacke,2,27.95,0.0,Kreditkarte,0.0,5,5.0,False
103204,2024-06-16,894,42.0,Nord,Mode,T-Shirt,1,26.11,5.0,PayPal,,2,,False
100367,2024-09-06,1263,34.0,Mitte,Mode,T-Shirt,2,36.15,0.0,Rechnung,4.99,3,4.0,False
102596,2024-01-24,782,50.0,Nord,Elektronik,USB-Kabel,5,58.81,0.0,Kreditkarte,0.0,3,5.0,False
103789,2024-06-11,385,36.0,West,Mode,Jeans,2,30.1,0.0,Rechnung,0.0,3,4.0,False
101728,2024-07-31,481,44.0,West,Bücher,Kinderbuch,2,17.65,20.0,PayPal,6.99,2,5.0,False
100135,2024-12-07,302,34.0,Ost,Elektronik,Bluetooth-Lautsprecher,2,927.9758609338871,5.0,Lastschrift,6.99,3,5.0,False
101503,2023-09-02,891,48.0,Nord,Bücher,Kinderbuch,1,16.56,15.0,Lastschrift,4.99,5,,False
100047,2024-07-09,723,38.0,West,Sport,Trinkflasche,1,46.79,15.0,Sofortüberweisung,0.0,2,,False
102318,2023-03-30,115,36.0,Ost,Mode,Mütze,3,35.24,15.0,Kreditkarte,2.99,6,,False
101391,2024-09-15,1218,39.0,Nord,Mode,Jeans,1,38.78,10.0,Lastschrift,0.0,5,4.0,False
102063,2023-08-18,667,18.0,Ost,Sport,Laufschuhe,1,44.45,0.0,Rechnung,4.99,4,4.0,False
101010,2023-11-30,1624,42.0,Mitte,Mode,Jacke,2,31.3,0.0,Sofortüberweisung,2.99,6,4.0,False
102121,2023-03-29,1159,39.0,West,Elektronik,Smartphone-Hülle,1,24.71,0.0,PayPal,4.99,1,,False
103995,2024-05-21,1706,27.0,Nord,Haushalt,Kaffeemaschine,3,110.82,0.0,Sofortüberweisung,0.0,2,4.0,False
100061,2024-11-20,23,36.0,Nord,Haushalt,Lampe,2,23.09,0.0,Lastschrift,2.99,3,5.0,False
101032,2023-03-31,422,19.0,West,Mode,Jeans,2,70.13,0.0,Rechnung,4.99,6,5.0,False
103245,2023-10-16,1241,37.0,Mitte,Elektronik,Smartphone-Hülle,1,68.32,0.0,PayPal,2.99,3,4.0,False
100095,2024-07-08,1360,49.0,Ost,Haushalt,Bettwäsche,1,32.38,0.0,PayPal,2.99,5,4.0,False
100478,2023-02-02,553,38.0,West,Mode,Jeans,1,15.16,0.0,Lastschrift,6.99,3,3.0,False
104321,2023-04-30,927,39.0,West,Elektronik,Powerbank,1,53.72,0.0,Kreditkarte,0.0,6,3.0,False
100842,2023-02-09,1269,19.0,Süd,ELEKTRONIK,Smartphone-Hülle,2,47.8,10.0,Lastschrift,4.99,7,5.0,False
100889,2024-12-23,540,47.0,Nord,Mode,Jacke,1,8.07,5.0,Lastschrift,4.99,2,5.0,False
101616,2024-05-06,1742,30.0,Süd,Elektronik,Smartphone-Hülle,1,72.59,15.0,PayPal,0.0,3,4.0,False
101902,2024-11-06,1123,21.0,West,Mode,T-Shirt,1,43.14,15.0,Rechnung,0.0,3,4.0,False
101505,2024-02-18,1343,25.0,West,Sport,Hantel,1,26.57,20.0,Kreditkarte,4.99,1,3.0,False
100322,2024-09-07,89,29.0,Süd,Mode,T-Shirt,2,41.93,0.0,Rechnung,4.99,4,5.0,False
101322,2023-03-28,1525,52.0,Ost,Elektronik,Powerbank,1,46.85,0.0,PayPal,4.99,3,5.0,False
103473,2024-10-30,560,31.0,Mitte,Mode,T-Shirt,4,31.42,0.0,Rechnung,6.99,2,,True
104041,2024-11-03,1276,43.0,Mitte,Mode,T-Shirt,2,5.75,15.0,Lastschrift,,4,3.0,False
102387,2023-09-03,836,18.0,Nord,Mode,Mütze,1,40.84,0.0,Rechnung,0.0,4,3.0,False
101425,2023-10-20,464,28.0,Ost,Mode ,Jacke,1,49.22,15.0,Lastschrift,2.99,6,3.0,False
102521,2023-02-22,1782,48.0,Süd,Elektronik,Powerbank,1,91.04,0.0,Kreditkarte,0.0,7,3.0,False
103129,2023-03-30,707,,Mitte,Mode,Sneaker,2,20.0,15.0,Kreditkarte,2.99,5,4.0,False
101187,2023-03-16,1236,44.0,Nord,Haushalt,Kaffeemaschine,2,27.58,0.0,Lastschrift,4.99,6,2.0,False
102463,2024-10-15,1663,72.0,Nord,Haushalt,Bettwäsche,1,35.86,0.0,Sofortüberweisung,2.99,5,4.0,False
100291,2023-02-20,258,23.0,West,Elektronik,Bluetooth-Lautsprecher,2,48.22,0.0,Sofortüberweisung,2.99,4,3.0,False
102357,2024-08-31,235,43.0,West,Elektronik,Kopfhörer,1,4.98,10.0,Rechnung,2.99,3,,False
102754,2024-07-19,422,48.0,Mitte,Bücher,Roman,1,10.25,0.0,Lastschrift,4.99,2,,False
100533,2023-12-15,1331,37.0,Nord,Mode,Jacke,1,42.69,5.0,Lastschrift,4.99,4,4.0,False
102053,2024-03-11,365,62.0,Ost,Mode,Mütze,1,13.68,10.0,Kreditkarte,0.0,3,4.0,False
103935,2024-02-03,1680,54.0,West,Elektronik,USB-Kabel,1,26.0,0.0,Sofortüberweisung,0.0,4,5.0,False
101261,2024-06-14,1746,54.0,Ost,Sport,Laufschuhe,1,8.17,10.0,Kreditkarte,2.99,3,5.0,False
101876,2024-08-01,38,39.0,Süd,Elektronik,Powerbank,2,45.41,0.0,Sofortüberweisung,0.0,4,3.0,True
102587,2024-10-04,556,29.0,Nord,Elektronik,Kopfhörer,2,18.66,0.0,Kreditkarte,6.99,3,4.0,True
104019,2024-10-16,1724,41.0,Nord,Bücher,Roman,3,12.49,0.0,Sofortüberweisung,0.0,6,4.0,False
104982,2024-06-29,1383,50.0,Nord,Elektronik,USB-Kabel,4,39.1,0.0,Lastschrift,0.0,2,4.0,False
103334,2024-03-25,171,28.0,Nord,Elektronik,Bluetooth-Lautsprecher,1,39.36,0.0,Lastschrift,6.99,4,4.0,False
100428,2023-03-12,190,26.0,Mitte,Mode,Jeans,1,6.45,0.0,Lastschrift,2.99,6,4.0,False
101038,2024-08-02,106,35.0,Mitte,Elektronik ,Bluetooth-Lautsprecher,2,38.17,0.0,Rechnung,4.99,3,4.0,False
103308,2024-11-01,1291,50.0,Ost,Elektronik,Powerbank,2,90.84,0.0,Lastschrift,0.0,2,5.0,False
104302,2024-01-18,613,57.0,Mitte,Elektronik,Powerbank,1,48.48,0.0,Kreditkarte,2.99,2,5.0,False
103648,2024-08-11,119,56.0,West,Mode,Sneaker,1,5.8,0.0,Kreditkarte,0.0,2,5.0,False
101192,2024-12-20,837,45.0,Süd,Mode,T-Shirt,1,80.01,20.0,Lastschrift,0.0,1,5.0,False
102238,2023-01-29,220,35.0,Ost,Sport,Trinkflasche,2,40.35,10.0,Rechnung,6.99,1,3.0,False
102426,2023-10-21,1332,18.0,West,Mode,T-Shirt,2,15.31,0.0,Lastschrift,2.99,4,,False
101084,2024-08-10,452,35.0,West,Elektronik,Bluetooth-Lautsprecher,1,43.3,5.0,PayPal,0.0,6,4.0,False
100626,2023-05-14,604,23.0,West,Elektronik,Kopfhörer,1,37.69,0.0,PayPal,4.99,1,5.0,False
102021,2024-11-22,632,18.0,West,Haushalt ,Pfannenset,1,61.94,20.0,Sofortüberweisung,0.0,2,4.0,False
104711,2023-10-02,1247,58.0,Mitte,Sport,Fitnessband,1,59.09,0.0,Kreditkarte,0.0,3,4.0,False
104570,2023-01-03,1656,33.0,Süd,Elektronik,Bluetooth-Lautsprecher,1,43.56,0.0,PayPal,4.99,5,3.0,False
104970,2024-10-03,1157,47.0,Nord,Elektronik,Kopfhörer,1,50.93,15.0,Sofortüberweisung,2.99,5,5.0,False
100657,2023-12-14,1558,38.0,Mitte,Elektronik,Kopfhörer,1,39.94,0.0,PayPal,2.99,3,4.0,False
102559,2024-03-17,100,38.0,Ost,Elektronik,Smartphone-Hülle,1,20.83,0.0,Sofortüberweisung,0.0,9,5.0,True
100763,2024-07-07,42,26.0,Nord,Elektronik,Bluetooth-Lautsprecher,1,38.71,10.0,Kreditkarte,2.99,3,5.0,False
100787,2023-12-16,834,28.0,Süd,Bücher,Roman,3,9.38,0.0,PayPal,0.0,7,5.0,False
103286,2024-07-21,1154,39.0,Nord,Sport,Trinkflasche,5,2.42,0.0,PayPal,0.0,3,4.0,False
101183,2023-12-03,53,,Mitte,Sport ,Hantel,1,16.69,25.0,Kreditkarte,6.99,4,5.0,False
104510,2023-02-01,881,55.0,West,Elektronik,Smartphone-Hülle,1,37.49,0.0,PayPal,0.0,2,5.0,False
102280,2024-10-18,378,32.0,Nord,Sport,Trinkflasche,1,68.39,0.0,PayPal,4.99,1,2.0,False
100952,2024-08-28,465,35.0,West,Mode,T-Shirt,2,95.72,0.0,Sofortüberweisung,0.0,6,,False
103543,2024-05-10,340,28.0,Ost,Elektronik,Kopfhörer,1,49.89,0.0,Rechnung,6.99,5,2.0,False
101937,2023-12-29,566,38.0,Süd,Mode,Sneaker,1,53.87,0.0,Rechnung,4.99,4,5.0,False
101543,2023-10-21,1203,21.0,Nord,Haushalt,Bettwäsche,3,31.29,0.0,Sofortüberweisung,0.0,5,5.0,False
102282,2024-09-06,88,32.0,Ost,Elektronik,Smartphone-Hülle,1,21.75,0.0,Rechnung,0.0,2,5.0,False
101020,2024-07-05,167,20.0,Mitte,Elektronik,Smartphone-Hülle,1,43.73,0.0,Sofortüberweisung,0.0,3,5.0,False
101736,2023-01-17,864,39.0,West,Bücher,Comic,1,3.83,0.0,PayPal,4.99,3,5.0,False
101281,2024-12-29,1455,59.0,Süd,Mode ,Sneaker,1,24.23,15.0,PayPal,0.0,3,5.0,False
102201,2024-10-12,701,38.0,West,Bücher,Roman,1,11.77,15.0,Lastschrift,0.0,1,3.0,False
100070,2024-10-11,161,35.0,Ost,Bücher,Roman,1,9.19,0.0,Sofortüberweisung,6.99,4,3.0,False
100949,2023-02-13,803,27.0,Süd,Haushalt,Bettwäsche,1,128.82,0.0,Lastschrift,4.99,1,,False
101231,2023-02-18,1612,30.0,Süd,Bücher,Roman,1,13.14,25.0,Lastschrift,2.99,4,5.0,False
100831,2023-05-02,192,50.0,Ost,Elektronik,USB-Kabel,2,22.35,20.0,Kreditkarte,2.99,3,5.0,False
103303,2023-04-25,657,37.0,Süd,Elektronik,Smartphone-Hülle,1,40.83,0.0,Rechnung,0.0,4,3.0,False
101934,2023-11-24,1190,53.0,Süd,Sport,Yogamatte,1,12.14,20.0,Rechnung,4.99,1,4.0,False
103738,2023-12-13,166,48.0,Mitte,Sport,Hantel,1,36.78,0.0,PayPal,4.99,2,5.0,False
104277,2024-11-17,1244,28.0,Ost,Haushalt,Kaffeemaschine,1,38.53,10.0,Sofortüberweisung,2.99,2,5.0,False
104676,2023-06-12,79,37.0,West,Mode,T-Shirt,1,35.11,0.0,PayPal,2.99,2,4.0,False
101612,2023-05-22,1636,49.0,Süd,Sport,Trinkflasche,1,53.89,0.0,Rechnung,4.99,4,5.0,False
101221,2023-10-01,265,49.0,Süd,Elektronik,Smartphone-Hülle,1,30.3,0.0,Rechnung,4.99,6,4.0,False
100501,2023-03-11,1301,27.0,Nord,Elektronik,USB-Kabel,1,24.85,0.0,PayPal,6.99,5,5.0,False
103519,2024-08-30,811,28.0,Ost,Elektronik,Powerbank,2,22.61,0.0,PayPal,2.99,2,3.0,False
101174,2024-12-08,1644,53.0,Süd,Elektronik,Powerbank,1,28.07,20.0,Lastschrift,4.99,2,5.0,False
102700,2024-06-27,1190,36.0,West,Elektronik,Smartphone-Hülle,1,37.69,0.0,Sofortüberweisung,2.99,4,4.0,False
104908,2024-12-26,1293,22.0,Mitte,Sport,Laufschuhe,2,17.62,10.0,PayPal,0.0,1,5.0,False
104391,2023-11-20,1706,33.0,Mitte,Mode,T-Shirt,1,13.83,5.0,Rechnung,0.0,1,,False
101330,2023-04-11,394,65.0,Süd,Elektronik,Kopfhörer,1,104.45,0.0,Lastschrift,2.99,4,4.0,False
102342,2023-06-28,1055,35.0,West,Mode,Jeans,4,28.83,20.0,PayPal,4.99,3,5.0,False
100896,2024-09-23,109,32.0,West,Haushalt,Lampe,1,31.09,25.0,Lastschrift,4.99,4,5.0,False
104971,2023-05-26,207,29.0,Ost,Haushalt,Bettwäsche,1,31.11,0.0,Rechnung,4.99,1,5.0,False
104928,2023-07-22,642,46.0,Ost,Bücher,Comic,1,14.91,0.0,Sofortüberweisung,6.99,3,3.0,False
102610,2024-12-13,1001,34.0,Mitte,Elektronik,Bluetooth-Lautsprecher,3,40.83,0.0,PayPal,0.0,4,4.0,False
104846,2024-03-13,1726,35.0,West,Mode,Jeans,2,18.8,15.0,Rechnung,2.99,4,2.0,False
101090,2023-06-30,1401,26.0,Süd,Mode,Mütze,2,32.22,0.0,Lastschrift,0.0,8,5.0,False
101946,2023-04-05,268,32.0,Ost,Elektronik,Smartphone-Hülle,2,59.07,20.0,Lastschrift,4.99,2,5.0,False
100944,2024-03-24,726,41.0,Süd,Elektronik ,Kopfhörer,1,41.87,0.0,PayPal,,3,3.0,False
103742,2023-07-03,1178,39.0,Süd,Elektronik,Kopfhörer,1,23.21,0.0,Lastschrift,0.0,2,5.0,False
102351,2024-06-17,1673,41.0,Ost,Mode,Jeans,4,6.7,0.0,Lastschrift,2.99,5,3.0,False
101626,2024-09-29,1415,40.0,Mitte,Mode,Mütze,1,44.04,10.0,PayPal,4.99,5,4.0,False
102588,2024-03-29,818,57.0,Mitte,Haushalt,Kaffeemaschine,2,97.48,0.0,PayPal,2.99,5,5.0,True
103757,2023-02-08,972,18.0,Nord,Bücher,Roman,2,34.45,0.0,Lastschrift,0.0,1,5.0,False
101437,2023-10-15,1132,49.0,Nord,Elektronik,USB-Kabel,2,24.47,15.0,Kreditkarte,4.99,1,5.0,False
104753,2023-02-22,803,68.0,Nord,Elektronik,Smartphone-Hülle,3,22.15,15.0,PayPal,0.0,1,5.0,False
103669,2023-11-04,598,42.0,Ost,Bücher,Kochbuch,1,21.21,0.0,Sofortüberweisung,0.0,3,4.0,False
102648,2023-05-14,1299,22.0,Ost,Haushalt,Kaffeemaschine,2,68.25,0.0,Kreditkarte,6.99,2,3.0,False
100233,2023-01-28,913,31.0,West,Haushalt,Kaffeemaschine,5,100.42,5.0,Sofortüberweisung,0.0,6,5.0,False
104644,2023-01-08,1144,57.0,Mitte,Mode,Jacke,1,47.95,10.0,Sofortüberweisung,2.99,5,,False
100798,2023-06-20,132,40.0,Ost,Haushalt,Kaffeemaschine,1,115.95,15.0,Lastschrift,0.0,4,5.0,False
100633,2024-12-09,683,48.0,West,Mode,Jacke,1,27.98,0.0,Lastschrift,2.99,1,2.0,False
102314,2024-01-29,782,35.0,Nord,Mode,Jeans,1,56.36,5.0,Rechnung,2.99,3,5.0,False
100415,2023-04-02,234,21.0,Nord,Mode,Sneaker,2,39.35,0.0,PayPal,2.99,4,4.0,False
102659,2023-05-09,473,25.0,Süd,Sport,Laufschuhe,1,47.51,0.0,Sofortüberweisung,0.0,6,4.0,False
102024,2023-08-18,1764,41.0,West,HAUSHALT,Kaffeemaschine,2,66.7,0.0,Rechnung,4.99,5,,False
102607,2024-01-22,1765,43.0,Süd,Mode,Sneaker,5,30.82,0.0,Kreditkarte,2.99,4,,False
103893,2023-03-28,629,36.0,Mitte,Sport,Laufschuhe,1,15.88,0.0,Rechnung,0.0,2,4.0,False
103493,2023-02-01,55,30.0,Nord,Bücher,Kochbuch,1,41.43,0.0,Sofortüberweisung,0.0,3,5.0,False
100810,2023-08-29,109,47.0,Süd,Bücher,Sachbuch,2,1.49,15.0,PayPal,0.0,4,4.0,False
100017,2023-07-30,1493,20.0,Süd,Elektronik,Powerbank,3,45.85,10.0,Lastschrift,0.0,4,5.0,False
102533,2023-05-05,425,24.0,Nord,BÜCHER,Roman,1,134.02747203558965,0.0,Rechnung,6.99,2,5.0,False
102462,2024-06-16,1778,22.0,Süd,Mode,Jeans,1,33.75,5.0,Rechnung,2.99,3,5.0,False
102091,2023-11-13,502,42.0,Ost,Mode,Mütze,1,35.06,0.0,Rechnung,0.0,4,5.0,False
102170,2023-06-21,1309,38.0,West,Bücher,Kochbuch,1,6.22,10.0,Kreditkarte,6.99,4,5.0,False
100596,2024-10-21,538,40.0,Süd,Haushalt,Lampe,1,68.89,0.0,PayPal,0.0,1,5.0,False
104408,2023-07-17,872,52.0,West,Mode,T-Shirt,1,19.57,0.0,Sofortüberweisung,0.0,2,4.0,False
102194,2023-08-21,869,24.0,Mitte,Haushalt,Kaffeemaschine,1,50.99,15.0,Rechnung,6.99,2,4.0,False
104397,2024-03-07,961,18.0,Süd,Haushalt,Kaffeemaschine,2,40.18,0.0,PayPal,2.99,2,3.0,False
101557,2023-06-10,383,33.0,Mitte,ELEKTRONIK,Powerbank,1,37.19,0.0,PayPal,4.99,3,5.0,True
102244,2024-04-05,815,46.0,West,Mode,Mütze,1,23.49,0.0,Kreditkarte,4.99,1,5.0,False
104439,2023-12-28,355,,West,Bücher,Sachbuch,3,26.31,0.0,Lastschrift,2.99,6,4.0,False
100371,2024-10-24,544,18.0,Ost,Haushalt,Staubsauger,1,121.2,0.0,Kreditkarte,0.0,2,2.0,False
103718,2023-02-04,1007,32.0,Mitte,Elektronik,Kopfhörer,1,88.24,0.0,PayPal,0.0,5,4.0,False
102757,2024-05-24,141,44.0,Süd,Mode,Jacke,2,37.97,0.0,Lastschrift,4.99,1,4.0,False
103053,2023-09-02,121,27.0,Süd,Bücher,Roman,2,3.42,15.0,PayPal,4.99,2,5.0,False
100598,2023-06-26,1619,38.0,Süd,Elektronik,Powerbank,1,21.2,0.0,Kreditkarte,6.99,3,5.0,False
100676,2023-04-29,477,45.0,Süd,Sport,Trinkflasche,2,3.5,0.0,Sofortüberweisung,4.99,3,5.0,False
100238,2023-07-28,507,26.0,Mitte,Bücher,Sachbuch,1,19.66,15.0,Lastschrift,2.99,6,3.0,False
104012,2023-09-14,619,42.0,Süd,Sport,Hantel,2,8.18,20.0,Rechnung,4.99,5,4.0,False
104264,2023-12-29,739,37.0,Mitte,Elektronik,USB-Kabel,1,5.66,15.0,Rechnung,0.0,5,5.0,False
101212,2024-08-03,504,36.0,West,Mode,Mütze,1,32.19,0.0,Rechnung,0.0,3,4.0,False
101849,2023-06-04,326,45.0,Mitte,Mode,T-Shirt,1,35.04,0.0,Lastschrift,4.99,1,4.0,False
102042,2024-05-24,559,31.0,Ost,Haushalt,Bettwäsche,1,49.43,0.0,Lastschrift,4.99,5,5.0,False
101362,2024-05-23,438,37.0,Nord,Elektronik,Powerbank,1,64.05,0.0,Kreditkarte,2.99,6,4.0,False
104369,2024-09-17,981,38.0,Ost,Sport,Fitnessband,2,79.13,10.0,Lastschrift,4.99,5,4.0,False
103534,2023-11-11,704,62.0,West,Mode,Sneaker,3,20.13,0.0,Kreditkarte,6.99,4,4.0,False
103166,2023-11-30,1156,33.0,West,Elektronik,USB-Kabel,1,45.55,0.0,PayPal,4.99,1,4.0,False
102804,2024-08-30,970,42.0,West,Sport,Yogamatte,1,37.58,0.0,Lastschrift,6.99,3,5.0,False
104256,2024-11-24,473,28.0,West,Elektronik,Powerbank,1,32.6,0.0,PayPal,2.99,7,4.0,True
103862,2023-06-28,760,44.0,West,HAUSHALT,Pfannenset,2,61.76,0.0,Lastschrift,2.99,8,5.0,False
102829,2023-12-06,207,30.0,West,Sport,Yogamatte,1,24.57,5.0,Sofortüberweisung,6.99,4,5.0,False
102367,2023-08-11,289,54.0,Ost,Haushalt,Bettwäsche,2,24.6,0.0,Kreditkarte,6.99,6,5.0,False
101756,2024-12-26,364,25.0,Ost,Elektronik,Powerbank,1,46.62,0.0,Rechnung,2.99,4,4.0,False
104296,2024-02-13,396,43.0,West,Bücher,Comic,1,9.56,20.0,PayPal,2.99,4,4.0,False
104289,2024-10-01,1754,33.0,Süd,Haushalt,Lampe,1,48.47,0.0,Sofortüberweisung,2.99,3,4.0,False
102414,2023-11-08,1262,40.0,Mitte,Mode,Jacke,1,18.35,15.0,Lastschrift,6.99,3,5.0,False
104008,2024-09-14,1418,33.0,Nord,Mode,Jeans,1,18.73,0.0,Sofortüberweisung,4.99,1,5.0,False
103674,2024-06-08,9,41.0,West,Mode,Sneaker,1,31.97,25.0,Sofortüberweisung,2.99,4,5.0,False
103557,2023-02-28,1044,32.0,Nord,Mode,T-Shirt,1,53.44,20.0,Sofortüberweisung,0.0,3,5.0,False
104112,2023-10-22,63,43.0,West,Sport,Trinkflasche,3,14.5,0.0,Sofortüberweisung,0.0,4,5.0,False
100621,2024-02-24,1488,34.0,West,Mode,Sneaker,2,35.32,0.0,Rechnung,0.0,3,5.0,False
102341,2024-03-15,1155,55.0,West,Haushalt,Kaffeemaschine,1,13.84,0.0,Lastschrift,4.99,4,4.0,False
103702,2023-07-08,839,57.0,Nord,Mode,Sneaker,1,23.28,0.0,Lastschrift,,1,5.0,False
100566,2023-02-11,270,26.0,Süd,Sport,Laufschuhe,1,40.57,0.0,Lastschrift,2.99,3,3.0,False
101514,2024-11-15,1758,23.0,Mitte,Mode,Jeans,1,26.99,0.0,Lastschrift,0.0,4,4.0,False
102520,2023-01-19,527,37.0,Süd,HAUSHALT,Staubsauger,4,80.42,0.0,Sofortüberweisung,6.99,1,3.0,False
101215,2023-04-12,957,18.0,West,Mode,Mütze,1,12.89,0.0,PayPal,0.0,1,5.0,True
100051,2023-01-02,510,22.0,Nord,Bücher,Sachbuch,2,9.5,0.0,Rechnung,6.99,4,4.0,False
102210,2023-07-31,115,36.0,West,Elektronik,Kopfhörer,1,62.04,0.0,Kreditkarte,2.99,5,5.0,False
100807,2024-03-24,1018,45.0,Ost,Sport,Fitnessband,2,25.12,0.0,Sofortüberweisung,6.99,1,5.0,False
102702,2024-03-24,1311,22.0,Ost,Mode,Jacke,1,4.06,0.0,Lastschrift,4.99,2,5.0,False
104183,2024-09-04,1268,35.0,West,Sport,Hantel,1,7.88,5.0,PayPal,2.99,2,4.0,False
100534,2023-04-08,1434,49.0,Nord,Elektronik,Powerbank,1,51.15,0.0,Rechnung,4.99,4,,False
103249,2023-02-02,1302,50.0,Mitte,Sport,Yogamatte,1,16.28,0.0,Rechnung,4.99,4,2.0,False
103961,2024-08-23,109,50.0,West,Elektronik,Bluetooth-Lautsprecher,5,16.98,0.0,Sofortüberweisung,6.99,4,5.0,False
100443,2023-11-15,904,36.0,West,Elektronik,Bluetooth-Lautsprecher,5,895.1400169235415,0.0,Rechnung,0.0,7,4.0,False
101001,2024-10-03,176,61.0,Mitte,Sport,Yogamatte,1,34.45,0.0,Rechnung,4.99,6,5.0,False
100195,2024-02-18,443,31.0,Nord,Sport,Fitnessband,1,17.92,0.0,Rechnung,2.99,3,5.0,False
101420,2024-11-17,334,19.0,Nord,Sport,Hantel,1,10.81,0.0,Rechnung,4.99,3,5.0,False
100812,2023-11-02,37,25.0,Süd,Mode,Jeans,2,24.38,0.0,Lastschrift,2.99,3,4.0,False
101874,2023-05-23,617,55.0,Nord,Mode,T-Shirt,1,38.31,0.0,Rechnung,2.99,3,5.0,False
104455,2024-02-15,788,23.0,Nord,Haushalt,Kaffeemaschine,3,55.09,5.0,Sofortüberweisung,4.99,3,4.0,False
103063,2024-12-19,206,37.0,West,Sport,Laufschuhe,1,32.01,10.0,Lastschrift,4.99,6,4.0,True
104307,2024-03-10,893,32.0,Süd,Sport,Hantel,3,23.07,0.0,Kreditkarte,4.99,2,5.0,False
103270,2023-11-15,1754,38.0,Nord,Mode,Jeans,1,16.24,0.0,Kreditkarte,2.99,4,3.0,False
102609,2024-08-06,1509,18.0,Ost,Mode,T-Shirt,3,31.08,0.0,Rechnung,6.99,3,2.0,False
103933,2023-04-01,1490,35.0,Ost,Bücher,Kochbuch,1,23.41,0.0,Rechnung,0.0,3,5.0,False
104190,2023-08-08,329,49.0,Nord,Haushalt,Staubsauger,1,14.85,0.0,Sofortüberweisung,0.0,8,4.0,False
100644,2023-06-18,678,52.0,Ost,Haushalt,Kaffeemaschine,2,12.3,15.0,Rechnung,2.99,2,4.0,False
102284,2023-09-15,372,35.0,Nord,Mode,Mütze,1,17.57,5.0,Rechnung,4.99,1,5.0,False
103591,2023-02-18,1671,25.0,West,Mode,Jacke,1,7.06,0.0,Lastschrift,0.0,4,3.0,False
102577,2024-04-27,1139,36.0,Süd,Haushalt,Lampe,1,49.74,0.0,PayPal,2.99,4,,False
104447,2024-12-14,1693,27.0,Nord,Mode,Mütze,2,4.62,0.0,Sofortüberweisung,2.99,5,3.0,True
100120,2024-09-21,1745,40.0,Nord,Mode,Jacke,1,23.93,0.0,Rechnung,4.99,1,4.0,False
101268,2023-11-16,129,18.0,Mitte,Mode,Sneaker,4,29.29,0.0,Sofortüberweisung,6.99,5,1.0,False
104613,2024-04-27,1779,23.0,West,Elektronik,Bluetooth-Lautsprecher,5,11.72,0.0,Rechnung,2.99,5,5.0,False
104938,2024-10-31,1755,52.0,West,Mode,T-Shirt,1,6.35,0.0,Kreditkarte,2.99,4,5.0,False
102495,2023-12-21,1534,25.0,Nord,Sport,Fitnessband,3,8.0,0.0,Kreditkarte,,6,1.0,False
102022,2024-09-22,179,69.0,West,Mode,Sneaker,1,18.95,5.0,Kreditkarte,0.0,5,5.0,False
100134,2024-11-09,1003,39.0,Ost,Haushalt,Pfannenset,2,18.64,0.0,Sofortüberweisung,2.99,2,4.0,False
102789,2023-02-20,520,42.0,Mitte,Mode,Mütze,1,43.15,10.0,PayPal,0.0,2,4.0,False
103857,2024-03-13,1473,30.0,West,Mode,Sneaker,3,45.38,0.0,PayPal,2.99,2,4.0,False
104766,2024-06-08,24,29.0,Ost,Sport,Fitnessband,1,55.12,0.0,Lastschrift,6.99,3,2.0,False
100184,2024-08-29,458,39.0,Nord,Bücher,Kochbuch,3,9.42,0.0,Lastschrift,0.0,2,4.0,False
101360,2023-04-09,306,52.0,Süd,Mode,Jeans,4,41.87,15.0,Sofortüberweisung,0.0,5,5.0,False
101703,2024-10-09,1525,21.0,Nord,Mode,Jeans,2,42.69,0.0,Rechnung,2.99,3,5.0,False
100511,2023-01-03,1269,36.0,West,Haushalt,Kaffeemaschine,4,61.32,0.0,Sofortüberweisung,4.99,5,5.0,False
100877,2023-12-27,456,49.0,Ost,Elektronik,Bluetooth-Lautsprecher,2,36.75,0.0,Kreditkarte,0.0,3,3.0,False
100062,2023-03-10,1584,32.0,West,Mode,Mütze,1,32.08,20.0,Lastschrift,2.99,1,3.0,False
104786,2024-01-20,1155,25.0,Süd,Mode,Jacke,1,42.43,10.0,Sofortüberweisung,0.0,2,4.0,False
102722,2023-09-21,1419,,Mitte,Haushalt,Staubsauger,1,56.12,0.0,PayPal,2.99,4,4.0,False
103787,2024-12-04,504,43.0,Mitte,Mode,Sneaker,2,8.64,15.0,Kreditkarte,4.99,3,5.0,False
102575,2024-12-23,729,44.0,Ost,Bücher,Roman,1,44.36,0.0,Lastschrift,0.0,1,2.0,False
100776,2023-11-04,234,21.0,Mitte,Sport,Laufschuhe,1,33.85,0.0,Lastschrift,4.99,3,4.0,False
100251,2023-07-19,1186,47.0,Nord,Mode,Jacke,1,22.84,10.0,Rechnung,2.99,5,5.0,False
102394,2024-04-08,1708,49.0,Nord,Elektronik,Kopfhörer,2,19.15,0.0,Sofortüberweisung,0.0,1,5.0,False
100859,2024-08-19,557,54.0,Ost,Mode,T-Shirt,1,41.71,0.0,Lastschrift,6.99,5,4.0,False
103760,2023-10-13,1263,46.0,West,Bücher ,Kochbuch,3,20.39,0.0,Kreditkarte,2.99,1,3.0,True
102656,2023-11-22,1045,23.0,Nord,Elektronik,Powerbank,1,24.09,0.0,Lastschrift,2.99,4,5.0,False
103388,2023-01-29,977,32.0,West,Haushalt,Pfannenset,1,58.41,0.0,Sofortüberweisung,2.99,4,5.0,False
100122,2023-10-19,941,40.0,Nord,Sport,Trinkflasche,2,18.76,0.0,Sofortüberweisung,0.0,1,5.0,False
103710,2023-01-08,1623,,Nord,Haushalt,Kaffeemaschine,2,17.11,0.0,Kreditkarte,4.99,2,5.0,False
101168,2024-11-20,579,53.0,Nord,Mode,Mütze,4,29.15,0.0,Rechnung,6.99,3,4.0,False
101941,2023-11-03,1658,46.0,Süd,Elektronik,Kopfhörer,1,46.2,0.0,PayPal,4.99,2,4.0,False
103807,2024-12-19,1670,18.0,Nord,Elektronik,Powerbank,4,67.38,0.0,Sofortüberweisung,4.99,4,5.0,False
100567,2024-05-24,1049,46.0,Nord,Mode,Jeans,1,41.05,0.0,Rechnung,4.99,4,5.0,False
102370,2023-06-12,57,29.0,Süd,Haushalt,Lampe,3,50.21,0.0,Kreditkarte,0.0,5,5.0,False
103250,2024-03-08,1002,25.0,Mitte,ELEKTRONIK,Kopfhörer,1,42.04,0.0,Lastschrift,2.99,3,5.0,False
101533,2023-12-17,582,49.0,Mitte,Elektronik,Smartphone-Hülle,3,13.34,5.0,Rechnung,4.99,4,5.0,False
104214,2024-02-04,657,32.0,Mitte,Sport,Hantel,2,7.0,20.0,PayPal,0.0,4,4.0,False
104985,2024-02-17,124,41.0,West,HAUSHALT,Kaffeemaschine,3,85.64,0.0,Rechnung,6.99,5,3.0,False
101893,2024-01-30,1402,32.0,Ost,Haushalt,Lampe,1,27.46,5.0,Kreditkarte,6.99,6,4.0,False
101491,2024-08-27,754,35.0,Mitte,Haushalt,Lampe,1,62.83,0.0,Sofortüberweisung,6.99,4,4.0,False
104770,2024-02-05,1262,37.0,Nord,Mode,Sneaker,1,32.97,0.0,Sofortüberweisung,2.99,1,3.0,False
104200,2024-11-24,839,46.0,Mitte,Bücher,Kinderbuch,2,16.18,0.0,Lastschrift,4.99,4,4.0,True
100720,2023-01-04,756,18.0,Ost,Elektronik,Powerbank,3,30.83,0.0,Sofortüberweisung,6.99,5,4.0,False
102764,2023-06-15,61,34.0,West,Elektronik,USB-Kabel,1,39.55,5.0,Kreditkarte,4.99,5,4.0,False
102077,2023-12-15,59,25.0,Süd,Haushalt,Lampe,1,43.79,5.0,PayPal,2.99,6,5.0,False
101456,2023-05-17,1337,36.0,Süd,Bücher,Sachbuch,1,14.61,10.0,PayPal,2.99,6,5.0,False
104357,2024-06-21,1453,33.0,West,Haushalt,Lampe,1,40.42,0.0,Rechnung,0.0,3,5.0,False
103260,2024-04-12,240,36.0,Nord,Haushalt,Staubsauger,3,64.53,20.0,PayPal,6.99,2,3.0,False
100602,2024-03-19,194,32.0,Mitte,Haushalt,Lampe,1,112.03,0.0,PayPal,2.99,5,4.0,False
102099,2024-12-19,1624,44.0,Süd,Haushalt,Kaffeemaschine,1,47.79,5.0,Rechnung,2.99,2,5.0,False
101569,2023-12-17,1154,45.0,Süd,Sport,Trinkflasche,5,3.94,0.0,Sofortüberweisung,2.99,2,5.0,False
101101,2024-04-17,778,59.0,Süd,MODE,Sneaker,1,38.98,10.0,Rechnung,6.99,4,3.0,False
103525,2024-05-18,573,36.0,Nord,Elektronik,Smartphone-Hülle,1,70.73,0.0,Kreditkarte,0.0,2,4.0,False
100318,2024-11-03,1049,45.0,Mitte,Sport,Laufschuhe,1,58.93,10.0,Sofortüberweisung,2.99,4,1.0,False
104497,2023-12-10,57,35.0,Nord,Mode,T-Shirt,2,23.0,5.0,Rechnung,0.0,3,5.0,False
101293,2023-03-02,1277,32.0,West,Haushalt,Pfannenset,1,61.04,0.0,Rechnung,6.99,5,5.0,False
100274,2023-07-01,855,55.0,West,Bücher,Kinderbuch,3,32.07,0.0,Sofortüberweisung,0.0,6,3.0,False
102962,2023-03-23,1726,47.0,West,Sport,Fitnessband,1,30.8,10.0,PayPal,0.0,4,5.0,False
100549,2024-02-21,1318,38.0,Ost,Elektronik,Kopfhörer,2,43.64,0.0,Kreditkarte,,3,5.0,False
102223,2024-06-28,1101,64.0,Mitte,Sport,Yogamatte,1,14.56,0.0,Kreditkarte,4.99,1,4.0,False
103901,2023-04-25,680,31.0,Süd,Elektronik,Bluetooth-Lautsprecher,1,107.91,15.0,Rechnung,0.0,4,5.0,True
104942,2023-11-10,861,45.0,Mitte,Haushalt,Lampe,1,27.85,0.0,Sofortüberweisung,2.99,2,5.0,False
104549,2023-08-14,1684,31.0,Mitte,ELEKTRONIK,Kopfhörer,5,40.32,0.0,Lastschrift,2.99,5,5.0,False
100605,2023-11-03,1691,26.0,Mitte,Sport,Yogamatte,1,70.03,10.0,Lastschrift,4.99,5,4.0,False
102259,2024-08-29,1045,36.0,West,Bücher,Sachbuch,1,20.56,0.0,Sofortüberweisung,2.99,4,3.0,False
100527,2023-07-06,1268,43.0,West,Elektronik,Smartphone-Hülle,1,30.96,0.0,Lastschrift,6.99,4,5.0,False
102515,2024-09-22,714,36.0,Süd,Mode,Jeans,2,16.56,0.0,Lastschrift,0.0,4,5.0,False
104966,2023-12-12,75,30.0,Nord,Mode,Sneaker,2,53.53,0.0,Sofortüberweisung,6.99,1,4.0,False
102456,2023-09-07,36,72.0,West,Mode,Sneaker,1,15.34,10.0,Rechnung,0.0,6,3.0,False
103845,2023-03-02,1460,41.0,Süd,Mode,Jacke,2,58.4,10.0,Rechnung,2.99,2,4.0,False
104954,2024-06-20,971,69.0,Mitte,Elektronik,Powerbank,3,64.2,20.0,Rechnung,6.99,7,5.0,False
101873,2024-12-07,1538,40.0,Ost,Bücher,Kochbuch,1,21.35,0.0,Rechnung,2.99,3,5.0,False
103214,2023-02-17,1665,,Mitte,Mode,Mütze,2,62.02,15.0,Lastschrift,0.0,3,4.0,False
100298,2023-10-16,1469,19.0,Mitte,Bücher,Roman,1,7.79,0.0,Sofortüberweisung,4.99,4,5.0,False
101135,2024-04-23,1180,37.0,Ost,Sport,Trinkflasche,3,44.17,0.0,Sofortüberweisung,2.99,1,3.0,False
102585,2023-12-05,1152,49.0,Ost,Elektronik,Kopfhörer,3,29.74,10.0,Rechnung,2.99,3,3.0,False
101877,2023-02-09,715,,Nord,Mode,Jacke,1,41.94,0.0,Rechnung,2.99,5,4.0,True
104772,2024-09-12,776,30.0,Nord,Bücher,Roman,1,26.02,0.0,Kreditkarte,2.99,2,4.0,False
104994,2023-02-13,1452,,Mitte,Elektronik,Bluetooth-Lautsprecher,1,43.57,25.0,Lastschrift,0.0,4,1.0,False
104074,2024-05-04,1256,36.0,Süd,Bücher,Comic,1,14.84,0.0,Lastschrift,2.99,8,4.0,False
101615,2023-08-05,875,56.0,Nord,Elektronik,USB-Kabel,4,58.52,0.0,PayPal,2.99,3,4.0,False
104948,2023-11-14,1153,43.0,Süd,Elektronik,Bluetooth-Lautsprecher,5,54.24,25.0,Sofortüberweisung,2.99,1,4.0,False
100150,2023-01-17,1727,31.0,Ost,Bücher,Sachbuch,2,22.87,0.0,Rechnung,2.99,3,5.0,False
100756,2023-03-31,244,18.0,Ost,Mode,Sneaker,1,40.86,0.0,PayPal,2.99,7,5.0,False
101052,2023-06-20,213,32.0,West,Elektronik,USB-Kabel,1,130.54,0.0,Lastschrift,2.99,6,5.0,False
102519,2024-10-14,1552,41.0,Mitte,Haushalt,Bettwäsche,2,66.98,0.0,PayPal,4.99,4,5.0,True
104255,2024-09-25,406,18.0,Mitte,Mode,Mütze,1,22.23,0.0,Lastschrift,0.0,5,2.0,False
101483,2024-12-01,1416,35.0,Nord,HAUSHALT,Bettwäsche,2,40.67,0.0,Sofortüberweisung,4.99,6,5.0,False
101115,2023-12-27,1062,37.0,Süd,Elektronik,Bluetooth-Lautsprecher,1,87.57,0.0,Kreditkarte,0.0,6,5.0,False
103065,2024-04-10,79,42.0,Nord,ELEKTRONIK,Bluetooth-Lautsprecher,1,69.71,0.0,Rechnung,0.0,4,5.0,False
102254,2023-02-14,286,,Ost,Mode,Jacke,1,22.87,0.0,Rechnung,6.99,2,5.0,False
100376,2024-03-31,324,18.0,Süd,MODE,Jacke,1,22.67,0.0,Sofortüberweisung,6.99,4,4.0,False
102103,2023-11-07,1387,,Ost,Mode,Sneaker,1,10.57,0.0,Sofortüberweisung,4.99,3,5.0,False
104222,2024-07-24,1046,40.0,Nord,Haushalt,Lampe,2,33.33,0.0,Sofortüberweisung,0.0,1,5.0,False
102339,2024-07-03,158,38.0,Süd,Bücher,Kinderbuch,1,11.1,0.0,Lastschrift,4.99,2,4.0,False
103944,2023-02-04,1749,57.0,West,Sport,Fitnessband,1,64.82,0.0,PayPal,4.99,2,,False
100378,2024-10-15,555,53.0,Ost,Mode,Sneaker,1,23.98,0.0,Kreditkarte,2.99,6,1.0,False
102775,2024-01-22,1730,41.0,West,Sport,Laufschuhe,1,34.15,5.0,PayPal,4.99,4,5.0,False
104135,2024-04-05,606,48.0,Süd,Mode,Jeans,1,20.02,0.0,Lastschrift,,1,,False
104420,2024-10-16,361,45.0,West,Elektronik,Kopfhörer,2,75.6,10.0,PayPal,2.99,5,3.0,False
100907,2023-11-22,22,30.0,West,Haushalt,Bettwäsche,1,104.26,0.0,Kreditkarte,0.0,1,5.0,False
101370,2023-03-14,360,27.0,West,Haushalt,Pfannenset,1,34.49,0.0,Kreditkarte,6.99,4,5.0,False
101954,2023-09-05,926,35.0,Süd,Haushalt,Staubsauger,1,60.81,0.0,Sofortüberweisung,2.99,2,,False
101721,2024-10-13,759,31.0,West,Mode,T-Shirt,1,22.64,25.0,Lastschrift,2.99,3,3.0,False
103313,2023-01-02,12,39.0,West,Haushalt,Lampe,3,24.28,0.0,Sofortüberweisung,2.99,4,5.0,False
103055,2024-09-14,492,53.0,Mitte,Bücher,Sachbuch,2,6.91,0.0,PayPal,4.99,5,4.0,False
101869,2024-07-17,1469,49.0,Mitte,Sport,Fitnessband,1,28.16,0.0,Kreditkarte,4.99,4,4.0,False
103915,2024-04-03,951,51.0,Ost,Elektronik,Powerbank,1,50.73,10.0,Kreditkarte,6.99,4,2.0,False
104634,2023-01-27,839,71.0,Süd,Mode,Sneaker,1,28.3,0.0,Sofortüberweisung,0.0,4,5.0,False
100794,2023-05-14,250,53.0,Süd,Elektronik,Kopfhörer,2,24.8,0.0,Kreditkarte,0.0,3,4.0,False
102552,2024-01-04,383,34.0,Ost,Elektronik,Powerbank,1,22.43,0.0,Kreditkarte,6.99,4,4.0,False
100841,2023-08-19,718,32.0,West,Mode,Mütze,2,20.62,5.0,PayPal,4.99,1,4.0,True
103337,2023-08-29,131,49.0,Nord,Mode,Sneaker,1,15.6,0.0,PayPal,2.99,7,5.0,False
101702,2023-06-17,1359,43.0,Süd,Haushalt,Kaffeemaschine,1,93.6,0.0,Kreditkarte,2.99,2,5.0,False
100175,2023-09-08,1361,48.0,Mitte,Elektronik,Powerbank,2,46.73,25.0,PayPal,2.99,5,5.0,True
101808,2023-09-27,1026,38.0,Nord,Elektronik,Powerbank,1,32.75,0.0,Kreditkarte,4.99,4,5.0,False
102792,2024-10-23,709,34.0,Nord,Mode,Jeans,1,34.6,0.0,Sofortüberweisung,6.99,3,5.0,False
103670,2024-03-16,346,46.0,Nord,Elektronik,USB-Kabel,2,34.97,5.0,Rechnung,0.0,6,3.0,False
100045,2024-09-20,837,22.0,Süd,Haushalt,Bettwäsche,1,56.73,0.0,Sofortüberweisung,6.99,2,5.0,False
102807,2024-11-25,1087,,Süd,Mode,T-Shirt,2,4.88,15.0,PayPal,2.99,3,5.0,False
102458,2023-11-29,1118,35.0,Mitte,Elektronik,Smartphone-Hülle,1,46.07,0.0,Sofortüberweisung,0.0,4,1.0,False
101755,2023-08-10,1742,47.0,Süd,Elektronik,Kopfhörer,1,13.07,10.0,Lastschrift,6.99,1,4.0,False
102886,2023-03-12,1622,31.0,Nord,Elektronik,Kopfhörer,1,10.28,0.0,Rechnung,4.99,1,5.0,False
101717,2024-07-20,37,22.0,Ost,Elektronik,Bluetooth-Lautsprecher,1,19.1,0.0,PayPal,4.99,4,4.0,False
103599,2023-03-29,1619,64.0,Mitte,Sport,Trinkflasche,1,53.96,0.0,Rechnung,6.99,5,5.0,False
103607,2023-12-01,245,28.0,Ost,Bücher,Roman,2,17.3,0.0,Kreditkarte,6.99,6,5.0,False
102934,2024-08-14,1446,18.0,West,Sport,Laufschuhe,1,2.73,0.0,Sofortüberweisung,0.0,3,4.0,True
103792,2023-01-03,560,73.0,Mitte,Haushalt,Staubsauger,1,36.03,0.0,Rechnung,6.99,4,5.0,False
101740,2024-04-22,1007,59.0,Mitte,Sport,Laufschuhe,1,98.83,0.0,Sofortüberweisung,0.0,1,5.0,False
103161,2024-06-24,636,31.0,Mitte,Haushalt,Lampe,3,31.02,0.0,PayPal,6.99,1,2.0,False
102471,2023-09-25,1,40.0,Ost,Haushalt,Kaffeemaschine,2,39.65,0.0,PayPal,4.99,2,4.0,False
100283,2023-01-12,846,43.0,Mitte,Mode,Jeans,1,31.93,0.0,Kreditkarte,0.0,5,4.0,False
104048,2023-10-05,967,35.0,Nord,Mode,T-Shirt,1,35.47,0.0,Lastschrift,4.99,2,5.0,False
101448,2023-08-10,531,65.0,West,Bücher,Sachbuch,1,25.54,0.0,Rechnung,,5,5.0,False
101432,2024-10-04,1687,42.0,West,Elektronik,USB-Kabel,5,50.86,20.0,Kreditkarte,0.0,9,5.0,False
103609,2024-12-05,1157,70.0,Ost,Bücher,Roman,1,21.75,5.0,Kreditkarte,0.0,3,5.0,True
103095,2024-01-01,14,36.0,Süd,Sport,Hantel,1,35.67,0.0,Lastschrift,4.99,2,3.0,False
104907,2023-06-03,309,27.0,Süd,Mode,Jacke,4,6.37,0.0,Lastschrift,2.99,4,3.0,True
101075,2024-09-10,1101,41.0,Mitte,HAUSHALT,Pfannenset,2,53.16,15.0,Kreditkarte,2.99,7,5.0,False
103038,2024-02-21,705,27.0,Ost,Mode,Mütze,1,27.32,0.0,Lastschrift,0.0,1,5.0,True
104803,2023-04-25,1705,54.0,Süd,Mode ,Jeans,2,17.44,0.0,Lastschrift,4.99,1,2.0,False
102602,2024-05-20,1667,44.0,West,Sport,Fitnessband,1,26.7,0.0,Kreditkarte,6.99,2,4.0,False
103639,2024-01-20,1004,33.0,Süd,Mode,Sneaker,1,6.51,15.0,Rechnung,6.99,5,4.0,False
102746,2024-03-04,176,26.0,Nord,Mode,Jacke,2,26.27,20.0,Sofortüberweisung,6.99,1,4.0,False
102361,2023-06-21,932,43.0,Mitte,Mode,Sneaker,2,73.07,0.0,Kreditkarte,2.99,5,5.0,False
104152,2024-08-02,219,26.0,West,Elektronik,Kopfhörer,1,21.88,5.0,PayPal,4.99,4,3.0,False
101055,2024-08-13,762,47.0,West,Mode,Mütze,1,17.1,0.0,Lastschrift,2.99,1,,False
100977,2024-09-29,41,46.0,Nord,Haushalt,Staubsauger,1,52.73,0.0,Lastschrift,0.0,5,5.0,False
104604,2023-09-14,1344,57.0,West,Sport,Yogamatte,1,19.82,0.0,Sofortüberweisung,4.99,1,4.0,False
101872,2023-01-11,531,35.0,Mitte,Sport,Fitnessband,2,18.96,25.0,Kreditkarte,0.0,4,1.0,False
101539,2023-02-26,1081,45.0,Mitte,Elektronik,Smartphone-Hülle,1,74.33,0.0,Rechnung,4.99,7,3.0,False
104937,2023-05-10,595,32.0,Ost,Mode,Mütze,1,62.51,15.0,Rechnung,2.99,1,4.0,False
100099,2024-01-06,835,44.0,Ost,Mode,Jacke,2,21.38,0.0,Lastschrift,2.99,3,5.0,False
101739,2024-12-01,1268,,Ost,Haushalt,Bettwäsche,3,40.13,0.0,Rechnung,0.0,1,5.0,False
104405,2024-06-15,1013,37.0,Ost,Elektronik,Kopfhörer,3,22.76,10.0,PayPal,4.99,1,4.0,False
101732,2023-10-22,484,51.0,Ost,Elektronik,Kopfhörer,1,77.89,10.0,Kreditkarte,4.99,1,4.0,False
102197,2023-06-19,349,43.0,West,Haushalt,Pfannenset,1,23.43,0.0,Rechnung,4.99,1,4.0,False
100351,2024-07-05,494,18.0,Mitte,Bücher,Kinderbuch,2,21.95,0.0,Sofortüberweisung,0.0,5,5.0,False
102787,2023-06-12,965,43.0,Mitte,Elektronik,Powerbank,1,57.71,20.0,Lastschrift,0.0,1,5.0,False
101932,2023-06-25,991,31.0,Süd,Mode,Mütze,1,20.64,0.0,Kreditkarte,4.99,1,5.0,False
101818,2023-03-07,1520,42.0,Süd,Haushalt,Staubsauger,1,11.08,5.0,Rechnung,4.99,3,5.0,False
101002,2023-05-04,1743,18.0,Mitte,Elektronik,Kopfhörer,4,41.81,0.0,Kreditkarte,2.99,1,3.0,False
100718,2023-06-23,586,35.0,Nord,Bücher,Kinderbuch,1,5.69,0.0,Rechnung,2.99,5,4.0,False
102755,2024-05-26,484,43.0,Mitte,Haushalt,Lampe,1,73.12,15.0,Lastschrift,4.99,3,4.0,False
102776,2024-12-30,1329,19.0,West,Elektronik,Bluetooth-Lautsprecher,4,70.68,0.0,Rechnung,4.99,1,3.0,False
104632,2024-06-11,1781,18.0,Nord,Elektronik,USB-Kabel,4,49.1,0.0,PayPal,0.0,1,5.0,False
100308,2023-07-24,52,33.0,West,Sport,Hantel,1,27.11,0.0,Sofortüberweisung,4.99,1,5.0,False
101564,2023-06-27,316,25.0,Süd,Mode,Mütze,1,12.27,0.0,PayPal,4.99,2,5.0,False
100833,2024-12-15,829,40.0,West,Mode,Mütze,1,21.03,0.0,Sofortüberweisung,4.99,7,4.0,False
100366,2023-09-01,573,23.0,Süd,Mode,T-Shirt,1,28.1,0.0,Sofortüberweisung,2.99,1,5.0,False
104879,2023-02-06,707,36.0,Ost,SPORT,Trinkflasche,1,23.17,0.0,Lastschrift,6.99,6,5.0,False
102119,2023-05-23,19,56.0,Nord,Elektronik,Bluetooth-Lautsprecher,1,9.31,20.0,Sofortüberweisung,6.99,4,4.0,False
103196,2023-09-07,169,37.0,Nord,Sport,Trinkflasche,1,59.36,20.0,Kreditkarte,2.99,5,5.0,False
103836,2023-12-07,843,18.0,Mitte,Mode,Mütze,5,14.66,0.0,Sofortüberweisung,6.99,8,5.0,False
102589,2023-01-03,902,30.0,Mitte,Elektronik,Smartphone-Hülle,-1,52.33,5.0,PayPal,0.0,5,4.0,False
103988,2023-04-06,29,40.0,Ost,Sport,Yogamatte,1,51.82,0.0,Lastschrift,6.99,3,4.0,False
100019,2024-01-30,39,43.0,West,Haushalt,Kaffeemaschine,1,59.84,15.0,Kreditkarte,0.0,3,,False
101477,2024-10-22,1361,53.0,Mitte,Haushalt,Staubsauger,1,49.17,0.0,Sofortüberweisung,4.99,5,4.0,False
101606,2023-08-11,1709,,West,Sport,Trinkflasche,1,75.28,10.0,Rechnung,0.0,5,5.0,False
102658,2024-10-17,1108,,Nord,Sport,Hantel,1,31.97,5.0,Sofortüberweisung,6.99,4,4.0,False
100218,2023-08-23,350,38.0,West,Mode,Jeans,1,18.52,5.0,Lastschrift,4.99,4,5.0,False
101878,2023-07-13,471,38.0,Mitte,Mode,Mütze,1,50.98,15.0,Sofortüberweisung,4.99,4,3.0,False
100438,2023-10-09,1631,37.0,Ost,Sport,Laufschuhe,4,18.07,0.0,Kreditkarte,4.99,2,4.0,False
101158,2024-09-10,1293,33.0,Nord,Mode,Jeans,1,38.36,0.0,PayPal,2.99,6,4.0,False
101614,2023-03-02,1480,33.0,Nord,Elektronik,Powerbank,1,34.62,20.0,Kreditkarte,0.0,5,2.0,False
104783,2024-07-30,1174,25.0,Nord,Bücher,Kinderbuch,1,16.52,15.0,Lastschrift,2.99,1,4.0,False
103501,2023-12-30,1342,,Ost,Mode,Sneaker,3,35.75,0.0,Kreditkarte,0.0,7,5.0,False
101181,2024-03-06,551,,Nord,Mode,Mütze,1,22.05,0.0,PayPal,6.99,5,3.0,False
104697,2023-02-01,1436,24.0,Mitte,Mode,T-Shirt,1,53.14,0.0,Sofortüberweisung,6.99,2,5.0,False
104001,2023-07-16,1752,40.0,Mitte,Elektronik,Kopfhörer,1,22.82,10.0,Sofortüberweisung,2.99,4,4.0,False
102818,2024-12-23,100,,Mitte,Mode,Jacke,2,45.0,10.0,Lastschrift,6.99,8,1.0,True
100802,2024-07-30,479,61.0,Mitte,Elektronik,Powerbank,1,68.53,10.0,Sofortüberweisung,4.99,5,4.0,False
103058,2023-02-23,423,49.0,Ost,Mode,Sneaker,1,43.82,0.0,Rechnung,2.99,1,4.0,False
103574,2024-07-28,1284,31.0,Nord,Sport,Hantel,1,63.58,0.0,Sofortüberweisung,2.99,2,4.0,False
103796,2023-02-21,1196,34.0,Mitte,Elektronik,USB-Kabel,4,67.04,0.0,PayPal,0.0,1,5.0,True
102465,2023-06-23,901,26.0,Mitte,Bücher,Kinderbuch,4,16.45,5.0,Sofortüberweisung,6.99,1,5.0,False
100582,2023-05-03,511,44.0,Mitte,Haushalt,Lampe,3,54.68,0.0,Kreditkarte,4.99,2,5.0,False
100203,2023-08-07,1439,35.0,Süd,Bücher,Kochbuch,4,21.63,0.0,Sofortüberweisung,0.0,1,5.0,True
104113,2024-09-26,362,24.0,West,Mode,Mütze,1,64.18,0.0,Sofortüberweisung,4.99,3,3.0,False
103484,2023-03-02,966,34.0,Süd,Mode,Jeans,2,25.34,0.0,Rechnung,2.99,5,4.0,False
102292,2024-03-20,1606,32.0,Nord,Sport,Hantel,2,71.12,0.0,Lastschrift,0.0,1,5.0,False
102222,2023-12-23,1479,36.0,Mitte,ELEKTRONIK,Powerbank,3,39.65,0.0,Sofortüberweisung,6.99,2,5.0,False
103475,2024-04-06,1726,55.0,Ost,Haushalt,Lampe,1,83.39,25.0,Lastschrift,2.99,2,1.0,False
102328,2023-06-03,547,54.0,Nord,Elektronik,USB-Kabel,2,11.56,5.0,Lastschrift,2.99,4,4.0,False
104627,2023-09-07,871,47.0,West,Mode,Jacke,1,12.38,0.0,Lastschrift,4.99,3,5.0,False
103428,2023-03-03,1384,42.0,Süd,Elektronik,Smartphone-Hülle,2,29.87,15.0,PayPal,4.99,4,4.0,False
101995,2023-07-20,875,51.0,Süd,Mode,T-Shirt,2,33.51,0.0,Lastschrift,4.99,1,4.0,False
103403,2023-09-02,1120,40.0,Mitte,Bücher,Kochbuch,2,7.13,0.0,Lastschrift,6.99,2,4.0,False
103418,2023-06-24,175,52.0,Nord,Elektronik,Powerbank,1,82.03,0.0,Sofortüberweisung,4.99,2,4.0,False
100517,2023-02-20,492,47.0,Nord,MODE ,Mütze,2,19.49,0.0,Kreditkarte,0.0,3,4.0,False
102503,2024-07-27,1172,22.0,Mitte,Elektronik,Kopfhörer,1,26.97,0.0,Sofortüberweisung,2.99,4,4.0,False
101375,2023-05-02,579,26.0,Süd,Mode,Jacke,3,19.26,15.0,Kreditkarte,4.99,6,1.0,False
102057,2024-09-12,1114,34.0,Süd,Sport,Laufschuhe,2,42.93,5.0,Lastschrift,,3,5.0,False
100668,2023-09-24,438,49.0,Mitte,Bücher,Roman,2,4.35,0.0,Lastschrift,4.99,3,5.0,False
102464,2023-01-28,222,46.0,Nord,Mode,Jacke,1,37.82,0.0,Sofortüberweisung,0.0,5,2.0,False
101978,2023-01-01,164,26.0,West,Haushalt,Lampe,2,59.5,10.0,Kreditkarte,2.99,6,3.0,False
104961,2023-08-31,24,51.0,Süd,Elektronik ,USB-Kabel,1,18.96,0.0,Sofortüberweisung,4.99,2,5.0,False
100996,2023-02-15,602,27.0,Süd,Mode,T-Shirt,2,17.02,0.0,Sofortüberweisung,2.99,5,5.0,False
102473,2023-09-10,384,29.0,Ost,ELEKTRONIK,Bluetooth-Lautsprecher,1,65.41,5.0,Kreditkarte,4.99,3,5.0,False
102801,2024-08-06,1327,37.0,Süd,Bücher,Kochbuch,3,17.36,0.0,PayPal,4.99,4,5.0,False
103555,2024-03-31,177,43.0,Nord,Elektronik,USB-Kabel,1,28.09,0.0,Kreditkarte,6.99,2,4.0,False
104429,2024-03-15,979,,Ost,Sport,Yogamatte,1,65.55,0.0,Sofortüberweisung,0.0,1,5.0,False
103410,2024-08-10,911,25.0,Mitte,Elektronik,Smartphone-Hülle,1,34.55,0.0,Lastschrift,2.99,3,5.0,False
103460,2023-03-03,1428,55.0,West,Elektronik,USB-Kabel,1,50.5,0.0,PayPal,0.0,5,4.0,False
104638,2023-04-17,136,22.0,Mitte,Elektronik,Smartphone-Hülle,2,25.42,5.0,Lastschrift,2.99,3,5.0,False
100759,2023-08-19,1187,29.0,Nord,HAUSHALT,Lampe,1,155.39,0.0,Lastschrift,2.99,3,4.0,False
104232,2023-08-19,1042,,Nord,Mode,Sneaker,1,31.06,0.0,Sofortüberweisung,4.99,5,4.0,False
101397,2024-03-29,454,29.0,Ost,Mode,Sneaker,2,720.2103533524723,10.0,Kreditkarte,4.99,1,5.0,False
104967,2024-05-22,566,21.0,Süd,Elektronik,Kopfhörer,2,24.46,0.0,PayPal,2.99,4,4.0,False
102252,2023-08-11,1161,46.0,West,Haushalt,Bettwäsche,1,63.11,0.0,Rechnung,6.99,8,5.0,False
102395,2024-08-04,1303,44.0,Ost,Haushalt,Bettwäsche,1,51.75,0.0,Rechnung,0.0,3,5.0,False
104633,2023-09-14,996,55.0,Süd,Mode,Jeans,1,76.48,5.0,Sofortüberweisung,2.99,3,5.0,False
100214,2024-05-29,1400,55.0,Mitte,Haushalt,Pfannenset,1,33.79,0.0,Rechnung,,4,5.0,False
103398,2023-10-21,963,28.0,Ost,Bücher,Comic,2,9.6,5.0,PayPal,4.99,5,5.0,False
101117,2024-05-19,564,46.0,West,Mode,Jeans,1,21.24,0.0,Lastschrift,2.99,4,4.0,False
100693,2023-10-09,1579,29.0,Süd,Elektronik,USB-Kabel,1,40.16,0.0,Kreditkarte,,1,3.0,False
101578,2024-02-29,1706,32.0,Süd,Haushalt,Kaffeemaschine,1,76.59,15.0,Lastschrift,4.99,6,3.0,False
102671,2023-03-05,1348,31.0,Süd,Bücher,Roman,1,9.77,5.0,PayPal,2.99,5,4.0,False
102499,2024-02-19,723,50.0,Nord,Mode,Jeans,1,53.29,0.0,PayPal,4.99,4,5.0,False
101029,2024-10-31,1313,37.0,Ost,Mode,Sneaker,1,51.42,5.0,Lastschrift,2.99,1,5.0,False
101822,2023-07-04,591,42.0,Süd,Elektronik,Bluetooth-Lautsprecher,4,17.87,0.0,Sofortüberweisung,2.99,7,1.0,False
101942,2023-09-05,677,,Süd,Bücher,Kochbuch,1,16.9,0.0,PayPal,2.99,1,5.0,False
102581,2023-09-25,1095,21.0,Ost,Mode,Jeans,1,66.34,10.0,Kreditkarte,2.99,3,5.0,False
104991,2024-12-26,1247,39.0,Nord,Elektronik,Smartphone-Hülle,2,52.67,0.0,Sofortüberweisung,2.99,5,5.0,False
100196,2023-02-21,1411,18.0,Mitte,Bücher,Kinderbuch,1,5.15,0.0,Lastschrift,2.99,3,5.0,False
103932,2023-08-15,689,26.0,Süd,Sport,Laufschuhe,2,270.4940240074771,15.0,Rechnung,2.99,6,3.0,False
103908,2024-09-19,92,40.0,Ost,Elektronik,Smartphone-Hülle,2,4.14,15.0,Kreditkarte,0.0,3,,False
101924,2023-11-28,959,24.0,Mitte,Bücher,Kochbuch,2,15.01,0.0,Rechnung,2.99,6,4.0,False
100879,2024-05-13,463,28.0,Ost,Elektronik,Bluetooth-Lautsprecher,1,94.28,0.0,Sofortüberweisung,6.99,5,5.0,False
103109,2024-04-14,556,45.0,Nord,Sport,Yogamatte,2,29.09,5.0,PayPal,4.99,1,4.0,False
103693,2023-10-23,1446,24.0,Mitte,Mode,Mütze,1,10.64,0.0,PayPal,4.99,4,4.0,False
104973,2024-06-27,460,48.0,Nord,Haushalt,Lampe,2,59.8,0.0,Rechnung,2.99,5,5.0,False
101747,2023-09-18,1071,44.0,Mitte,Haushalt,Lampe,1,49.33,0.0,Rechnung,0.0,1,4.0,False
100887,2023-12-04,1096,40.0,West,Haushalt,Kaffeemaschine,1,48.99,0.0,Kreditkarte,6.99,2,4.0,False
104154,2023-01-08,621,21.0,Nord,Haushalt,Pfannenset,1,25.2,15.0,PayPal,4.99,4,4.0,False
100068,2024-09-14,735,39.0,Nord,Elektronik,Kopfhörer,1,25.62,0.0,PayPal,6.99,7,5.0,False
102728,2024-05-27,451,29.0,Nord,Haushalt,Pfannenset,3,70.34,0.0,Rechnung,4.99,6,4.0,False
102100,2024-06-19,184,32.0,Süd,Mode,Jeans,1,12.36,15.0,Rechnung,4.99,2,,False
100568,2024-08-16,818,41.0,Ost,Mode,Sneaker,2,15.53,0.0,Sofortüberweisung,2.99,5,3.0,False
102025,2024-03-09,1311,29.0,Nord,Elektronik,Kopfhörer,1,25.3,0.0,Sofortüberweisung,4.99,2,4.0,False
100096,2024-03-12,1644,30.0,Ost,Bücher,Roman,1,18.79,15.0,Kreditkarte,4.99,2,1.0,False
101041,2024-11-01,1504,34.0,Süd,Elektronik,Bluetooth-Lautsprecher,1,7.56,15.0,Kreditkarte,4.99,5,4.0,False
101454,2024-01-31,1291,35.0,Süd,Elektronik,Smartphone-Hülle,1,7.52,5.0,Lastschrift,2.99,8,5.0,False
100139,2024-05-17,117,,Nord,Sport,Yogamatte,1,12.23,0.0,Kreditkarte,0.0,4,3.0,False
102313,2024-05-16,1210,55.0,Mitte,Haushalt,Lampe,3,71.79,10.0,Sofortüberweisung,6.99,2,4.0,False
102653,2024-01-01,1101,37.0,West,Elektronik,Smartphone-Hülle,1,32.06,10.0,Sofortüberweisung,4.99,2,5.0,False
101260,2024-06-08,1456,22.0,Süd,Elektronik,Powerbank,2,58.44,0.0,Lastschrift,0.0,5,5.0,False
101839,2023-12-12,639,18.0,Nord,Sport,Trinkflasche,1,49.0,5.0,Sofortüberweisung,0.0,6,3.0,False
103928,2024-06-08,816,35.0,Nord,Haushalt,Kaffeemaschine,2,48.79,0.0,PayPal,2.99,5,5.0,False
101351,2024-02-25,29,41.0,Nord,Elektronik,Kopfhörer,1,115.93,0.0,Rechnung,0.0,3,,False
101966,2024-05-12,637,44.0,Süd,Elektronik,USB-Kabel,3,59.26,0.0,Lastschrift,2.99,2,4.0,False
103795,2023-07-19,1023,31.0,Nord,Mode,Sneaker,1,8.37,5.0,Lastschrift,6.99,2,4.0,False
104026,2024-07-01,1661,25.0,Mitte,Haushalt,Pfannenset,1,109.17,0.0,PayPal,0.0,4,3.0,False
101025,2023-07-08,776,29.0,Mitte,Mode,Jeans,2,19.86,0.0,Kreditkarte,0.0,4,5.0,False
100463,2023-10-01,332,37.0,Mitte,Mode,T-Shirt,1,19.61,0.0,Sofortüberweisung,,6,5.0,False
102374,2024-06-29,77,42.0,Ost,Sport,Hantel,1,39.5,0.0,Rechnung,6.99,3,4.0,False
101272,2024-09-08,325,55.0,Mitte,Mode ,T-Shirt,1,26.2,0.0,PayPal,4.99,4,5.0,False
103937,2023-03-03,1133,41.0,Süd,Haushalt,Pfannenset,2,42.14,0.0,Rechnung,6.99,2,5.0,False
100594,2024-05-26,1672,29.0,Nord,Haushalt,Staubsauger,1,41.46,0.0,Lastschrift,4.99,5,4.0,False
102215,2024-08-08,1571,33.0,West,Haushalt,Pfannenset,2,16.12,0.0,PayPal,2.99,4,3.0,False
104917,2024-01-07,217,21.0,Nord,Bücher,Sachbuch,1,12.48,0.0,Rechnung,4.99,4,5.0,False
100625,2024-08-17,201,28.0,Süd,Sport,Yogamatte,1,21.54,0.0,Sofortüberweisung,0.0,1,5.0,False
100450,2023-06-30,1239,40.0,West,Mode,Mütze,1,44.74,0.0,PayPal,4.99,4,3.0,False
101550,2023-01-22,784,27.0,Süd,Haushalt,Pfannenset,1,34.91,0.0,Sofortüberweisung,2.99,5,4.0,False
101412,2023-03-18,1334,44.0,West,Sport,Trinkflasche,3,70.69,20.0,Sofortüberweisung,2.99,2,5.0,False
101871,2024-07-01,68,35.0,Ost,Elektronik,USB-Kabel,1,79.45,0.0,Kreditkarte,0.0,4,4.0,False
104485,2024-10-05,1140,46.0,Süd,Bücher,Kochbuch,2,12.38,0.0,Sofortüberweisung,0.0,1,5.0,False
102470,2024-11-19,330,31.0,Nord,HAUSHALT,Lampe,1,38.56,0.0,Sofortüberweisung,4.99,2,3.0,False
101335,2023-11-10,534,29.0,Nord,Haushalt,Bettwäsche,1,40.73,10.0,Rechnung,2.99,1,3.0,True
103846,2024-05-21,1174,47.0,Ost,Mode ,T-Shirt,2,27.8,0.0,Rechnung,4.99,2,5.0,False
104406,2024-04-07,629,52.0,Nord,Elektronik,Powerbank,1,58.14,0.0,PayPal,2.99,7,3.0,True
104025,2024-08-11,1645,25.0,Nord,Bücher,Roman,2,7.07,20.0,Rechnung,2.99,4,5.0,False
102984,2024-07-18,572,33.0,Mitte,Mode,Sneaker,2,51.82,15.0,Rechnung,4.99,1,4.0,False
104080,2023-10-09,1378,50.0,West,Sport,Laufschuhe,2,19.64,5.0,Rechnung,4.99,1,4.0,False
103299,2024-07-27,1585,27.0,Nord,ELEKTRONIK,Kopfhörer,1,42.58,0.0,PayPal,6.99,5,5.0,False
104728,2023-10-07,1504,48.0,West,Elektronik,Kopfhörer,4,17.58,0.0,PayPal,4.99,4,3.0,False
100999,2024-03-23,995,60.0,Mitte,Mode,Jeans,1,5.03,0.0,Lastschrift,4.99,2,1.0,False
101536,2024-09-06,1184,50.0,Ost,Mode,Jacke,1,22.96,0.0,Kreditkarte,6.99,4,4.0,False
102018,2023-04-17,560,61.0,Nord,Haushalt,Staubsauger,1,63.99,0.0,Kreditkarte,0.0,4,5.0,False
100192,2024-07-18,1052,42.0,Mitte,Mode,Jeans,2,20.93,10.0,Sofortüberweisung,0.0,6,5.0,False
103816,2024-10-17,1119,,Ost,Bücher,Sachbuch,1,11.44,20.0,Rechnung,0.0,5,5.0,False
104223,2024-03-22,1412,42.0,Nord,Mode,Jeans,1,14.16,0.0,Sofortüberweisung,6.99,4,3.0,False
101374,2024-10-13,555,43.0,West,Haushalt,Bettwäsche,1,49.63,20.0,Lastschrift,0.0,2,5.0,False
104274,2023-03-06,1282,40.0,West,Mode,Jeans,1,19.63,10.0,Sofortüberweisung,0.0,3,4.0,False
104479,2023-03-16,731,42.0,Süd,HAUSHALT,Bettwäsche,1,28.2,0.0,Rechnung,6.99,2,4.0,False
104968,2023-09-25,1790,29.0,Nord,Sport,Trinkflasche,1,44.93,5.0,Kreditkarte,2.99,4,5.0,False
102605,2023-11-16,1107,50.0,Nord,Sport,Laufschuhe,1,45.98,10.0,Kreditkarte,4.99,5,4.0,False
103688,2023-03-13,1033,36.0,Süd,Elektronik,Kopfhörer,1,29.67,0.0,Lastschrift,2.99,4,4.0,False
102841,2023-04-03,735,44.0,Mitte,Elektronik,Bluetooth-Lautsprecher,2,16.34,0.0,Sofortüberweisung,2.99,1,1.0,False
103864,2023-05-23,1387,36.0,Nord,Haushalt,Kaffeemaschine,1,75.05,15.0,Sofortüberweisung,,5,3.0,False
104236,2023-02-24,219,30.0,Ost,Mode,Mütze,1,37.94,10.0,Sofortüberweisung,2.99,3,4.0,False
103855,2024-01-31,1140,26.0,Süd,Mode,Jacke,3,58.03,5.0,Sofortüberweisung,4.99,3,3.0,False
102714,2024-09-16,540,56.0,Süd,Sport,Trinkflasche,4,14.26,0.0,Lastschrift,0.0,1,4.0,False
103753,2023-02-11,1253,43.0,Mitte,Haushalt,Kaffeemaschine,1,97.39,0.0,Sofortüberweisung,6.99,4,1.0,False
102245,2023-07-03,1376,24.0,Nord,Elektronik,Kopfhörer,1,23.54,0.0,PayPal,6.99,4,,False
101658,2023-01-04,174,39.0,Süd,Sport,Laufschuhe,4,15.37,10.0,Kreditkarte,2.99,2,4.0,False
102561,2023-05-05,37,41.0,Mitte,Bücher,Sachbuch,1,16.8,0.0,Sofortüberweisung,2.99,6,2.0,False
104966,2023-12-12,75,30.0,Nord,Mode,Sneaker,2,53.53,0.0,Sofortüberweisung,6.99,1,4.0,False
100191,2023-02-07,632,34.0,Süd,Bücher,Kochbuch,2,16.95,0.0,Sofortüberweisung,4.99,1,5.0,False
104606,2023-08-02,1273,56.0,Nord,Sport,Trinkflasche,1,16.12,0.0,Kreditkarte,2.99,3,2.0,False
101743,2023-11-20,580,41.0,Nord,Elektronik,Bluetooth-Lautsprecher,1,15.92,0.0,Lastschrift,0.0,2,5.0,False
103085,2023-06-21,608,48.0,West,Elektronik,Bluetooth-Lautsprecher,3,45.78,0.0,PayPal,2.99,6,4.0,False
104287,2024-01-26,703,36.0,Ost,Mode,Sneaker,4,8.12,15.0,Lastschrift,2.99,3,,False
101862,2024-07-24,601,38.0,Nord,Elektronik,USB-Kabel,1,90.45,0.0,Sofortüberweisung,2.99,5,3.0,False
101767,2024-08-15,1371,60.0,Mitte,Elektronik,Powerbank,1,16.48,0.0,Kreditkarte,0.0,4,5.0,False
101894,2024-06-20,474,46.0,Mitte,Bücher,Roman,2,13.5,5.0,Rechnung,0.0,1,5.0,False
104849,2024-10-07,151,47.0,West,Elektronik,Powerbank,1,20.35,10.0,Kreditkarte,2.99,4,4.0,False
103717,2024-09-10,1304,36.0,Süd,Sport,Laufschuhe,1,24.09,25.0,Rechnung,0.0,4,4.0,False
102522,2023-08-10,943,44.0,Mitte,Mode,T-Shirt,1,31.35,15.0,Sofortüberweisung,4.99,3,,False
103466,2024-06-27,1074,36.0,West,Elektronik,Kopfhörer,2,22.78,0.0,Kreditkarte,2.99,3,4.0,False
104053,2024-05-07,1251,41.0,Ost,Haushalt,Kaffeemaschine,1,17.89,0.0,Kreditkarte,4.99,7,2.0,False
103930,2023-07-20,495,27.0,Mitte,Mode,Jacke,1,6.15,5.0,Lastschrift,4.99,6,4.0,False
100166,2024-05-25,1077,38.0,West,Mode,Mütze,1,46.08,0.0,Sofortüberweisung,6.99,2,4.0,False
102218,2024-06-25,913,49.0,West,Bücher,Sachbuch,1,34.9,20.0,Rechnung,0.0,7,5.0,False
103678,2023-04-20,503,51.0,West,Mode,Mütze,1,15.78,0.0,Sofortüberweisung,2.99,3,5.0,False
101024,2024-10-23,585,18.0,Mitte,Mode,Jeans,4,34.76,0.0,Rechnung,0.0,3,4.0,False
101361,2023-05-28,1269,35.0,Nord,Elektronik,Bluetooth-Lautsprecher,1,11.3,10.0,Lastschrift,2.99,5,3.0,False
102900,2023-01-18,1620,35.0,Mitte,Elektronik,Powerbank,1,95.35,0.0,Sofortüberweisung,0.0,1,4.0,False
101892,2024-11-17,111,37.0,Süd,Elektronik,Powerbank,1,56.73,0.0,Kreditkarte,4.99,4,5.0,False
103566,2023-04-26,1122,40.0,Süd,Elektronik,Smartphone-Hülle,1,34.33,0.0,PayPal,6.99,5,4.0,False
101096,2023-05-26,315,32.0,Mitte,Mode,T-Shirt,1,47.86,0.0,Kreditkarte,2.99,5,5.0,False
102098,2023-12-28,1082,32.0,Mitte,Haushalt,Bettwäsche,2,59.78,0.0,Sofortüberweisung,6.99,3,4.0,False
104919,2023-04-16,257,52.0,West,Bücher,Sachbuch,2,13.05,0.0,Rechnung,2.99,6,4.0,False
100152,2024-11-10,593,20.0,Ost,Mode,T-Shirt,1,26.91,15.0,Sofortüberweisung,2.99,1,4.0,False
102583,2023-07-24,141,25.0,Süd,Mode,T-Shirt,1,17.73,5.0,Lastschrift,4.99,1,4.0,False
104795,2023-02-25,740,40.0,West,Mode,Jeans,2,30.78,0.0,Sofortüberweisung,0.0,5,2.0,False
103949,2023-10-20,1047,35.0,Nord,Mode,Sneaker,3,12.96,0.0,Rechnung,4.99,7,4.0,True
101519,2023-08-17,1199,21.0,Nord,Elektronik,USB-Kabel,1,70.26,0.0,Rechnung,6.99,5,3.0,False
104209,2023-10-18,795,18.0,Süd,Sport,Laufschuhe,1,35.51,15.0,PayPal,0.0,4,5.0,False
101672,2023-08-03,1545,63.0,Nord,Haushalt,Lampe,1,1720.955216898966,5.0,PayPal,0.0,2,3.0,True
102922,2023-06-30,830,46.0,Mitte,Bücher,Roman,1,12.28,0.0,Rechnung,0.0,8,3.0,False
101433,2023-09-18,49,32.0,Ost,Mode,Jeans,1,10.03,0.0,Rechnung,6.99,2,4.0,False
104871,2024-12-23,1462,33.0,Ost,Haushalt,Pfannenset,1,75.31,0.0,Kreditkarte,6.99,5,5.0,False
102031,2024-08-19,1483,,Mitte,Mode,Mütze,2,28.38,0.0,PayPal,4.99,5,3.0,False
101623,2023-11-13,868,41.0,Süd,Bücher,Sachbuch,1,8.32,10.0,Lastschrift,4.99,3,2.0,True
100031,2024-09-10,1256,29.0,Mitte,Elektronik,Powerbank,1,63.95,10.0,Sofortüberweisung,4.99,3,5.0,True
100937,2024-04-02,1380,25.0,Ost,Elektronik,Smartphone-Hülle,1,20.87,0.0,Kreditkarte,2.99,4,4.0,False
101526,2024-07-27,1067,34.0,Süd,Mode,Jacke,1,14.42,0.0,PayPal,6.99,4,4.0,False
102650,2023-06-30,822,40.0,Süd,Mode,T-Shirt,5,42.08,0.0,Kreditkarte,4.99,3,4.0,False
104564,2024-04-30,824,28.0,Mitte,Mode,Jacke,1,26.18,15.0,Sofortüberweisung,0.0,2,4.0,False
100309,2023-09-05,129,49.0,Nord,ELEKTRONIK,Powerbank,1,26.23,0.0,Sofortüberweisung,4.99,2,5.0,False
103000,2023-04-20,1664,44.0,Ost,Mode ,Mütze,1,27.1,20.0,PayPal,0.0,2,5.0,False
101499,2024-09-09,1462,58.0,Süd,Bücher,Roman,1,20.71,20.0,Lastschrift,0.0,3,4.0,False
104157,2023-12-23,300,21.0,Süd,Elektronik,Bluetooth-Lautsprecher,1,737.9839686657724,10.0,Kreditkarte,6.99,2,4.0,False
104449,2024-04-03,1561,47.0,West,Elektronik,Powerbank,1,8.32,0.0,Rechnung,2.99,4,4.0,False
100495,2023-07-14,1064,38.0,Ost,ELEKTRONIK,Powerbank,1,36.63,10.0,Sofortüberweisung,0.0,7,4.0,False
100205,2024-01-26,1223,58.0,West,Bücher,Kinderbuch,2,12.0,25.0,Lastschrift,2.99,3,5.0,False
102726,2024-04-09,64,48.0,Süd,Elektronik,Smartphone-Hülle,2,18.45,5.0,Kreditkarte,0.0,7,5.0,False
103425,2024-11-30,1205,,Mitte,Mode,Mütze,2,11.76,20.0,Rechnung,2.99,1,5.0,True
103904,2023-10-15,1264,57.0,Ost,Haushalt,Lampe,2,59.45,0.0,Lastschrift,6.99,3,5.0,False
100305,2023-08-20,714,30.0,Nord,Mode,Jeans,1,757.583268782689,0.0,Lastschrift,6.99,4,4.0,False
103866,2023-01-21,611,46.0,Nord,SPORT,Laufschuhe,1,65.61,10.0,Rechnung,2.99,4,5.0,False
102312,2024-11-25,1283,53.0,West,Mode,Mütze,4,32.24,0.0,Kreditkarte,2.99,4,1.0,False
101061,2024-12-26,1183,31.0,Ost,Elektronik,Powerbank,1,20.5,0.0,PayPal,4.99,5,4.0,False
100843,2023-12-11,1778,43.0,Süd,Sport,Fitnessband,1,6.67,0.0,Rechnung,0.0,2,5.0,False
102767,2024-05-27,610,37.0,Nord,Haushalt,Bettwäsche,1,32.75,0.0,Lastschrift,4.99,3,4.0,False
104673,2023-12-25,1221,46.0,West,Elektronik,Powerbank,1,81.15,0.0,Rechnung,6.99,3,5.0,False
100211,2024-01-28,2,30.0,Nord,Elektronik,USB-Kabel,1,98.93,0.0,Kreditkarte,2.99,3,4.0,False
101108,2024-08-04,931,64.0,Nord,Elektronik,Powerbank,1,50.07,10.0,Lastschrift,4.99,3,5.0,False
103788,2023-06-20,1328,23.0,Ost,Bücher,Kochbuch,1,19.67,20.0,Rechnung,0.0,1,4.0,False
100679,2023-08-10,1570,26.0,Süd,Mode,Mütze,2,131.33,0.0,Kreditkarte,6.99,4,4.0,False
100565,2024-07-03,1384,32.0,Ost,Mode,T-Shirt,1,33.32,0.0,Rechnung,4.99,5,2.0,False
104662,2024-04-07,274,24.0,Ost,Bücher,Sachbuch,2,31.68,0.0,Kreditkarte,0.0,3,5.0,False
103651,2024-06-06,1563,37.0,Nord,Haushalt,Pfannenset,1,56.2,5.0,PayPal,4.99,4,4.0,True
100680,2024-03-30,91,48.0,Nord,Bücher,Roman,1,26.72,0.0,Kreditkarte,2.99,1,,False
100180,2024-03-03,1519,44.0,Ost,Haushalt,Pfannenset,2,36.71,0.0,Sofortüberweisung,0.0,1,5.0,False
103948,2023-11-02,450,18.0,Süd,Elektronik,Smartphone-Hülle,1,59.6,10.0,Kreditkarte,2.99,5,5.0,False
101769,2023-12-27,564,40.0,Ost,Elektronik,Kopfhörer,1,39.72,15.0,PayPal,6.99,4,4.0,False
103143,2023-07-21,489,44.0,Nord,ELEKTRONIK,Bluetooth-Lautsprecher,2,109.5,20.0,Sofortüberweisung,0.0,3,5.0,False
104317,2023-07-22,842,47.0,Süd,Elektronik,Powerbank,2,109.82,0.0,Lastschrift,2.99,3,4.0,False
100278,2024-09-03,1235,37.0,Süd,Elektronik,USB-Kabel,3,23.61,20.0,Kreditkarte,0.0,2,4.0,False
101149,2023-04-02,1052,42.0,Süd,Sport,Yogamatte,1,82.56,0.0,Sofortüberweisung,6.99,3,5.0,False
101321,2024-04-06,1372,25.0,Ost,Elektronik ,Smartphone-Hülle,1,35.33,0.0,Sofortüberweisung,6.99,7,5.0,False
100432,2023-03-04,1729,,Nord,Sport,Hantel,2,58.52,0.0,PayPal,2.99,8,3.0,True
100289,2024-11-08,334,36.0,Mitte,Haushalt,Lampe,1,46.3,0.0,Kreditkarte,0.0,5,4.0,False
101027,2023-07-17,1039,42.0,Mitte,Haushalt,Lampe,1,48.54,0.0,Lastschrift,,1,4.0,False
100535,2023-01-23,131,37.0,Mitte,HAUSHALT,Pfannenset,1,17.67,5.0,Lastschrift,2.99,3,4.0,False
104629,2024-09-22,478,37.0,Süd,Elektronik,USB-Kabel,2,29.91,20.0,Lastschrift,2.99,1,2.0,True
100188,2023-07-11,1307,42.0,Nord,Elektronik ,Smartphone-Hülle,2,70.14,5.0,Rechnung,0.0,3,5.0,False
104043,2023-08-09,800,18.0,Süd,Elektronik,USB-Kabel,2,48.67,0.0,Kreditkarte,6.99,4,5.0,False
103992,2024-11-08,942,43.0,Nord,Bücher,Kochbuch,3,14.78,10.0,Sofortüberweisung,2.99,3,5.0,False
104547,2023-08-07,258,21.0,Ost,Elektronik,Kopfhörer,2,108.45,25.0,Lastschrift,6.99,2,4.0,False
100270,2024-03-22,3,59.0,Nord,Mode,Mütze,2,30.12,0.0,Sofortüberweisung,4.99,3,4.0,False
103291,2024-09-11,136,43.0,Süd,Sport,Fitnessband,3,42.06,10.0,Sofortüberweisung,0.0,5,5.0,False
104126,2023-02-27,1706,35.0,Süd,Elektronik,Bluetooth-Lautsprecher,1,41.15,0.0,Rechnung,0.0,1,5.0,False
104094,2023-03-19,1737,47.0,Ost,Elektronik,Smartphone-Hülle,2,24.22,0.0,Sofortüberweisung,4.99,1,5.0,False
103768,2024-01-07,518,40.0,West,Bücher,Kochbuch,3,26.07,0.0,Lastschrift,2.99,2,5.0,False
100111,2023-07-26,356,36.0,Süd,SPORT,Fitnessband,2,33.24,15.0,PayPal,0.0,1,3.0,False
101971,2023-03-03,1435,54.0,Mitte,Elektronik,Powerbank,1,50.81,15.0,Sofortüberweisung,2.99,4,4.0,False
100220,2024-02-06,506,52.0,West,Mode,Mütze,1,31.45,20.0,Kreditkarte,0.0,2,,False
101427,2024-10-22,278,18.0,Mitte,Bücher,Comic,2,21.36,0.0,PayPal,0.0,2,4.0,False
100627,2024-02-08,748,18.0,Ost,Haushalt,Pfannenset,2,56.38,0.0,PayPal,0.0,7,4.0,False
102655,2024-12-02,1547,25.0,Nord,Haushalt ,Bettwäsche,1,25.04,0.0,Rechnung,2.99,5,5.0,False
103424,2024-10-15,1033,42.0,Nord,Elektronik,Bluetooth-Lautsprecher,1,79.93,0.0,PayPal,4.99,5,5.0,False
103008,2023-02-17,564,47.0,West,Sport,Fitnessband,2,20.27,25.0,PayPal,2.99,2,4.0,False
100790,2023-07-02,1394,43.0,Mitte,Mode,Sneaker,1,47.66,0.0,Kreditkarte,2.99,2,5.0,False
104835,2024-06-13,1457,38.0,West,Mode,Sneaker,1,39.86,10.0,Lastschrift,2.99,5,,False
100461,2023-08-20,1448,42.0,Mitte,Mode,Mütze,2,12.85,15.0,Lastschrift,4.99,3,,False
104446,2023-07-26,1267,43.0,Nord,Sport,Yogamatte,1,59.55,0.0,Kreditkarte,6.99,1,5.0,False
100551,2024-06-07,689,25.0,Mitte,Mode,Mütze,1,24.19,0.0,Kreditkarte,4.99,5,4.0,False
102402,2024-09-09,154,39.0,West,Elektronik,Bluetooth-Lautsprecher,1,240.79285822929492,0.0,PayPal,4.99,6,5.0,False
104181,2023-10-26,932,34.0,West,Sport,Laufschuhe,1,37.76,0.0,PayPal,0.0,2,5.0,False
100198,2024-10-01,1007,30.0,West,Bücher,Kochbuch,1,19.77,15.0,Kreditkarte,4.99,3,,False
102640,2023-01-28,600,42.0,West,Mode,T-Shirt,2,21.53,0.0,PayPal,4.99,4,3.0,False
102834,2024-10-26,68,50.0,Süd,Mode,T-Shirt,1,42.69,0.0,Rechnung,2.99,4,,False
100402,2023-04-04,469,37.0,Mitte,Haushalt,Kaffeemaschine,5,33.85,0.0,Lastschrift,6.99,1,4.0,False
103338,2024-01-10,970,34.0,Mitte,Bücher,Roman,1,535.6291254059979,0.0,Rechnung,6.99,1,,False
102177,2023-03-29,462,33.0,Süd,Sport,Yogamatte,2,65.96,0.0,PayPal,2.99,1,4.0,False
104812,2023-06-27,1588,43.0,Ost,Haushalt,Bettwäsche,1,942.0267415009936,0.0,PayPal,4.99,5,4.0,False
102073,2024-03-28,382,29.0,Mitte,MODE,Jeans,1,25.93,5.0,Rechnung,6.99,4,3.0,False
101730,2023-10-03,70,48.0,West,Sport,Hantel,1,15.65,0.0,Sofortüberweisung,4.99,9,3.0,True
104507,2023-06-10,779,23.0,West,Haushalt,Pfannenset,1,76.76,0.0,Rechnung,4.99,3,5.0,False
100650,2023-03-08,1760,36.0,Mitte,Mode,Jeans,1,31.76,15.0,Kreditkarte,2.99,5,5.0,False
100708,2024-05-07,733,33.0,Mitte,Elektronik,USB-Kabel,1,17.49,20.0,Rechnung,0.0,4,4.0,False
104589,2023-08-03,44,49.0,Süd,Mode,Jacke,4,24.09,0.0,Lastschrift,0.0,1,5.0,False
104458,2024-04-04,1273,,Ost,Bücher,Sachbuch,2,12.55,0.0,Sofortüberweisung,4.99,3,5.0,False
103322,2024-03-07,1309,71.0,Mitte,ELEKTRONIK,Kopfhörer,1,17.36,15.0,Rechnung,2.99,2,5.0,False
101897,2023-01-16,1200,,West,Elektronik,Powerbank,3,43.28,5.0,Lastschrift,0.0,2,5.0,False
101832,2023-01-03,1344,27.0,West,Elektronik,Smartphone-Hülle,1,18.56,20.0,Kreditkarte,2.99,1,4.0,False
100314,2023-01-31,1680,20.0,Nord,Elektronik,Bluetooth-Lautsprecher,2,48.83,0.0,Sofortüberweisung,6.99,3,5.0,False
101242,2023-04-12,1262,53.0,Süd,Elektronik,Bluetooth-Lautsprecher,2,40.49,10.0,Sofortüberweisung,6.99,7,5.0,False
104519,2023-02-25,1446,,Süd,Elektronik,Powerbank,1,39.46,5.0,Rechnung,0.0,2,5.0,False
100113,2024-06-09,434,53.0,Mitte,Sport,Yogamatte,2,13.94,0.0,Lastschrift,2.99,3,3.0,False
100960,2023-07-25,1636,67.0,Ost,Mode,Mütze,1,26.71,0.0,PayPal,4.99,1,5.0,False
103907,2023-07-30,1009,46.0,Süd,Haushalt,Pfannenset,2,11.44,0.0,PayPal,4.99,7,4.0,False
102742,2024-06-11,318,46.0,West,Bücher,Kochbuch,1,11.28,0.0,Rechnung,2.99,5,5.0,False
101684,2023-09-04,915,32.0,Ost,Mode,Jacke,1,40.05,0.0,PayPal,4.99,3,,False
104101,2023-08-11,1074,31.0,West,Bücher,Sachbuch,2,21.89,0.0,Lastschrift,2.99,3,3.0,False
102659,2023-05-09,473,25.0,Süd,Sport,Laufschuhe,1,47.51,0.0,Sofortüberweisung,0.0,6,4.0,False
101632,2023-02-02,52,34.0,Mitte,Haushalt,Kaffeemaschine,1,28.97,5.0,Kreditkarte,2.99,4,5.0,False
103259,2023-01-01,1097,32.0,Ost,Haushalt,Bettwäsche,1,59.41,0.0,Sofortüberweisung,,1,2.0,False
104707,2024-10-28,1661,47.0,Süd,Mode ,Jacke,1,34.38,25.0,Rechnung,0.0,4,4.0,False
103482,2024-04-21,655,39.0,Nord,Haushalt,Bettwäsche,1,27.64,0.0,Sofortüberweisung,2.99,6,5.0,False
104573,2024-12-25,930,34.0,Nord,Elektronik,Powerbank,3,124.6,15.0,Rechnung,2.99,4,5.0,False
101879,2023-10-14,966,37.0,West,Elektronik,Bluetooth-Lautsprecher,3,101.64,0.0,Rechnung,6.99,3,4.0,False
104121,2024-09-28,1395,42.0,Ost,Mode,Jacke,2,41.34,0.0,Rechnung,0.0,2,4.0,False
102005,2024-01-31,142,21.0,Mitte,Haushalt,Staubsauger,1,28.86,10.0,Lastschrift,2.99,2,5.0,False
100326,2023-08-05,513,,Ost,Elektronik,Smartphone-Hülle,2,22.5,15.0,Lastschrift,2.99,3,4.0,False
100604,2023-02-13,934,42.0,Süd,Mode,Mütze,4,33.07,0.0,Kreditkarte,0.0,4,2.0,False
104233,2023-10-28,853,54.0,Mitte,Sport,Trinkflasche,1,33.75,0.0,Kreditkarte,2.99,1,5.0,False
103077,2023-09-18,1402,41.0,Nord,Mode,Jacke,2,19.93,0.0,Lastschrift,4.99,2,4.0,False
102630,2024-04-22,281,42.0,Ost,Haushalt,Bettwäsche,1,23.88,10.0,PayPal,0.0,6,3.0,False
104366,2024-01-16,507,58.0,West,Sport,Laufschuhe,1,29.33,0.0,Rechnung,0.0,4,5.0,False
104691,2024-01-11,785,60.0,Süd,Sport,Hantel,1,44.53,0.0,Rechnung,0.0,5,5.0,False
103248,2023-12-08,792,27.0,Süd,Elektronik,Smartphone-Hülle,1,24.03,0.0,PayPal,4.99,5,5.0,False
104972,2024-11-10,876,36.0,Süd,Sport,Hantel,1,29.54,0.0,Lastschrift,0.0,4,1.0,False
103392,2024-01-02,338,21.0,Süd,Elektronik,Powerbank,1,57.5,0.0,PayPal,6.99,3,3.0,False
101471,2024-03-28,1724,35.0,Mitte,Sport,Yogamatte,1,32.25,0.0,Kreditkarte,0.0,3,4.0,False
101773,2024-03-15,547,18.0,Ost,Mode,Mütze,1,41.62,5.0,Kreditkarte,4.99,1,2.0,False
102784,2024-04-23,730,32.0,West,Elektronik,Kopfhörer,4,41.0,5.0,Sofortüberweisung,2.99,5,4.0,False
100789,2023-10-10,387,31.0,Mitte,Haushalt,Staubsauger,2,73.95,0.0,Sofortüberweisung,4.99,4,,False
102354,2023-07-22,657,59.0,Ost,Haushalt,Pfannenset,2,122.03,0.0,PayPal,4.99,6,5.0,False
102925,2024-09-18,864,59.0,Mitte,Haushalt,Kaffeemaschine,3,21.4,25.0,Kreditkarte,0.0,8,5.0,False
101545,2023-04-03,971,46.0,West,Sport,Yogamatte,1,46.73,15.0,Kreditkarte,2.99,3,5.0,False
100871,2024-08-13,1496,29.0,Ost,Elektronik,Kopfhörer,1,229.03804681216164,10.0,Rechnung,2.99,1,2.0,False
104392,2023-12-12,1261,36.0,West,Elektronik,Smartphone-Hülle,1,15.12,0.0,Lastschrift,4.99,4,5.0,False
101371,2024-05-05,1626,47.0,West,Bücher,Sachbuch,2,14.31,0.0,PayPal,2.99,4,5.0,False
103078,2023-08-18,746,34.0,Süd,Elektronik,Kopfhörer,5,13.92,5.0,Rechnung,6.99,3,5.0,True
100073,2023-12-30,707,49.0,Nord,Mode,Jeans,1,24.91,0.0,Sofortüberweisung,4.99,3,3.0,False
101815,2023-01-09,864,31.0,Ost,SPORT,Hantel,1,41.98,0.0,PayPal,0.0,4,5.0,False
104403,2024-03-05,590,63.0,Süd,Sport,Trinkflasche,1,34.52,20.0,PayPal,2.99,4,4.0,False
102264,2024-07-03,301,58.0,Süd,Sport,Laufschuhe,3,23.49,25.0,Lastschrift,4.99,6,5.0,True
103994,2024-09-11,1725,33.0,Ost,Haushalt,Lampe,1,66.98,0.0,Rechnung,0.0,7,3.0,False
102011,2023-07-06,1768,49.0,Süd,Bücher,Kochbuch,2,8.97,15.0,Kreditkarte,2.99,5,,False
104620,2024-01-23,645,34.0,Mitte,Haushalt,Bettwäsche,2,404.0299928850185,15.0,Lastschrift,2.99,3,5.0,False
103882,2024-10-10,77,36.0,West,Haushalt,Staubsauger,2,55.69,15.0,Rechnung,0.0,5,4.0,False
102287,2024-03-15,31,43.0,Mitte,Elektronik,Powerbank,1,80.36,0.0,Sofortüberweisung,0.0,4,5.0,False
102943,2024-08-29,9,57.0,Nord,Haushalt,Staubsauger,2,32.2,0.0,Rechnung,4.99,3,5.0,False
103825,2023-12-15,1128,46.0,Süd,Elektronik,Powerbank,1,60.03,0.0,PayPal,0.0,5,4.0,False
100494,2024-08-02,1389,45.0,Ost,Haushalt,Staubsauger,1,96.77,0.0,Kreditkarte,2.99,1,3.0,True
103194,2023-07-26,1336,45.0,West,Haushalt,Kaffeemaschine,2,77.5,0.0,Lastschrift,2.99,5,5.0,False
102232,2024-09-21,68,40.0,West,Elektronik,Smartphone-Hülle,4,42.91,15.0,Lastschrift,0.0,1,4.0,False
104910,2024-06-06,17,35.0,Nord,Haushalt,Kaffeemaschine,2,70.54,20.0,Sofortüberweisung,0.0,8,5.0,False
101164,2024-07-09,740,42.0,Ost,Bücher,Comic,1,6.63,15.0,Rechnung,0.0,4,5.0,False
103292,2023-04-21,1430,66.0,West,Elektronik,Bluetooth-Lautsprecher,2,65.18,0.0,Rechnung,6.99,1,4.0,False
102364,2023-08-30,1315,,West,Mode,Jacke,5,33.47,0.0,PayPal,2.99,3,5.0,False
103638,2023-12-18,435,,Nord,Elektronik,Smartphone-Hülle,1,54.07,0.0,Kreditkarte,2.99,4,4.0,False
102221,2023-01-04,699,29.0,Süd,Elektronik,Bluetooth-Lautsprecher,4,45.44,25.0,Lastschrift,0.0,3,4.0,False
104262,2023-11-13,1498,37.0,Süd,Elektronik,USB-Kabel,1,81.79,15.0,Sofortüberweisung,2.99,2,4.0,False
100618,2024-10-06,17,40.0,Süd,Elektronik,USB-Kabel,1,46.39,10.0,Rechnung,2.99,4,3.0,False
104343,2024-06-02,1357,54.0,Mitte,Haushalt,Kaffeemaschine,2,121.91,20.0,Lastschrift,2.99,2,5.0,False
104470,2023-12-04,1533,58.0,Süd,Haushalt,Bettwäsche,1,63.36,0.0,Sofortüberweisung,2.99,3,5.0,True
104821,2023-01-17,740,18.0,West,Sport,Trinkflasche,1,50.74,5.0,Rechnung,6.99,5,5.0,False
104520,2023-02-09,972,60.0,Mitte,Haushalt,Staubsauger,1,33.7,15.0,Kreditkarte,6.99,4,5.0,False
102114,2024-01-29,598,36.0,Ost,Bücher,Comic,1,8.89,0.0,Lastschrift,4.99,7,4.0,False
103478,2023-10-17,961,38.0,Süd,Bücher,Kochbuch,1,4.05,15.0,Kreditkarte,6.99,4,5.0,False
100869,2024-06-09,1606,33.0,Nord,Mode,Mütze,1,13.58,0.0,PayPal,2.99,3,3.0,False
103809,2024-06-25,583,32.0,Nord,MODE,T-Shirt,1,21.83,0.0,Sofortüberweisung,,1,4.0,False
101042,2024-10-15,827,50.0,West,Haushalt,Bettwäsche,1,61.79,20.0,Kreditkarte,6.99,5,4.0,False
101405,2024-12-21,1240,29.0,Süd,Elektronik,Powerbank,1,51.21,5.0,Sofortüberweisung,4.99,4,5.0,False
100356,2023-05-28,1453,47.0,Ost,Sport,Yogamatte,1,4.97,20.0,Kreditkarte,0.0,3,5.0,False
101162,2023-03-22,205,58.0,West,Haushalt,Lampe,1,22.66,0.0,Sofortüberweisung,6.99,3,3.0,False
102820,2024-07-03,1334,23.0,Ost,Elektronik,Kopfhörer,2,41.13,10.0,Lastschrift,6.99,7,3.0,False
101935,2024-07-17,366,37.0,Nord,MODE,Jacke,1,33.08,0.0,Kreditkarte,0.0,2,5.0,False
104004,2023-01-09,1537,59.0,Mitte,Elektronik ,Kopfhörer,4,34.1,10.0,Rechnung,0.0,5,4.0,False
103888,2024-09-21,575,36.0,West,Mode,Jeans,2,28.67,10.0,PayPal,4.99,3,4.0,False
103595,2023-10-26,933,31.0,Ost,Sport,Hantel,4,24.14,20.0,Sofortüberweisung,2.99,7,4.0,False
103616,2023-07-15,240,,Süd,Mode,Mütze,1,10.92,0.0,PayPal,2.99,5,5.0,False
103712,2024-01-19,65,26.0,West,Sport,Hantel,1,18.71,0.0,Sofortüberweisung,0.0,3,4.0,False
103802,2024-12-09,1296,29.0,West,Haushalt,Staubsauger,1,20.31,0.0,Lastschrift,0.0,3,4.0,False
102907,2024-11-18,1416,25.0,Nord,Elektronik,Powerbank,1,28.97,0.0,Sofortüberweisung,0.0,1,4.0,False
100332,2023-06-29,1789,47.0,Ost,Sport,Hantel,2,61.1,5.0,Lastschrift,0.0,2,5.0,False
101340,2023-05-31,818,47.0,Ost,Mode,Jacke,1,19.01,0.0,PayPal,4.99,4,5.0,False
103062,2023-12-05,1547,26.0,Ost,Elektronik,Bluetooth-Lautsprecher,1,34.6,15.0,Kreditkarte,2.99,2,4.0,False
102929,2023-04-14,861,33.0,Ost,Mode,Mütze,1,4.6,0.0,Rechnung,2.99,3,5.0,False
101258,2023-05-19,79,27.0,Süd,Haushalt,Kaffeemaschine,1,85.04,0.0,PayPal,4.99,5,5.0,False
103740,2024-05-08,294,58.0,Ost,Sport,Fitnessband,2,16.68,20.0,Rechnung,0.0,4,5.0,False
104306,2023-09-18,1629,,Mitte,Bücher,Kinderbuch,1,20.02,0.0,Sofortüberweisung,4.99,1,2.0,False
101116,2024-07-24,64,37.0,West,Haushalt,Pfannenset,2,103.49,0.0,PayPal,4.99,1,5.0,False
101918,2024-03-20,580,18.0,West,Elektronik,Smartphone-Hülle,4,104.08,10.0,Kreditkarte,0.0,5,4.0,False
103624,2024-11-13,980,,Nord,Haushalt,Staubsauger,1,69.04,10.0,Kreditkarte,2.99,4,5.0,False
103875,2023-05-21,48,41.0,Mitte,Mode,Sneaker,1,64.99,0.0,Lastschrift,6.99,6,4.0,False
102600,2024-11-27,611,18.0,West,Sport,Fitnessband,1,11.16,0.0,PayPal,4.99,3,3.0,False
103331,2024-12-16,513,43.0,West,Elektronik,Bluetooth-Lautsprecher,1,25.96,0.0,Kreditkarte,0.0,4,5.0,False
101421,2024-05-06,1527,27.0,West,Elektronik,Bluetooth-Lautsprecher,5,50.33,0.0,Sofortüberweisung,2.99,2,2.0,False
100445,2024-05-30,1126,40.0,West,Mode,Jeans,3,10.93,0.0,PayPal,2.99,2,3.0,False
102288,2023-01-12,767,28.0,Süd,Haushalt,Lampe,1,15.76,0.0,PayPal,2.99,3,3.0,True
100452,2024-10-13,1410,21.0,Ost,Haushalt,Staubsauger,1,46.08,5.0,PayPal,2.99,4,4.0,False
103867,2024-05-08,194,49.0,Mitte,Sport,Fitnessband,1,28.99,0.0,Rechnung,4.99,1,4.0,False
104478,2023-07-19,1263,36.0,West,Sport,Fitnessband,1,20.09,0.0,Rechnung,,1,4.0,False
103014,2023-03-29,690,45.0,Ost,Bücher,Comic,1,19.21,5.0,PayPal,0.0,4,5.0,False
100014,2024-11-15,1796,55.0,West,Elektronik,Kopfhörer,1,14.98,0.0,PayPal,2.99,6,5.0,False
102998,2023-06-05,274,53.0,Süd,Bücher,Kochbuch,1,30.52,0.0,Rechnung,4.99,5,5.0,False
100945,2023-11-08,426,66.0,Mitte,Elektronik,Smartphone-Hülle,2,35.37,0.0,Sofortüberweisung,2.99,8,,False
100247,2023-10-19,243,50.0,Süd,Haushalt,Bettwäsche,1,34.03,0.0,Rechnung,4.99,1,4.0,False
104334,2023-07-07,1189,36.0,Ost,Mode,T-Shirt,2,35.32,0.0,PayPal,0.0,1,4.0,False
100360,2024-06-03,1569,18.0,Süd,Sport ,Yogamatte,2,12.14,0.0,Kreditkarte,6.99,3,4.0,False
104703,2023-10-07,1691,,Mitte,Elektronik,USB-Kabel,1,39.8,0.0,Kreditkarte,0.0,4,5.0,False
101595,2023-07-27,1529,45.0,Süd,Elektronik,Powerbank,3,53.16,0.0,Sofortüberweisung,0.0,1,5.0,False
104580,2024-12-27,667,45.0,Mitte,Mode,T-Shirt,1,43.86,0.0,Kreditkarte,4.99,4,4.0,False
102347,2023-06-20,1717,,Mitte,Sport,Trinkflasche,1,64.08,0.0,Kreditkarte,4.99,1,4.0,False
104412,2023-11-12,1537,45.0,Nord,Elektronik,Bluetooth-Lautsprecher,2,66.69,0.0,Rechnung,4.99,3,4.0,False
103548,2024-12-17,1113,42.0,Ost,ELEKTRONIK,Smartphone-Hülle,1,22.84,0.0,PayPal,4.99,1,4.0,False
102052,2024-07-05,45,49.0,Nord,Elektronik,Bluetooth-Lautsprecher,1,49.81,0.0,PayPal,0.0,4,4.0,False
103560,2023-09-17,184,50.0,Mitte,Elektronik,Bluetooth-Lautsprecher,2,79.5,0.0,PayPal,6.99,5,4.0,False
101383,2023-12-18,1554,30.0,Nord,ELEKTRONIK,Kopfhörer,2,34.53,0.0,Sofortüberweisung,2.99,2,3.0,False
104934,2023-04-19,428,51.0,Ost,Haushalt,Bettwäsche,1,20.55,0.0,Kreditkarte,2.99,5,4.0,False
104851,2023-12-20,76,32.0,Süd,Sport,Fitnessband,2,15.63,15.0,Sofortüberweisung,4.99,3,5.0,False
100490,2023-06-12,664,50.0,Ost,Sport,Fitnessband,1,17.14,0.0,Kreditkarte,4.99,4,2.0,False
100862,2024-07-09,384,43.0,Ost,Mode ,Jacke,1,102.16,5.0,Lastschrift,0.0,1,5.0,False
101803,2024-01-29,970,44.0,Süd,Elektronik,Powerbank,4,60.72,10.0,PayPal,0.0,2,3.0,False
103406,2023-07-02,892,34.0,Nord,Mode,Jacke,1,106.56,0.0,Sofortüberweisung,0.0,4,1.0,False
101945,2023-05-17,17,32.0,West,Mode,Jeans,3,18.56,0.0,Lastschrift,0.0,2,5.0,False
104647,2023-11-22,1697,44.0,Süd,Haushalt,Pfannenset,1,54.81,10.0,PayPal,2.99,5,5.0,False
103654,2024-02-01,166,18.0,Mitte,Bücher,Kochbuch,2,26.74,15.0,Lastschrift,0.0,2,5.0,False
100506,2023-09-21,786,59.0,West,Bücher,Kochbuch,1,12.53,10.0,PayPal,2.99,2,5.0,False
104162,2024-08-18,336,57.0,Süd,Mode,Mütze,2,35.0,5.0,Rechnung,2.99,3,4.0,False
100025,2023-05-03,309,38.0,Nord,Bücher,Comic,2,9.53,20.0,Rechnung,4.99,2,5.0,False
102329,2023-08-24,921,28.0,Süd,Elektronik,Bluetooth-Lautsprecher,1,85.36,0.0,Rechnung,0.0,3,2.0,False
101222,2023-12-29,525,65.0,Mitte,Mode,Jeans,2,19.14,0.0,Lastschrift,4.99,4,5.0,False
101113,2024-05-27,687,20.0,Ost,Elektronik,Powerbank,1,5.57,5.0,Sofortüberweisung,4.99,4,5.0,True
103422,2023-11-02,338,24.0,Süd,Elektronik,Bluetooth-Lautsprecher,2,27.88,10.0,Rechnung,0.0,2,5.0,False
103491,2023-01-18,711,42.0,Ost,Mode,Jacke,1,50.21,0.0,PayPal,0.0,3,3.0,False
104425,2024-03-22,1527,34.0,Mitte,Elektronik,Bluetooth-Lautsprecher,1,15.88,15.0,Sofortüberweisung,0.0,2,5.0,False
104719,2024-05-22,516,50.0,Nord,Elektronik,Bluetooth-Lautsprecher,1,30.0,25.0,Kreditkarte,2.99,2,4.0,False
100433,2024-02-09,952,45.0,Ost,Elektronik,Bluetooth-Lautsprecher,1,29.22,0.0,PayPal,0.0,6,3.0,False
102107,2023-05-02,53,31.0,Nord,Haushalt,Lampe,1,22.81,0.0,Lastschrift,6.99,4,2.0,False
103865,2024-06-02,564,39.0,Ost,Bücher,Kochbuch,1,154.0745958530668,0.0,PayPal,0.0,5,4.0,False
102893,2024-10-17,1571,35.0,West,Elektronik,Powerbank,1,23.03,0.0,Lastschrift,0.0,2,1.0,False
102133,2024-06-27,1259,34.0,West,Mode,Jeans,1,32.52,15.0,Lastschrift,6.99,3,,False
104005,2024-06-25,554,44.0,Ost,Haushalt,Staubsauger,4,89.76,15.0,Sofortüberweisung,6.99,1,5.0,False
103227,2023-02-17,40,22.0,Nord,Mode,Jacke,1,22.56,5.0,Rechnung,4.99,1,4.0,False
102173,2024-09-24,658,,Ost,Bücher,Kochbuch,1,6.15,0.0,Rechnung,6.99,4,5.0,False
103563,2023-05-07,1164,36.0,Ost,Bücher,Kinderbuch,1,6.48,20.0,Sofortüberweisung,0.0,1,4.0,False
104755,2024-03-16,1482,22.0,Mitte,HAUSHALT,Lampe,1,34.86,0.0,Rechnung,0.0,2,5.0,False
101102,2024-08-18,1709,34.0,West,Mode,Sneaker,1,23.92,15.0,PayPal,6.99,6,4.0,False
102309,2024-04-05,612,,Süd,Bücher,Kinderbuch,1,25.77,0.0,PayPal,4.99,2,2.0,False
101504,2023-03-02,664,28.0,Süd,Mode,Jacke,4,25.87,0.0,Kreditkarte,2.99,5,5.0,False
103148,2024-11-03,1722,47.0,West,Mode,T-Shirt,1,28.4,0.0,PayPal,4.99,6,4.0,False
103916,2023-07-26,862,49.0,Nord,Elektronik,Powerbank,2,27.1,0.0,Lastschrift,4.99,3,5.0,False
100156,2023-07-20,525,27.0,West,Elektronik,Smartphone-Hülle,1,41.4,0.0,Rechnung,0.0,4,3.0,False
103039,2023-10-22,1017,21.0,Nord,Sport,Trinkflasche,2,9.96,5.0,Lastschrift,4.99,6,5.0,False
104194,2023-11-28,669,20.0,West,Elektronik,Smartphone-Hülle,2,16.04,0.0,Kreditkarte,0.0,1,2.0,False
100615,2024-03-26,305,39.0,West,Mode,Sneaker,1,65.38,0.0,Rechnung,2.99,1,5.0,False
100643,2023-10-21,283,43.0,Ost,Bücher,Roman,1,14.37,0.0,Sofortüberweisung,2.99,1,,False
104895,2023-07-06,740,32.0,Mitte,Haushalt,Pfannenset,1,17.48,0.0,Sofortüberweisung,2.99,6,3.0,False
104278,2023-10-12,1731,43.0,Nord,Sport,Trinkflasche,1,28.63,10.0,Kreditkarte,6.99,2,5.0,False
101068,2023-01-28,772,29.0,Mitte,MODE,Sneaker,1,37.59,0.0,Rechnung,0.0,5,5.0,False
103350,2024-03-05,657,51.0,West,Elektronik,Bluetooth-Lautsprecher,1,54.7,0.0,PayPal,4.99,2,4.0,False
102697,2024-02-28,249,58.0,Mitte,Mode,Jacke,1,14.61,0.0,PayPal,0.0,5,5.0,False
104283,2023-10-28,1541,44.0,Mitte,Mode,T-Shirt,2,44.57,10.0,Lastschrift,6.99,5,3.0,False
101566,2023-11-06,231,41.0,Mitte,Elektronik,Kopfhörer,1,57.21,0.0,Sofortüberweisung,6.99,5,5.0,False
100330,2024-12-29,1389,,West,Sport,Laufschuhe,1,72.53,0.0,Lastschrift,2.99,4,5.0,False
101675,2023-05-18,1199,23.0,Nord,Haushalt,Bettwäsche,1,38.91,0.0,Rechnung,2.99,7,5.0,False
102698,2024-02-18,1429,46.0,Süd,Haushalt,Lampe,1,88.19,0.0,Rechnung,6.99,4,5.0,False
103681,2023-05-03,878,29.0,Nord,Bücher,Kochbuch,1,39.34,0.0,Rechnung,0.0,4,5.0,False
100622,2024-11-19,23,43.0,Nord,Sport,Fitnessband,1,47.06,20.0,Kreditkarte,2.99,7,5.0,False
101654,2024-07-12,421,35.0,Mitte,Elektronik,Powerbank,1,32.97,0.0,PayPal,0.0,3,,False
102369,2024-03-02,1111,39.0,Nord,Mode,T-Shirt,4,33.96,0.0,PayPal,0.0,4,5.0,False
103725,2024-12-13,1574,34.0,Mitte,Mode,T-Shirt,1,20.51,0.0,Sofortüberweisung,6.99,5,3.0,False
102960,2023-02-09,49,62.0,Ost,HAUSHALT,Pfannenset,1,47.83,5.0,PayPal,2.99,6,5.0,False
102242,2024-08-05,1437,41.0,West,Haushalt,Lampe,1,74.26,10.0,Lastschrift,2.99,4,5.0,False
101617,2024-07-12,550,48.0,Nord,Elektronik ,USB-Kabel,1,48.76,15.0,Lastschrift,2.99,4,,False
102763,2023-01-27,315,43.0,Nord,Mode,Mütze,1,27.0,0.0,PayPal,4.99,6,1.0,True
100755,2024-11-05,988,18.0,Süd,Mode ,Jacke,1,15.51,0.0,Sofortüberweisung,4.99,1,4.0,False
100518,2024-06-10,814,39.0,Mitte,Sport,Hantel,2,24.51,0.0,PayPal,0.0,1,5.0,False
104159,2023-08-19,1592,21.0,Süd,Haushalt,Lampe,2,62.91,0.0,PayPal,2.99,5,5.0,False
100032,2023-04-02,941,20.0,Mitte,Elektronik,Kopfhörer,2,37.65,0.0,Lastschrift,4.99,3,3.0,True
103689,2024-09-21,742,26.0,West,Elektronik,Bluetooth-Lautsprecher,2,17.42,0.0,Lastschrift,2.99,1,4.0,False
101157,2024-01-05,6,52.0,Mitte,BÜCHER,Sachbuch,1,14.3,0.0,Lastschrift,6.99,5,4.0,False
100744,2024-01-15,798,18.0,Süd,Elektronik,Powerbank,1,25.23,5.0,Kreditkarte,2.99,2,5.0,False
102036,2023-01-22,241,31.0,Mitte,Sport,Trinkflasche,1,24.29,0.0,Kreditkarte,2.99,1,4.0,False
102447,2024-11-28,741,,West,Haushalt,Kaffeemaschine,1,69.72,0.0,Sofortüberweisung,6.99,1,5.0,False
101697,2023-05-06,1308,42.0,Nord,Mode,Jeans,1,27.25,0.0,Lastschrift,0.0,5,5.0,False
102642,2023-11-04,1629,49.0,Nord,Sport,Hantel,1,4.5,5.0,PayPal,4.99,4,4.0,False
100783,2023-12-02,1496,38.0,Ost,Sport,Yogamatte,1,18.68,0.0,Sofortüberweisung,2.99,2,3.0,False
101835,2024-10-06,32,44.0,West,Mode,Sneaker,2,63.86,0.0,Kreditkarte,2.99,1,5.0,True
102554,2023-02-09,1788,31.0,Ost,Elektronik,Smartphone-Hülle,1,27.5,0.0,Rechnung,4.99,7,5.0,False
100229,2024-05-14,348,44.0,Süd,Haushalt,Pfannenset,1,26.8,0.0,Rechnung,0.0,6,4.0,False
100857,2023-10-29,1181,18.0,West,Mode,Mütze,4,32.84,10.0,PayPal,2.99,4,3.0,False
102887,2024-05-11,1344,30.0,Ost,Sport,Trinkflasche,2,8.18,15.0,Sofortüberweisung,4.99,5,4.0,False
102406,2023-06-12,1356,46.0,Ost,Bücher,Sachbuch,1,6.26,0.0,Sofortüberweisung,4.99,3,5.0,False
100408,2023-09-01,1565,,Nord,Mode,Sneaker,1,16.98,0.0,Lastschrift,4.99,6,5.0,False
100170,2023-09-15,528,42.0,Süd,Elektronik,Powerbank,1,62.62,15.0,PayPal,0.0,5,2.0,False
100540,2023-05-15,537,50.0,Ost,Sport,Fitnessband,3,46.7,15.0,Lastschrift,4.99,2,5.0,False
103381,2023-03-12,1525,46.0,Ost,Elektronik,Powerbank,1,58.97,0.0,Rechnung,0.0,2,4.0,False
102348,2023-05-27,51,43.0,West,Elektronik,Bluetooth-Lautsprecher,1,5.53,0.0,Sofortüberweisung,2.99,7,5.0,False
104563,2023-06-19,654,40.0,Nord,Bücher,Sachbuch,1,16.78,0.0,Sofortüberweisung,0.0,5,4.0,False
100613,2023-07-06,1144,33.0,Ost,Haushalt,Bettwäsche,1,147.92,0.0,Rechnung,2.99,2,4.0,False
104270,2024-04-22,224,32.0,Süd,Sport,Yogamatte,1,43.92,0.0,Sofortüberweisung,2.99,3,3.0,False
102857,2023-06-06,10,36.0,Nord,BÜCHER,Roman,4,17.34,0.0,Rechnung,2.99,7,5.0,False
104669,2023-06-08,831,33.0,Süd,Elektronik,Smartphone-Hülle,1,27.3,0.0,PayPal,2.99,6,,False
101161,2023-12-03,1108,44.0,Ost,Sport,Hantel,2,72.33,10.0,Rechnung,2.99,5,,False
102101,2023-03-27,1302,36.0,Süd,Mode,Jacke,2,56.21,0.0,Rechnung,2.99,1,4.0,False
102409,2023-09-05,673,31.0,West,Sport,Trinkflasche,1,25.19,0.0,PayPal,0.0,6,5.0,False
102486,2023-06-29,1727,37.0,Nord,Mode,Mütze,1,34.01,0.0,Rechnung,2.99,6,3.0,False
101669,2024-02-24,494,23.0,West,Sport,Hantel,1,6.73,20.0,Rechnung,0.0,4,4.0,False
104842,2023-04-01,1116,38.0,Mitte,Elektronik,Smartphone-Hülle,1,40.15,0.0,Sofortüberweisung,2.99,2,5.0,False
103317,2024-06-20,1213,68.0,Mitte,Sport,Trinkflasche,1,59.92,0.0,Sofortüberweisung,2.99,2,3.0,False
100564,2024-03-03,1386,39.0,Ost,Elektronik,Smartphone-Hülle,1,24.32,0.0,Kreditkarte,2.99,3,5.0,False
103801,2024-03-09,242,18.0,Ost,Elektronik,Powerbank,1,132.82,25.0,Kreditkarte,6.99,5,3.0,False
104291,2023-06-15,37,,Süd,Mode,T-Shirt,2,31.2,0.0,PayPal,0.0,3,,False
101860,2024-04-22,1431,43.0,West,Sport,Trinkflasche,2,23.88,15.0,Kreditkarte,6.99,6,,False
103781,2023-09-10,1289,51.0,Nord,Elektronik,Bluetooth-Lautsprecher,1,58.17,0.0,PayPal,0.0,8,2.0,False
101744,2024-10-30,1470,34.0,Ost,Elektronik,USB-Kabel,1,20.75,0.0,Rechnung,2.99,4,5.0,False
104818,2023-11-13,1401,37.0,West,Mode,Jeans,1,45.27,5.0,Kreditkarte,2.99,4,3.0,False
104978,2023-05-06,577,18.0,Mitte,Elektronik,Bluetooth-Lautsprecher,1,36.66,0.0,PayPal,0.0,4,4.0,False
103545,2023-05-18,678,20.0,Ost,Mode,Mütze,2,53.0,15.0,Rechnung,4.99,1,5.0,False
101588,2023-03-08,857,40.0,West,Elektronik,Kopfhörer,1,12.33,15.0,PayPal,0.0,2,3.0,False
102437,2024-10-15,414,33.0,West,Mode,Sneaker,1,15.7,0.0,Sofortüberweisung,0.0,1,5.0,False
102531,2024-01-20,924,37.0,Mitte,Bücher,Sachbuch,2,17.08,10.0,Kreditkarte,0.0,3,,False
102598,2023-04-18,786,38.0,Ost,Elektronik,Powerbank,1,32.35,0.0,Lastschrift,0.0,5,5.0,False
101172,2023-09-12,891,,Ost,Bücher,Kinderbuch,1,20.61,0.0,Kreditkarte,2.99,2,5.0,False
104149,2024-11-02,1233,46.0,Nord,Bücher,Kinderbuch,1,6.19,15.0,Kreditkarte,4.99,5,1.0,False
100325,2024-06-29,1036,50.0,Nord,Haushalt,Pfannenset,1,51.95,0.0,Rechnung,2.99,5,,False
101051,2023-04-01,566,18.0,Süd,Haushalt,Lampe,1,24.48,5.0,Kreditkarte,4.99,6,4.0,False
103860,2023-09-15,1238,43.0,West,Mode ,Jeans,2,67.73,0.0,Lastschrift,4.99,8,4.0,False
103360,2023-07-25,1281,31.0,Nord,Elektronik,Powerbank,1,22.24,0.0,Sofortüberweisung,2.99,3,4.0,False
102944,2023-12-22,1495,33.0,Nord,Haushalt,Bettwäsche,1,57.09,0.0,PayPal,6.99,5,5.0,False
104326,2023-09-02,778,40.0,West,Sport,Trinkflasche,2,9.77,0.0,PayPal,2.99,4,4.0,False
104225,2023-10-31,550,18.0,West,Mode,Jeans,3,44.9,0.0,Kreditkarte,0.0,1,5.0,False
101196,2023-02-01,437,29.0,Süd,Mode,Jeans,1,26.77,0.0,Sofortüberweisung,6.99,3,4.0,False
100620,2024-02-08,1362,37.0,Süd,Haushalt,Pfannenset,2,29.9,5.0,PayPal,2.99,4,4.0,False
102378,2024-11-14,1164,34.0,Süd,Haushalt,Staubsauger,1,136.85,10.0,Kreditkarte,2.99,8,4.0,True
100065,2023-09-09,501,26.0,Ost,Mode,T-Shirt,1,26.9,20.0,PayPal,6.99,3,3.0,False
101189,2024-02-28,1312,27.0,West,Sport,Yogamatte,1,70.68,0.0,Rechnung,2.99,3,4.0,False
100328,2023-04-21,202,35.0,West,Elektronik,Bluetooth-Lautsprecher,1,31.61,15.0,PayPal,2.99,5,5.0,False
100648,2024-05-22,316,29.0,Mitte,Elektronik ,USB-Kabel,1,26.06,10.0,PayPal,4.99,7,5.0,False
100897,2023-09-15,1229,45.0,West,ELEKTRONIK,Kopfhörer,1,41.57,15.0,PayPal,6.99,5,2.0,False
103071,2023-11-25,1109,49.0,Süd,Elektronik,Smartphone-Hülle,1,21.5,10.0,Rechnung,4.99,3,4.0,False
101123,2023-08-11,1076,36.0,West,Elektronik,Kopfhörer,1,53.56,5.0,Sofortüberweisung,0.0,3,5.0,False
101961,2024-03-29,1797,31.0,West,Sport,Laufschuhe,2,13.54,0.0,Rechnung,4.99,6,5.0,False
104690,2024-08-05,730,,Mitte,Sport,Fitnessband,1,23.94,0.0,PayPal,0.0,1,4.0,False
103978,2023-05-29,424,33.0,West,Mode,Mütze,1,14.69,10.0,Kreditkarte,4.99,4,4.0,False
102004,2024-05-24,1683,39.0,Ost,Elektronik,Bluetooth-Lautsprecher,1,26.63,0.0,PayPal,2.99,5,5.0,False
103253,2024-08-19,1417,48.0,Ost,SPORT,Trinkflasche,1,62.7,0.0,PayPal,2.99,3,4.0,True
102497,2024-03-21,1087,24.0,Ost,Sport,Yogamatte,2,9.72,0.0,Lastschrift,2.99,5,4.0,False
103378,2023-06-12,791,46.0,West,Haushalt,Lampe,1,62.24,0.0,Rechnung,4.99,3,4.0,False
102304,2023-05-30,834,21.0,Ost,Elektronik,Powerbank,1,45.18,5.0,Rechnung,0.0,4,5.0,False
101600,2024-08-10,418,31.0,Ost,Sport,Yogamatte,2,11.14,20.0,Rechnung,6.99,3,4.0,False
103799,2023-08-03,766,29.0,Nord,Elektronik,USB-Kabel,2,68.0,0.0,Kreditkarte,4.99,4,2.0,True
101023,2024-07-31,1454,18.0,West,Sport,Trinkflasche,2,53.07,0.0,Kreditkarte,4.99,1,4.0,False
102045,2023-08-03,1496,53.0,Mitte,Elektronik,Powerbank,5,26.75,0.0,PayPal,6.99,1,5.0,False
100228,2024-12-02,676,51.0,West,Elektronik,Kopfhörer,1,47.07,0.0,Rechnung,0.0,4,5.0,False
104643,2023-01-14,799,37.0,Nord,Haushalt,Lampe,1,116.53,0.0,Sofortüberweisung,0.0,7,5.0,False
102952,2023-10-22,1136,37.0,Mitte,Elektronik,Bluetooth-Lautsprecher,2,92.91,0.0,PayPal,2.99,2,,True
104987,2024-03-15,1180,35.0,Nord,Mode,Jeans,2,41.89,0.0,Kreditkarte,2.99,6,5.0,False
100809,2023-11-16,820,32.0,Nord,Sport,Trinkflasche,1,46.16,25.0,Rechnung,2.99,4,5.0,False
103235,2023-01-15,1043,,West,Sport,Yogamatte,1,52.95,15.0,Kreditkarte,2.99,1,3.0,False
100978,2024-03-07,855,28.0,Süd,Haushalt,Kaffeemaschine,1,37.16,0.0,Sofortüberweisung,,2,,False
103002,2024-06-03,1460,32.0,Süd,Elektronik,USB-Kabel,2,35.47,15.0,Lastschrift,,6,3.0,False
102743,2023-01-21,711,40.0,Nord,Elektronik,Bluetooth-Lautsprecher,4,76.73,0.0,Kreditkarte,0.0,6,2.0,False
101746,2023-10-04,173,29.0,Nord,Elektronik,Smartphone-Hülle,5,66.01,0.0,PayPal,0.0,7,4.0,True
104253,2023-09-07,1603,28.0,Süd,Elektronik,Smartphone-Hülle,1,25.65,25.0,PayPal,2.99,6,5.0,False
101451,2023-06-13,21,34.0,Süd,Haushalt,Staubsauger,2,58.38,0.0,Kreditkarte,4.99,5,4.0,False
103471,2024-06-21,983,37.0,West,Elektronik,Kopfhörer,1,35.32,0.0,PayPal,4.99,4,5.0,False
104980,2023-08-15,628,42.0,West,Elektronik,Bluetooth-Lautsprecher,5,22.99,0.0,Sofortüberweisung,0.0,6,,False
102822,2024-09-19,183,46.0,Mitte,Haushalt,Kaffeemaschine,1,48.28,0.0,PayPal,2.99,6,5.0,False
103666,2023-04-04,882,27.0,Süd,Sport,Yogamatte,2,25.67,0.0,Kreditkarte,2.99,1,4.0,False
100174,2023-09-25,1034,18.0,Nord,Mode,T-Shirt,1,22.49,0.0,Rechnung,4.99,1,3.0,False
101652,2024-05-09,334,18.0,Mitte,Mode,Mütze,1,8.3,0.0,Sofortüberweisung,2.99,3,4.0,False
103080,2023-05-06,109,30.0,Ost,HAUSHALT,Bettwäsche,1,127.45,0.0,Rechnung,6.99,3,4.0,False
101532,2023-08-22,1104,49.0,Süd,Elektronik,Bluetooth-Lautsprecher,1,54.35,0.0,PayPal,6.99,3,1.0,False
104506,2023-01-10,1479,35.0,Mitte,Sport,Fitnessband,1,11.08,0.0,PayPal,2.99,5,5.0,False
100217,2024-10-28,182,43.0,West,Elektronik,Bluetooth-Lautsprecher,1,53.88,0.0,Rechnung,6.99,2,1.0,False
104822,2023-10-11,1459,40.0,Süd,Elektronik,Smartphone-Hülle,1,25.87,5.0,Sofortüberweisung,4.99,2,5.0,False
103793,2024-08-08,1056,38.0,Nord,Elektronik,USB-Kabel,4,40.21,0.0,Sofortüberweisung,4.99,3,3.0,False
101444,2023-08-15,1105,19.0,Nord,Elektronik,Powerbank,1,61.98,0.0,Lastschrift,4.99,2,5.0,False
100690,2024-05-28,1150,25.0,Ost,Elektronik,Smartphone-Hülle,1,33.15,20.0,Rechnung,4.99,4,5.0,True
102628,2023-07-20,656,58.0,Nord,Elektronik,Smartphone-Hülle,1,31.73,0.0,PayPal,6.99,2,5.0,False
102276,2024-01-01,865,49.0,Ost,Elektronik,Smartphone-Hülle,1,30.02,0.0,Lastschrift,4.99,4,3.0,False
102457,2023-10-03,360,30.0,Ost,Haushalt,Staubsauger,3,17.55,0.0,Rechnung,4.99,2,5.0,False
101106,2024-08-28,151,31.0,Ost,Haushalt,Lampe,1,72.34,15.0,Lastschrift,4.99,5,5.0,False
102157,2023-09-02,171,23.0,West,Haushalt,Staubsauger,2,69.06,0.0,Rechnung,,2,,False
102111,2024-11-29,168,58.0,Ost,Elektronik,Kopfhörer,1,77.33,0.0,PayPal,0.0,5,3.0,False
101583,2023-06-02,1330,52.0,Mitte,Elektronik,Bluetooth-Lautsprecher,2,39.07,0.0,Lastschrift,2.99,7,5.0,False
100611,2023-08-12,1128,43.0,West,Sport,Laufschuhe,1,45.85,0.0,Kreditkarte,2.99,1,4.0,True
103307,2024-02-13,448,41.0,Ost,Elektronik,Powerbank,1,26.53,0.0,Sofortüberweisung,4.99,3,,False
103784,2024-07-12,440,38.0,West,Elektronik,Powerbank,1,26.15,15.0,Rechnung,2.99,1,3.0,False
100576,2024-09-07,1517,76.0,Ost,Elektronik,Powerbank,1,78.47,0.0,Lastschrift,0.0,3,4.0,True
102104,2023-04-05,41,43.0,Ost,Elektronik,Bluetooth-Lautsprecher,2,64.93,20.0,Rechnung,2.99,3,4.0,False
104480,2024-03-17,1272,41.0,Ost,Elektronik,Bluetooth-Lautsprecher,2,50.38,0.0,Sofortüberweisung,0.0,3,5.0,False
101180,2023-11-29,638,18.0,West,Mode,Jeans,1,72.5,0.0,Kreditkarte,4.99,2,2.0,False
100888,2024-03-15,519,42.0,Nord,Mode,Sneaker,1,55.16,0.0,Sofortüberweisung,4.99,4,4.0,False
103192,2024-05-21,1217,50.0,Süd,Sport,Laufschuhe,2,26.9,0.0,Lastschrift,2.99,3,3.0,False
102432,2023-01-09,1186,57.0,Nord,Bücher,Kochbuch,2,10.47,0.0,Kreditkarte,0.0,2,5.0,True
103074,2023-09-30,1006,35.0,West,Mode,Jeans,1,34.05,0.0,Sofortüberweisung,2.99,7,5.0,True
100817,2023-11-03,1229,46.0,Ost,Bücher,Comic,1,30.86,0.0,Kreditkarte,0.0,3,5.0,True
104677,2023-10-08,560,38.0,Mitte,Elektronik,Kopfhörer,2,86.28,10.0,Lastschrift,2.99,2,4.0,False
103318,2023-11-01,1558,63.0,Ost,Elektronik,Bluetooth-Lautsprecher,2,49.18,10.0,Kreditkarte,0.0,2,,False
100208,2024-06-22,1100,35.0,Nord,Sport,Fitnessband,2,77.87,5.0,Kreditkarte,2.99,3,5.0,False
100293,2024-04-17,1289,18.0,Süd,Elektronik,Smartphone-Hülle,1,48.39,0.0,PayPal,0.0,1,4.0,False
101119,2024-09-26,433,26.0,West,Bücher,Comic,1,16.23,0.0,Kreditkarte,6.99,3,5.0,False
104729,2023-01-11,1721,39.0,Mitte,Mode ,Jeans,2,43.89,0.0,Lastschrift,4.99,1,4.0,False
104394,2024-01-06,694,33.0,West,Sport,Fitnessband,1,49.9,20.0,PayPal,4.99,1,4.0,False
101264,2023-03-02,825,18.0,Mitte,Sport,Hantel,1,73.28,0.0,PayPal,2.99,4,4.0,False
100990,2023-05-18,1654,39.0,Mitte,BÜCHER,Comic,1,15.84,0.0,Lastschrift,4.99,3,4.0,False
102317,2023-06-30,109,24.0,Ost,Elektronik,USB-Kabel,1,34.26,0.0,Kreditkarte,6.99,4,5.0,False
104240,2023-08-03,38,35.0,Mitte,Mode,T-Shirt,2,23.23,15.0,Lastschrift,2.99,5,5.0,False
103431,2023-04-27,445,18.0,Süd,Haushalt,Pfannenset,2,69.89,10.0,Rechnung,0.0,3,5.0,False
100353,2024-10-22,994,36.0,Süd,Haushalt,Bettwäsche,4,57.27,0.0,Lastschrift,2.99,4,4.0,False
101921,2024-12-05,285,45.0,Ost,Haushalt,Kaffeemaschine,2,107.36,0.0,PayPal,0.0,5,4.0,False
101538,2024-07-16,293,50.0,Nord,Bücher,Kinderbuch,2,13.2,0.0,Sofortüberweisung,6.99,3,5.0,False
103458,2024-06-12,473,41.0,Nord,Sport,Yogamatte,3,19.52,25.0,Rechnung,0.0,2,5.0,False
101489,2024-09-10,1500,27.0,West,Mode,Jacke,1,19.47,0.0,Lastschrift,2.99,4,2.0,False
103833,2023-09-19,127,58.0,Mitte,Mode,Mütze,4,84.11,5.0,Lastschrift,4.99,1,,False
103722,2024-02-18,808,50.0,Ost,ELEKTRONIK,Bluetooth-Lautsprecher,4,19.89,0.0,Rechnung,0.0,6,3.0,False
101228,2023-11-12,1105,44.0,Mitte,Sport,Fitnessband,2,17.64,0.0,Sofortüberweisung,2.99,10,5.0,False
100259,2023-12-21,88,51.0,Mitte,Mode,Sneaker,1,72.07,0.0,Kreditkarte,2.99,3,3.0,False
103537,2024-11-29,1795,58.0,Mitte,Mode,Mütze,3,37.44,15.0,Kreditkarte,2.99,1,4.0,False
104730,2023-09-10,1498,46.0,Mitte,Elektronik,Smartphone-Hülle,1,86.88,0.0,Sofortüberweisung,4.99,4,5.0,False
104788,2023-03-27,1004,53.0,Ost,Haushalt,Lampe,4,54.35,15.0,PayPal,,3,4.0,False
101833,2024-07-30,56,46.0,Süd,ELEKTRONIK ,USB-Kabel,1,50.59,0.0,Sofortüberweisung,4.99,5,4.0,False
102591,2024-02-12,1520,50.0,West,Bücher,Roman,2,23.97,0.0,Rechnung,0.0,1,5.0,False
100052,2023-11-17,769,32.0,West,Sport,Trinkflasche,2,44.6,15.0,PayPal,0.0,5,3.0,False
102617,2023-12-04,1447,36.0,Süd,Mode,Jeans,2,41.84,0.0,Sofortüberweisung,6.99,5,,False
104508,2024-04-07,1059,28.0,Nord,Elektronik,USB-Kabel,1,92.76,0.0,Sofortüberweisung,4.99,3,5.0,False
102236,2023-11-10,1353,32.0,Mitte,Elektronik,Powerbank,4,21.13,0.0,Kreditkarte,6.99,3,3.0,False
103429,2023-09-03,1380,32.0,Ost,Elektronik,Bluetooth-Lautsprecher,1,60.68,10.0,Sofortüberweisung,2.99,1,5.0,False
103116,2024-11-03,923,18.0,Mitte,Mode,Jeans,2,42.75,0.0,Sofortüberweisung,0.0,1,5.0,False
102388,2024-08-25,1049,20.0,Süd,Elektronik,USB-Kabel,2,11.72,10.0,Lastschrift,4.99,2,5.0,False
101479,2023-06-24,719,27.0,Süd,Elektronik,USB-Kabel,2,46.12,0.0,Sofortüberweisung,2.99,6,2.0,False
101507,2023-06-04,700,41.0,West,Mode,Mütze,2,55.39,0.0,PayPal,0.0,1,5.0,False
101033,2023-07-08,195,60.0,West,Haushalt,Pfannenset,1,121.68,0.0,PayPal,2.99,6,4.0,False
101097,2024-11-21,1308,39.0,Nord,Sport,Trinkflasche,2,21.57,0.0,PayPal,2.99,4,5.0,False
101469,2023-01-03,404,53.0,Mitte,Mode,Jeans,1,28.77,0.0,Rechnung,0.0,3,4.0,False
100543,2024-03-31,1185,33.0,Süd,Mode,Jeans,1,28.57,0.0,Sofortüberweisung,2.99,1,5.0,False
101046,2023-10-28,1450,39.0,Ost,Haushalt,Kaffeemaschine,1,47.87,5.0,Lastschrift,0.0,5,5.0,False
104039,2024-06-19,400,24.0,Nord,Mode,Jacke,1,19.22,0.0,Rechnung,4.99,2,5.0,False
101630,2024-10-23,199,47.0,West,Elektronik,Kopfhörer,2,87.54,10.0,Rechnung,0.0,4,3.0,False
100030,2024-12-31,27,29.0,Mitte,Elektronik,Powerbank,3,25.87,0.0,PayPal,0.0,4,3.0,True
100725,2023-09-09,979,52.0,Mitte,Elektronik,Powerbank,1,124.4,15.0,Sofortüberweisung,6.99,4,4.0,False
100926,2024-06-11,1275,40.0,Süd,Bücher,Kinderbuch,3,16.0,0.0,Lastschrift,4.99,3,4.0,False
102138,2023-08-14,338,52.0,Süd,Bücher,Kochbuch,1,2.13,15.0,Rechnung,0.0,4,3.0,False
103980,2023-04-27,1099,28.0,Mitte,Sport,Yogamatte,1,25.77,5.0,Lastschrift,4.99,5,5.0,False
101426,2023-09-04,1083,55.0,Süd,MODE,Jacke,3,17.18,20.0,Lastschrift,4.99,5,3.0,False
103749,2024-03-06,985,53.0,Ost,Bücher,Roman,1,23.37,0.0,Sofortüberweisung,0.0,1,4.0,True
100436,2024-08-19,1498,43.0,Nord,Elektronik,Smartphone-Hülle,2,20.77,0.0,Rechnung,2.99,5,4.0,False
102517,2023-06-21,1068,55.0,Süd,Elektronik ,Smartphone-Hülle,1,42.33,0.0,Lastschrift,6.99,3,5.0,False
100912,2024-09-15,585,40.0,West,Elektronik,Kopfhörer,1,62.09,0.0,Rechnung,4.99,2,4.0,False
104265,2023-06-23,397,32.0,Mitte,Sport,Trinkflasche,2,16.77,15.0,Kreditkarte,6.99,2,5.0,False
104327,2024-03-14,183,40.0,West,Mode,Mütze,2,34.05,10.0,Rechnung,2.99,4,,False
104557,2023-09-23,718,27.0,West,Elektronik,Smartphone-Hülle,4,36.35,0.0,PayPal,2.99,4,4.0,False
104860,2024-11-05,1616,30.0,Ost,Elektronik,Kopfhörer,1,12.29,15.0,Lastschrift,2.99,1,4.0,False
102331,2023-05-21,1081,53.0,Süd,Elektronik,USB-Kabel,2,33.21,0.0,Kreditkarte,0.0,5,5.0,False
104746,2024-11-04,1248,31.0,West,Mode,Jacke,1,30.08,0.0,Lastschrift,0.0,4,4.0,False
101238,2023-03-20,782,35.0,Mitte,Elektronik,Powerbank,1,91.16,0.0,Rechnung,2.99,5,5.0,True
100903,2024-07-11,960,23.0,Nord,Sport,Laufschuhe,1,40.7,0.0,Rechnung,4.99,5,5.0,False
101837,2024-05-30,1673,30.0,Ost,Elektronik,Powerbank,1,55.52,0.0,Rechnung,4.99,1,3.0,False
103208,2023-04-28,1740,25.0,Nord,Elektronik,Smartphone-Hülle,2,16.34,5.0,Sofortüberweisung,2.99,3,,False
104254,2024-11-15,387,43.0,Ost,Elektronik,Smartphone-Hülle,1,45.15,0.0,PayPal,2.99,6,5.0,False
100507,2023-06-13,305,33.0,Süd,Sport,Trinkflasche,1,42.23,10.0,PayPal,2.99,3,4.0,False
104350,2024-02-15,786,33.0,Mitte,Bücher,Comic,1,8.54,5.0,Sofortüberweisung,0.0,2,5.0,False
100183,2024-05-11,897,44.0,Nord,Haushalt ,Lampe,3,24.97,15.0,Kreditkarte,4.99,5,5.0,False
104151,2023-11-14,790,32.0,Nord,Elektronik,Smartphone-Hülle,1,27.06,0.0,Kreditkarte,0.0,3,5.0,False
101497,2024-05-05,19,41.0,Süd,Bücher,Kochbuch,1,16.24,10.0,Sofortüberweisung,6.99,6,5.0,False
103305,2024-03-27,799,32.0,Mitte,Mode,T-Shirt,1,3.78,5.0,Sofortüberweisung,0.0,1,4.0,False
100321,2024-12-01,940,60.0,West,Mode,T-Shirt,1,50.4,0.0,PayPal,0.0,3,3.0,False
101840,2024-12-10,1194,42.0,Nord,Mode,Jeans,1,510.85512456948254,10.0,PayPal,6.99,9,3.0,False
102715,2023-07-25,148,47.0,Ost,Mode,Sneaker,1,45.52,15.0,Lastschrift,4.99,3,,False
104663,2024-12-06,1098,53.0,Mitte,BÜCHER,Kochbuch,1,35.66,0.0,Rechnung,0.0,1,5.0,False
103708,2023-08-25,975,39.0,Mitte,Elektronik,Smartphone-Hülle,1,37.07,0.0,Sofortüberweisung,2.99,4,5.0,False
101844,2024-09-09,1563,40.0,Süd,Haushalt ,Bettwäsche,2,71.91,0.0,Sofortüberweisung,0.0,3,5.0,False
101909,2023-03-27,1248,44.0,Nord,Mode,Jeans,2,17.72,0.0,Kreditkarte,0.0,4,5.0,False
104556,2023-09-05,85,20.0,Mitte,Bücher,Comic,1,21.25,0.0,Sofortüberweisung,4.99,6,5.0,False
101551,2023-09-21,1479,38.0,Süd,Elektronik,Smartphone-Hülle,4,34.83,10.0,Rechnung,0.0,2,4.0,False
104482,2023-10-01,1344,54.0,Nord,Bücher,Kochbuch,1,18.99,10.0,Rechnung,4.99,7,3.0,False
101146,2023-10-24,368,51.0,Ost,Elektronik,Powerbank,2,43.84,20.0,PayPal,6.99,4,4.0,False
102110,2023-10-30,1520,27.0,Ost,Haushalt,Lampe,4,27.01,0.0,Lastschrift,4.99,2,1.0,False
100044,2024-12-18,913,24.0,West,Haushalt,Pfannenset,3,100.79,5.0,Sofortüberweisung,0.0,1,5.0,False
103938,2024-07-01,1615,24.0,West,MODE,T-Shirt,1,44.85,0.0,Sofortüberweisung,0.0,2,4.0,False
102492,2024-10-09,431,42.0,West,Haushalt,Staubsauger,2,29.23,10.0,PayPal,4.99,3,2.0,False
101891,2023-09-29,760,37.0,Mitte,Mode,T-Shirt,3,21.53,0.0,Lastschrift,4.99,9,2.0,False
101378,2024-09-28,1194,30.0,Süd,Haushalt,Kaffeemaschine,1,22.91,0.0,Rechnung,0.0,3,3.0,False
102439,2024-02-06,474,21.0,Ost,Elektronik,Bluetooth-Lautsprecher,1,9.81,25.0,Rechnung,2.99,3,4.0,False
104993,2024-06-25,794,23.0,Ost,Elektronik,Kopfhörer,2,20.96,0.0,Lastschrift,2.99,7,5.0,False
100413,2024-09-18,204,46.0,Ost,Elektronik,Powerbank,1,28.09,0.0,Lastschrift,0.0,3,3.0,False
104811,2024-09-15,1019,48.0,Mitte,Bücher,Comic,1,11.4,10.0,Lastschrift,2.99,6,5.0,True
101407,2023-06-03,1297,,Mitte,Sport,Fitnessband,1,39.58,10.0,PayPal,4.99,4,5.0,False
101720,2024-11-26,1015,42.0,West,Mode,Jacke,1,13.46,0.0,Sofortüberweisung,2.99,5,2.0,False
100801,2024-03-31,1654,51.0,Süd,Mode,Mütze,2,47.98603985647417,5.0,Sofortüberweisung,2.99,3,4.0,False
101288,2023-04-10,1218,38.0,Nord,Haushalt,Staubsauger,1,30.69,0.0,Lastschrift,0.0,3,4.0,False
101558,2024-06-18,977,35.0,Nord,Haushalt,Bettwäsche,1,10.16,0.0,Rechnung,4.99,5,,False
102224,2024-01-27,108,33.0,Nord,Mode,Jacke,1,3.45,0.0,Lastschrift,6.99,4,5.0,False
102487,2024-06-24,210,32.0,Süd,Mode,Sneaker,1,47.01,25.0,PayPal,4.99,5,3.0,False
101666,2024-11-16,745,33.0,Mitte,MODE,Sneaker,2,18.37,5.0,Rechnung,0.0,3,5.0,False
104318,2023-09-20,669,56.0,West,Haushalt,Lampe,1,30.95,0.0,Kreditkarte,4.99,6,5.0,False
100256,2023-11-20,529,33.0,Ost,HAUSHALT,Staubsauger,2,87.62,5.0,Sofortüberweisung,2.99,4,5.0,False
101859,2024-04-20,1623,42.0,West,Haushalt,Lampe,1,96.51,0.0,Lastschrift,4.99,1,5.0,False
101751,2024-06-11,847,44.0,Ost,Mode ,T-Shirt,1,33.29,0.0,Rechnung,2.99,3,4.0,False
101151,2024-10-01,459,37.0,Süd,Sport,Hantel,1,59.21,10.0,Sofortüberweisung,2.99,2,4.0,False
102939,2023-03-27,1179,18.0,Süd,Sport ,Hantel,2,70.66,0.0,PayPal,6.99,3,3.0,False
100647,2023-09-12,147,47.0,Ost,Sport,Trinkflasche,4,55.39,0.0,Lastschrift,2.99,1,3.0,False
104597,2024-01-12,34,48.0,Nord,Mode,Jeans,1,12.2,10.0,Sofortüberweisung,0.0,7,4.0,True
103664,2024-04-17,1346,32.0,Mitte,Haushalt,Pfannenset,2,30.94,0.0,Rechnung,2.99,4,5.0,False
101765,2024-02-25,1752,35.0,Nord,Elektronik,USB-Kabel,1,53.59,0.0,Kreditkarte,0.0,6,,False
103526,2024-12-26,989,23.0,Süd,Haushalt,Staubsauger,1,64.92,15.0,Rechnung,0.0,7,3.0,False
102509,2024-09-02,1646,67.0,Nord,Sport,Fitnessband,1,25.5,5.0,Sofortüberweisung,0.0,1,4.0,False
103841,2024-09-13,1577,39.0,Mitte,Elektronik,Smartphone-Hülle,2,24.18,0.0,PayPal,2.99,6,2.0,False
101315,2023-05-08,1731,57.0,Mitte,Mode,Jeans,1,33.6,0.0,Rechnung,2.99,5,5.0,False
101088,2024-03-02,1385,44.0,Ost,Elektronik,USB-Kabel,2,41.14,10.0,Lastschrift,2.99,3,4.0,False
104789,2023-06-16,1796,38.0,Süd,Mode,Jeans,3,23.79,0.0,Sofortüberweisung,0.0,4,2.0,False
102512,2024-04-02,190,53.0,Mitte,Mode,Jeans,2,14.84,0.0,Kreditkarte,0.0,2,4.0,False
102992,2024-04-13,633,36.0,Ost,MODE,T-Shirt,1,8.59,5.0,Kreditkarte,2.99,4,5.0,False
101350,2023-03-13,626,25.0,Ost,Sport,Yogamatte,2,36.95,0.0,Kreditkarte,4.99,2,5.0,True
102547,2023-07-18,1410,59.0,Süd,Haushalt,Pfannenset,1,142.25,0.0,Rechnung,2.99,2,3.0,False
100112,2024-07-09,1492,40.0,West,Bücher,Kinderbuch,1,20.74,0.0,Kreditkarte,2.99,3,4.0,False
103197,2023-06-10,933,40.0,Mitte,Mode,Sneaker,2,13.13,0.0,Kreditkarte,0.0,5,5.0,False
100263,2023-10-19,1647,35.0,Mitte,Mode,Jeans,2,30.81,0.0,Sofortüberweisung,4.99,3,5.0,False
101393,2023-12-15,1042,32.0,Ost,Elektronik,Kopfhörer,1,95.31,0.0,Kreditkarte,2.99,2,3.0,True
102623,2024-10-02,1435,38.0,Mitte,Elektronik,USB-Kabel,1,58.82,15.0,Kreditkarte,0.0,2,1.0,True
101186,2023-12-22,1612,18.0,Nord,Mode,Jacke,3,40.8,15.0,Lastschrift,4.99,1,3.0,False
104119,2024-02-15,1790,41.0,Mitte,Haushalt ,Pfannenset,1,78.09,0.0,PayPal,0.0,1,5.0,False
100056,2023-02-04,1237,18.0,Mitte,Elektronik,Powerbank,1,365.04595036545476,0.0,Rechnung,2.99,6,4.0,False
101309,2023-11-13,958,61.0,Mitte,Elektronik,Kopfhörer,1,41.51,0.0,Lastschrift,4.99,3,2.0,False
100695,2023-03-02,920,37.0,Nord,Sport,Hantel,1,66.65,25.0,Sofortüberweisung,4.99,3,5.0,False
104246,2023-06-02,1244,45.0,Mitte,Bücher,Roman,1,9.2,0.0,Sofortüberweisung,6.99,4,5.0,False
103960,2024-09-29,1206,25.0,West,Bücher,Kochbuch,2,11.79,20.0,PayPal,4.99,6,5.0,False
101789,2023-09-16,439,26.0,Süd,Haushalt,Lampe,1,791.4901467985109,0.0,PayPal,0.0,4,5.0,False
102346,2024-02-25,1109,35.0,West,Elektronik,Smartphone-Hülle,1,29.26,0.0,Sofortüberweisung,2.99,7,5.0,False
104319,2023-04-22,391,29.0,Ost,Mode,T-Shirt,1,20.53,0.0,Sofortüberweisung,0.0,3,4.0,False
100319,2024-05-23,1181,40.0,Ost,Haushalt,Kaffeemaschine,2,27.63,15.0,Kreditkarte,0.0,2,5.0,False
102330,2023-07-25,306,57.0,Nord,Elektronik,Kopfhörer,1,11.37,0.0,Rechnung,4.99,2,,False
101589,2024-01-20,877,41.0,West,ELEKTRONIK,Powerbank,1,68.37,10.0,Sofortüberweisung,0.0,2,5.0,True
100682,2024-07-30,1368,18.0,Süd,Elektronik,Smartphone-Hülle,1,11.09,0.0,Lastschrift,4.99,1,5.0,False
103737,2024-08-03,1443,23.0,West,Bücher,Sachbuch,1,9.37,0.0,Rechnung,4.99,3,5.0,False
103279,2023-06-30,334,28.0,Mitte,Mode,Sneaker,1,19.3,0.0,Sofortüberweisung,2.99,5,3.0,False
100479,2023-02-21,1522,18.0,Mitte,Elektronik,Kopfhörer,2,117.66,15.0,Kreditkarte,0.0,4,5.0,False
103976,2023-06-12,1180,59.0,Ost,Mode,Jacke,1,40.27,10.0,Sofortüberweisung,0.0,6,5.0,False
104193,2023-08-15,851,44.0,Süd,Mode,T-Shirt,1,45.43,0.0,Kreditkarte,4.99,4,2.0,False
100286,2024-04-29,1322,39.0,Mitte,Elektronik,Bluetooth-Lautsprecher,1,34.83,0.0,Lastschrift,0.0,4,3.0,False
101965,2024-09-28,1657,46.0,Ost,Sport,Yogamatte,2,39.0,0.0,Sofortüberweisung,4.99,1,5.0,False
103114,2023-05-30,377,19.0,Ost,Sport,Hantel,1,33.8,5.0,Lastschrift,4.99,4,5.0,False
102459,2023-10-15,795,60.0,Ost,Elektronik,Bluetooth-Lautsprecher,1,39.88,0.0,Lastschrift,4.99,2,5.0,False
101782,2023-10-24,1486,35.0,Mitte,Mode,Sneaker,4,44.18,0.0,Rechnung,4.99,4,4.0,False
103296,2023-03-11,690,41.0,Süd,Sport,Fitnessband,1,45.39,0.0,Rechnung,0.0,4,3.0,False
103838,2023-07-04,754,58.0,Ost,Elektronik,Smartphone-Hülle,1,27.09,0.0,Rechnung,6.99,2,,False
101598,2023-12-21,1330,41.0,Süd,Bücher,Comic,3,18.29,0.0,Rechnung,2.99,4,5.0,False
104915,2023-05-24,545,27.0,Süd,Elektronik,Kopfhörer,1,48.07,0.0,PayPal,4.99,8,4.0,False
102124,2023-02-24,538,32.0,Nord,Elektronik,Kopfhörer,1,25.84,0.0,Sofortüberweisung,2.99,1,4.0,False
100736,2023-03-22,1284,40.0,West,Haushalt,Lampe,1,11.46,0.0,PayPal,2.99,1,4.0,False
103209,2024-05-05,1788,56.0,Mitte,Mode,Jeans,1,36.14,0.0,PayPal,0.0,1,,False
100336,2023-09-24,1340,29.0,Mitte,Elektronik,Powerbank,1,23.14,0.0,Lastschrift,4.99,4,5.0,False
102704,2024-11-09,811,38.0,Ost,Haushalt ,Pfannenset,1,37.36,0.0,Sofortüberweisung,2.99,4,5.0,False
102826,2023-04-22,99,37.0,Mitte,Elektronik,Smartphone-Hülle,1,66.53,5.0,PayPal,6.99,4,1.0,False
104920,2024-03-26,1560,33.0,Süd,Mode,T-Shirt,1,18.17,15.0,Kreditkarte,4.99,5,5.0,False
104448,2024-03-16,1658,48.0,Süd,Sport,Laufschuhe,1,45.51,15.0,Lastschrift,2.99,5,3.0,False
101071,2024-03-08,1335,43.0,Mitte,Mode,Jeans,3,19.42,0.0,Lastschrift,2.99,4,,False
104536,2024-08-03,1379,33.0,Nord,Mode,T-Shirt,1,24.98,0.0,Rechnung,0.0,2,5.0,False
104850,2023-05-19,355,39.0,Nord,Haushalt,Staubsauger,1,91.86,0.0,Kreditkarte,0.0,5,4.0,False
102865,2024-07-22,1141,44.0,Nord,Mode,Mütze,1,47.0,0.0,Sofortüberweisung,4.99,7,4.0,False
102366,2024-10-16,618,27.0,Mitte,Sport,Laufschuhe,1,51.88,0.0,Kreditkarte,,7,3.0,False
104155,2023-09-22,307,33.0,Nord,Mode,Sneaker,1,99.6,0.0,Rechnung,0.0,5,5.0,False
104002,2024-06-29,329,38.0,Mitte,Mode,T-Shirt,2,23.52,0.0,Rechnung,2.99,1,4.0,False
103434,2023-04-09,1002,38.0,West,Bücher,Comic,3,14.05,20.0,Sofortüberweisung,0.0,3,5.0,False
101488,2024-09-12,453,52.0,Süd,Elektronik,Smartphone-Hülle,2,51.91,0.0,PayPal,0.0,1,5.0,False
100498,2024-06-06,532,30.0,Ost,Mode,T-Shirt,2,16.7,0.0,Sofortüberweisung,4.99,3,3.0,False
104388,2023-11-16,1403,42.0,Ost,Elektronik,Smartphone-Hülle,2,23.42,10.0,PayPal,4.99,2,4.0,False
103240,2023-03-31,737,36.0,Nord,Mode,Jacke,1,50.23,0.0,Kreditkarte,4.99,1,4.0,False
102927,2024-05-12,671,50.0,Nord,Mode,Mütze,5,75.28,0.0,Sofortüberweisung,2.99,4,5.0,False
102384,2023-01-31,112,35.0,West,Elektronik ,Kopfhörer,1,43.09,0.0,Lastschrift,4.99,3,5.0,False
102980,2023-12-08,495,40.0,Süd,Sport,Trinkflasche,1,33.48,0.0,Kreditkarte,4.99,6,4.0,False
104956,2024-03-21,828,18.0,Mitte,Bücher,Kochbuch,2,17.86,10.0,PayPal,6.99,1,4.0,False
102380,2023-10-03,1333,28.0,Süd,Elektronik,Smartphone-Hülle,3,50.3,0.0,Lastschrift,0.0,3,2.0,False
101610,2024-08-15,1671,36.0,West,Elektronik,Bluetooth-Lautsprecher,1,23.54,0.0,Rechnung,2.99,4,5.0,False
103089,2023-10-14,1576,18.0,West,Elektronik,Powerbank,1,27.93,5.0,Kreditkarte,6.99,3,4.0,False
103829,2023-10-30,76,49.0,Süd,Haushalt,Lampe,1,36.85,0.0,Kreditkarte,2.99,3,5.0,False
104619,2023-02-17,830,21.0,Ost,Mode,Mütze,1,13.05,0.0,Lastschrift,0.0,6,2.0,False
101022,2024-12-28,1592,57.0,Ost,Mode,Jacke,1,22.56,5.0,Rechnung,2.99,6,5.0,False
104586,2023-10-21,1363,29.0,Nord,Mode,Mütze,1,26.72,10.0,Rechnung,0.0,5,4.0,False
104936,2023-11-13,464,,Süd,Mode,Jeans,1,31.16,0.0,Kreditkarte,4.99,3,5.0,False
104359,2024-12-16,912,22.0,Süd,SPORT,Fitnessband,1,43.38,0.0,Sofortüberweisung,2.99,1,3.0,False
103126,2024-03-14,486,34.0,Süd,Haushalt,Staubsauger,1,90.2,0.0,Rechnung,4.99,5,5.0,False
103230,2024-08-10,225,35.0,Ost,Elektronik,Powerbank,1,18.25,0.0,Kreditkarte,2.99,1,5.0,False
100665,2024-11-11,604,37.0,West,Mode,Sneaker,2,60.21,5.0,Rechnung,0.0,5,5.0,False
104009,2023-08-25,284,28.0,Ost,Haushalt,Staubsauger,1,49.52,0.0,Lastschrift,0.0,1,5.0,False
104945,2024-10-13,1689,35.0,Süd,Mode,Mütze,1,24.63,0.0,Rechnung,2.99,4,5.0,False
104212,2024-12-22,997,32.0,Ost,Elektronik,Powerbank,2,99.27,0.0,Kreditkarte,4.99,5,2.0,False
104309,2024-11-13,1092,42.0,Nord,Elektronik,Bluetooth-Lautsprecher,5,22.87,0.0,Rechnung,0.0,2,4.0,False
102291,2024-12-28,877,61.0,Mitte,Sport,Fitnessband,1,46.81,0.0,Sofortüberweisung,,6,5.0,False
101017,2023-05-15,283,31.0,West,Elektronik,Smartphone-Hülle,1,28.66,15.0,Kreditkarte,2.99,5,5.0,False
100557,2023-11-09,1383,40.0,Nord,Bücher,Kochbuch,3,5.19,25.0,Lastschrift,6.99,5,2.0,False
104294,2023-12-07,610,47.0,Süd,Elektronik,Powerbank,1,36.04,0.0,Sofortüberweisung,0.0,4,4.0,False
101207,2023-02-24,189,48.0,Nord,Bücher,Kinderbuch,3,20.23,0.0,Kreditkarte,2.99,3,3.0,False
104320,2024-04-02,1058,43.0,Süd,HAUSHALT,Staubsauger,2,15.9,0.0,Lastschrift,0.0,3,5.0,False
102892,2024-11-02,1619,18.0,Mitte,Mode ,Mütze,1,23.16,25.0,Kreditkarte,2.99,6,3.0,False
102845,2024-11-08,1599,30.0,West,Haushalt,Bettwäsche,3,84.88,25.0,Sofortüberweisung,2.99,1,3.0,False
101510,2024-12-25,1391,32.0,West,Mode,T-Shirt,1,13.34,5.0,Lastschrift,2.99,1,4.0,True
102086,2023-12-10,1653,29.0,Ost,Haushalt,Lampe,3,17.72,5.0,PayPal,4.99,4,5.0,False
100245,2024-06-26,1479,39.0,Süd,Elektronik,Smartphone-Hülle,1,48.98,0.0,Kreditkarte,2.99,4,4.0,False
101163,2023-05-13,1449,18.0,Ost,Mode,Sneaker,1,10.05,0.0,Rechnung,0.0,2,5.0,False
103727,2023-03-01,1494,48.0,Nord,Mode,Jacke,3,14.12,0.0,Rechnung,4.99,6,5.0,False
100266,2023-04-27,374,28.0,West,Mode,Jeans,1,35.13,0.0,Sofortüberweisung,6.99,4,,False
104161,2024-10-06,1610,32.0,Nord,Elektronik,Smartphone-Hülle,1,46.54,0.0,PayPal,4.99,3,2.0,False
101114,2023-07-16,749,31.0,Nord,Bücher,Comic,1,17.87,10.0,Sofortüberweisung,2.99,6,5.0,False
100063,2023-01-03,368,33.0,Ost,Mode,Mütze,1,51.81,0.0,Lastschrift,0.0,2,5.0,True
101912,2023-04-11,1451,38.0,Süd,Mode,Jacke,1,2.6,5.0,Lastschrift,2.99,4,,False
102643,2024-11-07,402,34.0,Mitte,Mode,Sneaker,2,42.41,5.0,PayPal,6.99,5,2.0,False
102229,2023-08-21,306,43.0,Mitte,Bücher,Kinderbuch,2,5.53,0.0,Rechnung,2.99,2,5.0,False
102812,2023-04-18,695,25.0,Mitte,Haushalt,Lampe,1,50.3,0.0,Lastschrift,2.99,2,5.0,False
103827,2023-12-01,917,22.0,Nord,Haushalt,Staubsauger,1,77.09,0.0,PayPal,2.99,4,2.0,False
103139,2023-01-13,1321,63.0,Mitte,Sport,Laufschuhe,1,12.24,0.0,PayPal,0.0,5,5.0,False
103615,2023-06-10,1413,26.0,Ost,Mode,Sneaker,2,8.39,0.0,Sofortüberweisung,4.99,2,4.0,False
104141,2024-11-22,1438,53.0,Nord,Mode,T-Shirt,2,15.68,0.0,Rechnung,2.99,4,5.0,False
102302,2024-08-29,758,49.0,Ost,Mode,Mütze,1,36.0,0.0,Lastschrift,4.99,2,5.0,False
102813,2024-07-23,291,33.0,Süd,Mode,Mütze,2,23.09,0.0,Rechnung,4.99,4,2.0,False
101723,2024-04-18,193,30.0,Nord,Mode,Jeans,2,8.4,0.0,PayPal,0.0,3,5.0,False
104699,2023-02-22,361,19.0,Süd,Mode,T-Shirt,1,72.43,0.0,Rechnung,0.0,2,5.0,False
101237,2024-07-21,1468,,Süd,Mode,T-Shirt,1,34.91,10.0,Sofortüberweisung,0.0,3,4.0,False
100103,2023-04-03,1756,53.0,West,Elektronik,Smartphone-Hülle,1,10.79,20.0,Sofortüberweisung,4.99,5,5.0,False
102855,2023-10-31,1609,35.0,Süd,Haushalt,Pfannenset,2,64.54,10.0,PayPal,0.0,4,3.0,False
100272,2023-01-19,1289,34.0,Mitte,Elektronik,USB-Kabel,1,9.62,0.0,Kreditkarte,4.99,2,5.0,False
100508,2024-12-13,1574,54.0,Süd,Mode,T-Shirt,2,66.22,0.0,PayPal,0.0,2,5.0,False
102269,2024-07-02,26,43.0,Nord,Elektronik,Bluetooth-Lautsprecher,1,61.27,15.0,Lastschrift,2.99,3,5.0,False
104983,2024-12-06,368,34.0,Nord,Mode,T-Shirt,1,26.36,0.0,Kreditkarte,6.99,4,5.0,False
102168,2024-04-26,1077,31.0,Nord,Mode,Jeans,1,27.2,5.0,Sofortüberweisung,0.0,5,5.0,False
100865,2023-12-19,522,51.0,Ost,Elektronik,Smartphone-Hülle,1,80.46,5.0,Lastschrift,0.0,6,4.0,False
102478,2023-03-09,1431,43.0,Ost,Bücher,Kochbuch,1,8.59,15.0,PayPal,2.99,4,3.0,False
100908,2024-09-26,452,,Ost,Elektronik,USB-Kabel,1,45.36,10.0,Lastschrift,0.0,4,5.0,False
102480,2024-03-25,154,38.0,Nord,Sport,Fitnessband,2,17.69,10.0,Sofortüberweisung,6.99,9,5.0,False
102916,2024-04-22,1270,43.0,Mitte,Sport ,Laufschuhe,1,13.61,0.0,Lastschrift,0.0,3,5.0,True
103973,2024-06-27,12,44.0,Nord,Bücher,Comic,1,140.32444945170414,0.0,Sofortüberweisung,2.99,3,4.0,False
101627,2023-03-13,514,40.0,Nord,Mode ,Jeans,1,59.44,5.0,PayPal,4.99,4,5.0,False
102932,2024-05-26,207,55.0,West,Elektronik,Bluetooth-Lautsprecher,2,18.91,0.0,Sofortüberweisung,2.99,4,5.0,False
101522,2024-04-19,663,40.0,West,Mode,Mütze,1,34.23,10.0,PayPal,0.0,1,5.0,False
100835,2024-05-10,303,29.0,Ost,Haushalt,Lampe,1,35.3,0.0,PayPal,4.99,4,4.0,False
100358,2024-05-12,195,42.0,West,Elektronik,USB-Kabel,1,44.55,0.0,Sofortüberweisung,0.0,6,5.0,False
100138,2024-08-06,763,40.0,Süd,Bücher,Kochbuch,1,13.81,0.0,Rechnung,2.99,6,4.0,False
100299,2023-09-02,494,21.0,Süd,Haushalt,Kaffeemaschine,1,74.73,0.0,Lastschrift,2.99,2,3.0,False
101556,2023-12-06,645,18.0,West,Sport,Yogamatte,1,29.39,0.0,Sofortüberweisung,4.99,7,4.0,False
101003,2024-09-26,1791,28.0,West,Mode,Sneaker,2,9.02,15.0,Rechnung,2.99,5,4.0,False
100382,2023-05-05,254,53.0,Mitte,Elektronik,Bluetooth-Lautsprecher,1,20.41,15.0,Lastschrift,0.0,2,2.0,False
100941,2023-07-30,283,39.0,Mitte,Haushalt,Staubsauger,1,63.91,5.0,PayPal,0.0,4,4.0,False
104668,2024-10-19,672,21.0,Nord,Haushalt,Kaffeemaschine,1,29.66,0.0,PayPal,2.99,3,3.0,False
103821,2023-08-28,1405,38.0,West,Sport,Fitnessband,2,75.68,0.0,PayPal,0.0,3,4.0,False
100761,2023-11-03,1374,49.0,Nord,Haushalt,Kaffeemaschine,1,63.16,0.0,PayPal,4.99,4,5.0,False
102750,2024-12-05,286,33.0,Nord,Mode,Jeans,3,16.29,10.0,Sofortüberweisung,0.0,7,5.0,False
101943,2023-05-17,520,29.0,West,Mode,Mütze,1,10.83,0.0,Lastschrift,2.99,5,4.0,False
103958,2023-07-13,800,34.0,Mitte,HAUSHALT ,Lampe,2,58.81,0.0,Kreditkarte,4.99,3,5.0,False
102127,2023-09-08,465,18.0,Ost,Haushalt,Lampe,1,30.64,0.0,Rechnung,2.99,3,4.0,False
102240,2023-10-03,580,54.0,Süd,Mode,Sneaker,5,12.78,0.0,Kreditkarte,4.99,3,4.0,False
100898,2024-05-07,944,33.0,Nord,Sport,Fitnessband,2,123.71,0.0,Sofortüberweisung,2.99,4,5.0,False
104078,2024-12-19,148,41.0,Ost,Elektronik,Smartphone-Hülle,5,27.05,5.0,Lastschrift,6.99,4,5.0,False
104522,2024-01-09,452,40.0,West,Haushalt,Staubsauger,3,111.74,5.0,Rechnung,2.99,3,5.0,False
101402,2023-05-14,1331,35.0,Nord,Haushalt,Kaffeemaschine,1,28.8,0.0,Lastschrift,4.99,1,4.0,False
102092,2023-08-25,347,48.0,Süd,Elektronik,Powerbank,1,155.07,10.0,Kreditkarte,2.99,4,3.0,False
103858,2024-05-27,1394,21.0,Nord,Mode,Sneaker,1,46.94,0.0,Kreditkarte,2.99,3,4.0,False
104430,2024-05-31,1207,52.0,Mitte,Mode,Jeans,1,25.65,0.0,Rechnung,,4,5.0,False
103015,2024-02-17,567,45.0,Ost,Haushalt,Staubsauger,2,30.28,0.0,Lastschrift,2.99,4,5.0,False
101512,2023-11-12,318,28.0,West,Elektronik,Kopfhörer,1,165.71,0.0,Rechnung,2.99,4,4.0,True
101188,2024-11-05,281,50.0,Süd,Bücher,Kochbuch,1,4.53,0.0,Lastschrift,0.0,2,5.0,False
103050,2024-04-14,1524,41.0,Ost,Elektronik,Powerbank,1,8.04,20.0,Rechnung,0.0,2,4.0,False
102088,2024-10-01,330,70.0,Süd,Mode,Mütze,1,5.14,0.0,Kreditkarte,0.0,1,5.0,False
104584,2023-11-03,1096,46.0,West,Elektronik,Kopfhörer,1,28.2,0.0,Sofortüberweisung,2.99,5,5.0,False
103505,2023-03-31,1017,32.0,West,Haushalt,Bettwäsche,1,114.09,15.0,Sofortüberweisung,0.0,5,5.0,False
100108,2023-05-04,923,36.0,Ost,HAUSHALT,Lampe,1,41.22,0.0,Sofortüberweisung,2.99,1,4.0,False
102788,2024-09-08,633,48.0,Nord,Elektronik,Powerbank,1,86.41,0.0,Lastschrift,0.0,8,5.0,False
103134,2024-07-19,1128,,Nord,Haushalt,Staubsauger,1,18.03,15.0,Rechnung,4.99,6,5.0,False
101926,2024-08-20,1799,28.0,Nord,Mode,Jeans,1,37.3,0.0,Rechnung,6.99,5,5.0,False
100058,2023-06-08,543,39.0,West,Haushalt,Staubsauger,1,70.48,0.0,Sofortüberweisung,4.99,1,3.0,False
100076,2023-09-08,1449,33.0,Nord,Haushalt,Bettwäsche,1,37.5,5.0,Kreditkarte,2.99,4,5.0,False
100796,2024-01-06,243,33.0,Ost,Sport,Fitnessband,2,40.34,15.0,Rechnung,4.99,5,5.0,False
100368,2023-05-30,963,53.0,Mitte,Mode,T-Shirt,1,12.41,0.0,Rechnung,4.99,3,4.0,False
104955,2024-03-17,370,41.0,Ost,Sport,Laufschuhe,1,51.72,0.0,Rechnung,4.99,4,5.0,False
100785,2024-03-08,1162,49.0,Ost,Sport,Fitnessband,1,18.01,5.0,Lastschrift,2.99,6,5.0,False
103842,2024-03-17,225,27.0,Nord,Haushalt,Pfannenset,1,108.95,0.0,Kreditkarte,2.99,4,4.0,True
103528,2024-12-14,663,27.0,Mitte,Sport,Fitnessband,1,37.07,0.0,Kreditkarte,0.0,1,4.0,False
102029,2024-07-04,1763,45.0,Mitte,Mode,Sneaker,2,15.28,0.0,PayPal,2.99,8,4.0,False
104091,2024-04-29,1007,18.0,Süd,Mode,Jeans,1,19.66,0.0,PayPal,2.99,4,5.0,False
103011,2024-08-06,232,24.0,Nord,Mode,Mütze,2,46.31,10.0,Rechnung,6.99,6,5.0,False
103603,2023-02-23,4,31.0,Ost,Mode,T-Shirt,2,15.47,0.0,Lastschrift,0.0,6,4.0,True
101973,2023-06-15,1215,44.0,Süd,Haushalt,Staubsauger,1,71.93,0.0,Kreditkarte,2.99,8,5.0,False
103268,2023-12-17,1363,34.0,Ost,Mode,Sneaker,2,29.46,0.0,Rechnung,2.99,5,3.0,False
100121,2023-01-18,1698,41.0,Ost,Elektronik,USB-Kabel,3,83.34,10.0,Rechnung,0.0,3,4.0,False
103635,2023-04-14,831,40.0,Süd,Elektronik,Powerbank,4,30.09,20.0,Sofortüberweisung,6.99,2,5.0,False
102413,2024-06-17,585,29.0,Ost,Elektronik ,USB-Kabel,2,26.78,5.0,Kreditkarte,6.99,4,4.0,False
104076,2024-02-10,350,38.0,Mitte,Haushalt,Kaffeemaschine,2,67.2,15.0,Sofortüberweisung,0.0,4,3.0,False
100910,2024-11-14,77,40.0,West,Mode,Jacke,1,7.33,0.0,Sofortüberweisung,6.99,5,5.0,False
100124,2023-06-24,456,,Ost,Elektronik,Bluetooth-Lautsprecher,1,41.32,10.0,Lastschrift,4.99,5,4.0,False
102646,2023-07-29,267,41.0,Ost,Mode,Mütze,1,11.39,0.0,Rechnung,2.99,3,4.0,False
101586,2023-09-10,479,39.0,Mitte,Mode,T-Shirt,3,35.99,0.0,PayPal,2.99,1,,False
101257,2024-08-20,186,43.0,Mitte,Elektronik,Powerbank,2,53.21,0.0,PayPal,6.99,3,5.0,False
103509,2024-10-17,1446,37.0,Ost,Mode,Sneaker,1,20.24,0.0,Sofortüberweisung,0.0,4,5.0,False
103550,2024-12-04,127,45.0,Mitte,Elektronik,USB-Kabel,2,6.92,0.0,Sofortüberweisung,4.99,9,4.0,False
103676,2023-08-31,800,37.0,Ost,Bücher,Kochbuch,1,3.87,5.0,Sofortüberweisung,4.99,5,4.0,False
101178,2024-04-08,1678,29.0,Mitte,Sport,Hantel,2,25.86,5.0,PayPal,2.99,7,5.0,False
102924,2024-09-09,1421,34.0,Mitte,Elektronik ,Powerbank,3,36.28,10.0,Rechnung,2.99,6,5.0,False
103539,2023-02-15,853,28.0,Nord,SPORT,Laufschuhe,1,86.58,0.0,Sofortüberweisung,4.99,2,4.0,False
102379,2023-10-24,794,53.0,West,Sport,Yogamatte,1,25.41,0.0,Lastschrift,0.0,1,3.0,False
102144,2023-01-25,121,33.0,West,Sport,Trinkflasche,1,42.85,0.0,Sofortüberweisung,0.0,4,5.0,False
100442,2024-09-05,662,47.0,Mitte,Sport,Yogamatte,3,71.09,0.0,Rechnung,6.99,7,4.0,False
102333,2023-11-19,1242,47.0,Süd,Bücher,Kinderbuch,1,12.9,10.0,Kreditkarte,6.99,2,,False
103783,2023-06-08,223,34.0,Mitte,Elektronik,Smartphone-Hülle,1,30.65,0.0,Lastschrift,0.0,4,5.0,True
100925,2023-03-22,1003,38.0,Mitte,Haushalt,Staubsauger,2,43.53,0.0,Rechnung,4.99,5,5.0,False
104308,2024-07-24,1263,45.0,Nord,Bücher,Roman,1,16.63,0.0,Lastschrift,,6,4.0,False
102186,2023-02-18,398,37.0,Nord,Bücher,Comic,1,18.66,0.0,PayPal,0.0,7,,False
104819,2024-08-29,1551,26.0,Mitte,Elektronik,Kopfhörer,1,36.99,0.0,Kreditkarte,4.99,4,4.0,False
101411,2023-12-18,1043,,Nord,Bücher,Kochbuch,1,15.68,0.0,Kreditkarte,2.99,1,4.0,False
103536,2024-03-08,119,18.0,Mitte,Bücher,Sachbuch,1,28.73,0.0,Kreditkarte,4.99,1,4.0,False
101813,2024-10-10,1798,18.0,Nord,Sport,Fitnessband,2,43.33,0.0,Sofortüberweisung,0.0,3,2.0,True
101509,2024-04-25,595,41.0,Nord,Bücher,Kochbuch,1,4.1,0.0,Sofortüberweisung,4.99,8,2.0,False
101227,2023-04-06,1181,35.0,West,Mode,Sneaker,1,12.92,0.0,PayPal,0.0,8,,False
103673,2024-08-12,75,34.0,Ost,Elektronik,Kopfhörer,1,35.7,10.0,PayPal,0.0,3,5.0,False
102399,2023-09-13,1484,39.0,Nord,Elektronik,Kopfhörer,2,24.72,0.0,Rechnung,0.0,5,5.0,False
104865,2024-10-01,1483,42.0,West,Mode,Sneaker,2,54.4,5.0,Lastschrift,4.99,4,5.0,False
103362,2024-08-11,1119,34.0,West,Haushalt,Kaffeemaschine,1,99.2,0.0,Sofortüberweisung,4.99,5,5.0,False
103346,2023-12-09,237,46.0,Ost,Mode,Jeans,2,11.06,0.0,Kreditkarte,2.99,4,,False
100324,2023-02-08,1159,40.0,Nord,Mode,Jacke,2,3.63,0.0,Rechnung,2.99,3,1.0,False
103142,2024-02-29,545,25.0,Süd,Haushalt,Pfannenset,2,70.3,0.0,PayPal,6.99,4,5.0,False
104896,2023-06-28,33,48.0,Ost,Elektronik,Smartphone-Hülle,1,49.93,0.0,Kreditkarte,0.0,1,5.0,True
101972,2023-05-23,855,53.0,Süd,Mode,Mütze,1,55.89,0.0,Lastschrift,0.0,1,5.0,False
103364,2023-11-05,185,18.0,Ost,Mode,Jeans,1,38.11,0.0,Rechnung,0.0,3,5.0,False
103097,2023-09-10,1456,41.0,Süd,Mode,Jeans,1,20.95,0.0,PayPal,6.99,3,1.0,False
101498,2023-06-30,1672,26.0,Nord,Mode,Sneaker,1,13.75,15.0,PayPal,2.99,2,5.0,False
101502,2024-05-22,1303,22.0,West,Elektronik,Kopfhörer,2,48.87,10.0,Rechnung,0.0,3,5.0,False
101006,2023-02-15,213,28.0,West,Sport,Laufschuhe,1,59.0,0.0,Sofortüberweisung,,5,4.0,False
103761,2023-08-11,1341,33.0,Süd,Elektronik,Smartphone-Hülle,4,45.68,10.0,Lastschrift,6.99,6,5.0,False
102770,2024-09-23,1382,37.0,Mitte,Mode,Mütze,4,41.97,0.0,Lastschrift,0.0,1,5.0,False
103586,2024-04-27,1495,39.0,Ost,Bücher ,Comic,1,11.88,0.0,Sofortüberweisung,4.99,1,2.0,False
101467,2023-12-04,1034,39.0,Ost,Haushalt,Pfannenset,2,82.3,0.0,Rechnung,4.99,4,,False
101225,2024-06-27,1562,33.0,Mitte,Mode,Jeans,1,16.9,5.0,Rechnung,0.0,5,5.0,False
103199,2024-12-10,18,47.0,Süd,Sport,Laufschuhe,4,14.61,0.0,PayPal,6.99,5,3.0,False
102689,2023-02-28,115,18.0,Nord,Mode ,Jeans,4,13.19,0.0,Lastschrift,2.99,1,4.0,False
102226,2024-12-03,838,45.0,Süd,Elektronik,Powerbank,1,14.64,0.0,Sofortüberweisung,0.0,4,5.0,False
101216,2023-09-19,1075,40.0,West,Sport,Yogamatte,2,41.95,0.0,Rechnung,4.99,5,5.0,False
104054,2024-02-25,388,52.0,Ost,Sport,Fitnessband,1,34.68,10.0,Rechnung,0.0,1,4.0,False
103568,2023-04-22,1724,20.0,Ost,Mode,Jeans,2,15.39,0.0,Rechnung,0.0,1,5.0,False
100420,2023-02-17,1068,49.0,Mitte,Sport,Laufschuhe,3,48.54,5.0,Kreditkarte,0.0,4,5.0,False
104257,2024-10-04,360,47.0,Ost,Elektronik ,Powerbank,2,42.54,0.0,Lastschrift,2.99,5,5.0,False
100006,2024-08-18,892,32.0,Ost,Mode,Sneaker,2,17.25,0.0,Kreditkarte,4.99,4,,False
100932,2024-05-24,1572,,West,Haushalt,Staubsauger,1,24.08,0.0,Rechnung,0.0,4,4.0,False
101691,2023-04-20,798,28.0,West,Mode,Jacke,1,7.61,0.0,PayPal,0.0,3,,False
100439,2023-12-07,1634,50.0,Mitte,Mode,Sneaker,1,45.67,20.0,Rechnung,6.99,1,3.0,False
101313,2023-04-09,269,26.0,Nord,Haushalt,Bettwäsche,1,86.53,20.0,Lastschrift,6.99,2,3.0,False
100678,2023-12-11,645,,Ost,Haushalt,Bettwäsche,1,75.53,0.0,PayPal,0.0,6,5.0,False
102015,2023-09-07,286,34.0,Mitte,Mode,Sneaker,1,27.98,0.0,Sofortüberweisung,2.99,6,3.0,False
104656,2024-03-01,806,46.0,Mitte,Haushalt,Staubsauger,1,61.8,15.0,Kreditkarte,2.99,4,2.0,False
101888,2023-07-01,1593,45.0,West,Sport,Laufschuhe,1,28.67,0.0,Sofortüberweisung,2.99,1,,False
102311,2023-05-24,383,34.0,West,Bücher,Kinderbuch,2,31.11,0.0,Rechnung,2.99,1,4.0,False
104680,2023-02-22,939,21.0,Süd,Sport,Trinkflasche,1,10.93,0.0,Sofortüberweisung,0.0,1,4.0,False
103320,2024-07-30,804,,Ost,Sport,Fitnessband,2,65.07,0.0,PayPal,6.99,3,5.0,False
104768,2023-03-08,1469,40.0,West,Sport,Hantel,2,44.36,15.0,Sofortüberweisung,4.99,5,,False
102484,2023-06-10,1442,48.0,West,Elektronik,Smartphone-Hülle,1,60.86,0.0,Kreditkarte,6.99,3,5.0,False
101086,2024-09-08,340,18.0,Nord,Bücher,Comic,1,14.22,10.0,Lastschrift,0.0,4,2.0,False
103012,2023-02-14,894,45.0,Nord,Sport,Hantel,1,8.7,0.0,Sofortüberweisung,0.0,3,4.0,False
104288,2023-09-12,1053,48.0,Süd,Elektronik,Kopfhörer,1,503.47973669860386,0.0,Lastschrift,0.0,1,5.0,False
102833,2024-05-21,1744,27.0,West,Haushalt,Staubsauger,1,106.25,0.0,Lastschrift,0.0,5,5.0,False
102692,2023-03-11,78,30.0,West,Elektronik,Powerbank,2,32.01,20.0,Rechnung,4.99,1,5.0,True
100194,2024-06-07,121,54.0,Mitte,Elektronik,Powerbank,1,37.91,15.0,Kreditkarte,4.99,5,5.0,False
101474,2023-04-22,223,56.0,Mitte,Mode,Jacke,-1,5.97,0.0,PayPal,0.0,3,5.0,False
103437,2024-04-07,540,44.0,Nord,Bücher,Comic,1,5.42,0.0,PayPal,0.0,1,5.0,False
102182,2024-08-06,1368,25.0,Süd,Elektronik,USB-Kabel,1,47.74,0.0,Kreditkarte,6.99,2,5.0,False
101211,2024-06-02,310,40.0,Mitte,Elektronik,Smartphone-Hülle,1,83.24,5.0,Kreditkarte,4.99,4,5.0,False
104104,2024-11-02,984,30.0,Mitte,Elektronik,Kopfhörer,5,73.53,0.0,Lastschrift,4.99,1,2.0,False
101657,2024-11-01,1402,61.0,Süd,Haushalt,Bettwäsche,4,35.58,0.0,Lastschrift,2.99,4,4.0,False
102753,2024-05-29,549,43.0,West,Bücher,Sachbuch,1,20.88,0.0,Rechnung,4.99,4,4.0,False
103158,2023-04-03,1435,30.0,West,Sport,Fitnessband,1,58.39,0.0,Lastschrift,2.99,5,1.0,False
102758,2023-07-04,1125,,Mitte,Elektronik,Smartphone-Hülle,3,46.19,0.0,Sofortüberweisung,2.99,6,1.0,False
104105,2024-05-18,1652,28.0,Ost,Haushalt,Kaffeemaschine,1,36.5,0.0,Rechnung,4.99,4,5.0,False
102213,2023-01-21,513,22.0,Süd,BÜCHER,Comic,1,6.57,15.0,Lastschrift,2.99,1,5.0,False
104451,2024-03-25,930,43.0,Nord,Elektronik,Powerbank,1,14.44,0.0,Rechnung,6.99,2,4.0,False
101130,2024-11-08,1376,37.0,Mitte,Elektronik,Smartphone-Hülle,1,15.04,0.0,Rechnung,2.99,1,3.0,False
101461,2023-12-29,1114,23.0,Mitte,Haushalt,Pfannenset,1,60.71,0.0,PayPal,6.99,4,4.0,False
100276,2023-12-06,1445,18.0,Nord,Sport,Trinkflasche,3,8.39,0.0,Rechnung,0.0,7,4.0,False
104574,2023-05-10,74,,Mitte,Mode,Jeans,2,6.52,15.0,Sofortüberweisung,4.99,4,5.0,False
103650,2023-03-26,1015,35.0,Ost,Haushalt,Kaffeemaschine,1,55.9,0.0,Kreditkarte,0.0,5,5.0,False
103372,2023-05-13,1619,18.0,West,Sport,Hantel,1,77.16,5.0,Lastschrift,0.0,3,5.0,False
103187,2024-05-25,1273,45.0,West,Bücher,Sachbuch,1,9.56,0.0,Kreditkarte,2.99,3,2.0,False
101302,2024-05-14,996,39.0,West,Elektronik,USB-Kabel,2,74.65,0.0,Rechnung,6.99,3,4.0,False
102846,2024-08-30,579,47.0,West,Elektronik,USB-Kabel,1,34.9,0.0,Sofortüberweisung,2.99,1,4.0,False
100222,2023-10-15,844,40.0,West,Elektronik,Smartphone-Hülle,1,4.6,0.0,PayPal,2.99,1,5.0,False
104687,2024-12-27,868,45.0,West,Haushalt,Pfannenset,1,45.14,5.0,PayPal,6.99,5,3.0,False
103656,2024-03-29,1087,45.0,Ost,Elektronik,Kopfhörer,1,26.9,15.0,Sofortüberweisung,2.99,4,4.0,False
100573,2023-11-18,264,37.0,Ost,Haushalt,Staubsauger,1,86.58,0.0,Sofortüberweisung,4.99,5,5.0,False
101236,2024-01-06,1207,31.0,Süd,Mode,Mütze,1,33.97,0.0,PayPal,0.0,4,5.0,False
103614,2024-02-18,1482,63.0,Süd,Haushalt,Bettwäsche,4,28.55,5.0,PayPal,,4,4.0,False
102174,2023-08-10,265,59.0,West,Haushalt,Kaffeemaschine,2,68.1,0.0,Lastschrift,0.0,1,5.0,False
102323,2024-12-28,1246,26.0,Mitte,Mode,Sneaker,2,40.28,0.0,Sofortüberweisung,4.99,4,4.0,False
101334,2024-07-03,1733,18.0,Süd,Sport,Laufschuhe,1,53.18,0.0,Sofortüberweisung,2.99,2,5.0,False
104541,2024-04-27,982,41.0,Ost,Elektronik,Powerbank,1,145.67,0.0,Lastschrift,0.0,3,3.0,False
104952,2023-08-13,693,52.0,Mitte,Mode,Jacke,3,31.14,0.0,Sofortüberweisung,2.99,2,2.0,False
100418,2024-07-01,1197,44.0,Ost,Sport,Yogamatte,2,39.64,0.0,Kreditkarte,4.99,1,3.0,False
100267,2024-04-16,498,50.0,West,Elektronik,Powerbank,1,71.59,0.0,Kreditkarte,2.99,5,4.0,False
101104,2024-08-07,1720,40.0,Mitte,Mode ,Mütze,1,13.23,0.0,Rechnung,4.99,3,3.0,False
100257,2024-03-22,1161,49.0,Mitte,Haushalt,Kaffeemaschine,2,52.87,0.0,Lastschrift,0.0,6,4.0,False
100295,2024-05-25,1193,47.0,West,Mode,Sneaker,1,41.76,0.0,Rechnung,4.99,6,5.0,False
102405,2023-12-09,1654,23.0,Ost,Mode,Jeans,1,19.01,0.0,Sofortüberweisung,2.99,2,5.0,False
100386,2024-03-16,1317,43.0,Süd,Sport,Hantel,2,21.92,0.0,Sofortüberweisung,0.0,1,5.0,False
104418,2024-10-11,538,31.0,Süd,Elektronik,USB-Kabel,1,40.57,0.0,Sofortüberweisung,6.99,4,5.0,False
103153,2024-06-24,1664,24.0,Mitte,ELEKTRONIK,Kopfhörer,1,60.75,0.0,Sofortüberweisung,,1,5.0,True
102274,2024-09-14,496,32.0,Nord,Sport,Laufschuhe,1,32.95,5.0,Lastschrift,0.0,6,,False
102290,2023-05-15,823,37.0,Nord,Elektronik,Powerbank,1,846.8065270226466,10.0,Kreditkarte,6.99,6,5.0,False
104379,2024-05-05,623,27.0,Ost,Elektronik,USB-Kabel,4,19.65,20.0,PayPal,6.99,3,4.0,False
103585,2024-09-12,1748,54.0,West,Haushalt,Lampe,1,123.47,10.0,Sofortüberweisung,4.99,1,1.0,False
104250,2023-11-09,811,31.0,Nord,Elektronik,Powerbank,2,55.37,10.0,Sofortüberweisung,4.99,1,5.0,False
104428,2024-03-03,1207,48.0,Ost,Bücher,Comic,1,8.28,10.0,Lastschrift,0.0,4,4.0,False
101563,2023-10-31,102,32.0,Süd,Elektronik,USB-Kabel,1,30.04,0.0,Lastschrift,0.0,1,5.0,False
101962,2024-06-29,1264,53.0,Mitte,Bücher,Kochbuch,2,3.68,0.0,PayPal,6.99,3,5.0,True
101400,2024-07-11,854,18.0,West,Mode,Mütze,4,29.93,20.0,Sofortüberweisung,2.99,3,3.0,False
100712,2024-07-31,1091,37.0,Mitte,Bücher,Kinderbuch,2,6.97,10.0,Kreditkarte,0.0,4,4.0,False
104371,2024-02-09,427,44.0,Nord,Mode,T-Shirt,2,28.75,5.0,Kreditkarte,2.99,5,5.0,False
102905,2023-03-28,1405,30.0,West,Elektronik,Bluetooth-Lautsprecher,4,27.6,15.0,Lastschrift,0.0,2,5.0,True
100209,2023-08-16,1467,39.0,Ost,Mode,Jacke,1,59.55,0.0,PayPal,2.99,3,4.0,False
104020,2023-10-02,879,33.0,Mitte,Mode,Mütze,1,32.28,15.0,Rechnung,2.99,1,4.0,False
101289,2024-11-13,846,55.0,Nord,Elektronik,Bluetooth-Lautsprecher,2,45.17,0.0,Kreditkarte,4.99,4,4.0,False
104878,2023-04-21,1064,39.0,West,HAUSHALT,Kaffeemaschine,2,15.16,0.0,Rechnung,0.0,6,1.0,False
101842,2024-01-08,734,41.0,Süd,Sport,Fitnessband,2,53.39,5.0,Lastschrift,0.0,7,3.0,True
100449,2023-09-01,1154,,Süd,Elektronik,Bluetooth-Lautsprecher,1,27.7,0.0,Lastschrift,0.0,1,4.0,False
104524,2023-12-05,1696,31.0,Mitte,Elektronik,Smartphone-Hülle,1,20.17,0.0,Sofortüberweisung,0.0,3,4.0,False
103554,2023-03-29,1169,34.0,Ost,HAUSHALT,Staubsauger,2,28.27,0.0,PayPal,6.99,2,4.0,False
101820,2023-06-27,1593,42.0,West,Haushalt,Lampe,2,106.84,0.0,Rechnung,4.99,3,4.0,False
100958,2023-06-27,46,30.0,Nord,Mode,Sneaker,1,18.26,0.0,Kreditkarte,2.99,1,5.0,False
101793,2024-10-22,1169,44.0,West,Mode ,Jacke,2,55.7,15.0,Kreditkarte,0.0,6,4.0,False
102809,2023-02-15,1157,67.0,Ost,Haushalt,Pfannenset,1,47.21,0.0,Lastschrift,0.0,3,5.0,False
100654,2023-10-27,1571,55.0,West,Sport,Fitnessband,1,59.37,0.0,Sofortüberweisung,2.99,4,5.0,False
102451,2023-12-21,583,41.0,Süd,Haushalt,Kaffeemaschine,1,32.41,0.0,PayPal,0.0,3,4.0,False
103927,2024-09-10,1296,,Süd,Elektronik,Bluetooth-Lautsprecher,1,74.61,0.0,Kreditkarte,2.99,3,5.0,False
100331,2023-06-17,541,40.0,West,Mode,Sneaker,1,16.96,0.0,Rechnung,0.0,1,5.0,False
101760,2023-06-22,664,52.0,Mitte,Haushalt,Bettwäsche,1,32.12,15.0,Lastschrift,0.0,3,5.0,False
104660,2024-08-31,1239,27.0,Nord,Elektronik,Smartphone-Hülle,3,24.97,10.0,PayPal,,1,5.0,False
102796,2023-12-18,908,27.0,Ost,Sport,Hantel,1,25.68,0.0,Kreditkarte,2.99,5,5.0,False
102154,2023-12-16,726,22.0,Mitte,Haushalt,Staubsauger,4,66.35,0.0,Kreditkarte,4.99,1,5.0,False
100411,2023-12-14,1076,32.0,Ost,Mode,Jacke,1,42.13,15.0,Rechnung,0.0,3,4.0,False
101774,2024-03-18,807,33.0,Süd,Elektronik,Bluetooth-Lautsprecher,1,36.95,0.0,Sofortüberweisung,4.99,4,3.0,False
104814,2024-11-16,190,42.0,Ost,Elektronik,Smartphone-Hülle,2,50.14,0.0,PayPal,0.0,5,4.0,False
102228,2024-01-25,1232,40.0,West,Haushalt,Lampe,1,68.2,0.0,Lastschrift,6.99,8,4.0,False
102423,2023-05-31,469,44.0,Ost,Mode,Mütze,1,21.63,10.0,Rechnung,0.0,3,1.0,False
102678,2024-01-28,1012,26.0,West,Mode,Sneaker,2,25.63,0.0,Lastschrift,2.99,2,4.0,False
104355,2023-12-23,424,46.0,Nord,Elektronik,Kopfhörer,1,95.12,0.0,Sofortüberweisung,4.99,3,5.0,False
104823,2024-12-09,377,36.0,West,Elektronik,USB-Kabel,2,74.06,5.0,Lastschrift,2.99,5,4.0,False
104471,2023-05-25,987,37.0,Nord,Mode,Jacke,1,42.32,0.0,Rechnung,2.99,5,,False
103382,2023-07-05,1278,51.0,Ost,Bücher,Roman,1,9.42,15.0,Sofortüberweisung,4.99,4,4.0,False
103532,2023-11-01,498,31.0,Süd,Elektronik,USB-Kabel,1,15.45,0.0,PayPal,0.0,1,4.0,False
103628,2023-10-10,1634,35.0,Süd,Elektronik,Kopfhörer,1,54.07,10.0,Kreditkarte,0.0,5,5.0,False
102002,2023-06-26,559,38.0,West,Bücher,Kinderbuch,2,4.99,20.0,Rechnung,0.0,4,4.0,False
103435,2023-01-31,508,46.0,Süd,Elektronik,Powerbank,1,25.33,5.0,Lastschrift,0.0,4,1.0,False
103447,2023-09-07,1528,35.0,Mitte,ELEKTRONIK,Bluetooth-Lautsprecher,2,72.22,0.0,PayPal,6.99,5,3.0,False
103822,2024-05-25,172,34.0,West,Haushalt,Pfannenset,1,44.69,15.0,Sofortüberweisung,4.99,3,4.0,False
100430,2024-04-17,1038,38.0,Nord,Elektronik,Smartphone-Hülle,2,11.03,5.0,Rechnung,0.0,4,3.0,False
104560,2024-02-24,1210,32.0,Mitte,Mode,Sneaker,1,46.64,0.0,Sofortüberweisung,4.99,3,5.0,False
102080,2023-07-13,1310,30.0,Nord,Haushalt,Lampe,1,52.44,0.0,Lastschrift,0.0,5,,False
101366,2024-06-06,582,35.0,Ost,Sport,Fitnessband,2,16.14,0.0,Sofortüberweisung,0.0,2,5.0,False
100173,2023-03-23,1197,47.0,Mitte,Mode,Jeans,5,19.4,0.0,Lastschrift,6.99,6,2.0,False
102910,2024-01-10,276,35.0,Süd,Bücher,Sachbuch,4,10.67,0.0,Lastschrift,6.99,3,5.0,False
101176,2024-06-01,1374,18.0,West,Haushalt,Pfannenset,4,107.41,0.0,Kreditkarte,6.99,3,5.0,False
103399,2023-08-05,597,42.0,Nord,MODE,Mütze,1,10.12,10.0,Rechnung,0.0,5,4.0,False
101476,2024-12-16,1627,30.0,Süd,Elektronik,Bluetooth-Lautsprecher,1,63.39,0.0,Rechnung,6.99,4,5.0,False
103939,2024-07-15,1595,28.0,Süd,Sport,Laufschuhe,1,73.93,0.0,Rechnung,4.99,3,5.0,False
103565,2024-06-14,588,44.0,Nord,Haushalt,Kaffeemaschine,2,35.53,15.0,Sofortüberweisung,4.99,1,5.0,False
100102,2024-10-22,1568,60.0,Ost,Mode,Sneaker,1,22.75,0.0,Lastschrift,6.99,3,3.0,False
103412,2023-06-06,640,39.0,Ost,Mode,T-Shirt,1,15.19,5.0,Rechnung,0.0,2,4.0,False
103264,2024-05-05,1452,36.0,West,Mode,Mütze,1,23.25,0.0,PayPal,0.0,5,4.0,True
101263,2024-01-27,361,42.0,Ost,Elektronik,Powerbank,2,15.16,5.0,Rechnung,6.99,4,5.0,False
102940,2023-05-14,314,46.0,Süd,Haushalt,Kaffeemaschine,1,33.98,15.0,Lastschrift,2.99,5,4.0,False
101073,2024-04-16,1371,20.0,Mitte,MODE,Mütze,1,9.23,0.0,Rechnung,0.0,9,5.0,False
102572,2024-09-20,1512,34.0,West,Mode,Sneaker,1,48.96,0.0,Lastschrift,4.99,4,3.0,False
104705,2023-10-10,524,37.0,Ost,Elektronik,Bluetooth-Lautsprecher,3,62.74,0.0,Lastschrift,0.0,1,4.0,False
102794,2024-04-29,1504,30.0,Mitte,Mode,Sneaker,1,10.46,5.0,PayPal,4.99,5,,False
103365,2024-01-14,1113,,West,Elektronik,Powerbank,1,11.99,15.0,Lastschrift,,1,5.0,False
104545,2023-04-17,145,40.0,Süd,Elektronik,USB-Kabel,4,66.71,0.0,Lastschrift,0.0,3,4.0,False
103755,2024-02-27,1450,,West,Elektronik,Bluetooth-Lautsprecher,1,50.06,5.0,Kreditkarte,0.0,5,4.0,False
101643,2024-01-24,1715,41.0,Süd,Elektronik,USB-Kabel,1,37.63,0.0,Kreditkarte,4.99,5,4.0,False
104550,2023-01-01,1590,18.0,Nord,Haushalt,Staubsauger,1,17.14,5.0,Lastschrift,2.99,2,3.0,False
100000,2023-11-17,329,34.0,Mitte,Sport,Trinkflasche,4,47.71,10.0,Lastschrift,2.99,2,3.0,False
101580,2024-02-14,1606,35.0,West,Elektronik,Powerbank,1,52.93,15.0,Lastschrift,6.99,2,5.0,False
104466,2024-02-19,1497,52.0,Ost,Haushalt,Staubsauger,3,38.37,0.0,Sofortüberweisung,4.99,2,4.0,False
104453,2023-04-30,471,43.0,Ost,Bücher,Comic,2,8.64,0.0,Kreditkarte,2.99,1,,False
101356,2024-09-13,958,46.0,Ost,SPORT,Laufschuhe,3,34.46,0.0,Rechnung,2.99,3,3.0,False
103459,2023-04-25,1397,42.0,Ost,Haushalt ,Bettwäsche,2,46.26,0.0,Sofortüberweisung,0.0,4,4.0,False
102123,2023-02-12,398,30.0,Mitte,Mode,Jacke,3,27.11,0.0,Lastschrift,4.99,4,4.0,False
102277,2024-12-31,1203,20.0,Nord,Elektronik,Powerbank,1,25.96,0.0,Sofortüberweisung,6.99,5,5.0,False
102078,2023-09-21,1112,41.0,Mitte,Mode,Mütze,4,35.12,0.0,Sofortüberweisung,2.99,5,5.0,False
104365,2023-07-29,279,49.0,West,Mode,Jeans,3,15.93,0.0,Lastschrift,4.99,1,4.0,False
100396,2023-12-05,1325,45.0,Nord,Bücher,Roman,1,20.34,5.0,Kreditkarte,2.99,1,5.0,False
103529,2023-02-08,489,48.0,Mitte,Elektronik,Bluetooth-Lautsprecher,1,37.17,0.0,Rechnung,2.99,2,5.0,False
101064,2024-10-14,1639,41.0,Mitte,Bücher,Sachbuch,1,10.75,0.0,Kreditkarte,2.99,2,3.0,False
102404,2023-12-21,500,22.0,Süd,Haushalt,Staubsauger,4,56.74,0.0,PayPal,0.0,1,5.0,False
104215,2023-07-20,68,42.0,Nord,ELEKTRONIK,Bluetooth-Lautsprecher,1,45.33,15.0,Kreditkarte,4.99,3,5.0,False
102195,2023-05-01,397,34.0,Mitte,Mode,Jacke,1,39.15,5.0,Kreditkarte,0.0,5,2.0,False
100818,2024-05-19,563,30.0,Süd,Elektronik,USB-Kabel,2,37.52,0.0,Lastschrift,0.0,4,5.0,False
101812,2024-11-26,1675,25.0,West,Haushalt,Pfannenset,2,53.91,0.0,Kreditkarte,2.99,3,5.0,False
102620,2024-04-26,221,44.0,Ost,Haushalt,Lampe,3,45.52,0.0,Rechnung,4.99,4,5.0,False
101552,2024-07-05,1403,50.0,Mitte,Haushalt,Lampe,1,40.99,20.0,PayPal,2.99,3,5.0,False
103184,2024-05-29,589,46.0,Mitte,Elektronik,Kopfhörer,1,25.61,15.0,PayPal,6.99,6,,True
100816,2024-05-09,1005,18.0,Nord,Haushalt,Staubsauger,1,139.54,0.0,PayPal,0.0,1,,False
101572,2024-01-09,234,32.0,West,Elektronik,Bluetooth-Lautsprecher,5,23.7,10.0,Rechnung,2.99,3,4.0,False
103027,2024-01-13,148,40.0,Süd,Mode,Sneaker,1,19.07,0.0,Lastschrift,0.0,1,1.0,False
101800,2024-06-02,294,49.0,Nord,Mode,Sneaker,2,14.65,0.0,Sofortüberweisung,6.99,3,5.0,False
104331,2023-05-29,1710,63.0,Süd,Bücher,Comic,2,7.92,15.0,Rechnung,4.99,1,4.0,False
100381,2024-07-01,1356,37.0,Süd,Bücher,Roman,1,2.44,5.0,Rechnung,2.99,3,5.0,False
104532,2024-06-19,1272,25.0,West,Haushalt,Bettwäsche,1,69.27,20.0,PayPal,2.99,1,5.0,False
103897,2023-06-13,762,43.0,Ost,ELEKTRONIK,Bluetooth-Lautsprecher,1,26.81,0.0,Sofortüberweisung,0.0,1,5.0,False
102955,2024-08-21,1523,36.0,Mitte,ELEKTRONIK,Smartphone-Hülle,5,83.14,0.0,PayPal,0.0,4,4.0,False
103573,2024-01-06,1089,,Süd,Elektronik,USB-Kabel,1,107.24,0.0,PayPal,4.99,6,4.0,False
102948,2024-01-01,1084,50.0,Nord,Haushalt,Bettwäsche,2,33.06,0.0,PayPal,6.99,3,5.0,False
104368,2024-10-02,89,38.0,Mitte,Haushalt,Lampe,1,54.29,0.0,Sofortüberweisung,0.0,4,3.0,False
101780,2023-07-05,62,33.0,Süd,Haushalt,Kaffeemaschine,1,63.33,0.0,Rechnung,2.99,5,4.0,False
102780,2023-03-26,870,31.0,West,Haushalt,Lampe,1,41.82,0.0,Sofortüberweisung,0.0,4,4.0,False
102481,2024-07-05,1032,57.0,Mitte,Haushalt,Lampe,1,34.08,0.0,Lastschrift,6.99,8,4.0,False
102377,2023-07-03,696,39.0,Süd,Mode,Sneaker,2,42.43,0.0,Sofortüberweisung,0.0,2,3.0,False
100864,2023-01-02,34,53.0,West,Elektronik,Bluetooth-Lautsprecher,1,104.22,0.0,Lastschrift,0.0,4,5.0,False
103082,2024-04-14,147,36.0,Mitte,Elektronik,USB-Kabel,2,36.0,25.0,Sofortüberweisung,6.99,4,5.0,False
103970,2023-07-12,18,46.0,Süd,Mode,Mütze,1,54.4,0.0,Sofortüberweisung,2.99,5,4.0,False
100554,2024-10-15,728,37.0,Mitte,Sport,Laufschuhe,1,19.23,0.0,Kreditkarte,6.99,4,2.0,False
101159,2023-03-13,9,40.0,Süd,Mode,Mütze,4,15.79,0.0,Sofortüberweisung,4.99,2,5.0,False
101213,2024-06-10,135,21.0,Nord,Mode,Sneaker,2,18.32,0.0,Kreditkarte,0.0,3,4.0,False
102603,2023-09-05,592,29.0,Süd,Elektronik,Smartphone-Hülle,1,71.49,0.0,Rechnung,2.99,4,4.0,False
103671,2024-12-23,1246,44.0,Süd,Elektronik,Powerbank,1,75.44,0.0,Sofortüberweisung,2.99,4,2.0,True
100048,2024-09-15,1215,34.0,Süd,Elektronik,USB-Kabel,1,93.86,0.0,Rechnung,0.0,1,5.0,False
102985,2023-03-26,1065,31.0,Ost,Elektronik,Kopfhörer,1,44.3,0.0,Sofortüberweisung,2.99,1,5.0,False
100700,2023-07-21,124,18.0,Nord,Haushalt,Kaffeemaschine,1,34.22,15.0,Lastschrift,0.0,2,,False
100652,2023-06-28,1254,26.0,Süd,Sport,Laufschuhe,1,35.75,0.0,PayPal,4.99,3,,False
103221,2024-04-02,290,39.0,Mitte,Elektronik,USB-Kabel,1,61.86,10.0,Rechnung,2.99,2,4.0,False
103131,2024-01-06,1606,35.0,Nord,MODE,Jacke,1,22.05,5.0,PayPal,6.99,2,3.0,False
103377,2023-10-09,1193,66.0,Nord,Elektronik,Smartphone-Hülle,3,44.91,0.0,PayPal,2.99,6,4.0,False
100748,2024-04-04,1783,53.0,Süd,Haushalt,Lampe,1,42.03,0.0,Kreditkarte,0.0,3,5.0,True
101455,2023-12-04,1491,20.0,Mitte,Elektronik,Bluetooth-Lautsprecher,1,21.17,10.0,PayPal,0.0,2,5.0,False
104238,2023-04-04,1657,42.0,Mitte,BÜCHER,Comic,1,12.71,0.0,Lastschrift,4.99,2,4.0,False
102251,2024-09-17,599,35.0,Nord,Bücher,Roman,2,18.59,0.0,Rechnung,4.99,4,5.0,False
102059,2024-11-28,1612,59.0,Mitte,Mode,Sneaker,1,94.21,15.0,Lastschrift,2.99,1,3.0,False
100866,2024-06-25,195,28.0,Mitte,Haushalt,Lampe,1,68.39,0.0,Kreditkarte,6.99,7,,False
100752,2023-08-19,41,31.0,Süd,Bücher,Comic,1,5.9,0.0,Sofortüberweisung,0.0,2,5.0,False
101644,2023-03-04,396,23.0,Ost,Haushalt,Lampe,1,81.62,0.0,Lastschrift,4.99,2,3.0,False
100092,2023-03-26,113,42.0,Süd,ELEKTRONIK,Kopfhörer,2,6.33,10.0,Rechnung,2.99,2,5.0,False
102881,2024-11-09,1530,35.0,Ost,Mode,Jeans,2,90.92,15.0,Rechnung,6.99,9,4.0,False
103164,2023-07-05,1474,40.0,Ost,Sport,Laufschuhe,1,51.91,5.0,Kreditkarte,2.99,1,4.0,False
102476,2023-05-14,1075,24.0,Süd,Mode,Mütze,2,20.86,25.0,Lastschrift,0.0,4,5.0,False
103903,2023-11-29,1518,,Süd,Mode,Jacke,1,34.14,0.0,Lastschrift,4.99,2,5.0,False
101490,2024-08-24,1175,55.0,Ost,Mode ,Jeans,1,27.49,0.0,Sofortüberweisung,4.99,2,5.0,False
102954,2024-02-05,1359,46.0,Süd,Elektronik,Powerbank,1,15.51,10.0,PayPal,0.0,2,5.0,False
104269,2024-01-14,572,25.0,Ost,Haushalt,Lampe,2,38.82,15.0,Rechnung,4.99,4,5.0,False
100729,2023-01-14,1137,35.0,Nord,Sport,Laufschuhe,2,19.57,0.0,Rechnung,0.0,5,2.0,True
102771,2023-09-06,469,32.0,Ost,Mode,Mütze,3,21.34,0.0,Lastschrift,0.0,3,,False
102518,2024-02-06,1184,28.0,West,Haushalt,Bettwäsche,1,67.73,10.0,Kreditkarte,2.99,5,5.0,False
103805,2023-09-15,1153,32.0,Ost,Sport,Fitnessband,2,49.01,0.0,Lastschrift,6.99,2,,False
101936,2023-03-16,1204,53.0,Süd,Mode,Mütze,2,9.64,0.0,PayPal,2.99,5,5.0,False
101745,2024-02-10,20,28.0,Nord,Sport,Laufschuhe,3,25.54,0.0,Kreditkarte,0.0,3,4.0,False
103567,2024-03-20,924,32.0,Süd,Mode,Sneaker,2,17.61,5.0,Lastschrift,0.0,5,4.0,False
103379,2024-04-22,945,,Ost,Sport,Yogamatte,1,55.6,25.0,PayPal,0.0,2,4.0,False
103631,2024-05-16,901,33.0,Ost,Elektronik,Smartphone-Hülle,2,29.42,0.0,PayPal,0.0,1,4.0,False
101957,2023-10-06,477,53.0,Süd,Mode,Mütze,1,15.95,15.0,PayPal,4.99,3,3.0,False
101110,2023-07-19,707,46.0,West,Mode,Jeans,1,50.54,0.0,Lastschrift,2.99,2,3.0,False
103405,2023-10-31,1645,51.0,Süd,Haushalt,Lampe,1,62.43,0.0,PayPal,0.0,4,5.0,False
104109,2023-12-26,854,,Ost,Mode,Jeans,1,26.45,20.0,Kreditkarte,0.0,3,5.0,False
104516,2023-08-02,1235,49.0,Ost,Haushalt,Staubsauger,1,50.74,5.0,Kreditkarte,2.99,2,4.0,False
104817,2024-10-07,1473,54.0,Mitte,Mode,Jeans,3,25.69,0.0,PayPal,6.99,2,4.0,False
100346,2024-03-23,1343,38.0,Süd,Elektronik,Smartphone-Hülle,1,31.82,0.0,Sofortüberweisung,2.99,5,3.0,False
101185,2024-04-08,200,23.0,West,Bücher,Sachbuch,5,9.74,5.0,PayPal,0.0,2,3.0,False
104066,2023-03-09,1595,34.0,Nord,Elektronik,Bluetooth-Lautsprecher,2,52.48,15.0,Kreditkarte,0.0,6,5.0,False
104085,2024-02-12,475,21.0,Nord,Bücher,Comic,1,24.5,0.0,Lastschrift,0.0,2,5.0,False
101515,2023-03-27,1520,28.0,Nord,Mode,Jacke,1,20.56,5.0,Sofortüberweisung,2.99,2,3.0,False
104716,2023-06-02,705,37.0,Mitte,Mode,T-Shirt,1,47.49,0.0,PayPal,2.99,7,5.0,False
100578,2023-09-20,1412,35.0,West,Elektronik,Powerbank,2,26.87,0.0,Rechnung,2.99,3,3.0,False
101964,2024-05-08,122,41.0,Nord,Haushalt,Pfannenset,1,63.3,0.0,Kreditkarte,4.99,4,3.0,False
100075,2024-03-06,916,53.0,West,Bücher,Comic,4,11.01,0.0,Sofortüberweisung,4.99,4,4.0,False
101429,2023-04-27,1226,56.0,Nord,Haushalt,Staubsauger,1,75.88,0.0,PayPal,6.99,5,5.0,False
104393,2023-08-02,590,47.0,Süd,Mode,Jacke,1,21.44,20.0,PayPal,4.99,4,,False
104959,2023-10-11,445,39.0,Ost,Elektronik ,Powerbank,2,27.62,0.0,PayPal,0.0,4,5.0,False
104052,2024-03-17,515,52.0,Nord,Elektronik,Smartphone-Hülle,1,33.37,20.0,Lastschrift,4.99,1,4.0,False
102653,2024-01-01,1101,37.0,West,Elektronik,Smartphone-Hülle,1,32.06,10.0,Sofortüberweisung,4.99,2,5.0,False
101846,2024-01-18,715,33.0,Süd,Sport,Yogamatte,2,32.95,0.0,Rechnung,2.99,2,5.0,False
100131,2024-10-06,140,44.0,Mitte,Mode,Sneaker,1,23.69,0.0,Lastschrift,6.99,5,4.0,False
100178,2024-07-13,1582,38.0,Ost,Elektronik,Powerbank,1,93.08,5.0,Rechnung,4.99,3,5.0,False
104511,2023-09-09,94,54.0,Süd,Haushalt,Staubsauger,1,96.64,0.0,Rechnung,2.99,3,4.0,False
102748,2023-06-08,362,57.0,Nord,Mode,T-Shirt,1,18.54,10.0,Kreditkarte,2.99,5,4.0,False
102569,2023-12-20,985,24.0,Nord,Sport,Hantel,1,45.42,0.0,Lastschrift,2.99,1,5.0,False
102417,2023-07-30,436,62.0,West,Elektronik,Kopfhörer,1,26.42,0.0,Lastschrift,0.0,6,4.0,False
104622,2023-12-28,1398,61.0,Ost,Bücher,Comic,1,7.72,0.0,Kreditkarte,4.99,4,5.0,False
100658,2023-08-06,897,32.0,Ost,Elektronik,Kopfhörer,2,47.08,0.0,Sofortüberweisung,4.99,3,,False
101896,2023-02-03,581,40.0,Ost,Elektronik,USB-Kabel,1,156.41,0.0,Rechnung,4.99,2,3.0,False
103384,2024-01-23,1354,35.0,Ost,Elektronik,Smartphone-Hülle,1,39.18,10.0,Kreditkarte,0.0,3,4.0,False
103163,2024-10-30,745,23.0,Süd,Elektronik,Bluetooth-Lautsprecher,1,17.15,0.0,Sofortüberweisung,0.0,3,5.0,False
100342,2023-11-01,788,29.0,Ost,Elektronik,Powerbank,1,78.82,0.0,Kreditkarte,0.0,7,5.0,False
104498,2024-08-18,1577,45.0,Mitte,Mode,Sneaker,2,36.62,0.0,Rechnung,2.99,4,5.0,False
100727,2024-04-15,961,41.0,Ost,Haushalt,Lampe,1,46.22,0.0,Rechnung,0.0,3,3.0,True
103856,2024-05-06,51,54.0,Nord,Elektronik,Bluetooth-Lautsprecher,2,17.71,0.0,Lastschrift,0.0,2,,False
100976,2024-01-11,1082,51.0,Nord,Elektronik,Bluetooth-Lautsprecher,4,31.55,15.0,Rechnung,0.0,6,4.0,False
102418,2023-02-14,1694,53.0,West,Mode,Mütze,1,28.91,25.0,Rechnung,6.99,5,5.0,False
104421,2024-08-02,1466,18.0,Ost,Bücher,Roman,1,13.27,0.0,Sofortüberweisung,2.99,2,4.0,False
101928,2023-12-22,296,56.0,West,Haushalt,Staubsauger,1,58.54,0.0,PayPal,2.99,6,,False
102664,2023-01-11,1225,63.0,Nord,Elektronik,Kopfhörer,5,36.46,0.0,Kreditkarte,2.99,4,5.0,False
104912,2023-11-13,647,33.0,West,Haushalt,Pfannenset,2,42.43,5.0,Rechnung,0.0,6,5.0,False
101299,2024-01-07,980,48.0,Nord,Mode,Sneaker,2,33.23,20.0,PayPal,2.99,1,1.0,False
104704,2024-02-10,1712,36.0,Mitte,Haushalt,Pfannenset,1,55.86,15.0,Kreditkarte,2.99,2,5.0,False
104645,2023-04-19,719,46.0,West,Bücher,Roman,1,21.38,15.0,Sofortüberweisung,0.0,3,,False
100660,2023-06-29,134,43.0,Mitte,Sport,Yogamatte,1,900.1655310651263,0.0,Kreditkarte,4.99,5,2.0,False
104047,2024-05-28,646,29.0,Mitte,Elektronik,USB-Kabel,1,60.28,15.0,Kreditkarte,6.99,3,5.0,True
102438,2024-05-08,745,31.0,Nord,Mode,Jacke,1,18.82,0.0,Lastschrift,0.0,3,5.0,False
103706,2024-08-22,1681,29.0,Ost,Elektronik,Smartphone-Hülle,1,10.25,20.0,Lastschrift,4.99,1,5.0,False
103036,2024-07-24,39,47.0,Nord,Elektronik,Bluetooth-Lautsprecher,4,104.18,0.0,Sofortüberweisung,4.99,4,4.0,False
102233,2024-07-03,1275,31.0,West,ELEKTRONIK,Kopfhörer,1,51.28,0.0,Kreditkarte,4.99,4,5.0,True
103113,2024-12-07,608,34.0,Mitte,Elektronik,USB-Kabel,1,55.67,10.0,Rechnung,0.0,1,4.0,False
103998,2023-02-16,575,39.0,Nord,Haushalt,Staubsauger,1,65.65,10.0,PayPal,0.0,3,3.0,False
103668,2024-12-23,1317,36.0,Süd,Sport ,Trinkflasche,2,7.55,0.0,Rechnung,2.99,2,5.0,False
103256,2024-03-01,1346,36.0,Mitte,Bücher,Sachbuch,2,2.48,20.0,Lastschrift,4.99,3,5.0,False
101278,2024-06-17,255,57.0,Ost,Bücher,Comic,2,298.60290059008526,0.0,PayPal,2.99,2,5.0,False
103133,2023-02-27,1676,26.0,West,Haushalt,Lampe,1,69.92,5.0,Kreditkarte,6.99,3,4.0,False
101621,2023-08-21,222,53.0,Süd,Elektronik,Smartphone-Hülle,1,73.46,10.0,Sofortüberweisung,4.99,2,5.0,False
103075,2023-08-23,1725,43.0,Mitte,Haushalt,Bettwäsche,1,87.67,20.0,Lastschrift,0.0,6,4.0,False
100915,2024-12-04,1163,25.0,Mitte,Elektronik,Smartphone-Hülle,2,56.37,5.0,Kreditkarte,6.99,1,5.0,False
100067,2023-10-22,976,32.0,Ost,BÜCHER,Comic,1,6.16,0.0,Kreditkarte,4.99,1,3.0,False
104740,2024-07-15,911,18.0,West,Mode,Mütze,1,19.78,0.0,Lastschrift,2.99,5,4.0,False
102167,2024-04-27,311,44.0,Nord,Haushalt,Pfannenset,1,108.46,0.0,Lastschrift,2.99,6,5.0,False
104745,2023-10-07,840,23.0,West,Sport,Yogamatte,1,40.18,5.0,Kreditkarte,0.0,1,4.0,False
100820,2023-11-07,401,26.0,Mitte,Mode,Jacke,1,14.64,0.0,PayPal,2.99,5,5.0,False
101226,2024-07-28,861,18.0,West,Elektronik,Powerbank,1,63.52,5.0,Rechnung,2.99,1,4.0,False
103185,2024-09-17,1712,29.0,Ost,Haushalt,Lampe,2,43.14,0.0,Lastschrift,2.99,9,,False
104890,2023-03-13,809,22.0,Süd,Mode,T-Shirt,1,39.77,20.0,PayPal,0.0,3,5.0,False
102957,2023-03-22,130,59.0,Ost,Mode,Mütze,1,52.89,0.0,PayPal,0.0,1,5.0,False
104502,2023-08-24,1160,43.0,Süd,Mode,T-Shirt,1,21.6,0.0,PayPal,2.99,1,5.0,False
104313,2024-04-04,1480,56.0,Ost,Mode,Jacke,1,29.99,10.0,Lastschrift,0.0,2,4.0,False
104145,2023-02-08,619,,Süd,Haushalt,Bettwäsche,1,56.77,0.0,PayPal,2.99,1,4.0,False
101143,2024-11-25,138,45.0,Nord,ELEKTRONIK,Smartphone-Hülle,1,91.91,0.0,PayPal,2.99,1,2.0,False
100397,2023-09-02,57,26.0,Nord,Mode,Sneaker,1,33.42,10.0,Sofortüberweisung,2.99,5,,False
104243,2024-05-23,256,49.0,Ost,Haushalt,Lampe,1,32.44,0.0,Sofortüberweisung,2.99,6,5.0,False
104345,2024-05-03,1441,40.0,Süd,Mode,Jacke,1,24.49,0.0,PayPal,6.99,5,4.0,False
104419,2024-10-04,133,42.0,Süd,Sport,Laufschuhe,1,4.06,0.0,PayPal,2.99,7,5.0,False
101398,2024-02-15,1624,28.0,Ost,Sport,Hantel,1,22.56,10.0,Lastschrift,2.99,1,4.0,False
101659,2023-07-02,1128,29.0,West,Mode,Sneaker,1,20.89,0.0,Rechnung,4.99,3,5.0,False
100979,2023-06-11,1106,33.0,Mitte,Haushalt,Kaffeemaschine,1,24.94,0.0,Lastschrift,4.99,5,5.0,False
101298,2024-10-14,1540,43.0,Ost,Mode,T-Shirt,1,12.63,10.0,Lastschrift,6.99,3,1.0,False
103660,2023-01-16,1516,38.0,Süd,Haushalt,Kaffeemaschine,2,42.56,0.0,Sofortüberweisung,0.0,4,5.0,False
100082,2024-08-01,531,45.0,West,Elektronik,USB-Kabel,1,41.54,10.0,Lastschrift,2.99,2,4.0,False
102225,2024-09-26,925,47.0,Nord,Elektronik,Kopfhörer,1,58.7,0.0,PayPal,0.0,5,4.0,False
102505,2024-12-23,408,37.0,Nord,Haushalt,Bettwäsche,1,113.62,0.0,Kreditkarte,2.99,4,5.0,False
104316,2024-12-08,990,43.0,West,Bücher,Sachbuch,1,41.46,0.0,Sofortüberweisung,0.0,1,5.0,False
104708,2023-05-01,390,37.0,Süd,Mode,Jeans,1,47.33,0.0,Sofortüberweisung,0.0,5,4.0,False
104098,2024-08-22,1229,36.0,Nord,Elektronik,Powerbank,1,27.82,10.0,PayPal,0.0,7,1.0,False
100423,2023-09-24,68,37.0,West,Bücher,Roman,2,35.93,10.0,Lastschrift,,4,4.0,False
104383,2024-03-13,1368,35.0,Süd,Elektronik,Kopfhörer,1,52.35,15.0,Kreditkarte,2.99,2,5.0,False
101904,2023-06-22,1668,44.0,West,Sport,Hantel,4,65.75,0.0,Rechnung,0.0,4,5.0,False
104678,2023-06-27,499,29.0,West,Bücher,Roman,4,9.38,0.0,PayPal,0.0,2,5.0,False
104056,2023-08-15,1445,40.0,West,SPORT,Laufschuhe,1,76.08,0.0,Kreditkarte,6.99,7,5.0,False
103165,2024-06-03,297,49.0,Süd,Mode,Jacke,3,20.86,0.0,PayPal,0.0,5,5.0,False
101565,2024-11-22,1404,55.0,Ost,Bücher,Comic,2,12.68,5.0,Rechnung,6.99,3,4.0,False
103423,2024-09-03,676,40.0,Nord,Elektronik,Powerbank,1,55.71,0.0,Kreditkarte,4.99,6,3.0,False
100839,2024-03-04,482,38.0,West,Haushalt,Kaffeemaschine,1,33.8,0.0,Kreditkarte,0.0,6,5.0,False
100500,2024-12-09,163,33.0,West,Elektronik,Kopfhörer,1,29.47,0.0,Lastschrift,4.99,6,1.0,False
100141,2024-06-20,83,46.0,Nord,Elektronik,USB-Kabel,4,27.76,0.0,PayPal,0.0,6,4.0,False
101377,2023-01-13,949,39.0,Ost,Haushalt,Kaffeemaschine,1,79.69,0.0,PayPal,2.99,5,5.0,False
103770,2023-11-26,1742,45.0,Süd,Sport,Fitnessband,1,24.2,10.0,Rechnung,4.99,4,5.0,False
102570,2023-08-26,785,34.0,Ost,Elektronik,Powerbank,4,93.51,0.0,Rechnung,0.0,6,5.0,False
101138,2024-12-29,1567,51.0,Süd,Mode,T-Shirt,2,19.92,0.0,Lastschrift,6.99,6,3.0,False
102594,2023-06-06,1736,18.0,Süd,Haushalt,Bettwäsche,1,19.1,0.0,Rechnung,2.99,3,5.0,False
101787,2023-02-07,1759,36.0,West,Elektronik,Bluetooth-Lautsprecher,1,52.29,15.0,Kreditkarte,6.99,4,5.0,False
102615,2024-07-08,16,,West,Bücher,Kinderbuch,2,10.01,10.0,Lastschrift,2.99,4,4.0,False
100550,2024-06-21,1402,46.0,Ost,Mode ,Jacke,1,12.16,0.0,Kreditkarte,4.99,1,,False
103162,2024-06-11,490,,West,Sport,Laufschuhe,1,47.49,0.0,Kreditkarte,6.99,3,3.0,False
102019,2024-09-09,378,39.0,Ost,Sport,Laufschuhe,2,97.94,0.0,Lastschrift,2.99,5,4.0,False
100948,2023-07-27,1747,18.0,Nord,Sport,Hantel,1,34.94,0.0,Lastschrift,0.0,4,3.0,False
102303,2023-07-10,1780,43.0,Süd,Elektronik,Smartphone-Hülle,3,32.39,0.0,PayPal,4.99,5,,False
100532,2023-11-24,1745,48.0,Süd,Elektronik,Smartphone-Hülle,3,48.82,10.0,PayPal,0.0,2,1.0,False
101829,2023-09-28,783,35.0,Nord,Elektronik,Smartphone-Hülle,1,31.12,0.0,Lastschrift,2.99,6,2.0,False
104847,2024-11-17,516,32.0,Ost,Mode,Jeans,1,18.51,0.0,PayPal,2.99,2,4.0,False
104462,2024-07-26,1189,52.0,Nord,Haushalt,Bettwäsche,1,60.02,0.0,Lastschrift,4.99,4,3.0,False
103947,2023-01-21,339,37.0,Mitte,Haushalt,Staubsauger,5,1041.8795464723282,0.0,PayPal,2.99,8,4.0,False
101602,2023-02-10,732,31.0,Ost,Sport,Hantel,2,41.14,0.0,PayPal,0.0,1,3.0,False
100639,2024-05-08,647,38.0,Nord,Elektronik ,Kopfhörer,1,32.64,5.0,Kreditkarte,6.99,4,4.0,False
104881,2024-06-05,93,31.0,West,Sport,Fitnessband,1,49.1,5.0,Sofortüberweisung,4.99,4,5.0,False
100967,2024-04-14,333,,West,Mode,T-Shirt,1,71.04,15.0,Kreditkarte,0.0,7,3.0,False
104281,2023-05-13,1538,54.0,Süd,Sport,Trinkflasche,2,32.39,0.0,Lastschrift,4.99,2,5.0,True
102677,2023-05-31,490,38.0,Nord,Bücher,Roman,1,13.84,0.0,Lastschrift,4.99,3,3.0,False
101683,2024-11-09,1396,46.0,Mitte,Elektronik,Kopfhörer,1,58.72,0.0,Lastschrift,0.0,4,4.0,False
104515,2023-09-18,222,37.0,Süd,Haushalt,Lampe,1,20.52,0.0,Sofortüberweisung,0.0,5,4.0,False
104544,2024-09-06,1591,47.0,West,Elektronik,Bluetooth-Lautsprecher,1,32.25,10.0,Rechnung,0.0,3,4.0,False
100155,2024-03-18,476,35.0,Süd,Haushalt ,Pfannenset,1,17.1,0.0,Kreditkarte,6.99,3,5.0,False
102534,2024-12-31,943,18.0,Nord,HAUSHALT,Pfannenset,1,37.31,0.0,PayPal,4.99,4,4.0,False
103704,2024-06-01,452,51.0,Mitte,Sport,Fitnessband,2,24.3,0.0,Lastschrift,4.99,3,5.0,False
101089,2024-04-12,69,27.0,Nord,Bücher,Comic,1,12.08,0.0,Kreditkarte,4.99,2,4.0,False
102707,2024-10-24,1740,44.0,Ost,Sport,Laufschuhe,1,39.81,0.0,PayPal,0.0,4,,False
104284,2023-03-26,269,18.0,Ost,Mode,Jeans,2,34.03,10.0,Sofortüberweisung,6.99,2,5.0,False
100288,2024-04-27,179,28.0,Nord,Mode,Jeans,1,30.7,15.0,Kreditkarte,4.99,4,5.0,False
100930,2023-05-13,220,46.0,Ost,Mode,T-Shirt,1,51.06,20.0,Lastschrift,0.0,3,2.0,False
102584,2024-04-09,1435,31.0,West,Sport,Trinkflasche,1,32.23,20.0,Kreditkarte,0.0,5,5.0,False
102305,2024-09-25,1614,41.0,Nord,Haushalt,Kaffeemaschine,2,43.86,20.0,PayPal,0.0,2,5.0,False
103439,2023-08-24,794,24.0,West,Haushalt,Pfannenset,1,36.66,0.0,Sofortüberweisung,6.99,6,5.0,False
104133,2023-10-23,457,,Süd,Elektronik,Smartphone-Hülle,1,46.76,15.0,Sofortüberweisung,0.0,4,5.0,False
103357,2024-07-17,748,33.0,West,HAUSHALT,Staubsauger,1,41.41,0.0,Lastschrift,2.99,3,5.0,False
100942,2023-07-30,787,24.0,West,Bücher,Kinderbuch,1,13.14,15.0,Rechnung,2.99,2,3.0,False
103934,2024-06-23,931,,Nord,MODE,Jacke,1,42.3,0.0,Sofortüberweisung,4.99,4,1.0,False
104709,2024-02-17,1166,39.0,Süd,Elektronik,Powerbank,2,80.73,20.0,Sofortüberweisung,2.99,1,4.0,False
101698,2023-10-31,40,52.0,Nord,Mode,Mütze,2,28.0,5.0,PayPal,4.99,6,4.0,False
104756,2023-11-18,1079,59.0,West,Elektronik,Powerbank,2,78.84,0.0,PayPal,2.99,3,5.0,False
103016,2023-01-07,1263,,Ost,Sport,Yogamatte,2,33.2,0.0,Lastschrift,4.99,5,2.0,False
103647,2023-09-12,446,51.0,Ost,Elektronik,Smartphone-Hülle,2,68.93,0.0,Rechnung,2.99,6,4.0,False
103912,2024-12-16,1055,31.0,West,Sport,Laufschuhe,1,16.42,10.0,Rechnung,2.99,4,5.0,False
100985,2024-08-27,784,27.0,Mitte,Sport ,Fitnessband,1,73.54,20.0,PayPal,6.99,6,3.0,False
102827,2023-11-03,379,49.0,Süd,Elektronik ,Bluetooth-Lautsprecher,1,104.45,0.0,Kreditkarte,2.99,4,4.0,False
102231,2024-10-03,1623,41.0,Mitte,SPORT,Fitnessband,1,33.07,0.0,Kreditkarte,,2,3.0,False
102267,2023-10-16,576,33.0,Mitte,Mode,T-Shirt,1,12.76,0.0,Rechnung,0.0,3,5.0,False
104826,2024-06-25,418,20.0,Süd,Elektronik,USB-Kabel,3,28.75,0.0,Lastschrift,2.99,6,3.0,False
100981,2024-04-20,1633,35.0,Mitte,Elektronik,Bluetooth-Lautsprecher,1,33.21,0.0,PayPal,6.99,2,2.0,False
103407,2024-12-01,1563,46.0,Nord,Mode,Jacke,1,22.53,20.0,PayPal,2.99,4,3.0,False
104527,2023-04-19,1071,22.0,West,Sport,Fitnessband,1,19.27,0.0,Kreditkarte,2.99,3,4.0,True
103225,2024-12-26,845,45.0,West,Mode,T-Shirt,1,27.77,0.0,Sofortüberweisung,2.99,2,3.0,False
103001,2024-09-20,37,24.0,West,Sport,Laufschuhe,1,27.59,0.0,PayPal,0.0,1,2.0,False
104587,2023-10-05,760,32.0,Nord,Mode,Jeans,1,55.88,0.0,Rechnung,4.99,2,5.0,False
103919,2023-06-01,1297,48.0,Ost,Mode,Mütze,2,39.84,0.0,Lastschrift,4.99,3,3.0,False
101457,2023-05-06,706,58.0,Ost,Bücher,Sachbuch,2,9.61,0.0,Sofortüberweisung,6.99,3,5.0,False
101395,2024-02-08,35,31.0,West,Haushalt,Bettwäsche,4,76.72,0.0,Lastschrift,2.99,3,5.0,False
100264,2024-07-23,1226,30.0,Süd,Mode,Jacke,2,34.67,0.0,PayPal,2.99,4,5.0,False
102440,2024-07-04,1,57.0,Ost,Mode,Jeans,1,12.33,25.0,Rechnung,4.99,5,2.0,False
100929,2024-01-11,1662,46.0,Süd,Mode ,Jeans,1,36.38,0.0,Kreditkarte,,3,4.0,False
103123,2023-12-19,427,19.0,Ost,Haushalt,Lampe,1,60.92,0.0,Kreditkarte,0.0,5,5.0,False
102178,2024-03-04,1079,34.0,Süd,Mode,Jeans,2,25.76,0.0,PayPal,6.99,7,4.0,False
103570,2023-04-01,1302,27.0,Ost,Mode,T-Shirt,1,28.84,0.0,Sofortüberweisung,6.99,4,3.0,False
100246,2024-05-06,539,18.0,Süd,Mode,Sneaker,1,15.41,0.0,Rechnung,2.99,5,,False
103662,2023-10-26,253,30.0,Süd,Mode,Sneaker,1,11.65,5.0,Kreditkarte,0.0,3,2.0,False
101758,2023-01-17,874,40.0,Süd,Sport,Trinkflasche,1,58.0,5.0,Kreditkarte,0.0,2,5.0,False
104914,2024-05-19,1073,38.0,Nord,Haushalt,Lampe,1,36.15,10.0,Kreditkarte,6.99,2,5.0,False
102867,2023-07-20,1578,45.0,Mitte,Mode,Sneaker,1,31.28,0.0,Sofortüberweisung,0.0,3,5.0,False
100923,2024-08-05,1387,18.0,Nord,Mode,Mütze,2,17.32,0.0,Lastschrift,2.99,5,2.0,False
102389,2024-10-31,1559,28.0,Ost,Bücher,Sachbuch,1,5.89,15.0,Sofortüberweisung,4.99,8,5.0,False
100268,2023-02-07,1371,46.0,Süd,Elektronik,USB-Kabel,1,42.84,15.0,Sofortüberweisung,0.0,4,4.0,False
100669,2023-01-26,47,24.0,Ost,Sport,Hantel,1,56.04,0.0,Lastschrift,2.99,5,,False
104935,2023-05-04,1278,33.0,Mitte,Bücher,Comic,1,17.29,0.0,PayPal,6.99,5,5.0,False
101910,2023-06-26,1207,47.0,West,Elektronik,Smartphone-Hülle,1,9.13,0.0,Lastschrift,4.99,4,4.0,False
103046,2024-11-04,1033,38.0,Mitte,SPORT ,Trinkflasche,2,70.34,0.0,Sofortüberweisung,4.99,3,4.0,False
101152,2023-11-17,1445,21.0,Süd,Elektronik,Powerbank,4,33.71,0.0,PayPal,6.99,3,,False
104866,2024-07-28,598,41.0,West,Mode,Jeans,1,42.41,0.0,Rechnung,2.99,3,4.0,False
103523,2024-01-17,392,48.0,Süd,Sport,Hantel,1,12.74,0.0,PayPal,4.99,3,3.0,False
104512,2023-03-07,342,,West,Elektronik,Kopfhörer,2,46.26,0.0,Sofortüberweisung,2.99,1,5.0,False
103963,2024-01-03,1737,31.0,Mitte,ELEKTRONIK,Smartphone-Hülle,1,79.1,0.0,PayPal,0.0,4,3.0,False
104528,2023-06-12,1356,33.0,West,Bücher,Roman,1,26.23,0.0,Lastschrift,0.0,4,5.0,False
103043,2023-04-06,889,49.0,Nord,Mode,T-Shirt,1,11.36,5.0,PayPal,2.99,2,5.0,False
101915,2023-01-05,579,33.0,West,Sport,Yogamatte,2,126.66,0.0,Rechnung,0.0,2,5.0,False
100612,2024-10-22,1263,35.0,Mitte,Elektronik,Powerbank,1,35.82,10.0,Rechnung,0.0,4,3.0,False
102450,2023-01-30,1563,40.0,Mitte,Bücher,Roman,1,8.36,0.0,Rechnung,0.0,5,4.0,False
104124,2024-12-05,1065,41.0,Süd,Mode,Sneaker,3,54.84,0.0,PayPal,6.99,7,5.0,False
101898,2023-11-01,1784,29.0,Mitte,Mode,Jacke,2,8.0,0.0,PayPal,4.99,1,4.0,False
101649,2023-02-04,1453,40.0,Mitte,Sport,Fitnessband,1,901.5307069459052,0.0,Kreditkarte,4.99,4,5.0,False
102498,2024-05-26,1687,61.0,Nord,Mode,T-Shirt,1,40.66,10.0,Lastschrift,4.99,2,5.0,False
100258,2024-08-15,1527,54.0,Nord,Mode,Sneaker,2,33.38,25.0,Kreditkarte,4.99,4,5.0,False
100847,2023-11-15,1038,34.0,Mitte,Mode,Mütze,1,57.87,0.0,Kreditkarte,6.99,3,5.0,False
104295,2024-03-19,389,43.0,Süd,Mode,Mütze,1,28.23,5.0,Kreditkarte,2.99,5,5.0,False
101233,2024-09-01,1304,52.0,Mitte,Haushalt,Bettwäsche,1,39.72,0.0,Kreditkarte,0.0,5,4.0,False
101127,2023-01-16,1229,54.0,Süd,Elektronik,Bluetooth-Lautsprecher,2,49.65,0.0,Sofortüberweisung,6.99,2,,False
101967,2024-01-28,162,70.0,Nord,Elektronik,USB-Kabel,1,68.98,5.0,Rechnung,2.99,2,5.0,False
100558,2023-10-22,1776,26.0,Ost,Mode,Jeans,2,47.71,10.0,PayPal,0.0,6,,False
103982,2023-04-20,340,34.0,Nord,Elektronik,Bluetooth-Lautsprecher,1,19.29,0.0,Kreditkarte,0.0,3,4.0,False
100484,2023-04-27,299,40.0,Nord,ELEKTRONIK,Smartphone-Hülle,1,66.37,0.0,Kreditkarte,2.99,3,5.0,False
102211,2024-07-10,1575,26.0,West,Mode,Jacke,1,10.62,0.0,Sofortüberweisung,4.99,2,5.0,False
101320,2024-11-03,1162,22.0,West,Mode,Mütze,1,28.0,0.0,Kreditkarte,0.0,4,5.0,False
102574,2024-04-06,1492,39.0,Mitte,Sport,Fitnessband,1,28.37,10.0,Sofortüberweisung,2.99,6,4.0,False
100007,2023-07-10,1290,27.0,West,Haushalt,Staubsauger,4,13.77,15.0,Rechnung,4.99,6,4.0,False
104407,2023-05-18,1437,57.0,Nord,Bücher,Comic,1,9.27,10.0,Kreditkarte,0.0,3,4.0,False
103254,2024-02-05,110,26.0,Nord,Mode,Mütze,2,44.7,0.0,Kreditkarte,0.0,1,5.0,False
101450,2024-04-13,491,63.0,Nord,Haushalt,Bettwäsche,1,89.66,5.0,PayPal,4.99,2,5.0,False
104058,2023-09-15,157,30.0,Süd,Haushalt ,Staubsauger,2,54.2,0.0,Kreditkarte,0.0,5,2.0,False
101814,2023-07-10,1060,41.0,Mitte,Haushalt,Bettwäsche,3,101.38,0.0,Lastschrift,0.0,4,4.0,False
100773,2023-08-02,1057,28.0,Nord,HAUSHALT,Kaffeemaschine,3,41.47,0.0,PayPal,4.99,5,,False
101011,2024-01-16,19,20.0,Süd,Mode,Jeans,2,26.97,0.0,Sofortüberweisung,4.99,2,,False
103145,2023-04-07,863,25.0,Ost,Sport,Fitnessband,2,31.29,0.0,Rechnung,0.0,3,,True
102815,2023-08-20,293,22.0,West,Elektronik,Smartphone-Hülle,1,12.13,0.0,Lastschrift,4.99,3,4.0,False
101991,2023-10-18,560,36.0,Nord,Mode,Mütze,1,11.33,15.0,PayPal,4.99,5,4.0,False
101277,2023-02-16,1102,35.0,Nord,Bücher,Roman,1,13.09,10.0,PayPal,0.0,2,4.0,False
101783,2023-08-12,250,34.0,Nord,Elektronik,Powerbank,1,77.27,0.0,Rechnung,6.99,3,4.0,False
103168,2024-12-04,1295,29.0,Mitte,Mode,Jeans,1,16.74,0.0,PayPal,0.0,2,4.0,False
100446,2023-05-21,1230,18.0,Nord,Sport,Yogamatte,1,36.02,10.0,Kreditkarte,4.99,1,4.0,False
100880,2024-08-11,745,23.0,Süd,Elektronik,Smartphone-Hülle,1,28.17,0.0,Rechnung,0.0,2,2.0,False
104504,2024-06-03,1227,26.0,Nord,Bücher,Kochbuch,1,22.38,15.0,Kreditkarte,4.99,1,5.0,False
100781,2024-03-21,604,33.0,Mitte,Haushalt,Pfannenset,1,76.74,0.0,PayPal,0.0,6,,False
101749,2024-11-13,84,43.0,Nord,Sport,Laufschuhe,1,11.34,15.0,Kreditkarte,2.99,5,5.0,False
103456,2023-08-08,1697,46.0,Nord,Elektronik,Powerbank,1,44.87,0.0,Rechnung,6.99,1,5.0,False
104931,2024-02-29,140,33.0,Mitte,Bücher,Comic,1,16.3,0.0,Kreditkarte,2.99,8,4.0,False
100883,2023-03-03,1263,49.0,Ost,Sport,Yogamatte,1,29.44,0.0,Lastschrift,0.0,2,5.0,False
103774,2023-08-26,684,53.0,West,Bücher,Comic,1,39.84,0.0,PayPal,2.99,5,5.0,False
101091,2024-02-28,1683,37.0,Ost,Haushalt,Bettwäsche,1,85.14,0.0,Sofortüberweisung,2.99,2,4.0,False
102997,2024-06-03,756,56.0,Mitte,Haushalt,Pfannenset,1,56.42,15.0,Sofortüberweisung,2.99,6,4.0,False
100531,2023-08-02,1536,40.0,Süd,Haushalt,Bettwäsche,2,63.23,0.0,Lastschrift,2.99,3,5.0,False
104100,2024-09-15,1194,36.0,Nord,Mode,Sneaker,4,30.37,0.0,Lastschrift,0.0,2,2.0,False
104244,2023-05-02,1089,34.0,Ost,Haushalt,Pfannenset,4,144.4,15.0,Sofortüberweisung,2.99,5,4.0,False
104139,2023-02-26,1399,42.0,Ost,Elektronik,Powerbank,1,9.56,20.0,Rechnung,2.99,2,2.0,False
101727,2023-07-21,1615,21.0,West,Haushalt ,Bettwäsche,4,65.48,0.0,Rechnung,4.99,1,5.0,False
100610,2024-11-17,1265,29.0,Ost,Elektronik,Powerbank,1,83.45,10.0,Kreditkarte,0.0,3,3.0,False
100570,2024-09-30,1651,22.0,Mitte,Elektronik,USB-Kabel,1,20.84,0.0,Lastschrift,4.99,1,4.0,False
104440,2024-11-08,38,31.0,Mitte,Mode,Mütze,1,33.51,5.0,Kreditkarte,2.99,2,4.0,False
104092,2023-11-09,1164,48.0,Ost,Mode,Jeans,2,33.26,0.0,PayPal,0.0,4,,False
100343,2024-07-30,1574,39.0,West,Mode,Sneaker,1,38.63,5.0,Sofortüberweisung,0.0,4,3.0,True
103269,2023-08-22,487,60.0,Süd,Elektronik,Bluetooth-Lautsprecher,1,45.63,0.0,Rechnung,4.99,5,5.0,False
103203,2023-02-27,1446,46.0,Süd,Elektronik,Smartphone-Hülle,1,27.0,0.0,Kreditkarte,2.99,5,5.0,False
100434,2024-08-06,901,,Mitte,Haushalt,Pfannenset,1,41.02,0.0,Lastschrift,0.0,2,4.0,False
101903,2023-03-31,156,40.0,Süd,Haushalt,Bettwäsche,4,46.89,10.0,Rechnung,0.0,4,5.0,False
103877,2023-03-18,1750,35.0,Ost,Mode,Sneaker,1,42.64,0.0,Rechnung,4.99,3,5.0,False
103285,2023-07-23,1653,39.0,West,Mode,Sneaker,3,41.65,20.0,Sofortüberweisung,2.99,1,,False
102069,2024-09-15,710,41.0,Süd,Bücher,Sachbuch,1,6.54,0.0,Kreditkarte,4.99,7,4.0,True
101537,2024-09-22,471,34.0,West,Elektronik,USB-Kabel,4,52.43,0.0,Sofortüberweisung,2.99,9,3.0,False
102295,2024-01-04,1005,46.0,West,Mode,Sneaker,4,27.66,0.0,PayPal,6.99,5,4.0,False
102988,2024-05-17,389,39.0,Ost,Elektronik,Smartphone-Hülle,3,56.63,0.0,Sofortüberweisung,6.99,2,5.0,False
101517,2024-11-02,1736,57.0,West,Mode,Sneaker,1,68.54,0.0,PayPal,6.99,6,5.0,False
100965,2024-05-28,62,,Nord,Elektronik,Kopfhörer,2,69.58,15.0,Kreditkarte,6.99,6,4.0,False
104450,2023-03-21,1574,20.0,Ost,Mode,Jacke,1,23.89,5.0,Kreditkarte,4.99,5,4.0,True
100528,2023-01-05,1695,,West,Mode ,Mütze,1,59.19,0.0,Sofortüberweisung,4.99,4,5.0,False
100176,2024-12-25,367,45.0,Süd,Haushalt,Kaffeemaschine,1,43.8,0.0,Rechnung,4.99,4,5.0,False
103552,2024-02-04,588,38.0,West,Mode,Jacke,2,27.97,5.0,Sofortüberweisung,4.99,5,5.0,False
102592,2023-10-03,30,24.0,Nord,Haushalt,Bettwäsche,1,27.3,0.0,Kreditkarte,2.99,1,5.0,False
104733,2023-07-05,1476,18.0,Nord,Bücher,Kinderbuch,1,18.51,0.0,Kreditkarte,0.0,3,4.0,False
100572,2023-06-12,1453,36.0,Ost,Mode,T-Shirt,4,42.69,0.0,Rechnung,0.0,2,5.0,False
103849,2023-11-09,1504,47.0,West,Mode,Jeans,1,11.05,20.0,Kreditkarte,4.99,6,4.0,False
103859,2023-11-27,907,46.0,West,Sport,Yogamatte,1,47.49,0.0,Lastschrift,0.0,3,4.0,False
102873,2023-06-16,485,30.0,West,Mode,Jeans,3,41.68,20.0,Rechnung,0.0,3,5.0,False
103277,2023-05-02,1208,48.0,West,Haushalt,Staubsauger,2,53.22,0.0,Sofortüberweisung,4.99,1,1.0,False
102633,2023-12-26,918,18.0,Nord,Mode,Jeans,1,26.91,10.0,Sofortüberweisung,2.99,4,5.0,False
102208,2024-07-16,1154,45.0,Süd,Haushalt,Pfannenset,1,101.84,0.0,Sofortüberweisung,4.99,3,4.0,True
102614,2024-10-30,1409,43.0,Ost,Haushalt,Kaffeemaschine,1,39.5,0.0,Kreditkarte,6.99,2,5.0,False
102810,2024-04-17,483,18.0,Süd,Elektronik,Smartphone-Hülle,2,24.26,0.0,Kreditkarte,0.0,5,3.0,False
100383,2024-08-07,796,26.0,Mitte,Mode,Mütze,1,26.65,0.0,Kreditkarte,2.99,2,3.0,True
100852,2023-06-18,1179,34.0,Ost,Mode,Jeans,1,32.25,0.0,Sofortüberweisung,2.99,2,4.0,False
101880,2023-03-24,498,32.0,Ost,Elektronik,Bluetooth-Lautsprecher,2,56.95,10.0,Kreditkarte,2.99,4,5.0,False
100370,2024-07-11,1152,21.0,Mitte,BÜCHER ,Comic,1,22.96,0.0,Sofortüberweisung,0.0,6,4.0,False
102422,2023-10-25,790,48.0,Nord,Mode,Sneaker,1,58.44,15.0,PayPal,4.99,2,2.0,False
104367,2023-10-21,1641,18.0,Ost,Elektronik,Smartphone-Hülle,1,28.35,0.0,PayPal,6.99,5,5.0,False
101105,2024-05-16,981,38.0,Mitte,Mode,Mütze,2,42.85,10.0,Kreditkarte,6.99,5,3.0,False
104235,2024-05-10,354,19.0,West,Elektronik ,USB-Kabel,1,42.42,10.0,PayPal,4.99,1,4.0,False
104023,2024-12-07,915,,Ost,Mode,Jacke,2,30.92,25.0,Lastschrift,2.99,2,3.0,False
101336,2024-09-04,874,36.0,Nord,Elektronik,Bluetooth-Lautsprecher,1,17.15,0.0,PayPal,6.99,1,4.0,False
102189,2024-03-28,400,21.0,Süd,Elektronik,USB-Kabel,4,75.06,5.0,Rechnung,2.99,6,4.0,False
104639,2024-08-09,391,20.0,West,Haushalt,Pfannenset,1,92.26,0.0,Sofortüberweisung,4.99,5,4.0,False
101600,2024-08-10,418,31.0,Ost,Sport,Yogamatte,2,11.14,20.0,Rechnung,6.99,3,4.0,False
103610,2023-03-12,1245,22.0,Süd,Elektronik,Powerbank,2,21.0,10.0,Sofortüberweisung,2.99,2,5.0,False
103006,2023-12-24,151,28.0,Nord,Mode,Jacke,1,18.08,0.0,Sofortüberweisung,6.99,1,3.0,False
104897,2023-02-26,277,43.0,Nord,Mode,Jacke,1,16.77,0.0,Rechnung,2.99,9,3.0,False
101171,2023-04-02,1355,47.0,Süd,Haushalt,Staubsauger,1,23.36,15.0,Rechnung,0.0,3,5.0,False
102644,2023-10-23,1640,46.0,Süd,Haushalt,Staubsauger,1,197.74,0.0,Lastschrift,0.0,2,4.0,False
104003,2023-09-06,1255,26.0,Nord,Elektronik,Bluetooth-Lautsprecher,1,16.27,0.0,Kreditkarte,6.99,2,5.0,False
101422,2023-03-09,817,18.0,Ost,Elektronik ,Smartphone-Hülle,2,163.12,0.0,Lastschrift,4.99,3,5.0,False
102647,2024-02-12,125,40.0,Nord,Mode,Jeans,1,7.1,0.0,Sofortüberweisung,2.99,4,4.0,False
104487,2024-01-06,867,53.0,Süd,Mode,T-Shirt,2,41.34,0.0,Sofortüberweisung,4.99,1,5.0,False
104197,2023-09-24,1666,46.0,Mitte,Sport,Yogamatte,1,29.18,0.0,Lastschrift,6.99,3,5.0,False
101464,2023-03-13,1294,31.0,Nord,Mode,Sneaker,2,13.52,0.0,Kreditkarte,4.99,5,,False
100874,2024-11-03,1718,61.0,West,Sport,Laufschuhe,2,28.76,5.0,Sofortüberweisung,4.99,1,4.0,False
102297,2023-08-04,584,51.0,Nord,Mode,Jeans,4,99.54,0.0,PayPal,6.99,5,5.0,False
103593,2023-02-01,2,18.0,West,Mode,Sneaker,1,8.7,0.0,Kreditkarte,6.99,6,5.0,False
104384,2023-03-01,221,40.0,West,Elektronik,Smartphone-Hülle,1,49.05,5.0,Lastschrift,4.99,3,1.0,False
101251,2023-02-12,918,20.0,Mitte,Mode,T-Shirt,2,19.22,25.0,PayPal,0.0,3,5.0,False
102706,2023-04-06,1142,40.0,West,Elektronik,Bluetooth-Lautsprecher,5,36.48,0.0,Rechnung,6.99,4,5.0,False
100840,2024-07-30,1048,18.0,Nord,Elektronik,USB-Kabel,2,37.74,20.0,Kreditkarte,0.0,1,3.0,True
103132,2023-06-29,1286,25.0,Nord,Mode,Mütze,1,54.01,15.0,PayPal,0.0,4,4.0,False
100581,2023-04-12,387,18.0,West,Elektronik,USB-Kabel,1,1185.3923484331453,0.0,PayPal,2.99,1,3.0,False
100204,2023-09-17,1371,24.0,West,Sport ,Trinkflasche,1,28.49,0.0,PayPal,0.0,6,5.0,False
101641,2024-11-20,609,39.0,Nord,Bücher,Comic,1,21.83,0.0,Lastschrift,4.99,2,5.0,False
102014,2023-05-20,826,42.0,West,Elektronik,Bluetooth-Lautsprecher,2,10.71,0.0,Kreditkarte,4.99,4,3.0,False
100905,2024-11-22,276,18.0,Ost,Elektronik,Powerbank,2,9.76,0.0,Kreditkarte,2.99,5,5.0,False
100631,2024-09-02,321,50.0,Mitte,Elektronik,Smartphone-Hülle,1,57.56,0.0,Lastschrift,4.99,5,5.0,False
104010,2024-08-01,869,45.0,Ost,Mode,Sneaker,2,32.67,0.0,Sofortüberweisung,2.99,2,3.0,False
101974,2024-01-26,1229,36.0,West,Mode,T-Shirt,1,28.71,0.0,Sofortüberweisung,4.99,4,3.0,False
100162,2024-10-16,1387,31.0,Mitte,Bücher,Sachbuch,2,18.87,0.0,Sofortüberweisung,2.99,6,3.0,False
103316,2023-06-11,1378,25.0,Nord,Sport,Fitnessband,2,48.66,0.0,Lastschrift,4.99,3,5.0,False
104529,2023-09-14,544,23.0,Ost,Elektronik,Bluetooth-Lautsprecher,1,54.91,0.0,Rechnung,0.0,5,4.0,False
104540,2024-07-13,266,29.0,West,Elektronik,Kopfhörer,3,119.96,10.0,PayPal,4.99,5,5.0,False
100617,2024-02-17,1735,59.0,Ost,Mode,Mütze,2,42.8,20.0,Rechnung,0.0,3,5.0,True
100875,2023-10-09,1158,28.0,Nord,Mode,Jacke,2,21.28,10.0,Sofortüberweisung,6.99,4,3.0,False
101431,2024-04-29,894,27.0,Süd,Sport,Hantel,3,41.34,0.0,Kreditkarte,6.99,4,4.0,False
100547,2024-12-23,1465,44.0,Süd,Haushalt,Pfannenset,1,25.65,0.0,PayPal,0.0,7,5.0,False
103402,2024-05-15,734,37.0,Ost,Elektronik,Smartphone-Hülle,1,61.61,0.0,Lastschrift,2.99,3,5.0,False
104591,2024-01-27,1347,46.0,Nord,Elektronik,Bluetooth-Lautsprecher,1,46.3,0.0,Kreditkarte,2.99,2,4.0,False
104266,2023-10-28,157,35.0,Nord,Haushalt,Bettwäsche,1,29.14,0.0,Rechnung,4.99,6,5.0,False
103931,2024-05-02,176,28.0,Nord,Elektronik,Kopfhörer,1,80.09,0.0,Lastschrift,4.99,4,5.0,False
102718,2024-10-21,632,23.0,Nord,Mode,Jacke,2,30.78,0.0,Rechnung,0.0,5,5.0,False
104771,2024-03-12,1280,56.0,Ost,Haushalt,Bettwäsche,2,68.26,0.0,Rechnung,6.99,2,5.0,False
104122,2023-03-23,480,43.0,Nord,Elektronik,Bluetooth-Lautsprecher,4,10.13,10.0,PayPal,2.99,1,5.0,False
101861,2024-10-10,889,28.0,West,Bücher,Roman,1,36.73,0.0,Sofortüberweisung,6.99,3,2.0,False
100640,2024-01-24,1310,,West,Elektronik,Kopfhörer,1,38.71,0.0,Lastschrift,0.0,4,5.0,False
103048,2023-12-17,28,31.0,Nord,Elektronik,Powerbank,1,39.95,0.0,Rechnung,0.0,2,5.0,False
100637,2023-11-07,498,41.0,Süd,Sport,Laufschuhe,2,275.88368577022345,0.0,Rechnung,0.0,4,4.0,False
104903,2024-05-10,114,39.0,West,Haushalt,Staubsauger,1,75.72,5.0,Rechnung,4.99,3,5.0,False
104799,2023-07-30,1102,31.0,Ost,Mode,Sneaker,1,14.75,15.0,PayPal,4.99,1,5.0,False
103047,2024-07-14,1362,42.0,Mitte,Sport,Fitnessband,4,15.95,0.0,Kreditkarte,,3,5.0,False
102096,2024-10-02,1322,28.0,Nord,Elektronik,Bluetooth-Lautsprecher,2,43.42,0.0,PayPal,0.0,1,5.0,False
102526,2023-11-16,1313,49.0,Ost,Bücher,Kinderbuch,1,12.19,0.0,Lastschrift,0.0,4,5.0,True
103138,2023-05-12,1754,33.0,Mitte,Haushalt,Pfannenset,2,34.05,10.0,Kreditkarte,2.99,6,5.0,False
103747,2023-02-28,1558,62.0,Süd,Bücher,Roman,5,6.9,15.0,Lastschrift,0.0,2,2.0,False
102899,2023-04-28,99,45.0,West,Haushalt,Staubsauger,3,29.24,5.0,PayPal,0.0,5,4.0,False
100921,2024-10-11,1343,50.0,Nord,Haushalt,Bettwäsche,1,44.11,0.0,Sofortüberweisung,2.99,3,4.0,False
100546,2024-04-14,1531,20.0,Nord,Haushalt,Pfannenset,1,69.75,0.0,PayPal,4.99,1,4.0,False
103739,2023-05-26,1359,52.0,Ost,Sport,Hantel,1,80.68,0.0,Lastschrift,2.99,4,5.0,False
101900,2024-10-30,644,52.0,Süd,MODE,Sneaker,1,20.33,20.0,Kreditkarte,2.99,2,4.0,False
102028,2023-09-16,1584,46.0,Süd,Elektronik,Powerbank,2,72.55,0.0,Rechnung,2.99,5,2.0,False
102301,2023-06-09,1669,18.0,Ost,Mode,Jeans,2,44.94,0.0,Lastschrift,4.99,9,4.0,False
101885,2023-04-10,103,20.0,Ost,Haushalt,Kaffeemaschine,2,75.5,5.0,Sofortüberweisung,6.99,6,4.0,False
101642,2024-10-04,1526,46.0,Nord,Mode,T-Shirt,1,9.32,0.0,Kreditkarte,0.0,4,5.0,False
104398,2024-11-12,72,70.0,West,Elektronik,Smartphone-Hülle,1,19.57,5.0,Sofortüberweisung,0.0,3,5.0,False
104858,2024-07-21,526,29.0,Nord,Sport,Fitnessband,2,29.81,0.0,Kreditkarte,,1,4.0,False
102097,2024-07-29,1266,18.0,Ost,Bücher,Roman,1,11.99,5.0,Kreditkarte,4.99,3,3.0,False
104401,2024-05-03,250,28.0,West,Haushalt,Lampe,2,13.09,0.0,PayPal,4.99,1,4.0,False
103633,2023-10-16,1287,53.0,Mitte,Sport,Yogamatte,5,32.32,0.0,Kreditkarte,2.99,2,5.0,False
104539,2024-02-01,1160,33.0,Ost,Sport,Fitnessband,2,28.63,0.0,Sofortüberweisung,2.99,2,5.0,False
103351,2023-12-04,1186,36.0,Nord,Sport,Yogamatte,1,26.32,0.0,Rechnung,0.0,3,4.0,False
100836,2024-05-28,1363,34.0,Nord,Mode,Jacke,2,20.41,5.0,PayPal,2.99,4,5.0,False
100601,2023-07-31,1729,18.0,West,Elektronik,Smartphone-Hülle,1,44.94,0.0,Rechnung,4.99,1,4.0,False
102184,2023-10-19,636,42.0,Nord,MODE,Jeans,2,24.19,0.0,PayPal,6.99,1,4.0,False
103941,2023-01-05,1336,51.0,Nord,Mode,Jacke,5,52.1,0.0,PayPal,2.99,7,5.0,False
102528,2023-07-17,1296,48.0,Ost,Elektronik,Smartphone-Hülle,2,20.66,10.0,Rechnung,0.0,6,5.0,False
104351,2024-11-08,732,27.0,Mitte,Haushalt,Bettwäsche,1,46.75,25.0,Lastschrift,2.99,2,5.0,False
101582,2023-08-16,1780,46.0,West,Haushalt,Kaffeemaschine,1,41.71,20.0,PayPal,0.0,4,4.0,False
104310,2023-06-06,422,18.0,Mitte,Sport,Trinkflasche,1,51.1,20.0,PayPal,4.99,6,5.0,False
103535,2024-05-15,1457,43.0,Ost,Mode,Jeans,1,22.97,0.0,Rechnung,0.0,7,4.0,False
103226,2024-08-06,718,41.0,West,Elektronik,USB-Kabel,1,64.24,0.0,Sofortüberweisung,,1,4.0,False
101070,2024-04-19,588,47.0,West,Elektronik,Smartphone-Hülle,2,80.66,0.0,Kreditkarte,2.99,2,5.0,False
101775,2024-08-14,1039,42.0,Mitte,Mode,Sneaker,1,33.94,0.0,PayPal,6.99,3,5.0,False
104857,2024-08-21,727,33.0,Ost,Sport,Yogamatte,1,35.18,0.0,Kreditkarte,0.0,3,3.0,True
101283,2023-09-19,454,18.0,Mitte,Haushalt,Pfannenset,1,28.85,0.0,Rechnung,2.99,4,5.0,False
103112,2024-08-04,832,30.0,Nord,Elektronik,Smartphone-Hülle,1,13.55,0.0,Sofortüberweisung,4.99,4,4.0,False
104802,2023-01-17,128,,Süd,Sport,Fitnessband,1,26.59,0.0,Rechnung,6.99,4,4.0,False
101836,2024-02-10,1427,30.0,Mitte,Mode,Jeans,5,19.06,10.0,Kreditkarte,0.0,3,4.0,False
104286,2024-08-16,1152,47.0,Ost,Bücher,Roman,1,10.12,0.0,Rechnung,4.99,6,4.0,False
101019,2024-02-11,1606,35.0,Ost,Elektronik,Smartphone-Hülle,1,113.48,25.0,Sofortüberweisung,6.99,4,5.0,False
103271,2023-06-04,1401,44.0,Ost,Mode,Jeans,1,28.41,20.0,Sofortüberweisung,0.0,5,3.0,False
101326,2023-10-17,71,40.0,Süd,Sport,Hantel,1,73.18,15.0,Rechnung,2.99,4,5.0,False
100475,2024-04-23,1196,31.0,Süd,Mode,Jeans,3,14.29,0.0,Sofortüberweisung,0.0,9,1.0,False
103516,2023-06-02,1322,35.0,Nord,Elektronik,Powerbank,1,55.03,10.0,Kreditkarte,2.99,6,4.0,False
101651,2024-01-17,1088,35.0,Nord,Sport,Laufschuhe,1,6.58,5.0,Sofortüberweisung,4.99,3,5.0,False
104077,2023-06-10,1202,32.0,West,Mode,Sneaker,1,34.69,10.0,Kreditkarte,0.0,2,4.0,False
104329,2023-01-16,128,20.0,Ost,Sport,Yogamatte,1,17.86,0.0,Lastschrift,2.99,3,1.0,False
104483,2024-04-15,979,58.0,Süd,Haushalt,Pfannenset,3,82.04,0.0,Lastschrift,4.99,3,5.0,False
102523,2024-05-03,1289,38.0,Süd,Mode,Mütze,1,37.21,0.0,Kreditkarte,2.99,4,4.0,False
102634,2024-09-10,418,28.0,Nord,Elektronik,Kopfhörer,3,25.62,0.0,Rechnung,2.99,1,5.0,False
101373,2023-12-30,810,50.0,Nord,Haushalt,Bettwäsche,1,69.89,0.0,Kreditkarte,2.99,3,5.0,False
100739,2024-02-04,1254,37.0,Mitte,Haushalt,Kaffeemaschine,1,30.87,0.0,Sofortüberweisung,4.99,3,5.0,False
103691,2024-07-25,1684,48.0,West,Haushalt,Kaffeemaschine,1,29.44,5.0,Lastschrift,0.0,6,3.0,False
104784,2023-04-24,958,18.0,Ost,ELEKTRONIK,Powerbank,1,25.77,15.0,Rechnung,0.0,5,4.0,False
100867,2024-10-06,846,35.0,West,Haushalt,Bettwäsche,2,66.9,0.0,Kreditkarte,0.0,4,5.0,False
101140,2024-11-28,1024,40.0,Süd,Mode,T-Shirt,2,37.83,0.0,Rechnung,6.99,6,,False
100997,2024-02-22,1432,41.0,Mitte,Mode,Jacke,2,11.99,0.0,Rechnung,0.0,4,5.0,False
101337,2024-09-06,1404,44.0,West,Sport,Yogamatte,2,25.31,5.0,Kreditkarte,4.99,7,4.0,False
100541,2024-07-21,232,28.0,Ost,Bücher,Roman,1,21.51,20.0,Kreditkarte,2.99,5,3.0,False
101099,2023-11-28,1300,24.0,Süd,Haushalt,Lampe,2,69.2,0.0,Sofortüberweisung,0.0,2,5.0,False
101132,2024-02-01,1774,,Mitte,Elektronik,USB-Kabel,3,44.93,5.0,Lastschrift,4.99,3,5.0,False
104901,2023-10-11,1664,41.0,West,Haushalt,Lampe,1,40.8,20.0,Lastschrift,2.99,3,4.0,False
104898,2024-04-12,604,19.0,Süd,Sport,Hantel,1,34.09,0.0,Rechnung,4.99,1,2.0,False
102258,2024-03-16,1564,54.0,Süd,Elektronik,Powerbank,1,60.71,0.0,Kreditkarte,0.0,4,5.0,False
104065,2024-08-08,1402,43.0,West,Haushalt,Bettwäsche,1,90.97,25.0,Lastschrift,6.99,5,4.0,False
100059,2024-02-27,1052,22.0,Süd,Haushalt,Staubsauger,1,49.25,0.0,Kreditkarte,6.99,3,1.0,False
102942,2023-08-24,546,58.0,Mitte,Elektronik,Powerbank,1,10.45,0.0,PayPal,0.0,7,3.0,False
101938,2024-12-15,643,47.0,Mitte,Haushalt,Bettwäsche,3,119.39,0.0,Lastschrift,2.99,2,,False
102627,2024-08-08,874,42.0,Ost,Haushalt,Pfannenset,2,68.43,15.0,Sofortüberweisung,2.99,3,4.0,False
104986,2023-01-12,1294,30.0,Nord,Elektronik,Kopfhörer,1,71.85,0.0,Sofortüberweisung,0.0,5,4.0,False
101078,2023-10-16,1554,40.0,West,Haushalt,Bettwäsche,2,69.37,15.0,PayPal,0.0,5,3.0,False
102977,2023-02-16,1489,27.0,Nord,HAUSHALT,Staubsauger,2,57.59,0.0,Rechnung,2.99,5,5.0,False
104880,2024-11-02,1277,36.0,Süd,Haushalt,Staubsauger,2,15.16,15.0,Kreditkarte,0.0,5,1.0,False
102535,2024-07-02,769,37.0,Nord,Elektronik,Bluetooth-Lautsprecher,1,34.88,20.0,Rechnung,2.99,1,4.0,False
100940,2024-06-08,618,57.0,Nord,Mode,Sneaker,1,23.22,0.0,Lastschrift,2.99,5,5.0,False
101080,2024-03-15,1565,21.0,Süd,Elektronik,Bluetooth-Lautsprecher,1,74.0,0.0,PayPal,6.99,5,2.0,False
100187,2024-07-08,1710,28.0,Süd,Elektronik,USB-Kabel,1,45.9,0.0,PayPal,4.99,8,4.0,False
102686,2024-05-19,1293,42.0,Süd,Elektronik,Powerbank,1,24.65,0.0,PayPal,4.99,1,4.0,False
102085,2024-06-02,324,55.0,Süd,Mode,Jeans,2,11.55,0.0,Sofortüberweisung,4.99,2,3.0,False
102249,2024-06-04,887,45.0,West,Bücher,Kochbuch,3,15.91,0.0,PayPal,0.0,4,3.0,False
104940,2024-09-16,1613,18.0,Süd,Haushalt,Bettwäsche,4,75.32,0.0,Rechnung,0.0,2,2.0,False
102023,2023-05-22,6,24.0,West,Sport,Fitnessband,1,34.31,25.0,PayPal,4.99,2,4.0,False
103782,2024-12-20,337,43.0,Ost,Sport,Trinkflasche,4,39.9,0.0,Sofortüberweisung,0.0,5,5.0,False
101492,2023-04-28,704,34.0,Mitte,MODE,Jeans,1,23.34,15.0,Sofortüberweisung,4.99,5,3.0,False
103679,2023-08-18,11,48.0,Ost,Haushalt,Staubsauger,1,120.78,0.0,Kreditkarte,0.0,8,5.0,False
100226,2024-10-24,971,66.0,Süd,Sport,Yogamatte,1,23.11,0.0,Sofortüberweisung,4.99,3,5.0,False
103370,2024-02-27,1588,,Nord,Mode,Jacke,2,20.78,20.0,Kreditkarte,4.99,6,5.0,False
101929,2024-07-26,904,46.0,West,Elektronik,Smartphone-Hülle,2,15.48,0.0,Sofortüberweisung,6.99,6,4.0,False
103641,2023-02-08,1165,29.0,Süd,Bücher,Kinderbuch,1,17.35,10.0,Rechnung,0.0,5,4.0,False
104534,2024-09-29,1072,37.0,Nord,Bücher,Comic,1,47.78,0.0,Sofortüberweisung,0.0,4,4.0,False
101404,2023-06-03,1109,40.0,Mitte,Mode,Jacke,2,51.48,0.0,Sofortüberweisung,2.99,4,4.0,False
102179,2023-10-14,1600,29.0,Süd,Sport,Hantel,1,17.07,0.0,Lastschrift,4.99,7,4.0,False
100697,2023-12-08,317,24.0,Ost,HAUSHALT,Pfannenset,2,48.8,0.0,Sofortüberweisung,4.99,3,4.0,False
101124,2023-10-31,1754,26.0,Mitte,Sport,Laufschuhe,1,20.22,0.0,Sofortüberweisung,0.0,2,5.0,False
102890,2024-06-10,1088,50.0,West,Sport,Yogamatte,1,20.96,10.0,Lastschrift,4.99,3,4.0,False
102978,2024-11-04,661,19.0,West,Haushalt,Lampe,5,23.0,0.0,Rechnung,4.99,3,4.0,False
101778,2023-07-30,1009,38.0,Mitte,Sport,Trinkflasche,1,3.81,0.0,Sofortüberweisung,4.99,5,5.0,False
102917,2024-09-02,444,34.0,Mitte,Mode,Jacke,2,22.81,0.0,Kreditkarte,2.99,3,5.0,False
101037,2024-04-19,866,44.0,Ost,Bücher,Kochbuch,1,6.74,15.0,Rechnung,4.99,5,5.0,False
104217,2023-08-22,1704,43.0,Nord,Mode,Mütze,2,8.04,0.0,Kreditkarte,0.0,4,1.0,False
102256,2024-06-15,1460,18.0,Nord,Mode,Jacke,1,14.28,5.0,Kreditkarte,4.99,6,2.0,False
100313,2023-12-11,861,50.0,Nord,Bücher,Sachbuch,1,15.97,0.0,Sofortüberweisung,6.99,4,5.0,False
102281,2023-07-02,889,40.0,Mitte,Elektronik,Bluetooth-Lautsprecher,2,33.81,0.0,PayPal,4.99,3,5.0,False
101416,2023-07-31,448,,Nord,Sport,Yogamatte,1,10.48,0.0,Rechnung,2.99,8,,False
101036,2023-12-29,476,28.0,Ost,Mode,Sneaker,2,4.96,0.0,PayPal,0.0,2,4.0,False
102159,2023-10-02,1595,56.0,West,Mode,Jacke,1,26.19,0.0,Sofortüberweisung,4.99,6,5.0,False
104205,2024-09-27,293,18.0,West,Mode,Jacke,1,13.11,0.0,Lastschrift,4.99,2,4.0,False
101754,2024-06-06,1161,51.0,Süd,Mode,T-Shirt,1,21.71,0.0,Rechnung,6.99,5,4.0,False
103176,2024-06-01,1453,38.0,Ost,Bücher,Sachbuch,1,17.95,0.0,PayPal,6.99,1,5.0,False
104303,2024-09-06,756,29.0,West,Mode,T-Shirt,2,79.53,15.0,PayPal,4.99,2,4.0,False
102751,2023-01-05,879,33.0,Mitte,Elektronik ,USB-Kabel,1,18.41,0.0,Rechnung,4.99,4,1.0,False
103273,2024-05-16,1141,32.0,West,Haushalt,Pfannenset,3,35.9,10.0,Rechnung,4.99,1,3.0,False
103413,2023-07-01,1337,43.0,Ost,Elektronik,Smartphone-Hülle,2,89.21,20.0,Rechnung,2.99,1,5.0,False
103499,2023-04-19,979,44.0,Mitte,Bücher,Roman,2,5.5,0.0,Rechnung,4.99,3,4.0,False
101506,2023-08-29,1360,32.0,West,Sport,Laufschuhe,1,48.87,15.0,Lastschrift,6.99,2,3.0,False
101923,2023-02-04,1116,50.0,Ost,Sport,Trinkflasche,1,33.73,0.0,Kreditkarte,0.0,4,4.0,False
100448,2023-04-05,1200,56.0,Nord,Bücher,Roman,1,35.76,0.0,Rechnung,2.99,4,4.0,True
102488,2023-12-15,518,,Süd,Elektronik,Smartphone-Hülle,4,16.99,0.0,PayPal,4.99,1,3.0,False
102576,2023-04-04,1734,42.0,Ost,Mode,Jeans,4,15.6,10.0,Sofortüberweisung,0.0,5,,False
101084,2024-08-10,452,35.0,West,Elektronik,Bluetooth-Lautsprecher,1,43.3,5.0,PayPal,0.0,6,4.0,False
104990,2023-01-08,67,53.0,Nord,Elektronik,Kopfhörer,1,64.11,0.0,Kreditkarte,0.0,4,1.0,True
100361,2024-04-24,873,37.0,Süd,Haushalt,Lampe,1,36.68,0.0,Lastschrift,0.0,3,4.0,False
102183,2024-05-04,1204,37.0,Nord,Haushalt,Bettwäsche,1,68.36,0.0,Sofortüberweisung,,4,4.0,False
101134,2023-07-14,1577,19.0,Ost,Bücher,Sachbuch,1,29.8,0.0,Rechnung,2.99,2,5.0,False
103956,2023-10-13,1639,23.0,Süd,Elektronik,Bluetooth-Lautsprecher,1,27.54,0.0,Kreditkarte,4.99,2,5.0,False
102155,2023-08-27,597,52.0,Mitte,Mode,Jeans,1,14.95,10.0,Sofortüberweisung,0.0,3,4.0,False
101830,2024-04-25,342,51.0,Nord,Haushalt,Lampe,1,87.4,0.0,Rechnung,4.99,8,3.0,True
101053,2023-03-02,1679,40.0,West,Mode,Jeans,4,585.7020735887369,15.0,Lastschrift,0.0,4,5.0,False
102460,2023-07-04,282,23.0,Nord,Mode,T-Shirt,1,31.25,25.0,PayPal,,5,5.0,False
100022,2023-04-09,298,40.0,Ost,Sport,Trinkflasche,1,26.55,0.0,Lastschrift,2.99,3,4.0,False
102066,2024-03-25,1731,41.0,Süd,Elektronik,Bluetooth-Lautsprecher,1,70.78,0.0,PayPal,4.99,4,5.0,False
101653,2024-05-05,288,37.0,Mitte,Mode,Jacke,1,46.73,0.0,Sofortüberweisung,2.99,3,4.0,False
102638,2023-06-27,421,71.0,West,Sport,Yogamatte,1,62.14,5.0,Sofortüberweisung,6.99,1,4.0,False
103276,2023-11-11,47,60.0,Süd,Elektronik,Kopfhörer,1,67.02,0.0,PayPal,6.99,3,5.0,False
103881,2024-03-29,1287,38.0,Mitte,Bücher,Sachbuch,4,21.56,10.0,PayPal,4.99,4,3.0,False
104110,2024-07-17,1590,35.0,West,Elektronik,Smartphone-Hülle,2,28.24,0.0,PayPal,4.99,1,4.0,False
102468,2024-10-17,1374,31.0,Mitte,ELEKTRONIK,Smartphone-Hülle,1,48.2,5.0,Rechnung,4.99,3,4.0,False
102325,2024-06-11,1105,23.0,West,Sport,Yogamatte,1,36.34,10.0,Kreditkarte,4.99,1,5.0,False
100460,2024-03-10,828,53.0,Nord,Elektronik,Powerbank,1,33.87,5.0,Sofortüberweisung,2.99,3,5.0,False
101067,2024-06-03,1584,35.0,Nord,Mode,T-Shirt,5,17.1,20.0,Kreditkarte,4.99,6,5.0,False
100087,2024-11-29,1571,46.0,Ost,Elektronik,Kopfhörer,1,70.91,5.0,Kreditkarte,6.99,4,4.0,False
101430,2023-11-15,1046,75.0,Mitte,Sport,Trinkflasche,2,54.34,0.0,Kreditkarte,0.0,5,4.0,False
102699,2024-01-30,1594,27.0,Mitte,Elektronik,Powerbank,1,34.07,0.0,Sofortüberweisung,0.0,5,5.0,False
100282,2023-11-18,1148,35.0,West,Mode,T-Shirt,1,54.01,5.0,Rechnung,4.99,3,5.0,False
102483,2023-07-22,409,28.0,West,Mode ,Jeans,1,17.39,5.0,Rechnung,2.99,4,5.0,False
100462,2023-05-30,75,63.0,Mitte,Bücher,Comic,2,8.75,10.0,Sofortüberweisung,4.99,3,5.0,False
100212,2023-08-29,1162,38.0,West,Mode,Jeans,4,42.94,0.0,Rechnung,4.99,7,3.0,False
103870,2024-11-17,218,39.0,West,Mode,Mütze,1,45.73,20.0,Lastschrift,4.99,6,,False
101368,2024-10-06,217,33.0,West,Elektronik,Kopfhörer,1,28.34,25.0,PayPal,0.0,5,2.0,False
100234,2023-05-08,876,46.0,West,Mode,Mütze,2,30.69,0.0,PayPal,2.99,3,3.0,False
102825,2023-11-05,533,43.0,Ost,Haushalt,Kaffeemaschine,1,34.18,0.0,Sofortüberweisung,6.99,6,4.0,False
100597,2023-06-14,1123,,Süd,Haushalt,Staubsauger,2,116.47,0.0,Sofortüberweisung,6.99,5,4.0,False
104464,2023-09-10,1780,30.0,Süd,ELEKTRONIK,Kopfhörer,2,12.34,0.0,Sofortüberweisung,4.99,1,5.0,False
102250,2023-03-28,1471,25.0,Ost,Mode,Mütze,2,26.61,25.0,Rechnung,2.99,5,4.0,False
104108,2024-03-21,1173,30.0,Ost,Haushalt,Kaffeemaschine,1,1382.8388467331729,0.0,Lastschrift,0.0,1,4.0,False
102283,2024-07-12,1385,51.0,West,Elektronik,Bluetooth-Lautsprecher,1,41.59,5.0,Kreditkarte,2.99,6,4.0,False
100662,2023-02-27,531,24.0,Nord,Elektronik,Powerbank,3,61.26,0.0,Sofortüberweisung,2.99,5,5.0,False
100794,2023-05-14,250,53.0,Süd,Elektronik,Kopfhörer,2,24.8,0.0,Kreditkarte,0.0,3,4.0,False
102285,2023-12-31,114,26.0,Süd,Haushalt,Lampe,1,8.34,25.0,Sofortüberweisung,0.0,4,5.0,False
104764,2023-10-29,1788,43.0,West,Sport,Yogamatte,1,20.18,0.0,Lastschrift,6.99,1,4.0,False
103258,2024-05-20,1254,45.0,Süd,Bücher,Kochbuch,1,22.28,5.0,Lastschrift,0.0,4,5.0,False
102550,2024-07-13,514,28.0,Nord,Mode,Jacke,1,9.04,15.0,Sofortüberweisung,4.99,2,5.0,False
103699,2023-06-10,1697,28.0,West,Elektronik,Smartphone-Hülle,1,26.87,15.0,PayPal,0.0,5,,False
100779,2024-06-16,115,26.0,Süd,Haushalt,Staubsauger,1,18.27,15.0,Sofortüberweisung,0.0,1,4.0,False
104769,2023-04-01,1619,37.0,Nord,Mode,Sneaker,1,27.14,0.0,Kreditkarte,6.99,6,4.0,False
103494,2023-02-23,1751,61.0,Ost,Haushalt,Kaffeemaschine,1,81.3,0.0,Rechnung,2.99,1,4.0,False
103353,2023-02-27,1701,45.0,Nord,Elektronik,Kopfhörer,1,91.54,0.0,Lastschrift,4.99,2,5.0,False
103262,2024-11-29,1073,33.0,Nord,Mode,Sneaker,1,59.33,20.0,Lastschrift,6.99,1,4.0,True
104884,2024-03-06,1161,31.0,Ost,Mode,Mütze,2,36.45,5.0,Sofortüberweisung,0.0,7,5.0,False
100685,2023-02-16,1398,32.0,Ost,Elektronik,USB-Kabel,1,39.2,0.0,Rechnung,0.0,1,5.0,False
103414,2024-12-10,1234,63.0,West,Haushalt,Pfannenset,1,46.0,10.0,PayPal,2.99,2,,False
102802,2023-12-22,1256,26.0,Mitte,Bücher,Kinderbuch,1,29.11,5.0,PayPal,6.99,3,3.0,False
104472,2024-05-04,914,27.0,Nord,Haushalt,Pfannenset,2,120.62,0.0,Lastschrift,2.99,3,5.0,False
102171,2023-09-05,838,49.0,Ost,Elektronik,Powerbank,1,41.14,0.0,Sofortüberweisung,2.99,8,4.0,False
103750,2023-10-05,567,34.0,West,Haushalt,Pfannenset,1,31.78,0.0,PayPal,6.99,2,5.0,False
101850,2023-04-05,882,52.0,Nord,Elektronik,Bluetooth-Lautsprecher,2,35.97,0.0,Rechnung,0.0,4,5.0,False
100487,2024-01-03,945,30.0,Süd,Mode,Mütze,1,25.9,15.0,Rechnung,4.99,7,5.0,False
101688,2023-09-07,166,35.0,West,Mode,T-Shirt,1,23.61,10.0,Sofortüberweisung,2.99,6,1.0,True
102230,2023-12-22,809,45.0,West,Mode,Jeans,1,36.84,10.0,PayPal,4.99,6,1.0,False
104939,2023-05-13,1271,49.0,Ost,Elektronik,USB-Kabel,2,61.33,15.0,Sofortüberweisung,6.99,4,4.0,False
102320,2024-09-23,1235,42.0,Nord,Elektronik,Smartphone-Hülle,1,24.15,0.0,PayPal,2.99,6,3.0,False
100782,2023-11-30,208,18.0,Nord,Sport,Trinkflasche,5,59.84,10.0,Lastschrift,0.0,5,5.0,False
100521,2023-11-20,1242,29.0,Mitte,Haushalt,Kaffeemaschine,1,77.49,5.0,PayPal,2.99,3,5.0,False
100522,2023-01-05,777,,West,Mode,Jacke,5,51.44,0.0,Sofortüberweisung,2.99,5,5.0,False
102895,2024-07-30,623,39.0,Süd,Mode,T-Shirt,3,41.17,0.0,Kreditkarte,4.99,2,5.0,False
104030,2024-05-03,1233,19.0,Nord,Haushalt,Pfannenset,1,37.62,0.0,PayPal,2.99,4,4.0,False
102398,2024-04-27,1296,41.0,Nord,Elektronik,Kopfhörer,1,41.3,0.0,Kreditkarte,4.99,4,1.0,False
102207,2024-04-03,1552,52.0,Mitte,Sport,Fitnessband,1,71.56,0.0,Rechnung,0.0,1,3.0,False
103905,2024-12-06,987,32.0,Süd,Elektronik,Smartphone-Hülle,1,10.84,0.0,Rechnung,6.99,4,5.0,False
103622,2023-05-12,639,33.0,Ost,Elektronik,USB-Kabel,1,75.92,0.0,Lastschrift,,3,2.0,False
103810,2024-02-12,1270,49.0,Süd,MODE,Mütze,1,26.49,0.0,Kreditkarte,6.99,2,4.0,False
102879,2023-03-24,622,26.0,Mitte,Haushalt,Lampe,2,85.52,10.0,Rechnung,2.99,4,4.0,False
101511,2023-08-05,279,,Mitte,Mode,Jeans,1,46.7,0.0,Rechnung,0.0,6,3.0,True
101882,2023-06-12,1088,40.0,Süd,Haushalt,Staubsauger,1,26.07,10.0,Rechnung,6.99,3,5.0,False
100651,2024-01-25,65,45.0,Süd,Mode,Jacke,1,59.65,0.0,Lastschrift,4.99,1,2.0,False
102843,2024-11-17,542,43.0,Ost,Haushalt,Staubsauger,1,11.22,0.0,Rechnung,0.0,3,4.0,False
103813,2023-05-08,520,51.0,West,Elektronik,Kopfhörer,1,136.62402860652972,0.0,Sofortüberweisung,0.0,4,5.0,True
100369,2023-06-22,357,28.0,Süd,Haushalt,Pfannenset,1,96.23,0.0,Sofortüberweisung,4.99,4,2.0,False
104385,2024-04-18,205,59.0,West,Mode,Mütze,3,22.59,5.0,Lastschrift,2.99,4,5.0,False
100118,2023-06-21,1328,38.0,Mitte,Sport,Fitnessband,1,20.52,0.0,Sofortüberweisung,2.99,4,5.0,True
103885,2023-05-27,974,50.0,Süd,Elektronik,Kopfhörer,1,38.93,5.0,Kreditkarte,2.99,7,5.0,True
103096,2024-12-06,1561,48.0,Mitte,Mode,T-Shirt,1,44.11,10.0,Sofortüberweisung,6.99,1,4.0,False
102216,2023-12-07,523,35.0,Süd,Elektronik,USB-Kabel,1,32.39,5.0,Lastschrift,4.99,3,4.0,False
103612,2023-08-21,634,47.0,Ost,Mode,Jeans,1,28.2,10.0,Kreditkarte,4.99,2,5.0,False
101613,2023-09-30,358,32.0,Mitte,Elektronik,Bluetooth-Lautsprecher,1,16.57,0.0,Sofortüberweisung,2.99,3,4.0,False
104073,2024-01-21,1683,27.0,West,Elektronik,USB-Kabel,1,55.59,5.0,Kreditkarte,0.0,1,,False
100962,2023-04-03,1615,26.0,West,Sport,Trinkflasche,1,18.02,0.0,Lastschrift,2.99,5,4.0,False
102510,2024-03-03,951,21.0,Nord,Haushalt,Staubsauger,1,70.01,0.0,Sofortüberweisung,0.0,5,4.0,False
103617,2023-02-05,66,42.0,Ost,Mode,Sneaker,1,57.44,0.0,Kreditkarte,4.99,1,5.0,False
102880,2024-11-27,1042,43.0,Ost,Sport,Trinkflasche,1,12.55,5.0,Rechnung,0.0,5,5.0,False
103513,2024-09-01,1469,35.0,West,Elektronik,Smartphone-Hülle,3,89.01,0.0,PayPal,6.99,5,5.0,False
103094,2023-07-04,1291,40.0,Ost,Elektronik,Bluetooth-Lautsprecher,1,97.3,10.0,Kreditkarte,2.99,1,5.0,False
102415,2024-05-30,211,19.0,West,Elektronik,USB-Kabel,1,29.45,0.0,Kreditkarte,6.99,1,,False
104701,2023-01-01,1763,47.0,Ost,Haushalt,Staubsauger,1,41.39,0.0,Sofortüberweisung,0.0,4,4.0,False
104280,2024-07-11,1372,53.0,West,Haushalt,Pfannenset,1,118.7,0.0,Rechnung,0.0,4,2.0,False
102185,2024-02-20,231,53.0,Mitte,Elektronik,Smartphone-Hülle,1,44.09,0.0,Sofortüberweisung,6.99,2,4.0,False
104362,2024-09-25,464,34.0,Nord,Mode,Jeans,1,57.15,5.0,PayPal,2.99,4,4.0,False
102567,2023-01-18,420,27.0,Süd,Elektronik,Powerbank,1,93.39,0.0,Kreditkarte,4.99,7,5.0,False
102037,2024-04-19,894,43.0,West,Sport,Yogamatte,2,10.85,0.0,Kreditkarte,2.99,6,5.0,False
104305,2023-07-21,466,51.0,Nord,Mode,T-Shirt,2,21.18,15.0,Rechnung,2.99,1,5.0,False
100772,2023-12-18,716,39.0,West,ELEKTRONIK,Powerbank,2,32.19,0.0,PayPal,2.99,4,5.0,False
101284,2024-06-13,1251,32.0,Mitte,Sport ,Hantel,1,22.5,15.0,Kreditkarte,2.99,6,3.0,False
104649,2023-04-06,1745,32.0,Mitte,Elektronik,Bluetooth-Lautsprecher,2,31.73,0.0,Rechnung,6.99,2,3.0,False
104785,2024-06-05,1501,31.0,Süd,Sport,Laufschuhe,3,28.36,20.0,Sofortüberweisung,4.99,3,4.0,False
104621,2023-06-14,1478,21.0,Mitte,Mode,T-Shirt,3,8.33,0.0,Rechnung,2.99,7,5.0,False
101414,2023-08-24,23,42.0,Mitte,Elektronik,USB-Kabel,1,35.67,0.0,Sofortüberweisung,6.99,6,4.0,False
101234,2023-02-05,882,47.0,Nord,Haushalt,Bettwäsche,3,42.05,10.0,Sofortüberweisung,6.99,3,5.0,False
103477,2023-08-16,1672,37.0,Mitte,Elektronik,Bluetooth-Lautsprecher,1,13.0,0.0,PayPal,0.0,3,5.0,False
100435,2024-12-06,1505,40.0,Süd,Elektronik,Bluetooth-Lautsprecher,1,74.37,0.0,Lastschrift,4.99,4,4.0,False
101674,2023-06-08,290,56.0,Süd,Sport,Yogamatte,1,26.03,15.0,PayPal,6.99,1,4.0,False
100365,2024-07-15,403,20.0,West,Elektronik,Powerbank,1,35.27,0.0,PayPal,6.99,2,5.0,False
104905,2024-08-27,1142,40.0,Nord,Elektronik,Kopfhörer,2,46.69,20.0,Rechnung,0.0,5,4.0,False
100231,2023-08-08,637,53.0,Mitte,Bücher,Sachbuch,2,7.55,5.0,Kreditkarte,2.99,3,3.0,False
104311,2024-07-14,4,42.0,Nord,Bücher,Comic,1,15.24,15.0,Sofortüberweisung,4.99,3,4.0,False
100147,2024-05-19,881,23.0,Süd,Mode,Sneaker,2,6.91,0.0,Kreditkarte,6.99,2,5.0,False
104443,2023-06-14,707,45.0,Ost,Bücher,Sachbuch,2,26.26,0.0,Kreditkarte,4.99,4,3.0,False
100407,2024-03-27,317,49.0,Süd,Haushalt,Bettwäsche,1,34.56,5.0,Lastschrift,2.99,1,4.0,False
102090,2023-07-22,972,22.0,Süd,Elektronik,Powerbank,1,69.3,0.0,Lastschrift,4.99,3,3.0,False
100086,2024-06-23,1731,18.0,Nord,Mode,Sneaker,2,27.69,0.0,Lastschrift,4.99,2,4.0,False
100844,2024-01-16,551,38.0,Mitte,Mode,Jacke,1,13.49,0.0,Sofortüberweisung,0.0,5,5.0,False
101031,2023-04-03,714,45.0,Nord,Sport,Trinkflasche,1,37.23,0.0,Kreditkarte,4.99,2,5.0,False
102683,2024-11-12,1445,,Nord,Mode,Sneaker,1,10.59,0.0,Rechnung,2.99,6,5.0,False
104608,2024-11-05,79,38.0,Mitte,Elektronik,USB-Kabel,1,87.19,0.0,Sofortüberweisung,6.99,5,4.0,False
102778,2024-03-27,1439,42.0,West,Elektronik,Smartphone-Hülle,1,48.7,0.0,Kreditkarte,2.99,1,3.0,False
103295,2023-03-02,1651,,West,Mode,Sneaker,1,29.76,0.0,PayPal,4.99,2,5.0,False
102906,2024-10-06,430,34.0,Mitte,Sport,Trinkflasche,1,13.19,0.0,Kreditkarte,4.99,4,5.0,False
100855,2023-02-07,543,39.0,Mitte,Haushalt ,Bettwäsche,1,25.75,5.0,PayPal,2.99,2,5.0,False
100078,2024-04-02,318,31.0,Mitte,Elektronik,Smartphone-Hülle,2,71.46,0.0,Sofortüberweisung,2.99,5,5.0,False
102247,2024-07-02,48,30.0,Mitte,Elektronik ,Powerbank,2,35.53,20.0,Rechnung,4.99,2,4.0,False
104615,2024-07-18,1067,49.0,Nord,Sport,Trinkflasche,1,43.14,0.0,PayPal,2.99,5,3.0,False
103729,2023-06-13,1151,48.0,West,Bücher,Comic,1,3.39,0.0,PayPal,2.99,1,5.0,True
104087,2023-01-25,1104,46.0,West,Elektronik,USB-Kabel,1,140.53,0.0,Lastschrift,0.0,4,5.0,False
102968,2023-03-01,1687,45.0,Mitte,Haushalt,Pfannenset,1,75.63,0.0,Kreditkarte,2.99,1,3.0,True
102279,2023-07-22,53,38.0,West,Haushalt,Kaffeemaschine,2,65.21,5.0,Rechnung,2.99,3,5.0,False
102649,2024-06-10,763,39.0,West,Haushalt,Lampe,1,9.35,0.0,Sofortüberweisung,0.0,6,4.0,False
104201,2024-01-09,701,50.0,West,Haushalt,Staubsauger,1,31.06,0.0,Sofortüberweisung,4.99,3,5.0,False
103946,2024-06-03,132,37.0,West,Haushalt,Staubsauger,1,38.05,0.0,Lastschrift,0.0,1,4.0,False
103496,2023-09-22,405,30.0,Mitte,Mode,Sneaker,1,10.86,0.0,PayPal,0.0,3,1.0,False
102176,2023-04-17,1584,30.0,West,Haushalt,Lampe,1,78.93,0.0,Kreditkarte,0.0,2,5.0,False
100424,2023-03-06,210,42.0,West,Haushalt,Lampe,2,10.26,15.0,PayPal,4.99,5,,False
100392,2024-08-29,230,,West,Haushalt,Staubsauger,2,66.81,0.0,Lastschrift,4.99,1,2.0,False
104774,2024-11-28,1350,41.0,Ost,Sport,Laufschuhe,1,48.28,15.0,Rechnung,4.99,5,,False
103483,2023-03-21,984,28.0,Mitte,Bücher,Kochbuch,1,12.09,0.0,Rechnung,2.99,3,5.0,False
100104,2024-08-04,351,18.0,Süd,Elektronik,Bluetooth-Lautsprecher,4,55.23,5.0,Kreditkarte,2.99,3,4.0,False
103032,2024-12-19,555,25.0,Mitte,Elektronik,Bluetooth-Lautsprecher,3,37.28,0.0,PayPal,0.0,1,4.0,False
102622,2023-06-28,709,40.0,Ost,Elektronik,Kopfhörer,2,14.8,0.0,PayPal,0.0,7,5.0,False
103200,2024-06-20,631,56.0,Ost,Sport,Trinkflasche,1,10.67,0.0,Kreditkarte,4.99,4,,False
103895,2023-01-10,1452,37.0,West,Mode,T-Shirt,1,2.91,0.0,PayPal,4.99,5,5.0,False
101948,2024-09-22,1553,43.0,Süd,Elektronik,Powerbank,2,91.35,5.0,Sofortüberweisung,0.0,2,5.0,False
101459,2024-02-01,1158,61.0,West,HAUSHALT,Staubsauger,1,45.68,0.0,Kreditkarte,0.0,4,5.0,False
103323,2023-01-23,198,25.0,Nord,Mode,T-Shirt,2,105.51254867085204,5.0,Kreditkarte,6.99,7,5.0,False
102860,2023-12-20,225,19.0,Nord,Mode,Jeans,3,60.02,0.0,Sofortüberweisung,0.0,1,5.0,False
102759,2024-01-02,1091,18.0,West,Mode,Jeans,1,6.67,0.0,Rechnung,6.99,1,4.0,False
104838,2023-12-07,647,44.0,Ost,Mode,Jacke,1,37.92,0.0,Rechnung,4.99,4,4.0,False
101587,2023-05-02,1163,18.0,West,Mode,Sneaker,1,5.49,0.0,PayPal,2.99,3,4.0,False
103732,2023-09-11,798,27.0,Nord,Mode,Mütze,4,16.32,0.0,Rechnung,2.99,5,5.0,False
101731,2023-11-20,1018,37.0,West,Sport,Trinkflasche,1,48.73,0.0,Kreditkarte,0.0,6,4.0,False
104813,2024-07-18,1672,42.0,Nord,Mode,Sneaker,1,36.11,0.0,Rechnung,4.99,3,5.0,False
103786,2023-01-17,1485,21.0,Ost,Elektronik,Powerbank,1,17.26,15.0,Rechnung,6.99,7,4.0,False
103754,2023-09-09,861,42.0,West,Bücher,Kinderbuch,2,11.55,0.0,Rechnung,2.99,5,3.0,False
101791,2024-04-16,1351,57.0,Nord,Elektronik,Smartphone-Hülle,1,65.77,25.0,Lastschrift,0.0,4,4.0,False
102355,2023-10-20,897,41.0,Mitte,Elektronik,Kopfhörer,1,25.58,25.0,Rechnung,0.0,4,2.0,False
101940,2023-12-10,1563,37.0,Ost,Sport ,Hantel,1,78.95,0.0,PayPal,6.99,3,5.0,False
100702,2023-11-02,1728,73.0,Süd,Haushalt,Staubsauger,1,20.26,5.0,Rechnung,0.0,1,2.0,False
102442,2023-05-10,817,51.0,West,Elektronik,Powerbank,1,24.79,0.0,Rechnung,0.0,2,5.0,False
104460,2023-03-12,1615,66.0,West,Mode ,Sneaker,1,33.11,15.0,Kreditkarte,2.99,3,5.0,False
100496,2024-04-14,951,40.0,Süd,Mode,Mütze,1,13.36,0.0,Sofortüberweisung,2.99,1,4.0,False
100464,2023-07-02,1051,38.0,West,Mode,T-Shirt,1,32.62,5.0,Rechnung,0.0,1,4.0,False
103101,2023-03-13,69,29.0,Mitte,Mode,Sneaker,2,19.08,0.0,Rechnung,4.99,4,1.0,False
104377,2023-12-15,1273,18.0,West,Sport,Yogamatte,2,39.89,0.0,Rechnung,0.0,1,5.0,False
100172,2023-02-20,979,28.0,Mitte,Elektronik,Powerbank,1,77.28,15.0,Lastschrift,0.0,3,3.0,False
104456,2024-09-06,750,38.0,Nord,Haushalt,Pfannenset,4,45.42,0.0,Sofortüberweisung,4.99,5,4.0,False
104845,2024-12-06,645,34.0,Ost,ELEKTRONIK,USB-Kabel,1,16.99,0.0,Lastschrift,0.0,5,4.0,False
102540,2023-09-13,425,41.0,Süd,Bücher,Kochbuch,1,12.1,0.0,Kreditkarte,2.99,3,5.0,False
104809,2024-05-20,1008,66.0,Mitte,Elektronik,USB-Kabel,1,25.56,0.0,Rechnung,6.99,1,4.0,False
103010,2024-07-10,1680,33.0,Nord,Mode,Jacke,2,19.01,0.0,PayPal,2.99,1,4.0,False
102260,2023-06-15,79,22.0,Nord,Sport,Yogamatte,3,35.05,20.0,PayPal,6.99,7,3.0,False
102112,2024-11-21,867,37.0,Mitte,Elektronik,Kopfhörer,1,29.53,5.0,Kreditkarte,4.99,2,4.0,False
100900,2023-05-05,1230,36.0,West,Mode ,Jacke,1,22.63,0.0,Rechnung,6.99,5,5.0,False
101446,2024-05-29,1197,50.0,West,Bücher,Roman,2,13.18,0.0,Rechnung,4.99,1,5.0,False
104950,2024-04-05,694,40.0,Nord,Sport,Hantel,1,47.37,0.0,PayPal,,3,5.0,False
100741,2023-11-19,1549,25.0,Ost,Sport,Trinkflasche,4,35.73,15.0,Kreditkarte,2.99,2,4.0,False
102293,2024-06-27,1685,38.0,Süd,Elektronik,Kopfhörer,1,28.17,0.0,Rechnung,6.99,6,4.0,False
102452,2023-10-13,236,48.0,Nord,Bücher,Sachbuch,3,19.12,0.0,Rechnung,2.99,1,5.0,True
102805,2024-07-19,387,35.0,Süd,Mode,Sneaker,1,46.46,0.0,Lastschrift,4.99,3,5.0,False
104128,2024-09-29,556,49.0,Ost,Elektronik,Kopfhörer,1,49.98,5.0,PayPal,2.99,3,5.0,False
101206,2024-06-04,757,38.0,Nord,Mode ,Mütze,1,27.1,0.0,Kreditkarte,6.99,5,4.0,False
100509,2023-10-05,215,28.0,Mitte,Mode,Jacke,2,76.8,5.0,Lastschrift,6.99,1,5.0,False
104196,2023-02-24,806,25.0,Ost,Haushalt,Lampe,1,34.43,0.0,PayPal,0.0,6,5.0,True
102672,2024-11-05,1689,52.0,West,Bücher,Roman,2,21.18,5.0,Sofortüberweisung,4.99,1,5.0,False
102859,2024-04-25,1104,35.0,West,Haushalt,Staubsauger,1,35.87,0.0,Rechnung,4.99,2,3.0,False
103400,2023-02-22,105,37.0,Ost,Elektronik,Kopfhörer,1,28.61,10.0,Sofortüberweisung,6.99,3,5.0,False
101549,2024-12-31,751,23.0,Ost,Bücher,Kochbuch,1,14.13,20.0,Kreditkarte,0.0,5,5.0,False
103333,2024-12-08,1647,34.0,Süd,Mode,T-Shirt,1,21.84,10.0,Sofortüberweisung,4.99,4,5.0,True
102202,2023-06-06,1664,19.0,Ost,Haushalt,Pfannenset,1,54.92,10.0,Kreditkarte,0.0,3,3.0,False
102566,2024-05-16,270,41.0,Süd,Mode,Mütze,1,18.91,0.0,Sofortüberweisung,4.99,5,5.0,False
102732,2023-05-19,1573,20.0,West,Haushalt,Lampe,1,40.99,0.0,Rechnung,4.99,2,5.0,False
102044,2023-07-26,1581,,Mitte,Elektronik,Bluetooth-Lautsprecher,3,25.51,0.0,Rechnung,0.0,5,5.0,False
100767,2024-01-03,1552,43.0,Nord,Sport,Yogamatte,1,38.55,20.0,PayPal,0.0,7,1.0,False
104922,2023-09-07,863,18.0,West,Haushalt,Pfannenset,1,54.89,0.0,Kreditkarte,0.0,2,1.0,False
103811,2024-04-12,1557,44.0,Ost,Elektronik,Kopfhörer,2,55.71,10.0,Sofortüberweisung,0.0,5,4.0,False
100421,2023-09-22,1224,22.0,Ost,ELEKTRONIK,Powerbank,3,97.31,0.0,Kreditkarte,6.99,4,5.0,False
100123,2023-02-03,1477,49.0,Nord,Haushalt,Lampe,3,53.39,5.0,Lastschrift,4.99,3,5.0,False
104204,2023-12-10,508,33.0,Ost,Haushalt,Staubsauger,1,21.62,0.0,Rechnung,4.99,2,5.0,False
102680,2023-04-29,951,50.0,Ost,Elektronik,Kopfhörer,2,50.53,0.0,PayPal,2.99,3,2.0,False
100819,2024-11-04,1448,18.0,Mitte,ELEKTRONIK,Kopfhörer,1,59.99,15.0,Sofortüberweisung,4.99,4,5.0,False
101403,2024-12-22,535,18.0,Süd,Mode,T-Shirt,1,10.64,0.0,Lastschrift,4.99,2,3.0,False
101382,2024-01-18,605,32.0,Ost,Sport,Yogamatte,1,83.5,5.0,Kreditkarte,4.99,2,5.0,False
102148,2023-05-10,894,36.0,West,Elektronik,USB-Kabel,1,33.02,15.0,PayPal,,2,3.0,False
101575,2024-04-27,1303,64.0,Süd,Elektronik,Powerbank,1,15.57,0.0,Sofortüberweisung,4.99,2,4.0,False
101638,2023-09-03,814,45.0,Süd,Sport,Hantel,2,50.35,5.0,Sofortüberweisung,2.99,1,5.0,False
101795,2023-09-02,527,42.0,West,Elektronik,Smartphone-Hülle,2,24.16,15.0,Kreditkarte,4.99,5,5.0,False
104864,2023-09-05,188,39.0,Ost,Elektronik,Kopfhörer,2,38.14,15.0,Kreditkarte,0.0,4,5.0,False
100399,2023-07-26,1728,37.0,Ost,Sport,Trinkflasche,4,46.77,0.0,PayPal,4.99,5,,False
102310,2024-01-29,707,37.0,West,Bücher,Kinderbuch,1,26.29,0.0,Lastschrift,4.99,4,4.0,False
100882,2023-08-24,771,18.0,West,Mode,Jacke,3,29.09,0.0,Kreditkarte,4.99,1,4.0,False
100642,2023-10-14,181,36.0,Ost,Elektronik,Kopfhörer,1,67.81,5.0,Lastschrift,6.99,6,4.0,False
104626,2024-07-11,356,49.0,Ost,Sport,Fitnessband,2,17.32,20.0,PayPal,2.99,7,4.0,False
101352,2024-08-02,724,33.0,Ost,Haushalt,Staubsauger,2,18.16,0.0,PayPal,6.99,3,3.0,False
104346,2024-12-13,181,48.0,Mitte,Sport,Hantel,1,24.8,5.0,Lastschrift,,4,4.0,False
104595,2023-12-26,573,43.0,West,Elektronik,Powerbank,2,57.87,5.0,Lastschrift,4.99,4,,False
102130,2023-08-07,557,18.0,Mitte,Mode,T-Shirt,1,36.9,0.0,Kreditkarte,4.99,6,5.0,False
100982,2024-09-23,618,30.0,Mitte,Sport,Fitnessband,1,29.92,5.0,Lastschrift,2.99,2,4.0,False
100456,2023-05-23,410,38.0,Ost,Haushalt,Staubsauger,1,25.35,0.0,Rechnung,2.99,8,3.0,False
103601,2024-07-16,1070,55.0,Nord,Elektronik,Kopfhörer,2,17.66,10.0,Sofortüberweisung,0.0,4,3.0,False
101079,2023-11-26,620,37.0,Ost,Sport,Trinkflasche,2,14.41,0.0,Rechnung,2.99,3,3.0,False
101950,2023-08-02,1057,48.0,Ost,MODE,Sneaker,2,27.31,0.0,Lastschrift,6.99,4,4.0,False
104358,2024-07-04,1323,40.0,Ost,Sport,Trinkflasche,1,36.97,5.0,Lastschrift,2.99,4,5.0,False
100689,2024-07-19,1277,44.0,Süd,Sport,Fitnessband,2,23.24,5.0,Lastschrift,2.99,3,5.0,False
102429,2023-01-09,1022,22.0,Mitte,Elektronik,USB-Kabel,1,96.39,0.0,Sofortüberweisung,2.99,2,3.0,True
100641,2023-08-27,247,55.0,Mitte,Haushalt,Kaffeemaschine,2,58.56,0.0,PayPal,4.99,3,4.0,False
102392,2023-09-14,740,22.0,Mitte,Elektronik,Kopfhörer,1,21.07,0.0,PayPal,0.0,2,5.0,False
101953,2024-12-23,1297,36.0,Mitte,Elektronik,USB-Kabel,1,47.96,0.0,Rechnung,6.99,3,4.0,False
102803,2024-02-21,658,18.0,West,Mode,Sneaker,1,27.98,10.0,PayPal,4.99,5,5.0,False
103298,2023-07-30,1441,56.0,Nord,Mode,Jacke,2,25.58,5.0,Sofortüberweisung,,5,5.0,False
103503,2023-09-13,1627,36.0,Süd,Elektronik,Bluetooth-Lautsprecher,2,10.77,0.0,Sofortüberweisung,0.0,2,4.0,True
102710,2023-02-21,1731,63.0,West,Mode,T-Shirt,1,25.54,15.0,Rechnung,4.99,3,5.0,False
103404,2023-12-11,294,42.0,Mitte,Mode,T-Shirt,1,30.9,0.0,Rechnung,2.99,4,5.0,False
104815,2023-03-10,409,38.0,Mitte,Sport,Fitnessband,4,28.16,0.0,Rechnung,6.99,5,5.0,False
102990,2023-07-31,1213,58.0,Ost,Elektronik,Kopfhörer,5,30.77,0.0,PayPal,2.99,1,2.0,False
101884,2023-10-16,586,41.0,West,Mode,Jacke,1,24.72,5.0,Sofortüberweisung,2.99,1,1.0,False
100389,2023-01-28,1797,30.0,Ost,Bücher,Kinderbuch,1,38.21,0.0,PayPal,4.99,3,,False
102494,2023-08-27,1609,45.0,Nord,Bücher,Kochbuch,2,8.62,20.0,PayPal,6.99,5,3.0,False
103181,2024-11-24,885,26.0,Mitte,Sport,Fitnessband,4,34.75,5.0,Lastschrift,0.0,7,4.0,False
104727,2023-09-24,698,37.0,Süd,Sport,Fitnessband,1,54.22,0.0,PayPal,4.99,6,5.0,False
100845,2024-01-14,1617,41.0,Nord,Elektronik,USB-Kabel,1,23.29,0.0,Lastschrift,0.0,1,2.0,False
100542,2023-01-11,641,27.0,Süd,Elektronik,Smartphone-Hülle,3,20.91,0.0,Kreditkarte,2.99,4,,False
100091,2024-08-08,1599,65.0,Nord,ELEKTRONIK,Smartphone-Hülle,1,37.54,0.0,Sofortüberweisung,0.0,5,4.0,False
103966,2023-10-07,643,30.0,West,Haushalt,Staubsauger,1,31.75,0.0,Lastschrift,6.99,1,4.0,False
101979,2023-12-10,1693,40.0,Mitte,Elektronik,USB-Kabel,2,24.0,10.0,PayPal,,5,5.0,False
104807,2024-02-06,1059,28.0,Nord,Sport,Yogamatte,1,41.24,0.0,Kreditkarte,2.99,4,5.0,True
104726,2023-08-04,1417,39.0,Süd,Elektronik,USB-Kabel,1,54.67,15.0,Sofortüberweisung,4.99,9,,False
103252,2023-05-03,745,35.0,West,Haushalt,Lampe,2,17.84,0.0,PayPal,4.99,2,3.0,False
102529,2023-08-09,433,36.0,West,Bücher,Comic,1,15.1,5.0,Lastschrift,4.99,9,2.0,False
101676,2024-06-08,659,20.0,Nord,MODE,Jeans,1,21.16,10.0,Kreditkarte,6.99,4,2.0,False
101048,2023-10-22,1795,48.0,Ost,Bücher,Sachbuch,1,20.56,0.0,Sofortüberweisung,4.99,6,3.0,False
101960,2024-11-20,870,41.0,Süd,SPORT,Yogamatte,1,29.27,0.0,Sofortüberweisung,4.99,6,5.0,False
102530,2024-05-27,151,33.0,Süd,Haushalt,Lampe,1,20.8,15.0,Sofortüberweisung,2.99,1,4.0,False
104688,2023-08-14,1363,48.0,Mitte,Mode,Sneaker,1,75.59,0.0,Rechnung,2.99,4,5.0,False
100237,2023-09-25,180,30.0,Ost,Haushalt,Lampe,1,56.4,0.0,Kreditkarte,2.99,9,4.0,False
103026,2023-03-31,1039,28.0,Mitte,Sport,Laufschuhe,1,30.15,0.0,Lastschrift,4.99,2,2.0,False
103558,2024-09-22,296,37.0,Nord,Elektronik,Smartphone-Hülle,1,27.74,0.0,Lastschrift,0.0,2,5.0,False
101133,2024-11-06,620,51.0,Ost,Mode,Mütze,1,14.38,0.0,Rechnung,6.99,3,5.0,False
101805,2024-01-10,52,,Ost,Mode ,T-Shirt,1,16.4,5.0,PayPal,0.0,1,4.0,False
104477,2023-01-25,343,35.0,West,Elektronik,Powerbank,1,29.99,0.0,Kreditkarte,2.99,3,,False
100163,2024-03-23,121,23.0,Ost,Bücher,Roman,1,8.17,0.0,Kreditkarte,4.99,4,5.0,False
103861,2024-01-13,1774,18.0,Süd,Mode,Jacke,3,46.54,0.0,PayPal,0.0,3,4.0,False
104757,2023-09-23,665,38.0,Mitte,Bücher,Roman,1,7.47,0.0,Sofortüberweisung,0.0,5,5.0,False
103411,2023-08-07,424,48.0,West,Mode,T-Shirt,1,7.75,0.0,Lastschrift,0.0,3,4.0,False
104714,2024-08-06,636,36.0,Ost,Mode,T-Shirt,5,13.58,0.0,PayPal,6.99,3,,False
103265,2023-07-23,1515,43.0,West,Elektronik,Smartphone-Hülle,1,20.89,0.0,Rechnung,0.0,5,5.0,False
103707,2024-06-29,1634,35.0,Süd,Mode,Jeans,1,45.7,0.0,Rechnung,2.99,4,5.0,False
104016,2023-10-25,1469,52.0,Ost,Elektronik,Powerbank,2,22.11,0.0,Sofortüberweisung,2.99,3,4.0,False
101811,2023-05-01,251,47.0,Mitte,Elektronik,Powerbank,1,12.87,5.0,Lastschrift,2.99,6,,False
103173,2024-01-07,79,38.0,West,Elektronik,USB-Kabel,1,68.67,0.0,PayPal,4.99,5,5.0,False
103213,2024-06-27,1024,40.0,Mitte,Mode,Jeans,1,42.29,0.0,Sofortüberweisung,0.0,4,2.0,False
101428,2024-02-12,797,46.0,Mitte,Elektronik,USB-Kabel,5,43.77,10.0,Rechnung,2.99,2,5.0,False
103686,2024-05-22,417,29.0,Nord,Haushalt,Kaffeemaschine,1,60.65,0.0,PayPal,2.99,4,4.0,True
102856,2023-08-18,478,34.0,West,Elektronik ,Kopfhörer,1,76.88,0.0,Sofortüberweisung,2.99,7,4.0,False
103464,2023-01-26,1773,64.0,Nord,Sport,Hantel,2,50.41,0.0,PayPal,2.99,5,4.0,False
104505,2024-12-29,1520,25.0,Nord,Bücher,Kinderbuch,1,15.54,10.0,PayPal,2.99,4,5.0,False
104696,2024-10-15,795,32.0,Süd,Mode,T-Shirt,3,21.9,0.0,Sofortüberweisung,2.99,6,5.0,False
102877,2023-02-07,1425,48.0,Süd,Haushalt,Staubsauger,1,83.79,0.0,Sofortüberweisung,4.99,4,,False
101452,2024-04-04,1368,29.0,Süd,Mode,Jeans,1,25.76,0.0,Rechnung,0.0,2,5.0,False
100593,2024-07-29,359,50.0,West,Mode,Sneaker,1,41.89,15.0,Kreditkarte,6.99,2,4.0,False
102725,2024-12-23,78,52.0,Mitte,Haushalt,Lampe,1,53.16,0.0,Kreditkarte,2.99,4,2.0,False
100041,2024-03-24,105,40.0,West,Mode,Jeans,1,50.14,10.0,PayPal,4.99,3,,False
100560,2024-10-30,1516,36.0,Süd,Elektronik,Powerbank,1,87.87,0.0,Rechnung,4.99,2,4.0,True
102995,2023-02-24,1084,25.0,Nord,Mode,Jacke,1,38.06,0.0,Sofortüberweisung,2.99,3,5.0,False
103103,2024-09-03,697,42.0,West,Bücher,Sachbuch,1,17.65,0.0,Rechnung,2.99,5,4.0,False
100243,2023-11-16,526,,Ost,Haushalt,Staubsauger,1,69.73,0.0,Kreditkarte,4.99,5,5.0,False
101339,2023-02-21,517,36.0,West,Elektronik,Powerbank,1,65.65,0.0,PayPal,6.99,2,5.0,False
102836,2024-09-15,1579,44.0,West,Mode,T-Shirt,1,43.86,0.0,Rechnung,2.99,3,4.0,False
103021,2023-12-19,429,42.0,Süd,Elektronik,USB-Kabel,1,61.0,0.0,Rechnung,4.99,6,3.0,False
103872,2023-04-14,1265,33.0,West,Bücher,Kinderbuch,1,16.82,0.0,Sofortüberweisung,4.99,4,2.0,False
101442,2024-06-01,350,18.0,Ost,Sport,Trinkflasche,1,60.45,0.0,Sofortüberweisung,2.99,3,5.0,False
100261,2024-01-27,1666,34.0,Ost,Bücher,Kochbuch,1,27.84,0.0,Lastschrift,2.99,5,4.0,False
102819,2024-07-15,1534,36.0,West,Bücher,Kinderbuch,1,6.2,10.0,Kreditkarte,6.99,4,1.0,False
101689,2024-09-09,1483,27.0,Ost,Elektronik,Bluetooth-Lautsprecher,2,10.87,0.0,Lastschrift,0.0,4,5.0,False
101725,2024-08-04,693,19.0,West,Bücher,Sachbuch,1,6.23,0.0,Sofortüberweisung,0.0,2,4.0,False
101203,2024-10-21,1767,55.0,Nord,Elektronik,Smartphone-Hülle,1,76.94,5.0,Kreditkarte,2.99,3,5.0,False
100834,2024-11-05,1470,48.0,Nord,Haushalt,Pfannenset,2,77.86,0.0,Kreditkarte,0.0,2,3.0,False
101866,2024-08-13,1785,38.0,Ost,Mode,Jeans,1,18.26,15.0,Sofortüberweisung,4.99,1,5.0,False
102496,2024-04-26,661,35.0,West,Haushalt ,Pfannenset,2,49.67,15.0,Sofortüberweisung,4.99,3,5.0,False
102010,2024-11-11,786,52.0,Nord,Mode,Mütze,4,6.05,0.0,Rechnung,6.99,3,5.0,False
100340,2023-08-30,119,35.0,West,Sport,Hantel,1,37.58,0.0,Kreditkarte,2.99,2,5.0,False
103049,2024-05-19,600,,Mitte,Haushalt,Bettwäsche,1,110.31,15.0,Lastschrift,0.0,5,5.0,False
101601,2023-09-12,897,28.0,Mitte,Haushalt,Kaffeemaschine,2,60.25,10.0,Rechnung,0.0,5,4.0,False
103064,2023-06-23,151,49.0,Mitte,Mode,Jeans,2,26.19,0.0,Lastschrift,4.99,8,4.0,False
104741,2023-07-15,1767,,Süd,Haushalt,Kaffeemaschine,5,53.06,0.0,Kreditkarte,4.99,6,5.0,False
100480,2023-07-24,1192,37.0,Süd,Haushalt,Lampe,1,141.0,0.0,Kreditkarte,6.99,4,5.0,False
102882,2023-03-24,1798,47.0,Ost,Haushalt,Bettwäsche,1,101.82,5.0,PayPal,2.99,6,5.0,False
103605,2024-06-07,122,36.0,Mitte,Haushalt,Pfannenset,2,52.42,0.0,Kreditkarte,4.99,1,4.0,True
103977,2024-04-27,2,21.0,Süd,Elektronik,Kopfhörer,2,22.29,0.0,Kreditkarte,4.99,2,5.0,False
104842,2023-04-01,1116,38.0,Mitte,Elektronik,Smartphone-Hülle,1,40.15,0.0,Sofortüberweisung,2.99,2,5.0,False
104685,2023-10-30,475,22.0,Mitte,Elektronik,Kopfhörer,1,89.24,20.0,Rechnung,,1,5.0,False
104832,2024-03-08,1721,52.0,Mitte,Mode,Jeans,1,63.13,0.0,Sofortüberweisung,2.99,2,5.0,False
104069,2023-10-06,259,49.0,West,Elektronik,Kopfhörer,1,50.42,0.0,Lastschrift,2.99,6,5.0,False
101766,2023-07-09,550,59.0,Nord,Elektronik,Smartphone-Hülle,5,15.82,0.0,Kreditkarte,6.99,6,1.0,False
104518,2024-02-24,689,37.0,Nord,Mode,Mütze,1,30.54,0.0,Kreditkarte,0.0,3,5.0,False
102453,2023-11-11,993,42.0,West,Sport,Laufschuhe,1,22.07,0.0,Rechnung,,2,5.0,False
103339,2024-06-15,436,24.0,Mitte,Elektronik,Powerbank,1,33.09,0.0,Rechnung,0.0,5,4.0,False
103889,2024-11-23,620,41.0,Ost,Sport,Yogamatte,4,16.45,0.0,Lastschrift,2.99,4,5.0,False
104095,2024-06-19,1102,28.0,Süd,Mode,Jacke,2,27.19,0.0,Kreditkarte,0.0,1,5.0,False
104724,2024-03-15,1233,47.0,Ost,Haushalt,Bettwäsche,1,54.58,5.0,Kreditkarte,0.0,2,5.0,False
103752,2024-09-18,1693,18.0,West,Haushalt,Bettwäsche,1,53.07,0.0,PayPal,0.0,2,,False
101271,2024-11-08,1761,37.0,West,Elektronik,Powerbank,2,52.2,0.0,Kreditkarte,4.99,3,5.0,False
104569,2023-10-07,734,23.0,Ost,Haushalt,Kaffeemaschine,1,23.35,0.0,Lastschrift,0.0,2,4.0,True
104546,2024-01-05,730,27.0,Süd,Elektronik,USB-Kabel,1,496.40202863429016,0.0,PayPal,4.99,1,4.0,False
103790,2023-11-22,1033,47.0,Ost,Elektronik,Powerbank,1,89.87,10.0,Lastschrift,0.0,2,5.0,True
104184,2024-03-08,393,29.0,Nord,Bücher,Sachbuch,1,13.95,10.0,Kreditkarte,2.99,5,5.0,False
100347,2023-10-05,1342,31.0,West,Mode,Jacke,1,20.21,0.0,Lastschrift,6.99,1,4.0,True
103957,2024-10-07,355,18.0,Mitte,Bücher,Comic,1,17.23,20.0,Kreditkarte,6.99,4,5.0,False
104670,2023-04-19,1790,49.0,Nord,Mode,Mütze,1,26.54,10.0,Rechnung,2.99,3,5.0,False
102562,2023-05-28,121,18.0,West,Mode,T-Shirt,1,28.23,0.0,PayPal,4.99,3,5.0,False
104635,2023-09-21,914,62.0,Süd,Elektronik,Bluetooth-Lautsprecher,2,152.36,5.0,PayPal,4.99,5,5.0,False
101423,2024-05-16,824,22.0,West,Bücher,Kochbuch,2,15.41,0.0,PayPal,4.99,3,2.0,False
100656,2024-06-12,1387,22.0,West,Elektronik,Bluetooth-Lautsprecher,1,27.86,0.0,Rechnung,4.99,1,,False
102102,2024-03-24,1422,25.0,Süd,Elektronik,Smartphone-Hülle,2,85.61,0.0,Kreditkarte,6.99,4,5.0,True
100632,2023-05-24,683,40.0,Nord,Haushalt,Kaffeemaschine,1,43.75,15.0,Sofortüberweisung,2.99,3,5.0,False
102951,2023-12-27,1737,28.0,Ost,MODE,Jeans,1,6.4,0.0,Kreditkarte,4.99,5,4.0,False
102493,2024-05-27,1320,25.0,Mitte,Mode,Sneaker,2,19.34,0.0,Rechnung,0.0,3,2.0,False
102665,2023-05-15,1025,29.0,Ost,Sport ,Fitnessband,2,86.73,0.0,PayPal,6.99,1,,False
104127,2024-09-06,1483,46.0,Ost,SPORT,Hantel,1,31.32,0.0,Kreditkarte,6.99,1,1.0,True
104304,2024-05-20,479,62.0,Ost,Sport,Trinkflasche,1,31.06,10.0,Sofortüberweisung,4.99,1,5.0,False
104623,2023-03-18,155,31.0,Süd,Elektronik,Powerbank,2,31.48,0.0,Rechnung,2.99,2,5.0,False
103159,2024-12-30,1311,44.0,Süd,Mode,Jacke,2,42.25,20.0,Lastschrift,2.99,4,5.0,False
103667,2024-11-27,388,31.0,Mitte,Sport,Fitnessband,1,48.37,0.0,Sofortüberweisung,6.99,8,2.0,False
102500,2024-03-29,1253,39.0,Nord,Haushalt,Staubsauger,1,33.74,15.0,Kreditkarte,2.99,2,,False
101465,2024-04-27,1249,27.0,Nord,Sport,Laufschuhe,2,50.43,20.0,Kreditkarte,6.99,5,4.0,False
103151,2024-06-09,1133,18.0,Ost,Haushalt,Bettwäsche,2,28.03,0.0,Rechnung,2.99,1,5.0,False
100115,2024-04-14,1506,45.0,Mitte,Bücher,Kinderbuch,1,10.16,0.0,Kreditkarte,2.99,4,4.0,False
101821,2023-05-06,6,34.0,West,Bücher,Comic,1,13.6,0.0,Sofortüberweisung,2.99,6,4.0,False
101494,2024-03-19,1694,18.0,Nord,Bücher,Kinderbuch,2,7.67,0.0,Rechnung,0.0,3,2.0,False
102401,2023-03-24,1295,20.0,Nord,Mode,Jeans,1,23.41,0.0,Kreditkarte,0.0,3,5.0,False
101232,2023-01-29,734,18.0,West,Mode,Jacke,1,547.8581897578056,0.0,Rechnung,0.0,5,1.0,False
102661,2024-11-15,331,33.0,Nord,Elektronik,Kopfhörer,1,39.78,0.0,Sofortüberweisung,0.0,2,5.0,False
102817,2023-03-01,782,,Ost,Elektronik,Kopfhörer,5,61.95,0.0,PayPal,2.99,2,5.0,False
103438,2023-10-17,1728,51.0,West,Haushalt,Pfannenset,1,112.5,0.0,Sofortüberweisung,2.99,3,5.0,False
104618,2023-04-22,899,38.0,Süd,Elektronik,Kopfhörer,1,87.9,0.0,Kreditkarte,0.0,6,5.0,False
101153,2024-06-02,544,41.0,Nord,Elektronik,Bluetooth-Lautsprecher,1,75.37,20.0,Kreditkarte,4.99,1,4.0,False
104816,2024-08-30,1125,46.0,Süd,Elektronik,Bluetooth-Lautsprecher,3,37.32,0.0,Rechnung,4.99,3,3.0,False
100057,2024-06-20,1463,25.0,Nord,Haushalt,Kaffeemaschine,1,66.03,15.0,PayPal,2.99,7,5.0,False
103463,2023-08-09,1142,41.0,Mitte,Elektronik,Kopfhörer,1,81.63,5.0,Rechnung,6.99,2,5.0,False
104332,2024-08-30,1636,21.0,Mitte,Elektronik,Bluetooth-Lautsprecher,1,25.0,0.0,Kreditkarte,4.99,1,5.0,False
104995,2024-08-26,1637,30.0,Ost,Mode,Jacke,1,9.03,5.0,Rechnung,0.0,7,2.0,False
101735,2023-01-16,1538,39.0,Mitte,Elektronik,Kopfhörer,1,42.95,0.0,Kreditkarte,2.99,5,4.0,False
102823,2024-12-20,347,49.0,Nord,Mode,Jacke,1,9.83,0.0,Lastschrift,2.99,5,5.0,False
102196,2023-02-28,131,18.0,West,Bücher,Comic,2,32.06,20.0,Lastschrift,2.99,4,5.0,False
103623,2023-06-18,1340,33.0,Nord,Bücher,Sachbuch,1,8.98,0.0,Rechnung,4.99,3,3.0,False
102475,2023-12-03,1387,55.0,Mitte,Sport,Hantel,1,20.69,5.0,Lastschrift,2.99,1,5.0,False
102564,2023-11-26,189,37.0,West,Haushalt,Kaffeemaschine,1,43.73,0.0,Rechnung,2.99,5,2.0,False
103764,2023-11-06,1682,27.0,Süd,Mode,Sneaker,1,13.3,0.0,Sofortüberweisung,0.0,2,,False
102608,2023-05-03,410,38.0,Mitte,Haushalt,Lampe,1,33.45,0.0,Sofortüberweisung,4.99,3,5.0,False
103728,2023-01-18,1497,22.0,Süd,Elektronik,Bluetooth-Lautsprecher,1,11.29,0.0,PayPal,4.99,7,5.0,False
100707,2023-02-10,824,62.0,Nord,Mode,Mütze,1,15.32,15.0,Sofortüberweisung,0.0,3,4.0,False
104324,2023-05-01,1718,27.0,West,Haushalt,Kaffeemaschine,5,65.62,20.0,Rechnung,4.99,5,5.0,False
101093,2024-03-21,1497,32.0,Mitte,Sport,Fitnessband,1,60.54,15.0,Rechnung,4.99,5,3.0,False
103632,2024-11-09,581,25.0,Süd,Elektronik,Smartphone-Hülle,1,24.43,0.0,Kreditkarte,0.0,5,3.0,False
101376,2023-11-23,633,18.0,Mitte,Elektronik,Powerbank,1,23.53,0.0,Kreditkarte,4.99,1,4.0,False
104963,2023-04-30,427,36.0,Mitte,Elektronik,Smartphone-Hülle,1,16.64,10.0,Kreditkarte,0.0,3,3.0,False
100072,2024-06-26,1147,54.0,West,Sport,Hantel,1,8.47,0.0,Sofortüberweisung,4.99,8,,False
101922,2024-10-14,495,63.0,West,Elektronik,Powerbank,1,24.94,15.0,Kreditkarte,,4,4.0,False
103238,2024-07-13,1666,31.0,Mitte,Elektronik,Smartphone-Hülle,1,24.7,0.0,PayPal,6.99,1,5.0,False
101764,2023-09-13,475,49.0,Ost,Mode,Sneaker,1,90.3,0.0,Rechnung,4.99,5,4.0,False
100743,2024-10-17,15,42.0,Süd,Sport,Yogamatte,1,70.23,0.0,Sofortüberweisung,0.0,9,5.0,False
102937,2024-02-27,1355,,Ost,Bücher,Kochbuch,1,8.83,0.0,Sofortüberweisung,0.0,8,2.0,False
101005,2024-02-28,172,18.0,West,Elektronik,Kopfhörer,1,22.71,0.0,Rechnung,2.99,6,2.0,False
102668,2024-10-23,547,42.0,Ost,Sport,Laufschuhe,3,30.76,5.0,Lastschrift,2.99,1,5.0,False
101190,2023-08-24,1403,38.0,Ost,Bücher,Sachbuch,1,14.13,0.0,Lastschrift,4.99,4,5.0,False
104874,2023-11-03,1747,24.0,Ost,Elektronik,USB-Kabel,1,51.07,10.0,Lastschrift,4.99,6,5.0,False
102601,2024-03-11,1297,41.0,Mitte,Sport,Hantel,1,35.53,0.0,Sofortüberweisung,0.0,4,4.0,False
101125,2024-02-16,369,31.0,Nord,Elektronik,Smartphone-Hülle,2,63.27,0.0,Sofortüberweisung,4.99,3,4.0,False
101241,2023-02-14,1383,22.0,Mitte,Sport,Yogamatte,3,29.31,0.0,Lastschrift,2.99,7,4.0,False
102908,2024-04-07,1265,43.0,Mitte,Elektronik,Smartphone-Hülle,1,89.8,0.0,PayPal,2.99,1,3.0,False
104172,2023-05-10,166,37.0,Ost,Mode,Jacke,1,55.73,15.0,PayPal,4.99,4,5.0,False
104876,2024-07-03,667,46.0,West,Haushalt,Pfannenset,1,59.99,0.0,Rechnung,0.0,4,5.0,False
100998,2023-09-09,1661,24.0,Süd,Sport,Fitnessband,1,2.24,0.0,Lastschrift,6.99,3,5.0,False
103454,2023-06-09,892,41.0,West,Haushalt,Bettwäsche,1,58.82,5.0,Kreditkarte,0.0,4,5.0,False
102684,2024-12-07,54,42.0,West,Mode,Sneaker,1,13.39,0.0,Kreditkarte,0.0,4,3.0,False
101577,2024-08-05,459,54.0,Süd,Elektronik,Powerbank,1,59.5,25.0,Rechnung,0.0,3,5.0,False
104839,2023-07-24,910,35.0,Ost,Mode,Jacke,1,22.2,0.0,Kreditkarte,2.99,7,5.0,False
101826,2024-08-29,1432,52.0,West,Elektronik,Kopfhörer,1,76.58,0.0,Rechnung,4.99,7,4.0,False
103920,2024-06-27,1157,37.0,Nord,Mode,Jacke,5,43.82,10.0,Sofortüberweisung,2.99,1,5.0,False
102099,2024-12-19,1624,44.0,Süd,Haushalt,Kaffeemaschine,1,47.79,5.0,Rechnung,2.99,2,5.0,False
103606,2023-11-17,1045,30.0,Nord,ELEKTRONIK,Bluetooth-Lautsprecher,1,29.99,0.0,Rechnung,0.0,2,5.0,False
100440,2024-08-19,1767,43.0,Mitte,Haushalt,Lampe,1,94.29,0.0,PayPal,4.99,1,2.0,False
102586,2024-01-14,1230,45.0,Nord,Mode,T-Shirt,5,73.72,5.0,Lastschrift,4.99,1,5.0,False
101100,2024-08-26,70,42.0,Mitte,Sport,Trinkflasche,2,92.01,15.0,Kreditkarte,4.99,5,3.0,False
104089,2024-06-05,1560,18.0,Süd,Elektronik,Powerbank,2,23.15,0.0,Rechnung,0.0,3,5.0,False
103121,2023-11-05,993,,Mitte,Sport,Trinkflasche,3,40.19,0.0,Rechnung,0.0,1,3.0,False
100649,2024-12-08,1535,38.0,Ost,ELEKTRONIK,Smartphone-Hülle,3,55.23,20.0,Rechnung,2.99,1,4.0,False
101546,2023-06-14,1669,32.0,Ost,MODE,Jacke,1,17.27,15.0,Lastschrift,6.99,1,5.0,False
103806,2024-05-18,310,29.0,West,Elektronik,Kopfhörer,3,121.92,0.0,Sofortüberweisung,6.99,4,4.0,False
103630,2024-05-23,576,22.0,West,Sport,Hantel,2,62.32,15.0,Rechnung,4.99,5,5.0,False
104189,2023-04-29,548,,Mitte,Mode,T-Shirt,1,20.83,0.0,Kreditkarte,0.0,5,5.0,False
104651,2023-07-31,910,42.0,Süd,Mode,Mütze,1,23.23,10.0,Lastschrift,4.99,2,2.0,False
103814,2023-11-28,1271,35.0,Ost,Mode,T-Shirt,1,56.23,0.0,Rechnung,2.99,3,4.0,False
100630,2024-07-18,1160,29.0,Ost,Elektronik,Smartphone-Hülle,1,24.46,0.0,Sofortüberweisung,4.99,1,,False
100672,2023-10-18,1732,22.0,Mitte,Mode,Jeans,1,7.63,0.0,Kreditkarte,6.99,4,1.0,False
101249,2023-10-17,1438,18.0,West,Haushalt,Kaffeemaschine,1,82.19,5.0,Kreditkarte,0.0,3,5.0,True
100482,2023-11-21,1017,54.0,Nord,Haushalt,Kaffeemaschine,2,51.1,0.0,Kreditkarte,0.0,7,3.0,False
101584,2024-04-17,766,35.0,West,Haushalt,Staubsauger,2,106.89,0.0,Kreditkarte,4.99,6,4.0,False
103137,2023-09-02,1206,24.0,West,Haushalt,Staubsauger,1,83.26,0.0,Rechnung,2.99,1,5.0,False
104674,2023-08-23,1261,49.0,West,Haushalt,Pfannenset,1,41.75,0.0,Rechnung,4.99,5,3.0,False
103100,2023-06-27,211,42.0,West,Mode,T-Shirt,1,48.68,0.0,Lastschrift,2.99,5,5.0,False
101462,2023-02-04,1254,35.0,Nord,Mode,T-Shirt,1,14.84,10.0,Kreditkarte,6.99,4,5.0,False
104006,2024-08-30,38,42.0,West,Mode,T-Shirt,1,25.14,10.0,Rechnung,0.0,3,4.0,False
103694,2024-07-23,1495,33.0,West,Elektronik,Smartphone-Hülle,3,50.13,0.0,Rechnung,6.99,6,4.0,False
100393,2023-01-23,140,31.0,Mitte,Sport,Laufschuhe,3,26.16,0.0,Kreditkarte,4.99,2,4.0,False
102578,2024-03-06,1244,47.0,Ost,Sport,Hantel,1,24.39,0.0,PayPal,0.0,5,5.0,False
104034,2023-12-10,1688,51.0,West,Elektronik,Powerbank,1,69.05,15.0,Kreditkarte,4.99,2,3.0,False
100049,2023-06-10,894,22.0,Süd,Bücher,Kinderbuch,1,14.79,25.0,Kreditkarte,6.99,4,5.0,False
104333,2024-04-30,57,39.0,Nord,Elektronik,Powerbank,2,69.12,10.0,PayPal,0.0,3,5.0,False
103119,2024-11-19,1724,28.0,West,Mode,Mütze,2,9.22,15.0,Sofortüberweisung,6.99,6,3.0,False
100858,2023-07-12,1732,18.0,Ost,Elektronik,Powerbank,1,53.18,10.0,Kreditkarte,0.0,3,4.0,False
101072,2024-11-08,1761,28.0,Süd,Haushalt,Kaffeemaschine,1,56.04,5.0,Rechnung,2.99,6,1.0,True
100719,2024-04-20,100,39.0,Süd,Sport,Trinkflasche,1,15.16,0.0,Sofortüberweisung,4.99,3,4.0,False
104790,2024-02-20,108,,Süd,Elektronik,Powerbank,1,91.37,15.0,Rechnung,0.0,1,3.0,False
102631,2024-06-02,1227,26.0,Nord,Elektronik,Bluetooth-Lautsprecher,1,22.16,0.0,PayPal,2.99,3,5.0,False
104923,2024-07-10,826,43.0,Mitte,Haushalt,Staubsauger,1,74.57,0.0,Sofortüberweisung,4.99,3,4.0,False
101660,2024-02-15,603,24.0,West,Elektronik,Bluetooth-Lautsprecher,1,73.71,0.0,Kreditkarte,4.99,8,,False
101656,2024-03-16,835,18.0,Ost,Sport,Fitnessband,1,35.68,0.0,Kreditkarte,4.99,1,4.0,False
102425,2023-04-16,951,58.0,Mitte,Elektronik,USB-Kabel,2,113.49,0.0,Sofortüberweisung,0.0,1,2.0,False
103996,2023-06-27,1409,45.0,Nord,Mode,Jeans,1,23.52,0.0,Lastschrift,2.99,1,3.0,False
104272,2023-03-23,1124,18.0,Nord,Bücher,Comic,3,5.31,5.0,Sofortüberweisung,4.99,6,5.0,False
104767,2023-12-29,1442,39.0,Süd,Bücher,Comic,1,23.56,5.0,Lastschrift,6.99,4,5.0,False
103375,2023-04-29,807,30.0,West,Mode,Sneaker,4,51.93,5.0,Sofortüberweisung,2.99,4,5.0,True
104521,2023-09-11,1632,64.0,Süd,Mode,Mütze,4,39.1,0.0,Rechnung,2.99,2,5.0,False
103371,2024-05-31,1204,34.0,West,Haushalt,Kaffeemaschine,1,64.64,5.0,Rechnung,0.0,1,4.0,False
104800,2024-07-16,301,37.0,Ost,Haushalt,Pfannenset,2,17.73,0.0,PayPal,0.0,4,5.0,False
104168,2024-01-09,431,47.0,Nord,Elektronik,USB-Kabel,1,92.3,15.0,Sofortüberweisung,2.99,5,5.0,False
102606,2023-06-25,124,47.0,Süd,Haushalt,Kaffeemaschine,1,24.21,0.0,Lastschrift,2.99,3,,True
101385,2024-07-06,972,43.0,Süd,Sport,Yogamatte,2,35.25,0.0,Kreditkarte,4.99,3,4.0,False
103909,2023-02-19,166,39.0,West,Elektronik,Powerbank,1,14.41,0.0,Sofortüberweisung,0.0,3,5.0,False
101399,2024-10-25,1788,30.0,Süd,Haushalt,Kaffeemaschine,1,48.86,0.0,PayPal,2.99,5,4.0,False
101195,2024-06-19,1308,19.0,West,Elektronik,Kopfhörer,2,39.91,0.0,Lastschrift,2.99,3,5.0,False
101408,2023-06-18,506,50.0,West,Bücher,Sachbuch,1,28.08,0.0,PayPal,6.99,1,4.0,False
103898,2023-02-16,1333,26.0,Mitte,ELEKTRONIK,Kopfhörer,1,24.33,0.0,Rechnung,4.99,3,2.0,False
101798,2023-08-16,1466,49.0,Süd,Elektronik,Kopfhörer,1,27.53,20.0,PayPal,2.99,1,5.0,False
101475,2024-09-16,522,37.0,Mitte,Elektronik,USB-Kabel,2,54.95,0.0,Kreditkarte,4.99,5,3.0,False
103282,2023-10-26,1201,56.0,West,Bücher,Roman,1,6.2,0.0,Kreditkarte,0.0,1,5.0,False
100035,2023-12-15,853,18.0,Nord,Mode,Jeans,1,32.48,0.0,PayPal,2.99,3,4.0,False
103611,2023-11-11,971,38.0,Mitte,Mode,Jacke,2,26.84,0.0,Rechnung,4.99,3,5.0,False
102345,2023-05-07,1723,32.0,Mitte,Sport,Yogamatte,1,67.19,20.0,PayPal,,8,,False
104930,2024-10-16,1626,41.0,Nord,Sport,Hantel,2,24.87,20.0,Sofortüberweisung,2.99,3,5.0,False
102359,2024-02-28,417,33.0,Nord,Sport,Fitnessband,1,49.08,0.0,Sofortüberweisung,0.0,1,5.0,False
102206,2023-03-25,1172,21.0,Nord,Bücher,Roman,3,14.11,5.0,Sofortüberweisung,6.99,2,4.0,False
104944,2024-10-15,350,27.0,Mitte,Sport,Yogamatte,1,14.91,10.0,Lastschrift,4.99,4,5.0,False
101286,2023-10-01,478,51.0,Ost,Elektronik,Smartphone-Hülle,1,50.73,0.0,PayPal,6.99,3,4.0,False
100349,2023-04-29,789,37.0,West,Mode,T-Shirt,1,19.68,20.0,PayPal,2.99,2,,False
102137,2024-11-08,290,35.0,Nord,Sport,Hantel,4,71.24,15.0,Kreditkarte,4.99,5,3.0,False
102691,2024-03-18,1700,47.0,Süd,Bücher,Kinderbuch,1,26.4,0.0,Rechnung,6.99,5,5.0,False
103040,2023-09-07,448,30.0,Mitte,Haushalt,Bettwäsche,1,38.8,20.0,Sofortüberweisung,,5,5.0,False
103189,2024-07-24,1718,37.0,Süd,Haushalt,Staubsauger,1,45.56,0.0,Sofortüberweisung,2.99,4,4.0,False
101681,2023-03-17,810,36.0,Ost,Mode,Sneaker,1,13.94,0.0,Rechnung,4.99,5,4.0,False
104099,2024-04-12,9,37.0,Süd,Bücher,Roman,2,35.96,0.0,Sofortüberweisung,6.99,1,5.0,True
101443,2024-06-12,1597,,Mitte,Mode,T-Shirt,2,55.92,5.0,Rechnung,2.99,2,4.0,False
103309,2023-07-09,1156,38.0,West,Mode ,Mütze,2,40.33,0.0,Sofortüberweisung,0.0,4,3.0,False
101671,2024-11-19,1470,48.0,Süd,Mode,Jeans,2,26.6,15.0,Sofortüberweisung,4.99,1,4.0,False
103013,2023-11-18,1080,40.0,Nord,Elektronik,Bluetooth-Lautsprecher,1,11.8,0.0,Kreditkarte,2.99,3,1.0,False
101179,2023-08-31,507,25.0,Ost,Sport,Hantel,1,46.44,0.0,Kreditkarte,4.99,4,5.0,True
102798,2024-11-18,883,32.0,Mitte,Mode,Sneaker,1,18.75,10.0,Lastschrift,6.99,3,4.0,False
101692,2024-08-31,830,18.0,Ost,Elektronik,Powerbank,1,71.86,10.0,PayPal,6.99,4,5.0,False
103950,2023-01-28,784,,West,Bücher,Kochbuch,1,6.51,15.0,PayPal,2.99,3,5.0,False
100372,2024-03-31,717,28.0,Ost,Mode,Mütze,1,56.28,0.0,Rechnung,0.0,1,4.0,False
103683,2024-03-10,408,39.0,West,Bücher,Roman,3,13.41,0.0,Lastschrift,6.99,3,3.0,False
101916,2024-04-17,473,53.0,Mitte,Elektronik,Kopfhörer,1,78.3,0.0,Rechnung,0.0,3,4.0,False
101357,2023-02-27,1252,,Nord,Mode,Jacke,1,9.65,0.0,Kreditkarte,2.99,3,1.0,False
101825,2023-05-22,1060,34.0,Mitte,Bücher,Kinderbuch,1,7.71,0.0,PayPal,2.99,8,5.0,False
100786,2023-12-30,1279,41.0,Nord,Mode,Sneaker,1,32.06,10.0,Sofortüberweisung,0.0,6,5.0,False
100469,2023-11-30,1168,52.0,Nord,Haushalt,Pfannenset,1,23.96,0.0,PayPal,0.0,6,5.0,True
100140,2024-09-12,1069,50.0,Mitte,Elektronik,Kopfhörer,1,50.43,0.0,PayPal,0.0,4,5.0,False
100788,2023-10-04,699,35.0,Nord,Haushalt,Pfannenset,2,21.78,10.0,Kreditkarte,2.99,1,4.0,False
100323,2023-12-14,676,32.0,Süd,Sport,Fitnessband,2,40.52,0.0,Sofortüberweisung,6.99,2,4.0,False
100050,2023-05-28,624,18.0,Mitte,Elektronik,Smartphone-Hülle,1,48.34,0.0,PayPal,0.0,2,5.0,False
100714,2024-03-07,69,39.0,West,Elektronik,Powerbank,2,33.25,0.0,PayPal,4.99,2,5.0,False
104533,2023-02-13,1393,26.0,Nord,Elektronik,Smartphone-Hülle,2,10.02,5.0,Sofortüberweisung,0.0,1,4.0,False
102840,2023-10-27,1710,52.0,Nord,Elektronik,Kopfhörer,2,28.74,0.0,Rechnung,4.99,3,5.0,False
102446,2023-11-07,391,31.0,West,Sport,Trinkflasche,1,20.33,0.0,Lastschrift,4.99,4,4.0,False
104862,2023-07-25,469,27.0,Ost,Haushalt,Kaffeemaschine,1,59.07,0.0,Sofortüberweisung,0.0,4,4.0,False
104463,2024-06-15,1631,42.0,Nord,Bücher,Kochbuch,1,23.37,0.0,Sofortüberweisung,0.0,7,,False
104641,2023-01-13,1533,38.0,Süd,Sport,Hantel,3,34.96,0.0,Sofortüberweisung,2.99,4,5.0,False
103076,2024-08-08,1106,24.0,Ost,Haushalt,Pfannenset,3,61.93,5.0,Kreditkarte,2.99,1,4.0,False
102666,2023-04-22,548,29.0,Nord,Elektronik,USB-Kabel,1,7.32,0.0,Rechnung,4.99,2,5.0,False
100406,2023-09-08,166,40.0,Mitte,Sport,Trinkflasche,2,59.69,10.0,Lastschrift,0.0,1,5.0,False
103427,2023-04-25,1100,44.0,West,Elektronik,Bluetooth-Lautsprecher,1,580.6639519862657,0.0,Rechnung,6.99,5,3.0,False
101004,2023-02-17,231,39.0,Süd,Mode,Mütze,2,11.4,0.0,Sofortüberweisung,2.99,1,4.0,False
103066,2023-06-02,1577,35.0,Süd,Haushalt,Kaffeemaschine,1,80.47,0.0,Lastschrift,6.99,4,,False
100890,2024-01-13,758,29.0,Süd,Sport,Yogamatte,2,19.07,0.0,Rechnung,4.99,5,5.0,False
102411,2024-11-07,442,51.0,Süd,SPORT,Trinkflasche,1,30.52,0.0,Rechnung,0.0,6,4.0,False
102545,2023-11-26,1721,46.0,Süd,Elektronik,Bluetooth-Lautsprecher,4,66.41,10.0,Sofortüberweisung,4.99,1,5.0,False
103504,2023-09-04,52,,Nord,Sport,Fitnessband,1,6.02,0.0,Rechnung,0.0,4,4.0,False
102390,2023-05-01,1502,34.0,West,Elektronik,Kopfhörer,1,64.8,0.0,Lastschrift,0.0,1,4.0,False
104017,2024-02-24,350,72.0,Süd,Sport,Yogamatte,1,20.44,0.0,Sofortüberweisung,4.99,7,4.0,False
100042,2024-09-09,1526,28.0,Ost,Mode,Mütze,1,36.83,15.0,Rechnung,2.99,1,5.0,False
102830,2024-09-22,501,39.0,Nord,Sport,Hantel,4,21.25,10.0,Lastschrift,4.99,2,3.0,False
104883,2023-05-27,1285,39.0,Ost,Haushalt,Kaffeemaschine,2,27.39,0.0,Lastschrift,0.0,2,5.0,False
100303,2023-09-09,37,37.0,Nord,Elektronik,Smartphone-Hülle,3,56.18,5.0,Rechnung,2.99,3,4.0,False
104558,2024-06-30,268,37.0,Süd,Bücher,Comic,1,36.01,15.0,Lastschrift,2.99,4,4.0,False
103820,2023-09-03,235,25.0,Ost,Bücher,Kochbuch,3,12.77,0.0,Kreditkarte,4.99,2,5.0,False
100664,2024-04-10,486,23.0,Süd,Bücher,Kochbuch,2,1.71,15.0,PayPal,4.99,7,,False
101177,2024-01-04,884,47.0,West,Sport,Fitnessband,2,12.1,0.0,Kreditkarte,6.99,1,4.0,False
102676,2024-11-04,53,,Mitte,Haushalt,Kaffeemaschine,1,83.53,20.0,Sofortüberweisung,0.0,4,4.0,False
101947,2023-09-18,651,18.0,Mitte,Mode,Mütze,2,29.92,0.0,PayPal,2.99,3,5.0,False
102501,2024-09-13,39,54.0,Ost,Haushalt,Staubsauger,1,19.49,15.0,Lastschrift,0.0,1,4.0,False
101473,2024-07-23,407,21.0,Ost,Bücher,Comic,1,179.8408848328647,0.0,Sofortüberweisung,0.0,4,5.0,False
103553,2024-09-24,724,44.0,Ost,Sport,Trinkflasche,2,17.35,5.0,Rechnung,0.0,2,3.0,True
103785,2024-11-26,1544,50.0,Mitte,Bücher,Kochbuch,1,25.04,0.0,Rechnung,6.99,4,3.0,False
102132,2023-04-26,748,56.0,Süd,Bücher,Sachbuch,2,18.02,0.0,Lastschrift,2.99,4,4.0,False
101026,2024-11-20,247,49.0,Mitte,Elektronik,USB-Kabel,1,13.21,10.0,Sofortüberweisung,0.0,3,5.0,False
102989,2023-07-22,441,35.0,Süd,Mode,Jacke,3,18.27,0.0,Lastschrift,6.99,1,4.0,False
100961,2024-01-03,1341,42.0,Ost,Mode,Jacke,1,19.94,0.0,Sofortüberweisung,2.99,1,4.0,False
102889,2024-04-08,1739,53.0,Mitte,Elektronik,Kopfhörer,1,46.17,5.0,Rechnung,0.0,4,4.0,False
103275,2024-05-15,512,26.0,West,Elektronik,Kopfhörer,4,72.38,5.0,Kreditkarte,4.99,2,5.0,False
102009,2023-03-08,367,24.0,Nord,Bücher,Comic,1,9.17,0.0,Kreditkarte,,3,4.0,False
102149,2023-08-28,86,44.0,Ost,Elektronik,Smartphone-Hülle,2,58.16,0.0,Kreditkarte,6.99,5,3.0,False
104679,2023-07-27,1139,47.0,Mitte,Bücher,Sachbuch,1,17.27,15.0,Lastschrift,0.0,5,5.0,True
102338,2024-09-19,313,43.0,Mitte,Elektronik,Bluetooth-Lautsprecher,1,46.04,0.0,Rechnung,0.0,8,4.0,False
103965,2023-03-22,1685,18.0,West,Elektronik,Powerbank,1,36.86,0.0,Kreditkarte,6.99,5,4.0,True
100304,2024-08-04,140,,Ost,Haushalt,Kaffeemaschine,1,44.11,0.0,Sofortüberweisung,2.99,2,2.0,False
101440,2023-06-07,407,55.0,Süd,Bücher,Kochbuch,1,15.62,0.0,Sofortüberweisung,2.99,3,4.0,False
101496,2023-12-03,749,50.0,Mitte,Elektronik,Kopfhörer,2,25.23,0.0,PayPal,0.0,5,5.0,False
102652,2023-01-10,1507,35.0,Süd,Mode,T-Shirt,1,24.61,0.0,Rechnung,4.99,1,4.0,False
102875,2023-10-22,1354,46.0,Süd,Elektronik,Bluetooth-Lautsprecher,1,13.99,0.0,Sofortüberweisung,0.0,5,5.0,False
100916,2024-04-22,215,38.0,Mitte,Haushalt,Lampe,1,67.29,0.0,Kreditkarte,4.99,1,4.0,False
104224,2024-07-13,1142,53.0,Ost,Haushalt,Bettwäsche,1,63.55,0.0,Lastschrift,2.99,1,4.0,False
103794,2023-04-16,1381,25.0,Süd,Mode,Jeans,1,31.06,0.0,Lastschrift,0.0,1,5.0,False
102772,2023-02-15,142,18.0,Mitte,Sport,Trinkflasche,1,26.72,10.0,Sofortüberweisung,4.99,5,5.0,False
101624,2024-05-07,1792,53.0,Ost,Mode,T-Shirt,2,46.12,0.0,Rechnung,0.0,7,5.0,False
103911,2024-02-29,1702,34.0,Süd,Sport,Laufschuhe,1,22.55,0.0,Lastschrift,2.99,3,1.0,False
100821,2023-06-28,177,18.0,Mitte,Mode,Sneaker,1,33.74,0.0,Lastschrift,0.0,2,1.0,False
103366,2024-10-08,1140,35.0,Ost,Mode,Jeans,1,28.09,0.0,Rechnung,2.99,1,5.0,False
101354,2023-02-14,1466,42.0,Mitte,Sport,Yogamatte,1,15.09,0.0,Sofortüberweisung,6.99,1,5.0,False
104542,2024-02-27,922,48.0,Ost,HAUSHALT,Staubsauger,2,78.4,5.0,PayPal,4.99,2,5.0,False
100850,2023-10-07,1622,59.0,Süd,Mode,Mütze,1,21.74,0.0,Sofortüberweisung,2.99,5,5.0,False
101000,2024-03-25,881,48.0,Süd,Elektronik,Smartphone-Hülle,1,61.27,0.0,Kreditkarte,4.99,5,5.0,False
104387,2023-04-15,1589,23.0,West,Elektronik,USB-Kabel,1,111.7,0.0,Rechnung,4.99,4,4.0,False
100018,2024-03-18,1513,20.0,Mitte,Mode,Jacke,2,18.92,15.0,Sofortüberweisung,4.99,1,4.0,False
101637,2024-10-12,162,38.0,Ost,Haushalt,Lampe,1,24.11,10.0,Kreditkarte,4.99,2,4.0,False
101667,2023-06-19,143,62.0,Ost,Elektronik,Smartphone-Hülle,1,38.68,0.0,PayPal,6.99,8,4.0,False
100493,2023-12-04,177,43.0,West,Mode,Sneaker,2,22.99,0.0,Sofortüberweisung,4.99,6,4.0,True
101347,2023-07-20,216,,Süd,Sport,Laufschuhe,1,40.13,0.0,Lastschrift,0.0,1,1.0,False
103018,2024-10-12,638,29.0,Süd,Haushalt,Pfannenset,1,57.14,0.0,Lastschrift,4.99,1,5.0,False
103800,2023-01-03,666,27.0,Nord,ELEKTRONIK,Smartphone-Hülle,2,89.81,25.0,Rechnung,0.0,5,4.0,False
103321,2023-05-19,1181,56.0,Süd,Sport,Fitnessband,1,51.71,5.0,PayPal,2.99,5,5.0,False
104216,2023-02-01,1170,40.0,West,Elektronik,Smartphone-Hülle,3,59.03,0.0,Kreditkarte,2.99,5,5.0,False
103551,2023-08-13,381,37.0,Ost,Haushalt,Lampe,1,9.76,10.0,Rechnung,6.99,8,4.0,False
100687,2023-01-17,315,53.0,Nord,Sport,Laufschuhe,1,40.97,5.0,PayPal,6.99,6,5.0,False
103804,2023-07-19,1615,51.0,Süd,Elektronik,USB-Kabel,1,42.39,15.0,PayPal,6.99,4,3.0,False
101608,2024-07-22,669,24.0,Ost,Bücher,Sachbuch,2,31.58,0.0,Rechnung,0.0,3,5.0,False
104590,2024-11-08,1792,40.0,West,Sport,Yogamatte,1,20.72,0.0,Sofortüberweisung,0.0,3,4.0,False
103470,2023-02-01,742,43.0,Ost,Mode,T-Shirt,1,20.5,0.0,PayPal,2.99,1,5.0,False
101009,2024-09-18,1691,34.0,Süd,Sport,Fitnessband,1,61.32,0.0,Rechnung,6.99,5,3.0,False
102408,2023-06-13,1473,31.0,Mitte,Bücher,Sachbuch,1,20.37,0.0,Kreditkarte,6.99,3,5.0,True
101092,2024-05-25,734,36.0,West,Mode,T-Shirt,2,24.18,0.0,Kreditkarte,4.99,6,3.0,False
101327,2023-07-31,406,45.0,Süd,Mode,Sneaker,3,11.26,0.0,Sofortüberweisung,0.0,5,5.0,False
101677,2024-02-27,631,58.0,West,Elektronik,Kopfhörer,2,39.25,5.0,Rechnung,2.99,2,5.0,False
101999,2023-08-27,1101,47.0,Süd,Haushalt,Bettwäsche,2,14.05,10.0,PayPal,4.99,2,1.0,False
101310,2023-02-26,424,20.0,West,BÜCHER,Kochbuch,1,5.11,0.0,Rechnung,4.99,4,5.0,False
104698,2024-05-30,862,41.0,Ost,Haushalt,Staubsauger,3,71.16,0.0,Rechnung,4.99,4,5.0,False
101987,2023-11-06,1435,,Ost,Bücher,Kochbuch,1,6.18,10.0,Lastschrift,0.0,3,3.0,False
103721,2023-04-13,1539,44.0,Ost,Mode,Jacke,1,15.54,0.0,Sofortüberweisung,6.99,2,3.0,False
100344,2024-06-22,689,18.0,West,Sport,Laufschuhe,2,37.43,0.0,Rechnung,2.99,5,5.0,False
104228,2023-05-04,712,38.0,Süd,Elektronik,Smartphone-Hülle,1,80.28,0.0,Kreditkarte,6.99,4,5.0,False
100986,2023-12-31,82,47.0,Mitte,Sport,Yogamatte,1,12.54,10.0,Sofortüberweisung,0.0,4,4.0,False
103926,2023-05-15,471,36.0,West,Sport,Fitnessband,2,18.35,5.0,Lastschrift,6.99,5,3.0,True
103880,2024-10-10,456,42.0,West,Bücher,Comic,1,8.09,20.0,Sofortüberweisung,0.0,3,4.0,False
104356,2024-05-14,1785,18.0,Ost,Elektronik,Smartphone-Hülle,2,54.5,0.0,Sofortüberweisung,4.99,3,4.0,False
104081,2023-09-26,333,38.0,Ost,Haushalt,Bettwäsche,1,42.15,0.0,Lastschrift,4.99,1,4.0,False
103154,2023-06-24,542,48.0,West,Sport,Laufschuhe,1,9.91,0.0,Lastschrift,2.99,5,4.0,False
104635,2023-09-21,914,62.0,Süd,Elektronik,Bluetooth-Lautsprecher,2,152.36,5.0,PayPal,4.99,5,5.0,False
101142,2023-07-01,1449,30.0,Ost,Sport,Laufschuhe,3,52.9,0.0,Lastschrift,4.99,7,5.0,True
102358,2024-11-13,401,37.0,Nord,Elektronik,Smartphone-Hülle,1,45.58,0.0,Sofortüberweisung,0.0,1,3.0,False
101198,2024-12-30,183,20.0,Ost,ELEKTRONIK,USB-Kabel,2,36.8,5.0,Rechnung,2.99,3,5.0,False
100085,2024-02-09,970,36.0,Ost,Elektronik,Kopfhörer,2,24.3,10.0,Sofortüberweisung,4.99,1,3.0,False
101518,2023-01-12,115,40.0,West,Haushalt,Staubsauger,2,109.24,15.0,PayPal,2.99,3,5.0,False
100516,2024-11-08,873,51.0,Süd,Bücher,Sachbuch,1,17.66,20.0,Sofortüberweisung,2.99,6,4.0,False
101381,2024-06-05,1439,28.0,Nord,Haushalt,Kaffeemaschine,1,45.81,0.0,PayPal,4.99,2,5.0,False
102716,2023-09-18,935,52.0,Ost,Mode,Mütze,1,15.61,0.0,PayPal,2.99,7,4.0,False
104672,2023-05-03,86,25.0,Mitte,Mode,T-Shirt,1,38.25,0.0,PayPal,4.99,2,4.0,True
101014,2024-01-13,215,18.0,Nord,Haushalt,Pfannenset,1,60.41,10.0,Lastschrift,4.99,3,5.0,False
100128,2024-07-23,222,39.0,Ost,Mode,Sneaker,4,87.28,5.0,Kreditkarte,2.99,4,5.0,False
101364,2023-06-14,716,28.0,Süd,Mode,Jeans,1,22.21,0.0,PayPal,0.0,1,2.0,False
104888,2024-04-03,1193,44.0,Mitte,Sport,Trinkflasche,1,28.03,10.0,Sofortüberweisung,2.99,5,5.0,False
104055,2024-01-14,1279,44.0,West,Mode ,T-Shirt,2,16.82,0.0,Kreditkarte,2.99,4,4.0,False
103626,2024-11-19,1,28.0,Nord,Mode,Jeans,1,4.88,20.0,Rechnung,2.99,1,5.0,False
100891,2023-11-23,944,34.0,West,Elektronik,Powerbank,2,44.05,0.0,Lastschrift,4.99,3,2.0,False
102793,2024-01-13,1652,30.0,Süd,HAUSHALT,Lampe,1,92.58,15.0,PayPal,4.99,4,5.0,False
104251,2024-11-15,1139,57.0,West,Sport,Trinkflasche,3,14.24,0.0,Rechnung,6.99,4,,False
101359,2023-04-17,1662,34.0,West,Bücher,Kochbuch,2,3.89,20.0,Kreditkarte,0.0,4,4.0,False
100307,2023-06-22,146,65.0,Ost,Haushalt,Pfannenset,3,48.3,10.0,Lastschrift,2.99,2,3.0,False
101661,2023-10-01,359,37.0,West,Elektronik,USB-Kabel,1,903.305974501283,0.0,Rechnung,2.99,7,4.0,False
102431,2023-04-11,1282,18.0,Ost,Haushalt,Bettwäsche,1,46.26,10.0,Kreditkarte,4.99,2,5.0,False
104011,2024-08-16,316,43.0,Mitte,Mode,Sneaker,3,10.5,0.0,Sofortüberweisung,0.0,5,5.0,False
101317,2024-07-07,1355,44.0,Mitte,ELEKTRONIK,Powerbank,2,37.26,0.0,Kreditkarte,6.99,4,4.0,False
104347,2023-09-25,1073,43.0,Nord,Sport,Hantel,1,15.89,20.0,Rechnung,4.99,8,5.0,False
102474,2024-05-22,1182,55.0,Süd,Elektronik,Kopfhörer,3,56.42,0.0,Lastschrift,6.99,1,2.0,False
102542,2023-07-26,1276,47.0,Nord,Haushalt,Pfannenset,1,15.36,0.0,PayPal,0.0,4,5.0,False
101246,2024-12-09,1196,29.0,Nord,Sport,Fitnessband,1,35.53,0.0,Rechnung,0.0,5,5.0,False
101208,2024-06-16,858,41.0,Mitte,Sport,Fitnessband,2,13.41,10.0,Sofortüberweisung,0.0,2,5.0,True
100216,2023-03-04,969,28.0,West,Mode,Jacke,1,6.15,10.0,Kreditkarte,2.99,4,4.0,False
104336,2024-08-02,1530,48.0,West,Mode,Jeans,2,5.84,0.0,Sofortüberweisung,0.0,4,5.0,False
104666,2024-08-15,1455,33.0,Süd,Haushalt,Staubsauger,1,33.78,0.0,Sofortüberweisung,4.99,2,5.0,False
101239,2024-03-07,1235,69.0,Nord,Haushalt,Pfannenset,1,64.26,0.0,Sofortüberweisung,0.0,3,4.0,False
102289,2024-04-17,82,42.0,Süd,Elektronik,Kopfhörer,1,45.62,0.0,Kreditkarte,6.99,4,4.0,False
102740,2023-05-21,1110,50.0,Ost,Sport,Hantel,4,51.51,10.0,PayPal,4.99,6,5.0,False
100275,2024-09-19,153,38.0,West,ELEKTRONIK,Powerbank,1,57.29,5.0,Rechnung,0.0,4,5.0,False
100489,2024-03-05,1189,30.0,Nord,Mode,T-Shirt,2,41.06,0.0,Sofortüberweisung,2.99,2,5.0,False
101035,2023-05-07,692,51.0,Nord,Bücher,Kinderbuch,3,11.26,25.0,Lastschrift,0.0,3,4.0,False
101229,2024-05-21,1164,29.0,Ost,Sport,Trinkflasche,3,18.86,0.0,Rechnung,6.99,1,5.0,False
104630,2024-07-08,1751,39.0,Mitte,Elektronik,USB-Kabel,5,34.54,0.0,Rechnung,2.99,7,4.0,False
101008,2024-07-08,1626,36.0,West,Mode,Jacke,1,42.48,20.0,Sofortüberweisung,4.99,1,4.0,False
104777,2023-07-13,200,28.0,Nord,Bücher,Sachbuch,1,16.81,20.0,PayPal,0.0,5,4.0,False
104427,2023-10-02,966,40.0,Nord,Sport,Laufschuhe,2,22.89,0.0,Rechnung,4.99,1,5.0,False
103247,2024-12-10,153,31.0,Süd,Mode ,T-Shirt,1,3.46,5.0,PayPal,0.0,6,4.0,False
102532,2023-03-29,1445,45.0,Süd,ELEKTRONIK ,Kopfhörer,2,42.27,5.0,Lastschrift,4.99,1,5.0,False
104211,2023-03-12,1411,44.0,Ost,Bücher,Roman,1,10.86,5.0,Sofortüberweisung,2.99,2,4.0,False
101058,2023-03-10,1250,41.0,Ost,Elektronik,Kopfhörer,2,48.06,5.0,PayPal,2.99,4,4.0,False
102166,2024-12-26,1181,30.0,Nord,Elektronik,Powerbank,2,33.04,0.0,Rechnung,2.99,1,4.0,False
104140,2023-12-23,96,44.0,Süd,Haushalt,Pfannenset,1,69.58,0.0,PayPal,0.0,4,5.0,False
103441,2023-06-25,1607,40.0,West,Sport,Laufschuhe,2,18.31,0.0,PayPal,6.99,4,,False
100281,2023-11-06,1118,18.0,West,Haushalt,Lampe,1,36.71,0.0,Rechnung,2.99,1,5.0,False
104441,2024-11-19,471,39.0,Ost,Bücher,Sachbuch,1,14.02,25.0,Sofortüberweisung,2.99,1,4.0,False
101316,2024-04-07,1122,56.0,Süd,Bücher,Roman,1,14.58,20.0,Lastschrift,4.99,1,4.0,False
104684,2023-04-13,1005,36.0,Süd,Mode,Jeans,1,17.54,10.0,Rechnung,2.99,1,2.0,False
100968,2023-07-26,1757,55.0,Mitte,SPORT,Trinkflasche,1,17.4,0.0,Kreditkarte,2.99,4,5.0,False
103990,2023-10-02,997,18.0,West,Elektronik,Powerbank,1,102.63,0.0,Rechnung,2.99,6,,False
103997,2024-01-22,788,48.0,West,Bücher,Comic,1,24.26,15.0,PayPal,2.99,4,5.0,False
103231,2023-12-01,350,39.0,Ost,Mode,Mütze,1,64.6,0.0,Rechnung,2.99,3,5.0,False
103589,2024-12-15,1322,23.0,Süd,Haushalt,Pfannenset,1,15.67,10.0,PayPal,0.0,3,4.0,False
100619,2024-01-03,143,53.0,Süd,Elektronik,USB-Kabel,2,30.74,20.0,Sofortüberweisung,0.0,2,3.0,False
104390,2024-12-30,996,45.0,West,Mode,T-Shirt,1,24.93,0.0,Sofortüberweisung,0.0,3,4.0,False
101742,2023-05-28,1488,32.0,West,Bücher,Sachbuch,1,43.57,0.0,Lastschrift,2.99,5,5.0,False
101390,2024-03-01,1432,18.0,Nord,Sport,Yogamatte,2,16.29,0.0,PayPal,2.99,1,4.0,False
104866,2024-07-28,598,41.0,West,Mode,Jeans,1,42.41,0.0,Rechnung,2.99,3,4.0,False
101847,2024-04-19,1465,40.0,Ost,Mode,Sneaker,1,22.37,5.0,Sofortüberweisung,0.0,1,4.0,False
101579,2024-11-27,1731,65.0,Nord,Elektronik,Powerbank,1,50.35,0.0,Rechnung,6.99,4,5.0,False
101655,2023-01-22,86,33.0,Mitte,Elektronik,USB-Kabel,2,32.86,0.0,Sofortüberweisung,0.0,6,4.0,False
102352,2024-05-22,701,34.0,Mitte,BÜCHER,Sachbuch,1,13.2,0.0,Sofortüberweisung,2.99,3,5.0,False
102212,2024-11-08,613,37.0,Mitte,Elektronik,USB-Kabel,1,86.87,0.0,PayPal,0.0,5,3.0,False
102020,2023-12-22,1762,48.0,Mitte,Mode,Sneaker,1,34.83,15.0,Lastschrift,0.0,3,5.0,False
101117,2024-05-19,564,46.0,West,Mode,Jeans,1,21.24,0.0,Lastschrift,2.99,4,4.0,False
101956,2023-05-11,115,39.0,Mitte,Elektronik,Bluetooth-Lautsprecher,1,43.64,0.0,Rechnung,0.0,6,5.0,False
101307,2023-01-05,1118,57.0,Süd,Elektronik,USB-Kabel,2,55.63,15.0,PayPal,2.99,1,4.0,False
102003,2023-10-25,391,43.0,Mitte,Elektronik,USB-Kabel,1,51.46,0.0,PayPal,0.0,6,5.0,False
104500,2023-02-26,1192,37.0,Ost,Mode,T-Shirt,1,12.66,0.0,Rechnung,2.99,4,3.0,True
100575,2023-01-30,471,30.0,West,Elektronik,Kopfhörer,1,30.71,5.0,Lastschrift,2.99,2,5.0,False
102360,2024-08-28,1728,38.0,Ost,Bücher,Comic,2,13.83,25.0,Lastschrift,2.99,4,5.0,False
104245,2024-09-18,1040,33.0,Süd,Elektronik,Bluetooth-Lautsprecher,2,71.84,0.0,Lastschrift,2.99,2,5.0,False
104481,2024-06-08,172,31.0,Mitte,Bücher,Kochbuch,1,3.87,0.0,Sofortüberweisung,0.0,4,5.0,False
101706,2023-01-23,1404,40.0,Mitte,Sport,Laufschuhe,1,60.88,20.0,Kreditkarte,0.0,6,5.0,False
103815,2024-07-02,1573,24.0,West,Bücher,Kochbuch,2,10.48,0.0,Kreditkarte,4.99,1,5.0,False
103540,2023-03-20,88,34.0,Nord,Haushalt,Pfannenset,2,26.15,0.0,Lastschrift,2.99,1,2.0,True
101280,2023-11-09,646,49.0,Süd,Mode,Jeans,1,34.49,0.0,PayPal,2.99,2,5.0,False
100861,2023-05-27,1625,32.0,Mitte,Elektronik,Smartphone-Hülle,2,18.42,0.0,PayPal,2.99,3,5.0,False
104187,2023-11-03,1155,33.0,West,Elektronik,Smartphone-Hülle,1,17.6,0.0,Lastschrift,0.0,3,4.0,False
101801,2024-10-18,1680,39.0,Süd,Bücher,Sachbuch,1,12.4,0.0,Lastschrift,2.99,3,5.0,False
101628,2024-12-25,1721,32.0,Nord,Bücher,Sachbuch,3,22.06,0.0,Kreditkarte,0.0,1,2.0,False
101993,2024-06-24,1403,32.0,Mitte,Sport,Hantel,1,57.76,0.0,Rechnung,0.0,3,4.0,False
102639,2023-08-14,1037,39.0,Süd,Mode,Sneaker,1,10.77,10.0,Sofortüberweisung,0.0,3,4.0,False
100269,2023-09-02,232,44.0,Mitte,Mode,T-Shirt,3,25.94,15.0,PayPal,0.0,5,4.0,False
100629,2024-03-02,79,55.0,Süd,Mode,T-Shirt,1,19.7,0.0,Sofortüberweisung,2.99,3,4.0,False
103081,2024-08-18,514,27.0,Ost,Bücher,Sachbuch,1,15.55,0.0,Sofortüberweisung,0.0,3,5.0,False
102334,2024-10-25,500,29.0,Süd,Sport,Hantel,1,34.18,0.0,Sofortüberweisung,2.99,6,1.0,False
102966,2023-07-06,1554,47.0,Nord,Mode,Jeans,1,34.02,0.0,Lastschrift,4.99,2,5.0,False
100300,2024-11-05,361,35.0,Süd,Mode,Mütze,1,21.99,0.0,PayPal,0.0,1,5.0,False
100459,2023-12-10,68,43.0,Nord,Mode,Jacke,1,16.54,5.0,Kreditkarte,4.99,1,,False
101447,2024-04-10,465,36.0,West,Haushalt,Kaffeemaschine,2,77.46,0.0,Sofortüberweisung,0.0,6,5.0,False
101472,2024-09-04,1087,30.0,Mitte,HAUSHALT,Pfannenset,1,58.66,0.0,Rechnung,0.0,6,2.0,False
102046,2023-02-02,438,44.0,Ost,Mode,Sneaker,1,16.47,0.0,Lastschrift,4.99,1,5.0,False
104271,2024-04-15,67,,Ost,Mode,Sneaker,1,20.37,5.0,Rechnung,2.99,2,4.0,False
103837,2024-11-12,451,,Süd,Haushalt,Kaffeemaschine,1,30.86,0.0,Sofortüberweisung,2.99,3,5.0,False
102113,2024-10-08,750,49.0,Süd,Haushalt,Kaffeemaschine,2,14.24,0.0,PayPal,4.99,3,2.0,False
100027,2024-06-23,690,36.0,Nord,Mode,Jacke,1,30.65,0.0,Lastschrift,2.99,5,3.0,False
104628,2023-11-05,1186,37.0,West,Haushalt,Lampe,1,58.02,15.0,PayPal,0.0,2,3.0,False
104567,2024-11-05,2,34.0,Mitte,Elektronik,Powerbank,1,41.56,0.0,Kreditkarte,0.0,3,3.0,False
100837,2023-06-24,1349,27.0,West,Mode,T-Shirt,1,16.11,0.0,Lastschrift,6.99,2,5.0,False
104373,2023-01-28,1693,57.0,Süd,Bücher,Sachbuch,2,34.61,5.0,Rechnung,6.99,3,5.0,False
103433,2023-10-27,257,24.0,Süd,Elektronik,Powerbank,1,29.08,0.0,Kreditkarte,0.0,2,5.0,False
102008,2023-10-15,173,61.0,Mitte,Sport,Laufschuhe,1,40.49,5.0,Sofortüberweisung,6.99,4,4.0,False
104957,2024-11-08,976,30.0,Ost,Haushalt,Pfannenset,4,51.18,0.0,Rechnung,4.99,2,3.0,False
100503,2024-05-06,1014,24.0,Ost,Elektronik,Smartphone-Hülle,1,34.22,0.0,Lastschrift,4.99,3,4.0,False
103954,2023-01-05,1638,43.0,Süd,Elektronik,Smartphone-Hülle,1,49.38,0.0,PayPal,6.99,1,5.0,False
104348,2023-06-18,1759,37.0,West,Mode,Jeans,1,29.92,0.0,Lastschrift,2.99,4,5.0,False
100380,2023-02-05,224,38.0,Mitte,Elektronik,Bluetooth-Lautsprecher,1,24.64,5.0,PayPal,0.0,1,1.0,False
101851,2024-09-16,574,35.0,Mitte,Haushalt,Lampe,2,114.98,15.0,Kreditkarte,2.99,2,3.0,True
101525,2023-02-27,1601,38.0,Mitte,Bücher,Comic,2,23.67,0.0,Rechnung,4.99,2,5.0,False
102365,2024-01-17,1215,33.0,West,Bücher,Sachbuch,1,17.19,15.0,Rechnung,2.99,4,5.0,False
104722,2023-04-11,1612,47.0,Mitte,Mode,Sneaker,1,53.2,0.0,Kreditkarte,0.0,4,5.0,False
103052,2023-02-03,892,44.0,Nord,Elektronik,Kopfhörer,1,38.54,0.0,Kreditkarte,4.99,5,2.0,False
102884,2023-12-10,328,28.0,Nord,Haushalt,Staubsauger,2,53.69,0.0,PayPal,0.0,4,5.0,False
102340,2023-05-02,1484,27.0,Nord,Mode,Sneaker,2,21.45,0.0,Kreditkarte,0.0,2,5.0,False
100374,2023-09-24,1579,51.0,West,Mode,Sneaker,1,2.29,10.0,Lastschrift,0.0,5,5.0,False
103326,2024-04-20,1147,,West,Elektronik,USB-Kabel,1,25.2,25.0,Sofortüberweisung,2.99,5,5.0,False
102381,2023-12-27,1082,30.0,Ost,Mode,Sneaker,2,8.54,0.0,Sofortüberweisung,4.99,5,5.0,False
104353,2024-08-12,195,40.0,West,Mode,Jacke,1,16.52,0.0,Lastschrift,2.99,6,,False
100939,2023-08-05,1671,,Süd,Sport,Yogamatte,3,51.77,5.0,Sofortüberweisung,0.0,4,3.0,False
104654,2023-03-16,879,25.0,Nord,Elektronik,Powerbank,1,40.9,10.0,PayPal,2.99,6,5.0,False
104207,2024-10-25,787,34.0,Ost,HAUSHALT,Staubsauger,2,121.78,0.0,Kreditkarte,0.0,6,2.0,False
102799,2024-08-24,566,35.0,Ost,Mode,Sneaker,1,11.65,0.0,Sofortüberweisung,0.0,1,4.0,False
102147,2023-10-21,1229,21.0,Nord,Elektronik,Kopfhörer,1,30.86,0.0,Kreditkarte,4.99,1,5.0,False
103891,2024-09-27,1352,31.0,West,Elektronik,Kopfhörer,1,8.71,0.0,Kreditkarte,6.99,1,3.0,False
104585,2024-03-15,1226,54.0,West,Mode,T-Shirt,1,40.14,0.0,Sofortüberweisung,4.99,4,4.0,False
104259,2023-10-02,360,21.0,Süd,Mode,T-Shirt,1,99.32,15.0,PayPal,0.0,6,4.0,False
102068,2024-02-03,161,34.0,Nord,Mode,Jacke,1,15.17,15.0,Kreditkarte,0.0,2,5.0,False
100529,2024-05-30,190,62.0,West,Elektronik,Powerbank,1,73.38,0.0,Kreditkarte,4.99,4,4.0,False
103803,2023-07-14,928,38.0,West,Elektronik,Smartphone-Hülle,1,23.86,0.0,Lastschrift,0.0,1,3.0,True
100636,2024-07-22,730,40.0,West,Haushalt,Kaffeemaschine,1,35.1,0.0,Lastschrift,0.0,1,5.0,True
101269,2023-06-01,1699,31.0,Nord,Elektronik,Kopfhörer,1,18.86,0.0,Rechnung,0.0,2,5.0,False
100185,2024-12-04,1644,45.0,Nord,Elektronik,Smartphone-Hülle,1,17.37,0.0,Sofortüberweisung,0.0,3,5.0,False
103892,2023-01-16,626,57.0,Nord,Mode,Jacke,1,30.83,0.0,Lastschrift,2.99,3,2.0,True
103244,2023-03-15,59,46.0,Ost,Bücher ,Kochbuch,1,40.36,0.0,Lastschrift,4.99,5,4.0,False
104523,2024-12-02,1008,18.0,West,Mode,Sneaker,1,10.97,0.0,Sofortüberweisung,4.99,4,3.0,False
101797,2024-01-21,551,31.0,Ost,Haushalt,Lampe,1,56.82,0.0,Sofortüberweisung,4.99,6,5.0,False
102979,2023-08-14,283,44.0,West,Haushalt,Bettwäsche,1,32.8,5.0,Lastschrift,4.99,6,5.0,False
101441,2023-05-13,847,63.0,Süd,Haushalt,Pfannenset,2,666.0798568368973,20.0,Kreditkarte,6.99,5,5.0,False
104093,2024-10-26,197,46.0,Süd,Haushalt,Kaffeemaschine,2,57.54,5.0,PayPal,2.99,1,4.0,False
104924,2024-02-12,1286,22.0,Süd,Haushalt,Lampe,1,59.18,0.0,Rechnung,2.99,5,5.0,False
101535,2023-03-07,837,18.0,Mitte,Elektronik,USB-Kabel,2,24.18,15.0,Lastschrift,4.99,3,5.0,False
103711,2023-08-11,1377,44.0,Nord,Mode,Jeans,1,26.66,5.0,Lastschrift,0.0,5,5.0,False
103188,2024-08-23,1534,18.0,Mitte,Haushalt,Lampe,1,28.32,0.0,Sofortüberweisung,0.0,3,5.0,False
101273,2024-09-19,3,36.0,Ost,Elektronik,Powerbank,1,84.75,0.0,PayPal,0.0,2,5.0,False
102467,2023-03-01,833,31.0,Nord,Sport,Hantel,1,14.73,0.0,Kreditkarte,0.0,7,3.0,False
100607,2024-12-18,1337,43.0,Mitte,MODE,Mütze,1,11.52,0.0,Sofortüberweisung,0.0,6,5.0,False
103455,2023-02-08,260,29.0,Ost,Mode,T-Shirt,1,7.85,15.0,Kreditkarte,4.99,2,5.0,False
101712,2023-08-18,1109,45.0,Mitte,Mode,Mütze,1,42.75,0.0,Kreditkarte,2.99,3,5.0,False
102199,2024-11-14,1062,51.0,Süd,Sport,Fitnessband,1,28.39,10.0,Sofortüberweisung,2.99,1,3.0,False
100955,2024-03-13,203,65.0,Ost,Elektronik,Powerbank,1,142.93,0.0,Kreditkarte,4.99,2,5.0,False
102579,2024-12-14,1132,40.0,Süd,Haushalt,Pfannenset,3,27.28,0.0,Rechnung,4.99,1,5.0,False
104609,2023-06-09,1707,41.0,West,Bücher,Kochbuch,1,4.34,0.0,Lastschrift,2.99,6,1.0,False
104469,2023-05-28,845,41.0,Mitte,Mode,Sneaker,1,12.21,15.0,PayPal,4.99,4,,False
104315,2024-02-03,1721,41.0,Nord,Elektronik,Smartphone-Hülle,1,26.04,0.0,Kreditkarte,2.99,4,4.0,False
103758,2023-04-13,908,40.0,West,Haushalt,Lampe,1,89.2,10.0,Sofortüberweisung,0.0,4,5.0,False
100403,2023-06-16,43,59.0,Ost,Mode,Mütze,1,72.03,0.0,PayPal,2.99,7,4.0,False
102071,2024-04-27,898,38.0,Nord,Sport,Trinkflasche,2,11.74,0.0,Kreditkarte,2.99,1,5.0,False
104804,2023-02-23,1580,19.0,Nord,Haushalt,Lampe,2,23.78,0.0,Sofortüberweisung,2.99,6,5.0,False
101977,2024-05-17,1521,26.0,Ost,ELEKTRONIK,Bluetooth-Lautsprecher,1,67.02,5.0,Kreditkarte,2.99,5,4.0,False
100158,2024-07-16,1761,,Ost,Bücher ,Kochbuch,2,3.66,10.0,Sofortüberweisung,0.0,2,5.0,False
101748,2024-08-07,194,41.0,West,Mode,Jacke,1,27.51,10.0,Lastschrift,0.0,3,4.0,False
102909,2024-05-14,986,18.0,Süd,Mode,T-Shirt,1,27.19,5.0,Kreditkarte,4.99,1,3.0,False
103604,2023-09-25,451,29.0,Ost,Mode,Jacke,1,6.3,0.0,PayPal,0.0,5,2.0,False
100902,2024-04-24,1288,42.0,West,Haushalt,Kaffeemaschine,1,42.83,0.0,Kreditkarte,2.99,3,4.0,False
100352,2023-05-18,144,30.0,Ost,Elektronik,Bluetooth-Lautsprecher,1,18.72,0.0,Lastschrift,,1,4.0,False
101230,2023-09-08,261,42.0,Süd,Mode,Jeans,1,15.21,0.0,Rechnung,4.99,4,5.0,False
104717,2024-02-29,1047,42.0,Ost,Haushalt,Lampe,1,106.73,0.0,PayPal,2.99,4,3.0,False
102140,2024-10-01,577,34.0,Süd,Bücher,Roman,1,11.72,5.0,Kreditkarte,6.99,1,4.0,False
100444,2023-06-14,1663,38.0,Ost,Sport,Trinkflasche,1,35.15,10.0,Sofortüberweisung,0.0,4,5.0,False
104998,2023-10-01,666,42.0,Süd,Elektronik,USB-Kabel,2,49.09,0.0,Kreditkarte,0.0,4,5.0,False
100754,2024-05-05,332,36.0,Süd,BÜCHER,Kinderbuch,1,3.95,0.0,Kreditkarte,0.0,1,5.0,False
101737,2023-01-02,1267,,Ost,Mode,T-Shirt,2,6.52,5.0,Lastschrift,4.99,3,2.0,False
102971,2024-02-11,125,46.0,Süd,Sport,Hantel,1,40.28,0.0,Sofortüberweisung,0.0,5,5.0,False
100486,2024-05-10,1172,69.0,Nord,Haushalt,Pfannenset,2,75.19,0.0,Lastschrift,2.99,5,5.0,False
102920,2023-10-17,843,42.0,Mitte,Sport,Fitnessband,1,29.84,0.0,Lastschrift,4.99,1,3.0,False
100311,2024-01-22,1292,33.0,Ost,Elektronik,Powerbank,1,47.95,5.0,PayPal,2.99,1,5.0,False
100548,2024-01-17,714,38.0,Süd,Mode,Sneaker,3,14.97,0.0,Sofortüberweisung,4.99,2,5.0,False
100661,2023-05-27,943,60.0,Süd,SPORT,Laufschuhe,2,18.91,0.0,Lastschrift,4.99,5,5.0,False
104810,2023-02-23,1736,53.0,Mitte,Elektronik,Smartphone-Hülle,1,50.89,0.0,PayPal,2.99,4,5.0,False
101989,2024-06-15,1623,21.0,West,Bücher ,Comic,1,11.69,0.0,Kreditkarte,4.99,1,2.0,True
100306,2023-10-23,1002,32.0,Mitte,Elektronik,Bluetooth-Lautsprecher,2,36.2,25.0,Sofortüberweisung,4.99,2,5.0,False
102335,2024-12-18,288,67.0,Mitte,Haushalt,Lampe,2,67.44,0.0,Rechnung,4.99,4,5.0,False
100694,2024-12-14,1647,26.0,Süd,Elektronik,Smartphone-Hülle,1,182.98,0.0,PayPal,0.0,3,3.0,False
102356,2024-05-16,88,32.0,Mitte,Elektronik,Powerbank,2,15.31,0.0,Kreditkarte,4.99,4,5.0,False
101927,2023-11-17,860,51.0,Nord,Elektronik,Kopfhörer,1,42.9,0.0,Sofortüberweisung,2.99,2,5.0,False
100684,2023-02-13,1446,,Ost,Mode,Mütze,1,14.8,0.0,Kreditkarte,2.99,1,5.0,False
100749,2023-07-08,1292,38.0,West,Mode,Jeans,1,26.33,5.0,Lastschrift,4.99,5,2.0,False
103559,2024-03-22,1469,43.0,Ost,Mode,Jeans,1,23.47,5.0,Kreditkarte,0.0,1,5.0,False
103312,2024-01-04,1717,,Süd,Elektronik,Smartphone-Hülle,3,35.19,0.0,Rechnung,0.0,6,1.0,False
101266,2023-08-21,1454,60.0,Ost,Sport,Trinkflasche,2,43.92,0.0,Kreditkarte,4.99,1,5.0,False
103351,2023-12-04,1186,36.0,Nord,Sport,Yogamatte,1,26.32,0.0,Rechnung,0.0,3,4.0,False
103599,2023-03-29,1619,64.0,Mitte,Sport,Trinkflasche,1,53.96,0.0,Rechnung,6.99,5,5.0,False
104467,2024-08-07,1345,22.0,West,Mode,Mütze,1,29.55,0.0,Lastschrift,4.99,5,2.0,False
104062,2024-10-04,1731,21.0,West,Elektronik,Smartphone-Hülle,1,9.01,20.0,Lastschrift,0.0,1,4.0,False
103083,2023-12-31,98,53.0,Mitte,Elektronik,Kopfhörer,3,66.21,15.0,Kreditkarte,6.99,2,4.0,False
103061,2024-01-28,1049,28.0,Süd,Mode,Jacke,1,17.96,5.0,Kreditkarte,4.99,3,3.0,False
103025,2023-06-06,449,53.0,Süd,Elektronik,Smartphone-Hülle,2,90.93,0.0,Lastschrift,4.99,5,5.0,False
100970,2024-02-29,1563,18.0,Ost,Bücher,Kinderbuch,2,6.56,5.0,Kreditkarte,4.99,6,5.0,False
100013,2023-10-27,673,41.0,Mitte,Mode,T-Shirt,3,10.77,15.0,Kreditkarte,4.99,4,,False
100873,2023-01-21,729,35.0,Nord,MODE,Jeans,-1,10.41,0.0,Lastschrift,4.99,1,5.0,False
100808,2024-12-13,996,22.0,Süd,Mode,Jacke,1,13.91,5.0,Lastschrift,4.99,3,5.0,True
103198,2023-07-10,704,27.0,West,Mode,Mütze,1,23.6,0.0,PayPal,6.99,4,3.0,False
100514,2023-02-23,919,37.0,Mitte,Mode,Sneaker,1,56.23,20.0,Rechnung,2.99,5,1.0,False
104517,2023-05-02,193,,Mitte,Elektronik,Powerbank,2,52.34,20.0,PayPal,2.99,4,,False
100409,2023-12-09,1257,51.0,Ost,Elektronik,Kopfhörer,1,53.06,0.0,PayPal,4.99,1,,False
104153,2023-04-07,1566,52.0,Nord,Elektronik,Bluetooth-Lautsprecher,3,19.99,0.0,Lastschrift,2.99,7,4.0,False
104386,2023-12-05,770,36.0,West,Bücher,Roman,1,9.13,0.0,Sofortüberweisung,2.99,5,5.0,False
100207,2024-11-09,1330,47.0,Nord,Haushalt,Kaffeemaschine,3,52.38,0.0,Rechnung,6.99,2,2.0,False
103289,2023-04-07,791,45.0,Ost,Elektronik,Kopfhörer,1,26.55,0.0,Lastschrift,0.0,5,4.0,False
100458,2023-03-08,1045,29.0,Mitte,Elektronik,USB-Kabel,1,69.52,10.0,Sofortüberweisung,6.99,7,4.0,False
103541,2024-04-20,335,57.0,Mitte,Bücher,Roman,3,19.14,0.0,PayPal,2.99,1,5.0,False
102430,2023-04-19,629,24.0,Mitte,Haushalt,Lampe,1,29.31,0.0,Rechnung,4.99,8,5.0,False
104650,2023-12-14,299,48.0,Ost,Mode,T-Shirt,4,23.64,15.0,Kreditkarte,4.99,3,3.0,False
100110,2024-09-17,83,27.0,West,Haushalt,Kaffeemaschine,2,51.66,20.0,Rechnung,2.99,5,4.0,False
103819,2023-03-29,1495,52.0,Ost,Mode,T-Shirt,1,10.72,0.0,Rechnung,4.99,3,5.0,False
101107,2023-04-26,950,48.0,Ost,Elektronik,Powerbank,2,4.94,0.0,PayPal,0.0,3,3.0,False
101883,2024-03-18,1073,23.0,Nord,Sport ,Hantel,1,26.99,0.0,Lastschrift,2.99,4,3.0,False
101713,2024-02-15,1490,52.0,West,Sport,Yogamatte,1,31.34,0.0,Lastschrift,4.99,5,5.0,True
104036,2024-03-09,1073,28.0,Ost,Sport,Fitnessband,2,32.8,0.0,Lastschrift,0.0,5,4.0,False
103467,2024-12-12,1785,,West,Mode,Sneaker,1,34.27,5.0,Sofortüberweisung,4.99,5,5.0,False
100552,2023-10-14,381,38.0,West,Elektronik,Smartphone-Hülle,1,54.51,10.0,PayPal,2.99,1,4.0,False
101439,2024-07-19,123,34.0,West,Haushalt,Staubsauger,1,12.55,0.0,Rechnung,2.99,6,5.0,False
102270,2023-07-22,1658,29.0,Süd,Elektronik,Kopfhörer,2,83.7,15.0,Lastschrift,0.0,3,4.0,False
103144,2023-01-26,1662,18.0,Süd,Mode,Mütze,3,37.64,15.0,PayPal,2.99,5,4.0,False
102821,2023-07-09,455,34.0,Ost,Mode,Jacke,1,4.1,0.0,Lastschrift,0.0,1,4.0,False
104830,2024-04-01,575,30.0,Nord,Mode,Mütze,3,42.08,15.0,Lastschrift,2.99,4,3.0,False
101925,2024-09-12,762,36.0,Nord,Elektronik,Kopfhörer,2,54.96,0.0,Rechnung,4.99,3,5.0,False
100634,2024-04-16,1516,62.0,Ost,Mode,T-Shirt,1,40.0,0.0,PayPal,2.99,2,3.0,False
104854,2024-03-31,711,38.0,Nord,Elektronik,Powerbank,3,29.11,10.0,Rechnung,2.99,4,,False
100316,2024-12-30,419,33.0,Süd,Haushalt,Kaffeemaschine,1,103.41,0.0,Lastschrift,4.99,4,,True
104260,2024-04-10,1328,40.0,West,Mode,Jeans,1,15.01,0.0,Rechnung,0.0,4,5.0,True
104747,2023-03-18,116,47.0,West,Mode,Mütze,1,37.84,0.0,Sofortüberweisung,2.99,9,5.0,False
101328,2024-07-05,94,21.0,Süd,Mode,Mütze,1,25.76,0.0,Sofortüberweisung,2.99,3,4.0,False
100427,2024-10-08,537,59.0,Mitte,Sport ,Fitnessband,1,8.39,5.0,PayPal,4.99,3,4.0,False
103442,2024-04-29,440,52.0,Ost,Elektronik,Kopfhörer,1,51.17,0.0,Lastschrift,4.99,1,4.0,True
100105,2024-04-30,1685,18.0,Mitte,Sport,Yogamatte,1,16.72,0.0,Sofortüberweisung,2.99,5,5.0,False
103041,2024-07-25,1751,46.0,West,Elektronik,USB-Kabel,4,87.98,0.0,Kreditkarte,4.99,1,5.0,False
100142,2023-11-18,321,50.0,Nord,Elektronik,Smartphone-Hülle,2,46.9,5.0,Sofortüberweisung,0.0,1,4.0,False
102169,2023-12-16,150,45.0,West,Sport,Hantel,2,30.26,10.0,Rechnung,6.99,5,5.0,False
103396,2023-12-04,1727,64.0,West,Elektronik,Powerbank,1,106.53,15.0,Sofortüberweisung,2.99,2,4.0,False
100089,2023-01-07,382,48.0,Ost,Sport,Fitnessband,1,18.74,0.0,Sofortüberweisung,,5,5.0,False
102918,2023-11-03,376,32.0,Ost,Bücher,Sachbuch,1,20.84,20.0,PayPal,0.0,4,4.0,False
103237,2023-03-25,1410,19.0,Mitte,Haushalt,Bettwäsche,1,100.68,0.0,Rechnung,4.99,4,4.0,False
102241,2023-07-11,1601,30.0,Ost,Haushalt,Bettwäsche,1,49.88,0.0,Sofortüberweisung,2.99,2,5.0,False
103174,2024-04-10,250,27.0,Ost,Elektronik,Smartphone-Hülle,2,42.91,0.0,PayPal,4.99,1,5.0,False
103480,2024-02-23,36,47.0,West,MODE,Jeans,1,41.52,0.0,Kreditkarte,2.99,3,3.0,False
102163,2023-05-25,1723,42.0,West,Elektronik,Bluetooth-Lautsprecher,1,46.79,0.0,Lastschrift,4.99,4,,False
102636,2023-04-30,1231,45.0,Süd,Haushalt,Lampe,1,69.32,0.0,Sofortüberweisung,0.0,3,5.0,False
101949,2023-11-13,427,38.0,Süd,Mode,Jacke,1,35.41,5.0,Lastschrift,2.99,2,5.0,False
101768,2023-06-13,78,29.0,West,Haushalt,Pfannenset,3,7.62,0.0,Rechnung,2.99,3,4.0,False
103349,2024-01-25,708,34.0,Süd,Elektronik,Powerbank,1,53.53,0.0,Rechnung,2.99,3,4.0,False
102272,2024-05-21,1186,69.0,Mitte,Haushalt,Lampe,1,41.87,5.0,Sofortüberweisung,4.99,3,,False
100001,2024-05-10,1401,35.0,West,Mode,Jacke,2,14.95,0.0,Kreditkarte,6.99,6,4.0,False
104602,2023-01-03,1218,31.0,Mitte,Elektronik,USB-Kabel,1,65.01,0.0,Kreditkarte,4.99,1,4.0,False
102468,2024-10-17,1374,31.0,Mitte,ELEKTRONIK,Smartphone-Hülle,1,48.2,5.0,Rechnung,4.99,3,4.0,False
101951,2024-12-19,160,18.0,Nord,MODE,T-Shirt,4,40.98,0.0,Sofortüberweisung,0.0,5,4.0,False
100935,2024-02-28,1034,26.0,Ost,Elektronik,Bluetooth-Lautsprecher,2,22.2,0.0,Kreditkarte,,5,4.0,False
104340,2023-10-05,1163,28.0,Nord,Haushalt,Lampe,1,74.8,0.0,Sofortüberweisung,2.99,2,5.0,False
102720,2023-04-17,31,33.0,West,Bücher,Kochbuch,1,11.18,0.0,Rechnung,4.99,3,,False
103543,2024-05-10,340,28.0,Ost,Elektronik,Kopfhörer,1,49.89,0.0,Rechnung,6.99,5,2.0,False
101109,2023-02-02,118,18.0,West,Mode,Sneaker,1,68.11,0.0,Sofortüberweisung,2.99,2,5.0,False
103659,2024-10-27,1381,19.0,Mitte,Sport,Laufschuhe,1,28.78,10.0,Sofortüberweisung,6.99,5,5.0,False
100591,2023-09-28,808,46.0,West,Sport,Laufschuhe,1,56.07,0.0,Sofortüberweisung,0.0,5,4.0,False
101695,2024-11-20,1512,25.0,West,Bücher,Roman,2,27.18,0.0,PayPal,6.99,4,4.0,False
103518,2023-11-05,266,20.0,West,Sport,Hantel,1,10.99,15.0,PayPal,0.0,5,3.0,False
102936,2023-10-06,1433,25.0,Nord,Bücher,Sachbuch,1,15.1,5.0,Sofortüberweisung,0.0,3,4.0,True
104247,2023-06-27,1476,18.0,West,Elektronik,Powerbank,1,132.53,0.0,Rechnung,0.0,3,5.0,False
103479,2023-05-18,975,52.0,Ost,Elektronik,USB-Kabel,1,80.06,10.0,Kreditkarte,4.99,5,,False
101576,2023-02-26,1306,43.0,Süd,ELEKTRONIK,Powerbank,1,48.73,0.0,Kreditkarte,0.0,1,5.0,False
104032,2024-01-16,1378,65.0,Mitte,Mode,T-Shirt,1,56.78,0.0,Lastschrift,0.0,5,2.0,False
100213,2023-08-07,1742,40.0,Ost,Bücher,Comic,1,22.93,20.0,Kreditkarte,4.99,4,5.0,False
100778,2023-11-12,920,23.0,Ost,Sport,Hantel,4,73.4,10.0,Kreditkarte,0.0,4,3.0,False
101415,2023-04-14,1042,36.0,West,Elektronik,USB-Kabel,1,79.26,0.0,Rechnung,2.99,3,1.0,False
103832,2023-07-27,1229,64.0,Süd,Mode,Jeans,2,6.23,20.0,Kreditkarte,6.99,6,5.0,False
102043,2023-02-09,1544,37.0,Nord,Mode,Jacke,1,4.84,0.0,Sofortüberweisung,6.99,4,4.0,False
102848,2023-04-04,165,38.0,Nord,Bücher,Kinderbuch,2,8.54,0.0,Sofortüberweisung,0.0,2,4.0,False
104582,2024-07-24,681,49.0,Ost,Bücher,Sachbuch,1,14.22,5.0,Lastschrift,4.99,3,5.0,False
103575,2024-07-20,241,20.0,Ost,Haushalt,Bettwäsche,1,72.71,5.0,Lastschrift,4.99,4,,False
103886,2024-04-13,582,59.0,West,Bücher,Sachbuch,1,1.81,5.0,Rechnung,2.99,4,5.0,False
101567,2023-11-25,753,45.0,Süd,Sport,Fitnessband,2,42.67,0.0,PayPal,6.99,3,4.0,False
100165,2023-03-31,1637,39.0,Mitte,ELEKTRONIK,Smartphone-Hülle,1,40.35,10.0,Lastschrift,2.99,6,5.0,True
104762,2024-04-24,343,19.0,Mitte,ELEKTRONIK,USB-Kabel,1,11.82,15.0,Kreditkarte,0.0,4,4.0,False
103655,2024-01-29,1023,42.0,West,Haushalt,Lampe,2,82.23,0.0,Sofortüberweisung,6.99,7,5.0,False
104976,2023-01-10,1371,26.0,West,Mode,Mütze,1,33.32,0.0,Lastschrift,0.0,3,,False
101343,2024-04-13,901,56.0,Süd,Mode,Jeans,1,70.9,10.0,Lastschrift,0.0,3,5.0,False
102013,2024-11-24,1584,51.0,Mitte,Mode,Jacke,3,2.33,0.0,Rechnung,6.99,4,5.0,False
100273,2023-04-19,777,30.0,West,Sport,Trinkflasche,2,16.59,20.0,Sofortüberweisung,6.99,3,5.0,False
100071,2024-01-22,957,48.0,West,Haushalt,Lampe,1,21.89,15.0,Kreditkarte,2.99,6,5.0,False
103964,2023-10-02,589,50.0,Ost,Haushalt,Bettwäsche,1,61.41,5.0,Sofortüberweisung,2.99,4,1.0,False
101087,2023-03-24,1696,36.0,Süd,Mode,Jacke,1,553.0519058783075,15.0,Rechnung,4.99,1,3.0,False
100394,2024-11-26,536,76.0,Süd,Bücher,Kochbuch,1,8.4,0.0,Lastschrift,4.99,4,5.0,False
100583,2023-04-15,1465,37.0,West,Haushalt,Kaffeemaschine,4,104.78,0.0,Rechnung,0.0,2,5.0,False
101367,2024-10-07,410,34.0,Ost,Elektronik,USB-Kabel,1,17.99,0.0,Lastschrift,4.99,2,4.0,False
104315,2024-02-03,1721,41.0,Nord,Elektronik,Smartphone-Hülle,1,26.04,0.0,Kreditkarte,2.99,4,4.0,False
104689,2023-09-13,1411,40.0,Ost,Haushalt,Lampe,1,159.93,0.0,Rechnung,0.0,3,5.0,False
102548,2024-06-03,1275,46.0,Süd,Elektronik,USB-Kabel,1,380.3318087488127,0.0,Lastschrift,2.99,6,4.0,False
101013,2023-11-02,164,45.0,West,Mode,T-Shirt,1,21.54,0.0,Lastschrift,6.99,1,4.0,False
104947,2024-12-18,973,25.0,Mitte,Sport,Trinkflasche,1,47.02,0.0,Rechnung,4.99,2,3.0,False
103003,2024-10-29,1136,52.0,Mitte,Sport,Hantel,1,28.7,15.0,Sofortüberweisung,4.99,4,5.0,False
104837,2023-07-05,759,22.0,Süd,Mode ,Sneaker,1,18.41,5.0,Kreditkarte,6.99,5,4.0,False
104594,2024-05-02,1113,41.0,Nord,Mode,Jacke,1,26.88,0.0,PayPal,0.0,3,3.0,False
104525,2023-10-29,851,28.0,Ost,Elektronik,Smartphone-Hülle,1,52.77,10.0,Kreditkarte,0.0,2,4.0,False
101763,2023-03-30,473,53.0,West,Sport,Hantel,1,67.45,0.0,Sofortüberweisung,0.0,7,,False
101875,2023-05-27,576,32.0,West,Haushalt,Kaffeemaschine,1,65.74,0.0,Rechnung,2.99,3,4.0,False
101259,2024-05-11,1433,52.0,Nord,Sport,Laufschuhe,5,68.24,0.0,Lastschrift,2.99,5,5.0,False
103344,2023-12-22,1690,41.0,West,Mode,Jeans,4,51.95,0.0,Kreditkarte,2.99,2,2.0,False
104575,2023-07-20,1198,30.0,Süd,Haushalt,Staubsauger,2,7.7,0.0,PayPal,2.99,4,4.0,False
102253,2024-02-26,1487,40.0,West,Elektronik,USB-Kabel,3,81.9,0.0,Sofortüberweisung,4.99,7,2.0,False
102781,2023-07-04,1184,50.0,Süd,Elektronik,Kopfhörer,1,37.35,10.0,PayPal,2.99,4,5.0,False
103665,2023-04-23,317,24.0,Mitte,Mode,Jacke,1,46.33,0.0,Kreditkarte,4.99,3,1.0,True
100526,2023-01-05,69,28.0,Ost,Mode,T-Shirt,1,35.11,0.0,Sofortüberweisung,0.0,1,5.0,False
104035,2024-12-22,139,30.0,Mitte,Mode,Jacke,1,9.73,10.0,Rechnung,2.99,4,2.0,False
102946,2023-05-07,140,42.0,Ost,Mode,Jeans,2,64.8,10.0,Rechnung,4.99,4,4.0,False
100377,2023-07-09,596,23.0,Süd,Mode,T-Shirt,1,64.42,10.0,Sofortüberweisung,6.99,2,5.0,False
101559,2024-02-14,752,18.0,West,Elektronik,USB-Kabel,1,95.67,0.0,Sofortüberweisung,2.99,5,4.0,False
103894,2023-01-07,617,39.0,West,Bücher,Roman,1,23.48,0.0,Rechnung,0.0,3,5.0,False
101963,2023-03-09,498,50.0,West,Mode,Mütze,1,20.31,0.0,Lastschrift,4.99,5,4.0,False
104781,2023-11-06,519,28.0,Süd,Sport,Fitnessband,1,52.07,0.0,Kreditkarte,0.0,2,4.0,False
100348,2024-04-11,1652,29.0,Nord,Elektronik,Smartphone-Hülle,1,64.51,0.0,Sofortüberweisung,6.99,1,4.0,False
102434,2024-01-02,1245,48.0,Mitte,Mode,T-Shirt,1,31.61,25.0,Rechnung,2.99,4,3.0,False
102246,2023-04-01,1236,24.0,Süd,Sport,Fitnessband,1,47.34,0.0,Sofortüberweisung,2.99,2,4.0,False
104861,2024-07-25,618,28.0,West,Mode,Sneaker,1,17.1,0.0,Kreditkarte,2.99,1,5.0,False
101709,2023-05-17,314,45.0,Nord,Elektronik,Powerbank,1,70.66,0.0,Kreditkarte,0.0,3,5.0,False
101050,2023-07-23,370,59.0,Ost,Haushalt,Bettwäsche,5,27.36,0.0,Sofortüberweisung,4.99,4,2.0,False
100590,2023-10-15,177,25.0,West,Haushalt,Lampe,3,49.29,0.0,Kreditkarte,6.99,1,4.0,False
100519,2023-10-10,864,65.0,West,Sport,Yogamatte,1,17.74,10.0,Rechnung,2.99,2,4.0,False
103380,2024-09-30,1076,49.0,Süd,Bücher,Comic,1,15.01,10.0,Kreditkarte,4.99,5,2.0,False
104538,2023-08-29,1339,,West,Sport,Laufschuhe,3,27.9,0.0,Lastschrift,0.0,5,5.0,False
104165,2023-10-30,1543,48.0,Ost,Elektronik,Bluetooth-Lautsprecher,1,19.84,10.0,PayPal,2.99,5,5.0,False
102477,2023-04-10,627,23.0,Mitte,Mode,Jeans,1,11.43,0.0,Rechnung,6.99,3,,False
101083,2024-10-08,963,36.0,Nord,Elektronik,Bluetooth-Lautsprecher,2,87.81,0.0,Rechnung,2.99,5,2.0,False
103661,2024-07-07,1664,42.0,West,Elektronik,Powerbank,1,60.82,0.0,Kreditkarte,6.99,5,4.0,False
104827,2023-11-19,941,18.0,Ost,Elektronik,Bluetooth-Lautsprecher,1,63.73,0.0,Lastschrift,6.99,5,5.0,False
104554,2024-12-20,1753,31.0,Ost,Elektronik,Smartphone-Hülle,1,16.66,20.0,PayPal,4.99,7,4.0,False
101294,2024-08-01,98,31.0,Mitte,Bücher,Sachbuch,3,10.27,25.0,Lastschrift,6.99,3,3.0,False
101809,2023-11-16,452,27.0,Mitte,Mode,Jacke,1,49.47,0.0,Lastschrift,6.99,4,4.0,False
100791,2024-09-03,316,55.0,Nord,Mode,Sneaker,1,65.91,25.0,Sofortüberweisung,0.0,3,5.0,False
100792,2024-12-09,949,22.0,Ost,Mode,Mütze,1,23.31,20.0,Kreditkarte,2.99,5,3.0,False
104375,2023-01-17,1350,23.0,West,MODE,Mütze,1,74.68,5.0,Sofortüberweisung,0.0,5,5.0,False
101855,2024-01-23,1275,49.0,Mitte,Elektronik,Kopfhörer,1,26.05,5.0,Lastschrift,6.99,3,4.0,False
104806,2024-12-04,594,52.0,Ost,Bücher,Roman,1,15.79,0.0,Lastschrift,0.0,3,4.0,False
101980,2023-09-10,1122,52.0,West,Elektronik,Powerbank,2,26.77,10.0,Kreditkarte,4.99,7,4.0,False
103233,2023-11-05,1580,43.0,Süd,Haushalt,Lampe,1,100.59,20.0,Lastschrift,0.0,5,4.0,False
103985,2023-09-24,44,51.0,Nord,Mode,Jeans,1,7.88,0.0,PayPal,2.99,9,4.0,False
103453,2024-02-02,810,48.0,West,Elektronik,Smartphone-Hülle,1,34.73,0.0,Lastschrift,2.99,2,4.0,False
103328,2024-08-10,778,38.0,West,Elektronik ,USB-Kabel,1,55.52,0.0,PayPal,2.99,6,3.0,False
101530,2023-12-28,134,22.0,West,Elektronik,Powerbank,1,29.39,15.0,Rechnung,0.0,3,4.0,False
101410,2023-08-09,188,43.0,Mitte,Mode,Sneaker,1,26.05,10.0,PayPal,0.0,4,5.0,False
104338,2023-12-08,1579,19.0,Nord,Elektronik,Powerbank,1,10.69,0.0,Rechnung,6.99,6,5.0,False
104695,2023-01-02,1043,60.0,Ost,Haushalt ,Kaffeemaschine,1,6.7,0.0,Rechnung,0.0,1,4.0,False
100083,2024-07-11,636,51.0,Süd,Bücher,Kinderbuch,4,12.79,0.0,Lastschrift,4.99,5,,False
100868,2023-04-03,1086,33.0,Mitte,Elektronik,Kopfhörer,1,26.84,15.0,PayPal,0.0,4,5.0,False
102350,2024-07-16,1647,38.0,Mitte,Elektronik,Powerbank,1,114.59,0.0,PayPal,0.0,5,4.0,False
100020,2024-03-08,1156,29.0,Ost,Elektronik,USB-Kabel,1,70.29,15.0,Sofortüberweisung,0.0,3,2.0,True
103492,2023-07-29,626,20.0,West,Mode,T-Shirt,2,14.05,15.0,Kreditkarte,2.99,5,4.0,False
102795,2023-08-14,202,55.0,Ost,Haushalt,Lampe,1,75.22,0.0,Sofortüberweisung,0.0,4,5.0,False
104617,2023-05-01,799,21.0,Süd,Elektronik,Smartphone-Hülle,1,10.97,10.0,Sofortüberweisung,0.0,2,5.0,False
101562,2023-08-31,1245,50.0,Ost,Mode,Jeans,-1,35.73,10.0,PayPal,4.99,3,4.0,False
103093,2024-09-18,77,29.0,Ost,Mode,Jacke,2,24.19,0.0,PayPal,0.0,6,5.0,False
103155,2023-01-15,256,49.0,Mitte,Mode,T-Shirt,1,16.7,0.0,Kreditkarte,0.0,4,4.0,False
100973,2024-07-06,780,24.0,Nord,Haushalt,Kaffeemaschine,1,36.68,0.0,Rechnung,4.99,3,3.0,False
101710,2023-02-23,535,36.0,Mitte,Elektronik,USB-Kabel,1,15.96,0.0,Rechnung,2.99,4,4.0,False
103201,2023-08-21,541,,Nord,Elektronik,Powerbank,1,10.78,10.0,Lastschrift,6.99,4,4.0,False
104059,2024-03-04,600,55.0,Nord,Bücher,Sachbuch,1,26.64,0.0,PayPal,2.99,3,4.0,False
104868,2024-07-12,546,18.0,Ost,Elektronik ,USB-Kabel,1,75.24,0.0,Rechnung,4.99,1,3.0,False
101098,2024-10-02,1302,40.0,West,Mode,Sneaker,1,39.09,20.0,Rechnung,2.99,4,5.0,False
104203,2024-03-17,783,19.0,Mitte,BÜCHER,Sachbuch,2,10.56,0.0,Lastschrift,2.99,2,4.0,False
102844,2023-08-28,686,39.0,Nord,Elektronik,Kopfhörer,1,58.09,5.0,Sofortüberweisung,0.0,4,5.0,False
100886,2023-11-11,255,25.0,West,Bücher,Kochbuch,3,26.71,15.0,Lastschrift,4.99,3,5.0,False
104981,2023-04-14,665,29.0,Ost,Elektronik,Smartphone-Hülle,1,18.65,5.0,Lastschrift,2.99,3,5.0,False
103751,2024-11-09,1770,59.0,Ost,Mode,T-Shirt,1,12.71,25.0,Kreditkarte,4.99,3,5.0,False
104625,2023-03-20,174,37.0,Nord,Sport,Trinkflasche,1,26.22,0.0,Kreditkarte,4.99,7,4.0,False
104489,2024-12-04,757,44.0,Süd,BÜCHER,Kinderbuch,1,4.99,0.0,Kreditkarte,0.0,2,4.0,False
104445,2023-10-20,381,44.0,Mitte,Elektronik,Powerbank,1,62.38,0.0,Sofortüberweisung,6.99,5,4.0,False
100515,2024-01-01,1127,25.0,Nord,Mode,Mütze,3,70.89,0.0,Kreditkarte,0.0,8,4.0,False
104667,2023-09-19,750,19.0,Mitte,Sport,Fitnessband,1,27.34,0.0,PayPal,2.99,6,,False
100737,2023-12-12,1749,27.0,West,Haushalt,Bettwäsche,1,48.53,10.0,Sofortüberweisung,4.99,3,1.0,False
101453,2023-05-17,1262,42.0,Nord,Mode,T-Shirt,1,33.63,5.0,Kreditkarte,0.0,1,2.0,False
104049,2024-09-13,150,35.0,Süd,HAUSHALT,Kaffeemaschine,3,75.49,0.0,Rechnung,2.99,1,5.0,False
104748,2023-09-19,1392,40.0,West,Bücher,Comic,2,31.47,0.0,Sofortüberweisung,2.99,3,4.0,False
102506,2023-12-24,1353,,Mitte,Elektronik,Smartphone-Hülle,1,21.89,0.0,Sofortüberweisung,4.99,2,5.0,False
102994,2024-05-04,1530,43.0,West,Elektronik,Smartphone-Hülle,1,11.73,0.0,Rechnung,2.99,2,4.0,False
102126,2024-06-06,1080,40.0,Süd,Elektronik,Kopfhörer,1,26.46,0.0,Kreditkarte,0.0,2,5.0,False
102926,2024-06-01,896,29.0,Nord,Elektronik,Powerbank,1,89.21,0.0,Kreditkarte,2.99,3,4.0,False
104794,2023-12-19,463,53.0,Ost,Sport,Trinkflasche,2,55.48,0.0,Kreditkarte,6.99,3,5.0,False
100906,2024-09-30,381,31.0,Nord,Elektronik,Powerbank,1,38.64,0.0,PayPal,6.99,2,4.0,False
103720,2023-09-18,254,35.0,Süd,Elektronik ,Kopfhörer,1,81.71,15.0,Lastschrift,2.99,4,4.0,False
101030,2024-05-19,922,32.0,Mitte,Mode ,Jeans,2,13.83,15.0,Lastschrift,2.99,2,5.0,False
102507,2023-02-01,991,39.0,West,Elektronik,Smartphone-Hülle,1,35.93,0.0,PayPal,4.99,3,5.0,False
102428,2023-10-16,1551,35.0,Nord,Mode,Jacke,1,17.42,10.0,PayPal,4.99,1,5.0,False
100947,2024-05-07,276,39.0,Süd,Elektronik,Powerbank,1,44.53,0.0,Sofortüberweisung,6.99,2,4.0,False
103879,2023-02-06,1720,,Süd,Sport,Fitnessband,2,14.13,10.0,Sofortüberweisung,4.99,4,3.0,True
100762,2023-04-15,1094,40.0,Mitte,Haushalt,Pfannenset,1,63.65,0.0,Lastschrift,2.99,6,4.0,False
100715,2024-06-22,441,19.0,Ost,Sport,Trinkflasche,1,29.63,0.0,Sofortüberweisung,0.0,1,,True
100284,2024-11-24,1047,18.0,Mitte,Mode,Jeans,1,14.43,0.0,Lastschrift,0.0,6,4.0,True
100686,2024-05-16,55,32.0,West,Haushalt,Staubsauger,1,83.81,0.0,Kreditkarte,2.99,4,4.0,False
100703,2023-06-03,873,42.0,Süd,Sport,Hantel,1,47.49,5.0,Kreditkarte,2.99,3,5.0,False
103341,2024-02-24,768,,West,Bücher,Kinderbuch,1,13.37,0.0,Rechnung,6.99,5,4.0,False
102353,2023-10-13,994,26.0,Ost,Sport,Hantel,1,25.29,0.0,PayPal,0.0,6,4.0,False
102257,2023-06-24,820,49.0,Mitte,Elektronik,Powerbank,1,74.83,0.0,Kreditkarte,2.99,4,4.0,False
103621,2023-03-23,1777,,Nord,Sport,Yogamatte,1,57.01,0.0,Sofortüberweisung,2.99,2,3.0,False
100473,2023-01-31,1001,31.0,Ost,Haushalt,Bettwäsche,1,21.99,5.0,Sofortüberweisung,0.0,2,,False
100021,2023-08-23,1443,18.0,Ost,Mode,Sneaker,1,31.16,15.0,Lastschrift,6.99,4,5.0,False
102752,2023-09-02,308,38.0,West,Sport,Trinkflasche,2,10.74,0.0,Rechnung,0.0,2,3.0,False
100885,2024-01-10,658,55.0,Mitte,Haushalt,Kaffeemaschine,1,70.96,20.0,Kreditkarte,0.0,2,5.0,False
102448,2024-08-24,793,48.0,Süd,Mode,Sneaker,1,16.48,0.0,Lastschrift,2.99,1,2.0,False
100917,2023-08-26,1538,28.0,Süd,Elektronik,USB-Kabel,1,21.23,15.0,Lastschrift,2.99,3,2.0,True
103830,2023-08-11,1242,32.0,Nord,Haushalt,Lampe,2,306.40733940905767,20.0,PayPal,0.0,5,5.0,False
103824,2024-03-12,170,54.0,West,Elektronik,Powerbank,2,16.85,0.0,PayPal,0.0,3,3.0,False
102239,2024-07-08,559,36.0,Mitte,Haushalt,Staubsauger,2,69.91,0.0,PayPal,0.0,2,4.0,False
103918,2024-07-01,583,39.0,West,Elektronik,Smartphone-Hülle,1,27.88,10.0,Rechnung,4.99,3,5.0,False
103395,2024-11-01,1342,41.0,West,Haushalt,Pfannenset,4,72.88,0.0,Rechnung,2.99,3,5.0,False
101265,2023-06-04,1090,36.0,Ost,Bücher,Kinderbuch,1,4.34,5.0,Kreditkarte,0.0,3,4.0,False
100483,2023-03-01,709,18.0,Ost,Mode,Mütze,2,25.87,25.0,Kreditkarte,0.0,3,4.0,False
104381,2024-08-23,379,51.0,Süd,Elektronik,Bluetooth-Lautsprecher,2,87.67,0.0,Rechnung,0.0,6,4.0,False
102963,2023-12-13,1132,26.0,Nord,Elektronik,Bluetooth-Lautsprecher,2,58.53,0.0,PayPal,2.99,1,5.0,False
101219,2023-01-16,617,32.0,Süd,Elektronik,Powerbank,1,38.92,20.0,Kreditkarte,2.99,1,1.0,False
100277,2024-03-28,141,23.0,Mitte,Mode,Jacke,4,36.93,5.0,Lastschrift,4.99,9,5.0,False
100988,2023-07-14,1688,58.0,Nord,Haushalt,Pfannenset,2,25.89,0.0,PayPal,0.0,7,5.0,False
102084,2024-05-30,1170,43.0,West,Haushalt,Lampe,2,45.47,5.0,Rechnung,2.99,6,5.0,False
101245,2024-05-07,708,39.0,Ost,Mode,T-Shirt,2,36.1,0.0,Kreditkarte,2.99,1,5.0,False
102382,2024-07-24,491,18.0,Nord,Mode,Jacke,1,55.42,10.0,Kreditkarte,0.0,4,1.0,False
100571,2024-12-08,352,60.0,West,HAUSHALT,Bettwäsche,1,48.68,5.0,Sofortüberweisung,0.0,3,5.0,False
101435,2023-04-02,150,37.0,Mitte,Haushalt,Staubsauger,1,39.45,0.0,Lastschrift,2.99,3,5.0,False
100993,2023-03-12,196,50.0,Mitte,Sport,Trinkflasche,1,23.24,0.0,Sofortüberweisung,6.99,3,5.0,False
103520,2023-01-16,1696,66.0,West,Sport,Yogamatte,1,88.52,0.0,Sofortüberweisung,0.0,4,5.0,False
103515,2023-11-20,1365,39.0,Nord,Haushalt,Kaffeemaschine,1,13.56,0.0,Kreditkarte,0.0,6,4.0,False
100585,2023-07-15,169,31.0,Süd,Bücher,Sachbuch,4,4.26,20.0,Sofortüberweisung,6.99,5,5.0,True
103731,2024-05-03,897,31.0,West,Sport,Fitnessband,2,45.31,0.0,Lastschrift,0.0,5,4.0,False
102514,2024-03-26,823,31.0,Ost,Elektronik,Kopfhörer,3,14.35,0.0,Sofortüberweisung,2.99,8,4.0,False
101349,2024-03-25,1712,43.0,Süd,Haushalt,Kaffeemaschine,1,28.49,0.0,PayPal,0.0,1,,False
101007,2023-03-03,1629,18.0,West,Elektronik,Smartphone-Hülle,2,46.15,10.0,Lastschrift,0.0,4,4.0,False
100674,2024-01-16,1342,30.0,Ost,Mode,Mütze,1,29.96,0.0,PayPal,6.99,2,4.0,True
102412,2023-12-10,739,28.0,West,Mode,Jacke,2,25.22,0.0,Kreditkarte,2.99,5,5.0,False
102903,2023-09-14,1571,21.0,Süd,Haushalt,Pfannenset,2,30.11,0.0,Rechnung,2.99,2,4.0,False
100447,2023-07-17,1503,39.0,West,Haushalt,Kaffeemaschine,1,72.8,0.0,Rechnung,4.99,5,5.0,False
103542,2023-09-14,89,28.0,Mitte,Haushalt,Staubsauger,1,62.53,0.0,Lastschrift,,4,5.0,False
103831,2024-12-21,1238,49.0,Süd,HAUSHALT,Kaffeemaschine,1,41.44,0.0,PayPal,0.0,4,1.0,False
103921,2023-01-05,1707,32.0,Mitte,Mode,Sneaker,1,21.3,5.0,PayPal,2.99,4,4.0,False
100359,2024-06-04,898,22.0,West,ELEKTRONIK,Smartphone-Hülle,2,32.23,0.0,PayPal,4.99,4,4.0,False
102064,2024-01-22,219,44.0,Ost,Mode,Jeans,1,42.72,5.0,PayPal,,3,3.0,False
104494,2024-08-11,1479,42.0,Süd,Mode,Sneaker,2,33.2,15.0,Kreditkarte,2.99,4,5.0,False
103883,2023-03-13,528,45.0,Nord,Mode,Sneaker,1,6.65,0.0,PayPal,4.99,1,5.0,False
101690,2023-04-28,1779,49.0,Süd,MODE,Sneaker,2,12.0,0.0,Sofortüberweisung,0.0,1,5.0,False
104370,2023-09-14,333,27.0,West,Sport,Trinkflasche,2,32.59,0.0,Sofortüberweisung,4.99,2,3.0,False
101548,2024-07-08,1370,34.0,Mitte,Elektronik,Smartphone-Hülle,1,39.04,15.0,Sofortüberweisung,0.0,3,4.0,False
101247,2023-05-12,1702,29.0,Mitte,Elektronik,USB-Kabel,1,57.84,0.0,Lastschrift,0.0,4,5.0,False
101985,2023-02-12,891,51.0,Nord,Bücher,Kinderbuch,3,15.43,5.0,Rechnung,4.99,7,4.0,False
100294,2024-01-29,765,,Ost,Elektronik,Smartphone-Hülle,1,15.59,0.0,PayPal,0.0,4,3.0,False
101547,2023-01-15,138,37.0,Mitte,Mode ,Sneaker,1,36.73,0.0,Kreditkarte,4.99,1,2.0,False
102012,2023-02-02,772,51.0,West,Mode,Sneaker,2,90.61,0.0,PayPal,0.0,8,5.0,False
100588,2023-10-30,1442,23.0,Süd,Bücher,Roman,2,38.37,20.0,Rechnung,2.99,6,5.0,False
103329,2024-10-08,1732,18.0,West,Haushalt ,Kaffeemaschine,1,25.81,20.0,Kreditkarte,2.99,2,5.0,False
102403,2023-03-13,1340,40.0,West,Mode,Jeans,2,92.57,0.0,Kreditkarte,0.0,5,5.0,False
102129,2024-11-30,193,31.0,West,Elektronik,Powerbank,2,66.08,0.0,Kreditkarte,4.99,4,5.0,False
104432,2023-10-24,1681,48.0,Nord,Mode,Sneaker,1,13.59,0.0,Lastschrift,2.99,2,5.0,False
103508,2024-11-12,1362,43.0,Ost,Elektronik,USB-Kabel,1,46.83,0.0,Rechnung,2.99,3,4.0,False
102410,2024-07-12,1733,18.0,Mitte,Elektronik,Smartphone-Hülle,2,48.44,0.0,Rechnung,2.99,1,5.0,False
102719,2023-07-23,597,49.0,Ost,Bücher,Kochbuch,2,30.82,0.0,Lastschrift,0.0,1,5.0,False
104599,2024-12-25,928,31.0,West,Bücher,Roman,1,5.46,10.0,Lastschrift,0.0,8,3.0,False
100425,2024-03-25,916,41.0,Süd,Sport,Yogamatte,2,31.25,0.0,Lastschrift,2.99,3,5.0,False
102582,2023-07-29,371,38.0,Ost,Sport,Hantel,1,13.0,10.0,Sofortüberweisung,4.99,1,5.0,False
101054,2023-04-03,1732,,Mitte,Bücher,Roman,4,6.88,0.0,Lastschrift,6.99,4,5.0,False
104044,2024-09-19,911,22.0,West,Mode,Jacke,1,15.23,5.0,Lastschrift,6.99,4,4.0,False
104607,2024-11-12,1505,44.0,Ost,Mode,Mütze,2,15.71,0.0,Lastschrift,2.99,7,1.0,False
100556,2024-12-30,938,31.0,West,Elektronik,Powerbank,3,13.58,10.0,Rechnung,0.0,4,5.0,False
104402,2023-09-15,193,39.0,Nord,Sport,Hantel,3,87.09,0.0,PayPal,6.99,6,4.0,False
104015,2023-08-07,132,31.0,Ost,Haushalt,Staubsauger,1,41.54,0.0,Sofortüberweisung,2.99,2,5.0,False
104760,2024-03-07,1525,47.0,Süd,Bücher,Kochbuch,1,7.74,0.0,Lastschrift,0.0,4,4.0,False
102469,2023-06-24,32,43.0,Mitte,Mode,Jeans,1,23.89,10.0,Lastschrift,6.99,5,5.0,False
104758,2023-05-30,1688,44.0,Ost,Sport,Fitnessband,3,11.62,10.0,Rechnung,2.99,6,4.0,False
100355,2024-03-08,249,40.0,Nord,Elektronik,Smartphone-Hülle,2,43.91,0.0,Lastschrift,2.99,3,4.0,False
101193,2023-09-09,158,52.0,Ost,Elektronik,Smartphone-Hülle,2,37.04,0.0,Sofortüberweisung,4.99,4,3.0,False
101716,2023-03-20,828,18.0,West,Elektronik,Kopfhörer,1,78.62,0.0,Kreditkarte,4.99,3,4.0,False
103416,2024-07-27,1009,21.0,Nord,Bücher,Comic,1,28.99,10.0,Kreditkarte,0.0,3,,False
102604,2023-02-20,1644,25.0,Mitte,Haushalt,Bettwäsche,1,30.46,20.0,PayPal,0.0,4,4.0,False
104577,2024-02-08,1015,18.0,West,Mode,Sneaker,2,554.4699521663513,15.0,Kreditkarte,0.0,1,3.0,False
102828,2024-12-25,1745,33.0,West,Bücher,Kinderbuch,1,13.47,0.0,Rechnung,6.99,2,5.0,False
101704,2024-11-23,530,46.0,Mitte,Sport,Yogamatte,1,8.51,0.0,Lastschrift,6.99,5,5.0,False
102863,2024-02-29,617,37.0,Mitte,Haushalt,Bettwäsche,2,36.8,0.0,Lastschrift,4.99,3,5.0,False
102618,2024-03-17,246,18.0,Nord,Haushalt,Staubsauger,3,124.12,20.0,Lastschrift,4.99,1,5.0,False
102400,2024-03-24,981,66.0,West,Haushalt ,Pfannenset,3,129.19,10.0,PayPal,2.99,4,4.0,False
102139,2024-01-06,709,38.0,West,Sport,Hantel,2,36.84,0.0,PayPal,0.0,3,5.0,False
103239,2023-02-12,124,44.0,West,Mode,Sneaker,1,23.68,0.0,Sofortüberweisung,6.99,2,2.0,False
102383,2023-02-09,1625,44.0,West,Haushalt,Staubsauger,2,25.34,15.0,Lastschrift,4.99,3,5.0,False
103218,2023-03-04,1547,22.0,Ost,Haushalt,Kaffeemaschine,1,95.63,0.0,Sofortüberweisung,,1,1.0,False
103817,2024-02-19,1344,50.0,Ost,SPORT,Trinkflasche,1,26.7,0.0,PayPal,4.99,4,5.0,False
101285,2023-03-16,1097,29.0,West,Mode,T-Shirt,2,28.97,0.0,PayPal,,6,4.0,False
103869,2023-10-21,1606,30.0,West,Elektronik,Smartphone-Hülle,2,68.72,0.0,Rechnung,4.99,2,4.0,False
103914,2024-12-31,1489,45.0,Süd,Bücher,Kochbuch,1,2.98,0.0,PayPal,0.0,8,3.0,False
104513,2024-01-31,1552,41.0,Nord,Haushalt,Staubsauger,1,48.84,0.0,Kreditkarte,0.0,1,5.0,False
102087,2024-11-15,1243,19.0,West,Sport,Hantel,2,39.8,0.0,Kreditkarte,0.0,4,5.0,False
101889,2023-09-10,468,32.0,West,Mode,Jacke,1,49.54,10.0,Rechnung,0.0,3,5.0,False
103576,2023-08-11,224,44.0,Nord,Bücher,Sachbuch,2,2.33,5.0,Kreditkarte,4.99,2,5.0,False
101591,2023-05-31,400,26.0,Mitte,Haushalt,Bettwäsche,1,11.59,5.0,Kreditkarte,2.99,3,4.0,False
101346,2023-07-09,752,54.0,West,Bücher,Kochbuch,2,26.09,0.0,Lastschrift,2.99,1,5.0,False
104475,2023-06-30,1267,48.0,West,Mode,Mütze,1,17.13,0.0,Rechnung,4.99,3,1.0,False
102162,2023-01-13,1022,27.0,West,Bücher,Kochbuch,1,7.54,0.0,Sofortüberweisung,2.99,6,4.0,False
102396,2023-09-03,961,48.0,Süd,ELEKTRONIK,Bluetooth-Lautsprecher,1,22.08,5.0,Kreditkarte,0.0,6,4.0,False
103716,2023-06-01,1108,27.0,Süd,Sport,Trinkflasche,1,1495.2393290076106,0.0,PayPal,4.99,1,5.0,False
102271,2024-04-21,708,42.0,Mitte,Mode,Sneaker,5,17.77,10.0,Kreditkarte,6.99,1,,False
104535,2023-09-19,1137,47.0,Süd,Sport,Trinkflasche,4,23.26,15.0,Kreditkarte,0.0,4,3.0,False
103111,2024-08-14,191,70.0,Süd,Elektronik,USB-Kabel,2,16.4,0.0,Sofortüberweisung,0.0,4,3.0,False
101137,2024-05-25,282,,Mitte,Bücher,Kinderbuch,1,4.28,0.0,Rechnung,2.99,3,5.0,False
103972,2024-08-28,1785,43.0,Nord,Elektronik,Smartphone-Hülle,2,48.23,25.0,PayPal,2.99,4,5.0,True
100972,2023-08-07,1683,36.0,West,Elektronik,Powerbank,3,56.32,0.0,Kreditkarte,0.0,2,1.0,False
100795,2024-03-20,1630,38.0,West,Elektronik,Powerbank,2,81.68,10.0,Lastschrift,0.0,4,4.0,True
103020,2023-09-30,1313,35.0,West,Haushalt,Pfannenset,2,67.74,0.0,Sofortüberweisung,4.99,4,5.0,False
101711,2023-03-21,374,29.0,Mitte,Elektronik,Smartphone-Hülle,1,76.54,0.0,Rechnung,4.99,5,4.0,False
103387,2023-01-16,975,40.0,Ost,Sport,Hantel,1,9.36,5.0,PayPal,4.99,4,5.0,False
100036,2024-05-28,1455,24.0,West,Haushalt,Bettwäsche,2,40.86,0.0,Rechnung,2.99,9,5.0,False
100453,2023-04-05,473,44.0,West,Mode,Mütze,1,57.77,10.0,Lastschrift,4.99,5,3.0,False
100913,2024-06-04,951,39.0,Mitte,Mode,Sneaker,2,22.87,0.0,Sofortüberweisung,4.99,2,5.0,False
104130,2024-10-18,976,55.0,Süd,Haushalt,Lampe,1,29.96,10.0,Sofortüberweisung,0.0,3,4.0,False
101199,2023-09-06,181,52.0,Süd,Elektronik,Powerbank,2,38.09,5.0,Rechnung,,3,,False
101274,2023-04-06,200,29.0,Nord,Mode,Jeans,2,61.37,20.0,Rechnung,4.99,2,4.0,True
102375,2023-03-24,1253,27.0,Ost,Haushalt,Staubsauger,1,45.1,0.0,Rechnung,2.99,5,4.0,False
100037,2023-02-26,505,45.0,Ost,Mode,Mütze,2,23.98,0.0,PayPal,0.0,6,2.0,False
100974,2024-03-31,44,18.0,Nord,Mode,Sneaker,4,30.44,0.0,Rechnung,2.99,5,4.0,False
103195,2023-09-29,265,29.0,Nord,Sport,Laufschuhe,1,29.39,5.0,Sofortüberweisung,4.99,7,3.0,False
100983,2023-12-09,136,60.0,Nord,Sport,Trinkflasche,1,97.55,0.0,Rechnung,4.99,1,4.0,False
104415,2024-08-09,1306,44.0,Nord,SPORT,Hantel,1,32.84,10.0,Sofortüberweisung,2.99,4,,False
104352,2024-12-25,771,32.0,Nord,Bücher,Roman,4,60.72,0.0,Kreditkarte,0.0,2,5.0,False
101418,2023-03-06,1243,37.0,Süd,Haushalt,Lampe,1,77.29,0.0,Lastschrift,2.99,7,3.0,False
103332,2024-07-26,895,43.0,West,Elektronik,Powerbank,2,22.17,0.0,Rechnung,0.0,1,5.0,False
101560,2023-05-22,1005,35.0,Mitte,Haushalt,Kaffeemaschine,4,49.17,0.0,Kreditkarte,2.99,6,,False
100039,2024-11-03,1780,42.0,Mitte,Haushalt ,Pfannenset,1,15.47,0.0,Rechnung,4.99,2,3.0,False
101486,2023-11-29,161,33.0,Süd,Haushalt,Lampe,2,151.05,0.0,Kreditkarte,0.0,6,5.0,False
103959,2024-05-02,615,36.0,Nord,Haushalt,Lampe,2,102.81,0.0,Rechnung,0.0,2,4.0,False
100169,2024-03-27,1791,41.0,Mitte,Bücher,Roman,1,12.66,0.0,Kreditkarte,6.99,6,4.0,False
101355,2024-02-24,1540,42.0,Ost,Sport,Trinkflasche,1,27.3,0.0,Rechnung,,3,4.0,False
102785,2023-12-26,818,32.0,Nord,Mode,T-Shirt,2,5.16,0.0,Kreditkarte,2.99,2,4.0,True
103705,2024-10-30,985,18.0,Nord,Mode,T-Shirt,1,48.78,0.0,Kreditkarte,2.99,6,5.0,False
104797,2024-07-17,1463,37.0,Nord,Elektronik,Bluetooth-Lautsprecher,3,45.92,15.0,PayPal,2.99,7,,False
104083,2024-03-04,601,36.0,Süd,Mode,Jacke,2,49.02,15.0,Rechnung,4.99,1,5.0,False
102682,2024-01-18,933,56.0,Mitte,Mode,T-Shirt,1,18.15,0.0,Lastschrift,2.99,5,2.0,False
104752,2024-08-08,1542,21.0,West,Bücher,Kochbuch,1,29.54,0.0,Rechnung,2.99,4,5.0,False
104103,2023-02-09,114,51.0,West,Elektronik,Powerbank,1,40.55,10.0,PayPal,6.99,3,2.0,False
101640,2024-02-02,247,18.0,Süd,Mode,T-Shirt,1,20.62,0.0,Kreditkarte,4.99,2,5.0,False
101290,2024-03-06,1191,45.0,Mitte,Sport,Trinkflasche,1,425.99087263087023,0.0,Sofortüberweisung,0.0,4,4.0,False
101380,2023-05-12,1642,42.0,Mitte,Bücher,Comic,1,6.83,0.0,PayPal,2.99,4,4.0,False
101933,2024-01-28,562,18.0,Süd,Elektronik,Powerbank,2,19.55,10.0,Rechnung,6.99,2,3.0,False
100579,2023-01-14,916,29.0,Nord,BÜCHER,Kochbuch,4,7.23,5.0,PayPal,4.99,6,3.0,False
104263,2024-10-26,100,42.0,Ost,Elektronik,Bluetooth-Lautsprecher,1,34.77,0.0,PayPal,0.0,5,3.0,False
103160,2024-01-12,1550,59.0,Nord,Bücher,Kinderbuch,1,23.15,20.0,Kreditkarte,0.0,7,4.0,False
102030,2023-03-24,483,27.0,Ost,Elektronik,Powerbank,2,37.15,0.0,Rechnung,4.99,2,5.0,False
100892,2024-06-06,591,63.0,West,Sport,Yogamatte,2,25.38,0.0,Kreditkarte,0.0,6,4.0,False
104909,2023-08-19,585,23.0,Nord,Mode,Jacke,1,9.91,0.0,PayPal,2.99,7,3.0,False
100780,2023-08-06,1045,35.0,Mitte,Elektronik,Bluetooth-Lautsprecher,1,11.77,20.0,Sofortüberweisung,4.99,2,4.0,False
100159,2023-12-08,464,47.0,Süd,Elektronik,Kopfhörer,1,53.22,15.0,Rechnung,2.99,4,4.0,False
100002,2023-04-23,595,45.0,Süd,Elektronik,USB-Kabel,1,51.51,0.0,Rechnung,2.99,3,3.0,False
102263,2024-07-26,1126,28.0,Nord,ELEKTRONIK,Powerbank,1,86.49,10.0,Rechnung,2.99,3,5.0,False
103216,2024-08-12,26,30.0,West,Mode,Mütze,1,70.13,15.0,Rechnung,2.99,4,5.0,False
102109,2024-05-10,526,35.0,West,Sport,Trinkflasche,1,21.54,0.0,PayPal,4.99,4,5.0,False
100849,2024-02-08,999,,Süd,Haushalt,Pfannenset,3,61.76,10.0,Rechnung,4.99,5,4.0,False
102737,2023-11-22,327,44.0,West,Haushalt,Bettwäsche,1,34.05,0.0,Lastschrift,4.99,2,3.0,False
102466,2024-07-16,75,48.0,West,Mode,Mütze,1,9.51,10.0,PayPal,0.0,3,3.0,False
104713,2023-11-04,1624,38.0,West,Elektronik,Powerbank,2,81.38,0.0,Rechnung,2.99,6,3.0,False
104834,2024-12-29,1641,49.0,Süd,Mode,T-Shirt,1,17.56,20.0,Lastschrift,4.99,5,1.0,False
101596,2024-02-02,202,40.0,Ost,Mode,Mütze,2,37.65,0.0,Kreditkarte,6.99,4,3.0,True
101776,2023-03-16,1183,51.0,West,Elektronik,Powerbank,1,14.45,10.0,Rechnung,2.99,3,4.0,False
101913,2024-03-29,545,29.0,West,Elektronik,Smartphone-Hülle,1,47.3,0.0,Rechnung,2.99,1,5.0,False
101043,2024-02-13,1579,32.0,Nord,Sport,Hantel,2,13.97,0.0,Lastschrift,2.99,2,4.0,False
104761,2023-04-26,208,,Mitte,Elektronik,Kopfhörer,3,85.77,15.0,Lastschrift,2.99,8,3.0,True
101544,2024-01-21,1618,26.0,West,Haushalt,Bettwäsche,2,58.78,5.0,Lastschrift,4.99,2,,False
102736,2023-06-26,660,45.0,West,Mode,Jacke,1,69.12,0.0,Kreditkarte,0.0,4,4.0,False
103779,2024-02-07,99,34.0,West,Bücher,Kinderbuch,1,24.22,15.0,PayPal,2.99,3,5.0,False
104664,2024-06-01,1512,50.0,West,Elektronik,Kopfhörer,1,23.3,5.0,Lastschrift,0.0,5,5.0,False
100053,2023-02-04,92,26.0,Mitte,Mode,Mütze,1,45.43,0.0,Kreditkarte,2.99,3,4.0,False
101796,2024-08-24,1478,25.0,Nord,Sport,Yogamatte,2,35.36,0.0,Sofortüberweisung,2.99,1,2.0,False
103588,2023-09-23,976,18.0,Nord,Bücher,Kochbuch,1,24.35,20.0,Kreditkarte,2.99,3,4.0,False
101911,2023-04-21,791,30.0,Mitte,Bücher,Sachbuch,1,27.89,0.0,Kreditkarte,0.0,3,5.0,False
102306,2024-05-30,80,35.0,West,Elektronik,USB-Kabel,1,41.39,0.0,Kreditkarte,0.0,2,,False
102553,2024-03-01,1630,41.0,Süd,Sport,Fitnessband,2,21.24,0.0,PayPal,2.99,3,5.0,False
102800,2024-04-08,525,25.0,Süd,Mode,Mütze,4,61.18,15.0,PayPal,2.99,4,5.0,False
100936,2023-06-20,201,46.0,Nord,Sport,Yogamatte,2,42.83,0.0,Lastschrift,0.0,6,5.0,False
104169,2024-08-19,351,30.0,West,Elektronik,Bluetooth-Lautsprecher,1,27.48,15.0,Sofortüberweisung,0.0,3,5.0,False
100824,2023-02-15,207,52.0,West,Sport,Laufschuhe,2,4.35,0.0,Sofortüberweisung,0.0,1,5.0,False
104782,2023-11-17,1245,35.0,West,Haushalt,Lampe,1,41.56,0.0,Sofortüberweisung,0.0,4,5.0,False
103178,2024-08-23,1664,61.0,Süd,Mode,Jacke,1,23.55,0.0,Rechnung,2.99,3,1.0,False
103401,2023-04-23,1735,18.0,Ost,Mode,Jacke,1,34.21,0.0,Kreditkarte,2.99,6,5.0,False
101389,2023-02-02,1087,48.0,Süd,Haushalt,Kaffeemaschine,1,53.95,15.0,Lastschrift,6.99,5,3.0,False
103564,2023-03-26,334,62.0,West,Mode,Jacke,1,11.93,0.0,Rechnung,2.99,4,4.0,False
104926,2023-06-04,110,29.0,Süd,Mode,Jeans,2,12.97,10.0,Rechnung,0.0,6,5.0,False
100884,2024-05-29,876,27.0,Ost,Mode,Sneaker,1,25.21,15.0,Kreditkarte,2.99,5,4.0,False
103878,2024-07-17,547,42.0,Ost,Mode,Mütze,1,24.52,5.0,Sofortüberweisung,0.0,7,5.0,False
103646,2024-08-04,1352,24.0,Ost,Elektronik,USB-Kabel,1,40.18,15.0,Rechnung,4.99,5,1.0,False
101607,2024-08-17,1459,24.0,Nord,Mode,Jacke,1,75.49,15.0,Rechnung,0.0,3,4.0,True
101594,2024-01-16,1144,32.0,Süd,Mode,Sneaker,2,40.11,0.0,Sofortüberweisung,2.99,2,5.0,False
100771,2023-11-28,1713,31.0,Süd,Sport,Yogamatte,1,40.31,15.0,Sofortüberweisung,,3,2.0,False
102611,2024-04-26,1036,35.0,Nord,Mode,Jacke,1,27.99,10.0,Lastschrift,4.99,3,,False
103929,2023-01-04,274,62.0,Süd,Mode,Mütze,1,8.24,0.0,Kreditkarte,0.0,5,4.0,False
102273,2023-10-01,514,29.0,Mitte,Mode,Sneaker,1,30.55,0.0,Sofortüberweisung,4.99,2,4.0,False
101868,2024-05-30,364,18.0,Süd,Mode,Jeans,1,65.87,0.0,Rechnung,2.99,5,,False
101085,2023-11-05,1004,41.0,Nord,Elektronik,Smartphone-Hülle,2,25.54,0.0,Lastschrift,2.99,3,5.0,False
100010,2024-12-01,1716,42.0,Süd,Elektronik,Kopfhörer,1,19.92,0.0,Rechnung,0.0,1,5.0,False
103684,2024-11-23,770,71.0,West,Sport,Yogamatte,1,63.07,5.0,Lastschrift,2.99,5,4.0,False
101325,2024-09-03,1477,45.0,Nord,Mode,Sneaker,1,46.93,0.0,Lastschrift,6.99,5,2.0,True
103390,2024-10-05,1619,19.0,Mitte,Elektronik,Kopfhörer,4,26.1,0.0,Sofortüberweisung,0.0,6,5.0,False
101463,2023-04-07,242,45.0,Ost,Haushalt,Lampe,1,41.53,0.0,Lastschrift,0.0,3,,False
100806,2023-06-12,206,39.0,West,Haushalt,Lampe,2,44.02,0.0,Kreditkarte,2.99,1,5.0,False
103808,2023-12-24,1484,32.0,Ost,Bücher,Kochbuch,2,6.47,0.0,Rechnung,4.99,7,3.0,False
104063,2023-02-27,1277,23.0,Süd,Mode,T-Shirt,1,15.81,0.0,PayPal,6.99,1,4.0,True
103844,2024-02-04,867,44.0,Mitte,Elektronik,Powerbank,1,68.4,0.0,PayPal,0.0,3,4.0,False
102108,2023-03-24,1161,22.0,Ost,MODE,Jacke,1,11.51,10.0,PayPal,4.99,2,3.0,False
104279,2024-10-11,217,33.0,Süd,Elektronik,Smartphone-Hülle,2,61.86,10.0,Kreditkarte,4.99,5,1.0,False
100589,2024-05-13,1287,20.0,Süd,Mode,T-Shirt,1,16.16,0.0,Sofortüberweisung,0.0,5,4.0,False
102234,2024-05-27,1027,37.0,Nord,Sport,Laufschuhe,1,40.3,0.0,PayPal,0.0,4,,False
103211,2023-09-11,162,19.0,Süd,Mode,T-Shirt,1,53.9,25.0,Kreditkarte,4.99,5,5.0,False
100963,2023-04-03,622,,Mitte,Mode,T-Shirt,1,17.35,0.0,Rechnung,4.99,4,3.0,False
103415,2024-06-24,488,48.0,Mitte,Bücher,Comic,4,15.84,5.0,Sofortüberweisung,2.99,3,5.0,False
103826,2024-02-25,1584,33.0,Ost,Sport,Yogamatte,1,51.71,0.0,Lastschrift,2.99,2,5.0,False
100398,2023-10-09,21,28.0,Ost,Mode,Mütze,1,1120.10072363784,20.0,Sofortüberweisung,2.99,6,5.0,False
102632,2024-07-20,556,46.0,Süd,Bücher,Comic,1,8.66,0.0,Rechnung,4.99,5,3.0,False
104900,2024-10-28,1294,46.0,Mitte,Mode,Sneaker,1,18.64,15.0,Lastschrift,4.99,5,4.0,False
102996,2024-11-03,1783,61.0,West,Mode,T-Shirt,1,21.39,0.0,Kreditkarte,6.99,4,1.0,False
100704,2024-01-31,362,42.0,Süd,Haushalt,Bettwäsche,1,52.22,0.0,Lastschrift,6.99,3,4.0,False
100431,2023-10-06,76,44.0,Süd,MODE,T-Shirt,1,49.82,0.0,PayPal,2.99,1,5.0,False
100292,2023-05-24,378,33.0,Süd,Mode,Jacke,1,32.31,0.0,Kreditkarte,2.99,2,3.0,False
104916,2023-06-24,973,,West,Mode,Mütze,4,32.29,5.0,Sofortüberweisung,2.99,1,4.0,False
100145,2023-03-13,388,18.0,Mitte,Mode,Mütze,1,11.55,0.0,Sofortüberweisung,4.99,2,4.0,False
104378,2024-06-04,296,38.0,Mitte,Elektronik,Kopfhörer,5,11.14,0.0,Lastschrift,0.0,4,2.0,False
102033,2023-12-21,652,57.0,Mitte,Bücher,Sachbuch,1,19.67,10.0,Sofortüberweisung,4.99,4,4.0,False
104671,2023-03-06,175,18.0,Süd,Elektronik,USB-Kabel,1,28.78,5.0,Lastschrift,0.0,2,3.0,False
101165,2024-11-30,1408,33.0,Süd,Bücher,Roman,2,27.7,20.0,Kreditkarte,4.99,1,5.0,False
103500,2023-11-03,315,54.0,Süd,Mode,Jeans,1,31.45,5.0,PayPal,4.99,4,4.0,False
102050,2023-09-24,1268,49.0,Nord,Bücher,Kinderbuch,1,12.07,10.0,PayPal,4.99,4,4.0,True
102624,2024-09-23,1730,42.0,Nord,Mode,Mütze,1,37.2,0.0,PayPal,0.0,2,5.0,False
104422,2024-07-28,105,79.0,Süd,Mode,T-Shirt,1,27.49,0.0,Lastschrift,0.0,1,1.0,False
100339,2024-11-04,1619,39.0,Ost,Mode,Jeans,1,37.83,0.0,Kreditkarte,4.99,5,4.0,False
103955,2024-01-02,1168,25.0,Mitte,Elektronik,Smartphone-Hülle,1,46.79,5.0,Kreditkarte,0.0,4,5.0,False
103745,2024-09-12,1675,31.0,Nord,Sport,Yogamatte,5,15.97,0.0,Kreditkarte,2.99,3,5.0,True
102973,2023-10-17,305,18.0,Mitte,Mode,Jeans,1,26.22,0.0,Rechnung,4.99,5,5.0,False
100265,2023-01-12,1602,56.0,Mitte,Elektronik,Kopfhörer,1,24.7,0.0,Lastschrift,4.99,1,5.0,False
102424,2023-09-14,1189,34.0,Ost,Elektronik,Bluetooth-Lautsprecher,1,81.78,0.0,Kreditkarte,2.99,1,5.0,True
101262,2024-01-11,479,18.0,Nord,Haushalt,Staubsauger,2,57.19,0.0,PayPal,6.99,4,4.0,False
101771,2023-02-27,283,35.0,West,Haushalt,Pfannenset,1,47.47,0.0,PayPal,0.0,3,5.0,False
103511,2023-08-13,86,57.0,Süd,Elektronik,Kopfhörer,1,80.42,0.0,Kreditkarte,2.99,4,4.0,False
100271,2023-06-23,1353,47.0,Mitte,Elektronik,USB-Kabel,1,68.71,0.0,Rechnung,2.99,6,5.0,False
100696,2024-11-23,1309,21.0,West,Mode,Sneaker,1,23.83,0.0,Rechnung,4.99,1,5.0,False
100747,2024-07-29,1,45.0,Süd,Elektronik,Smartphone-Hülle,1,71.37,0.0,Sofortüberweisung,2.99,2,3.0,False
100244,2023-03-04,1597,21.0,Ost,Elektronik,Kopfhörer,2,46.7,10.0,Rechnung,4.99,4,5.0,False
100317,2024-10-12,992,44.0,Süd,Haushalt,Lampe,1,94.78,10.0,Kreditkarte,0.0,1,5.0,False
100476,2023-01-09,358,21.0,Nord,Sport,Yogamatte,1,26.61,15.0,Sofortüberweisung,4.99,4,5.0,True
102032,2023-09-16,1329,34.0,Nord,Mode,Mütze,1,40.34,0.0,Lastschrift,4.99,7,5.0,False
100957,2023-08-07,1495,53.0,Nord,Mode,Mütze,2,72.87,0.0,Kreditkarte,0.0,2,5.0,False
103021,2023-12-19,429,42.0,Süd,Elektronik,USB-Kabel,1,61.0,0.0,Rechnung,4.99,6,3.0,False
100813,2024-10-05,427,32.0,Mitte,Haushalt,Pfannenset,5,33.31,5.0,Lastschrift,,2,5.0,False
104213,2024-02-16,1733,24.0,West,Mode,Jacke,1,46.08,0.0,Sofortüberweisung,0.0,5,3.0,False
101914,2024-01-06,496,22.0,Süd,Elektronik,USB-Kabel,3,32.01,0.0,PayPal,2.99,4,4.0,False
104648,2024-06-15,824,63.0,Nord,Elektronik,USB-Kabel,1,51.37,0.0,PayPal,2.99,3,3.0,False
103487,2023-02-01,1667,38.0,Süd,Haushalt,Pfannenset,1,83.89,0.0,Sofortüberweisung,0.0,4,,True
101297,2023-04-16,916,20.0,Nord,Haushalt,Bettwäsche,1,33.41,5.0,Sofortüberweisung,4.99,1,,False
104624,2024-09-26,218,32.0,Mitte,Haushalt,Lampe,1,40.95,0.0,Sofortüberweisung,2.99,1,,True
101804,2024-04-25,1724,38.0,Süd,Sport,Yogamatte,1,23.74,10.0,Rechnung,2.99,3,1.0,False
100758,2023-05-18,79,35.0,Süd,Elektronik ,USB-Kabel,1,31.87,5.0,Sofortüberweisung,6.99,4,5.0,False
100250,2024-04-18,1302,29.0,Nord,Haushalt,Bettwäsche,3,76.11,15.0,Lastschrift,2.99,4,4.0,False
102461,2023-03-20,831,35.0,Mitte,Haushalt,Staubsauger,2,95.25,0.0,Rechnung,4.99,1,2.0,False
100545,2024-09-16,1285,54.0,West,Haushalt,Lampe,1,334.2075709318092,0.0,Kreditkarte,4.99,4,5.0,True
103241,2023-04-18,1166,42.0,Mitte,Sport,Trinkflasche,2,30.47,5.0,Kreditkarte,2.99,8,3.0,False
100738,2023-02-21,676,30.0,Mitte,Sport,Fitnessband,4,50.14,0.0,Rechnung,2.99,4,4.0,False
100310,2023-01-11,1242,,Nord,Elektronik,Smartphone-Hülle,2,70.19,0.0,Rechnung,6.99,3,5.0,False
103853,2023-11-07,537,63.0,Ost,Elektronik,USB-Kabel,1,24.17,0.0,Rechnung,4.99,2,4.0,False
102941,2024-09-25,1176,36.0,West,Mode,T-Shirt,3,16.09,0.0,Sofortüberweisung,2.99,4,5.0,False
101131,2023-05-03,595,55.0,Nord,Mode,Jeans,2,17.81,5.0,Kreditkarte,4.99,5,,False
101449,2024-05-01,218,47.0,West,MODE,Jacke,1,34.58,20.0,PayPal,4.99,3,4.0,False
104969,2024-02-26,1658,37.0,Mitte,Elektronik,Bluetooth-Lautsprecher,1,41.52,0.0,Lastschrift,0.0,5,5.0,False
100015,2024-09-23,1447,37.0,Nord,Elektronik,Bluetooth-Lautsprecher,2,48.85,0.0,Lastschrift,0.0,1,5.0,False
103232,2024-12-11,248,59.0,Nord,Sport,Trinkflasche,2,58.95,20.0,Lastschrift,6.99,4,3.0,False
102769,2023-09-11,1657,47.0,Nord,Elektronik,Powerbank,1,57.43,0.0,Kreditkarte,0.0,7,4.0,False
103468,2023-08-29,716,29.0,West,Haushalt,Lampe,2,80.72,0.0,PayPal,2.99,2,4.0,False
100920,2024-04-30,1208,37.0,Süd,Sport,Laufschuhe,1,45.45,0.0,PayPal,0.0,4,5.0,False
103029,2023-11-18,247,37.0,Ost,Elektronik,Smartphone-Hülle,1,130.35,0.0,Kreditkarte,2.99,5,5.0,False
101372,2024-01-03,1161,47.0,Süd,Haushalt,Lampe,2,26.57,0.0,Sofortüberweisung,4.99,4,5.0,False
103587,2024-06-09,209,32.0,West,Bücher,Comic,2,11.71,5.0,Sofortüberweisung,6.99,8,5.0,False
102544,2024-02-07,1547,24.0,Süd,Haushalt,Pfannenset,1,102.34,10.0,Lastschrift,4.99,6,4.0,False
103598,2023-11-04,155,41.0,Süd,Haushalt,Kaffeemaschine,4,60.77,0.0,Rechnung,0.0,3,5.0,False
100038,2024-06-26,138,29.0,Mitte,Mode,T-Shirt,1,21.55,0.0,Rechnung,6.99,1,3.0,False
100363,2024-04-02,410,18.0,Mitte,Mode,Sneaker,2,41.06,5.0,PayPal,6.99,1,5.0,False
104700,2023-03-12,736,42.0,West,Sport,Trinkflasche,1,25.66,0.0,Rechnung,0.0,1,,False
100182,2023-04-15,1505,19.0,West,Elektronik,Powerbank,1,74.7,0.0,Sofortüberweisung,2.99,1,4.0,False
103033,2023-04-02,1759,42.0,Süd,Haushalt,Pfannenset,1,56.42,0.0,PayPal,2.99,4,,True
102983,2023-05-30,934,39.0,West,Haushalt,Lampe,1,83.42,20.0,Kreditkarte,0.0,2,5.0,False
101194,2024-10-11,377,30.0,Mitte,Elektronik,Powerbank,1,16.63,5.0,Kreditkarte,6.99,7,,False
102852,2024-12-09,697,18.0,Süd,Elektronik,Powerbank,1,17.43,0.0,Rechnung,6.99,5,5.0,False
103839,2024-12-25,419,39.0,Nord,Sport,Fitnessband,1,20.8,10.0,Kreditkarte,4.99,4,5.0,False
101121,2024-10-15,1455,,Mitte,Mode,T-Shirt,1,26.92,15.0,Kreditkarte,6.99,7,5.0,False
102235,2023-04-30,1070,35.0,Nord,Sport,Laufschuhe,1,26.9,15.0,Lastschrift,2.99,5,5.0,False
102667,2023-10-22,1174,,Süd,Mode,Jeans,1,14.5,0.0,Kreditkarte,4.99,5,4.0,False
103161,2024-06-24,636,31.0,Mitte,Haushalt,Lampe,3,31.02,0.0,PayPal,6.99,1,2.0,False
103223,2024-07-29,516,52.0,Süd,Elektronik,Kopfhörer,1,65.99,0.0,Lastschrift,4.99,5,3.0,False
101182,2024-12-11,1330,38.0,Mitte,Mode,Jeans,1,7.16,0.0,Lastschrift,6.99,5,3.0,False
104226,2024-10-12,767,55.0,Mitte,Haushalt,Pfannenset,4,65.75,25.0,Rechnung,2.99,6,4.0,False
104337,2023-08-19,1341,,West,Sport,Yogamatte,3,20.28,0.0,Lastschrift,6.99,5,4.0,False
100614,2023-10-27,1018,44.0,Ost,Sport,Fitnessband,1,27.53,0.0,Rechnung,2.99,1,4.0,False
104958,2023-05-28,968,53.0,Süd,Haushalt,Bettwäsche,1,14.01,20.0,Rechnung,2.99,1,5.0,False
101466,2023-06-14,1291,20.0,Süd,BÜCHER,Comic,1,261.3842951410574,15.0,Kreditkarte,0.0,4,5.0,False
100401,2024-04-16,114,40.0,West,Elektronik ,Kopfhörer,2,62.83,10.0,Sofortüberweisung,4.99,1,4.0,False
103042,2023-07-27,3,32.0,West,Mode,Mütze,1,16.1,15.0,Sofortüberweisung,6.99,5,5.0,False
100934,2024-04-19,1321,58.0,West,Mode,Mütze,2,18.47,10.0,Sofortüberweisung,2.99,1,4.0,False
102419,2024-09-04,331,51.0,Mitte,Elektronik,USB-Kabel,2,47.54,5.0,Rechnung,0.0,2,5.0,False
104179,2023-09-01,1588,21.0,West,Haushalt,Lampe,1,98.64,0.0,Kreditkarte,0.0,1,5.0,False
104559,2024-08-09,930,46.0,West,Mode,Sneaker,1,11.02,0.0,Rechnung,0.0,7,4.0,False
102641,2024-10-05,505,38.0,Süd,Sport,Trinkflasche,4,30.78,0.0,Lastschrift,2.99,1,4.0,False
104096,2024-04-05,436,57.0,Nord,Elektronik,USB-Kabel,3,20.67,0.0,Kreditkarte,2.99,5,5.0,False
100726,2024-05-21,912,72.0,Süd,Sport,Fitnessband,2,45.29,0.0,Sofortüberweisung,4.99,2,5.0,False
100826,2023-09-16,1160,,West,Elektronik,Bluetooth-Lautsprecher,2,113.47,0.0,PayPal,2.99,4,2.0,False
101521,2024-09-27,837,40.0,Nord,Mode,Jacke,1,12.68,0.0,PayPal,0.0,3,5.0,True
104793,2023-12-25,1748,23.0,Mitte,Elektronik,USB-Kabel,1,27.29,0.0,Rechnung,2.99,4,5.0,False
102930,2024-02-28,474,33.0,West,Elektronik,USB-Kabel,1,71.02,0.0,Lastschrift,0.0,1,5.0,False
100136,2023-10-29,630,49.0,Süd,Haushalt,Staubsauger,1,51.71,10.0,Lastschrift,0.0,1,5.0,False
103590,2024-10-25,1021,53.0,Mitte,Mode,Jacke,1,29.3,5.0,Sofortüberweisung,4.99,4,4.0,False
100628,2024-05-22,505,26.0,West,Mode,Mütze,2,30.74,0.0,Kreditkarte,0.0,3,4.0,False
100334,2024-12-17,1550,38.0,West,Elektronik,Powerbank,1,39.1,5.0,Rechnung,4.99,4,5.0,True
100390,2023-11-07,1430,41.0,West,Mode,Jeans,1,26.64,0.0,Sofortüberweisung,0.0,6,4.0,True
104431,2023-02-08,327,25.0,Ost,Sport,Hantel,1,13.96,0.0,PayPal,6.99,5,3.0,False
104925,2024-01-30,1707,44.0,Mitte,Mode,Jeans,1,40.93,0.0,Kreditkarte,2.99,1,5.0,False
103906,2023-04-16,1345,36.0,West,Haushalt,Pfannenset,1,105.78,0.0,Lastschrift,6.99,5,5.0,False
101817,2023-04-20,450,33.0,West,Mode,Sneaker,1,35.02,10.0,Kreditkarte,0.0,3,5.0,False
100400,2024-01-28,780,44.0,Nord,Mode,Jacke,2,15.16,0.0,Kreditkarte,4.99,4,4.0,False
100710,2023-01-21,91,,Nord,Haushalt,Staubsauger,1,115.74,15.0,Rechnung,2.99,3,3.0,True
101039,2024-04-17,1526,61.0,Ost,Bücher,Sachbuch,2,6.04,15.0,Lastschrift,4.99,6,5.0,False
104068,2023-07-21,755,36.0,Nord,Sport,Hantel,1,36.61,5.0,Lastschrift,4.99,1,5.0,False
103359,2024-01-31,1730,40.0,Süd,Haushalt,Kaffeemaschine,4,43.25,10.0,Lastschrift,4.99,4,3.0,False
100046,2023-03-04,1373,18.0,West,Sport,Trinkflasche,2,20.62,0.0,Lastschrift,4.99,1,2.0,False
101561,2024-10-08,1436,58.0,West,Elektronik,USB-Kabel,1,60.19,0.0,PayPal,2.99,8,3.0,False
104848,2023-01-31,1349,48.0,Süd,ELEKTRONIK,Powerbank,1,27.35,0.0,PayPal,2.99,4,3.0,False
103642,2024-01-06,231,21.0,Mitte,Haushalt,Bettwäsche,1,42.63,25.0,Kreditkarte,4.99,4,4.0,False
103726,2024-07-16,22,37.0,Mitte,Mode,Jacke,3,21.55,0.0,Kreditkarte,2.99,1,5.0,False
104892,2024-11-20,871,56.0,Nord,Haushalt,Kaffeemaschine,1,13.92,0.0,Sofortüberweisung,2.99,3,5.0,False
101112,2024-12-03,1692,57.0,Süd,Bücher,Sachbuch,5,8.11,10.0,PayPal,2.99,3,5.0,False
102513,2024-06-01,739,42.0,West,Haushalt,Staubsauger,1,86.16,10.0,PayPal,2.99,4,4.0,False
103608,2023-05-11,1067,36.0,Ost,Elektronik,USB-Kabel,1,31.59,0.0,Sofortüberweisung,0.0,4,4.0,False
101223,2023-06-03,208,51.0,Ost,Sport,Fitnessband,1,42.31,0.0,Lastschrift,4.99,3,4.0,False
104906,2023-05-22,1428,18.0,Nord,Mode,Jacke,4,67.61,15.0,Kreditkarte,4.99,3,4.0,False
103023,2024-05-12,522,41.0,Mitte,Bücher,Kochbuch,1,25.94,0.0,Sofortüberweisung,4.99,5,5.0,False
102421,2023-04-23,1328,34.0,Mitte,HAUSHALT,Staubsauger,2,51.65,15.0,Kreditkarte,4.99,4,4.0,False
101508,2024-01-06,772,38.0,West,Mode,Jeans,1,52.21,0.0,Kreditkarte,2.99,6,5.0,False
101750,2023-02-02,1361,37.0,Mitte,Elektronik,Smartphone-Hülle,2,67.92,0.0,PayPal,,2,5.0,False
104886,2024-06-04,47,41.0,Mitte,Haushalt,Bettwäsche,1,49.65,0.0,Rechnung,2.99,3,5.0,False
104137,2023-09-02,1698,35.0,Süd,Mode ,Mütze,2,24.24,5.0,Kreditkarte,2.99,7,3.0,False
101799,2024-11-15,1399,23.0,Ost,Elektronik,Powerbank,2,15.53,0.0,Kreditkarte,6.99,4,5.0,False
100338,2024-03-31,276,51.0,Mitte,Mode,Sneaker,2,19.59,0.0,Rechnung,6.99,5,4.0,False
100215,2024-06-08,1587,24.0,Mitte,Haushalt,Kaffeemaschine,1,26.8,0.0,Lastschrift,2.99,5,5.0,False
103663,2023-05-26,1327,30.0,Ost,Haushalt,Kaffeemaschine,2,20.33,0.0,PayPal,2.99,2,5.0,True
101341,2023-07-02,581,41.0,Süd,Mode,Sneaker,1,17.14,25.0,Lastschrift,0.0,7,4.0,False
100011,2024-11-17,1383,,Süd,Elektronik,USB-Kabel,1,72.2,0.0,Kreditkarte,4.99,4,4.0,False
101520,2024-11-14,542,43.0,Mitte,Mode,Jacke,1,44.38,0.0,PayPal,0.0,4,5.0,False
103640,2023-01-24,1767,55.0,West,Haushalt,Staubsauger,1,158.3,15.0,Lastschrift,2.99,3,3.0,False
104743,2023-01-03,1661,18.0,Nord,Mode,T-Shirt,2,20.72,0.0,Kreditkarte,6.99,6,5.0,False
103848,2023-07-26,69,43.0,Nord,Haushalt,Lampe,2,42.83,15.0,Kreditkarte,2.99,1,5.0,False
103004,2024-01-22,595,36.0,Mitte,Haushalt,Lampe,2,69.52,0.0,Lastschrift,4.99,7,5.0,False
102864,2024-04-12,625,44.0,Ost,Bücher,Kinderbuch,1,26.12,0.0,Rechnung,0.0,5,5.0,True
103115,2024-03-04,798,18.0,Süd,Elektronik,Kopfhörer,1,59.98,0.0,Kreditkarte,4.99,1,5.0,True
104889,2023-08-26,764,41.0,Mitte,Mode,Sneaker,1,30.23,0.0,Sofortüberweisung,2.99,6,2.0,False
102322,2024-07-13,100,56.0,Süd,Elektronik,Bluetooth-Lautsprecher,1,52.62,0.0,Sofortüberweisung,4.99,6,,False
102571,2023-08-11,262,24.0,Ost,Haushalt,Lampe,1,32.11,15.0,PayPal,0.0,5,4.0,False
102913,2024-09-20,1197,38.0,Süd,MODE,T-Shirt,1,28.53,10.0,PayPal,6.99,1,5.0,False
100101,2023-12-16,1725,43.0,West,Bücher,Kochbuch,1,17.54,0.0,Kreditkarte,6.99,2,2.0,False
103549,2023-07-16,620,18.0,West,Bücher ,Roman,1,28.66,0.0,Sofortüberweisung,6.99,2,5.0,False
101458,2024-06-08,1570,37.0,Mitte,Elektronik,USB-Kabel,1,40.04,0.0,PayPal,2.99,5,5.0,False
100171,2024-08-31,665,41.0,Ost,Elektronik,Bluetooth-Lautsprecher,1,28.05,10.0,Rechnung,6.99,4,4.0,False
100107,2023-05-08,1211,35.0,Nord,Elektronik,Bluetooth-Lautsprecher,1,123.22,10.0,Rechnung,4.99,6,3.0,False
104239,2023-11-22,388,33.0,West,Elektronik,Smartphone-Hülle,1,38.43,5.0,Rechnung,2.99,5,5.0,False
103569,2024-10-22,1627,36.0,Ost,Haushalt,Pfannenset,2,33.26,0.0,Sofortüberweisung,0.0,5,5.0,False
104121,2024-09-28,1395,42.0,Ost,Mode,Jacke,2,41.34,0.0,Rechnung,0.0,2,4.0,False
104339,2024-07-04,963,32.0,Mitte,Elektronik,Bluetooth-Lautsprecher,2,25.8,0.0,PayPal,6.99,1,4.0,False
100024,2024-04-07,1045,38.0,Nord,Mode,Jacke,2,16.82,15.0,Rechnung,4.99,5,5.0,False
103936,2023-05-06,304,18.0,Nord,Haushalt,Bettwäsche,4,34.36,15.0,Sofortüberweisung,6.99,5,3.0,False
104396,2023-09-27,1227,65.0,Süd,Sport,Laufschuhe,1,28.85,0.0,Kreditkarte,0.0,4,1.0,False
100938,2024-01-04,1742,39.0,Nord,Haushalt,Bettwäsche,2,144.61,10.0,Sofortüberweisung,2.99,3,5.0,False
100060,2024-01-27,282,42.0,Süd,Bücher,Kochbuch,1,6.3,0.0,Sofortüberweisung,2.99,3,5.0,False
101240,2023-04-25,244,,Nord,Sport,Hantel,1,52.94,10.0,Rechnung,2.99,2,5.0,False
104684,2023-04-13,1005,36.0,Süd,Mode,Jeans,1,17.54,10.0,Rechnung,2.99,1,2.0,False
101040,2024-02-08,1521,63.0,Ost,Mode,Mütze,2,25.56,0.0,Lastschrift,2.99,6,5.0,False
104229,2023-08-17,1313,54.0,West,Haushalt,Bettwäsche,1,44.12,0.0,PayPal,0.0,4,5.0,False
102760,2023-06-04,919,50.0,Nord,Haushalt,Staubsauger,1,14.57,20.0,Lastschrift,6.99,2,5.0,False
102120,2023-10-26,165,42.0,Mitte,Mode,T-Shirt,1,10.81,0.0,Rechnung,4.99,3,5.0,False
101524,2023-01-29,263,18.0,Süd,Bücher,Kochbuch,3,37.15,0.0,Lastschrift,6.99,1,3.0,False
103521,2023-06-14,701,,Süd,Haushalt,Staubsauger,2,28.0,15.0,Sofortüberweisung,6.99,1,,False
100153,2023-08-10,1290,26.0,Ost,Mode,Mütze,2,20.7,0.0,Rechnung,2.99,5,4.0,False
102248,2024-11-10,1032,18.0,Nord,Haushalt,Staubsauger,1,101.25,15.0,Lastschrift,0.0,5,4.0,False
100481,2024-10-18,1161,21.0,Süd,Elektronik,USB-Kabel,1,19.73,0.0,Lastschrift,2.99,5,5.0,False
104763,2023-10-26,348,51.0,Mitte,Haushalt,Lampe,1,86.45,0.0,Rechnung,2.99,6,1.0,False
104349,2023-10-03,1485,53.0,Mitte,Mode,Mütze,1,6.44,0.0,Kreditkarte,6.99,1,5.0,True
103578,2023-09-06,1153,30.0,Süd,Haushalt,Bettwäsche,1,141.76,10.0,Rechnung,0.0,1,4.0,False
104167,2024-04-17,260,20.0,Süd,Bücher,Comic,2,13.37,25.0,PayPal,4.99,1,4.0,False
103562,2024-05-25,687,42.0,Süd,HAUSHALT,Lampe,1,29.63,15.0,PayPal,2.99,6,3.0,False
103315,2023-10-30,833,32.0,West,Elektronik,Kopfhörer,1,31.97,0.0,Lastschrift,6.99,3,4.0,False
101762,2023-09-18,1105,29.0,Nord,Elektronik,USB-Kabel,2,48.81,0.0,Rechnung,2.99,5,3.0,False
103538,2024-06-24,1443,30.0,Süd,Elektronik,Bluetooth-Lautsprecher,1,79.46,20.0,Kreditkarte,2.99,5,3.0,False
104852,2023-08-27,418,43.0,Süd,HAUSHALT,Pfannenset,4,74.91,0.0,Rechnung,2.99,5,5.0,False
100750,2024-06-13,1228,39.0,Süd,Sport,Fitnessband,1,22.09,0.0,Lastschrift,4.99,3,4.0,False
103619,2024-07-14,109,29.0,Ost,Haushalt,Pfannenset,2,27.36,0.0,PayPal,,10,1.0,False
101785,2024-06-18,1434,46.0,West,ELEKTRONIK,Kopfhörer,2,46.65,25.0,Kreditkarte,6.99,3,,False
104314,2024-06-24,801,25.0,West,Elektronik,Smartphone-Hülle,2,91.09,5.0,Kreditkarte,,4,4.0,False
103383,2024-06-23,487,23.0,Nord,Elektronik,USB-Kabel,2,37.41,10.0,Rechnung,4.99,2,5.0,False
104180,2023-04-03,498,37.0,West,Sport,Fitnessband,1,48.69,15.0,PayPal,2.99,3,,False
100405,2024-11-11,552,18.0,Nord,Bücher ,Sachbuch,1,11.29,0.0,Kreditkarte,6.99,4,5.0,False
100757,2024-07-09,698,18.0,Nord,Sport,Hantel,1,33.68,0.0,Sofortüberweisung,6.99,1,3.0,False
102711,2024-10-07,1600,52.0,Mitte,Mode,Jacke,1,29.79,0.0,PayPal,0.0,6,5.0,True
102670,2023-07-20,1106,,Süd,Sport,Laufschuhe,1,23.21,0.0,Rechnung,2.99,4,5.0,False
104841,2023-09-21,518,35.0,Ost,Sport,Fitnessband,3,17.5,0.0,Rechnung,4.99,4,5.0,False
100097,2023-11-14,1395,62.0,Nord,Sport,Yogamatte,1,110.74270809201225,15.0,Rechnung,0.0,4,5.0,False
101333,2024-12-25,1289,40.0,Ost,Haushalt,Staubsauger,2,82.74,25.0,Sofortüberweisung,6.99,4,4.0,False
104796,2023-10-21,43,49.0,Ost,Mode,Sneaker,1,32.39,10.0,PayPal,2.99,1,5.0,False
102791,2023-02-02,1422,36.0,Süd,Mode,Sneaker,2,61.06,0.0,Sofortüberweisung,2.99,1,5.0,False
102854,2023-09-25,734,55.0,Ost,Mode,Sneaker,2,83.11,0.0,Sofortüberweisung,6.99,4,5.0,False
100186,2024-03-29,569,40.0,Ost,Haushalt,Bettwäsche,4,55.51,0.0,Kreditkarte,2.99,3,4.0,False
104082,2024-07-18,527,38.0,Ost,Haushalt,Lampe,2,52.93,0.0,PayPal,6.99,6,5.0,False
102723,2024-02-23,1140,61.0,Mitte,Elektronik,Smartphone-Hülle,2,21.23,25.0,Lastschrift,6.99,5,4.0,False
103583,2023-08-14,805,34.0,Nord,Bücher,Roman,1,21.34,15.0,Rechnung,0.0,2,3.0,False
102058,2024-09-16,351,38.0,West,Bücher,Sachbuch,1,19.76,10.0,Lastschrift,0.0,4,1.0,False
101319,2023-09-27,1574,31.0,Ost,Mode,Mütze,1,36.85,15.0,Kreditkarte,6.99,5,5.0,False
104241,2023-09-25,1410,40.0,Nord,Sport,Laufschuhe,1,40.26,0.0,Sofortüberweisung,0.0,3,3.0,False
100148,2023-02-04,592,34.0,West,Haushalt,Kaffeemaschine,1,56.38,0.0,Lastschrift,2.99,7,2.0,True
100028,2024-07-24,861,44.0,Ost,Bücher,Sachbuch,2,21.48,20.0,Kreditkarte,0.0,3,5.0,True
104182,2023-10-13,1457,40.0,Süd,Bücher,Roman,1,11.65,0.0,PayPal,2.99,3,2.0,False
104088,2023-02-04,499,38.0,West,Bücher,Sachbuch,3,12.34,0.0,Lastschrift,4.99,4,3.0,False
103363,2024-06-23,594,49.0,Nord,Haushalt,Bettwäsche,1,54.79,0.0,Kreditkarte,4.99,1,4.0,True
100692,2024-02-11,716,28.0,Süd,Sport,Yogamatte,1,23.95,0.0,Kreditkarte,4.99,2,5.0,False
102866,2023-03-29,44,53.0,Süd,Mode,Sneaker,1,11.35,5.0,Rechnung,2.99,6,,False
103776,2023-04-07,126,47.0,Nord,MODE,Mütze,1,22.59,5.0,Rechnung,0.0,8,2.0,False
101386,2023-02-21,1122,23.0,Nord,Elektronik,Smartphone-Hülle,1,26.88,0.0,PayPal,2.99,2,4.0,False
101845,2023-07-11,1675,36.0,Mitte,Elektronik,USB-Kabel,3,53.77,10.0,PayPal,0.0,6,3.0,False
104902,2023-01-10,731,43.0,West,Mode,Jacke,1,25.86,0.0,Lastschrift,2.99,6,4.0,False
100129,2023-08-01,381,39.0,Nord,Bücher,Kinderbuch,1,9.13,20.0,Kreditkarte,0.0,2,,False
101599,2024-02-13,932,37.0,Nord,Bücher,Comic,1,3.93,0.0,Rechnung,2.99,2,4.0,False
103629,2024-07-31,1378,40.0,Nord,Mode,Mütze,1,15.1,15.0,PayPal,2.99,6,4.0,False
104661,2023-01-13,792,18.0,West,MODE,T-Shirt,2,14.83,5.0,Lastschrift,4.99,7,5.0,False
100701,2023-08-23,137,,Nord,Mode,Jeans,1,17.27,0.0,Lastschrift,4.99,7,5.0,False
104060,2023-12-03,1212,58.0,Ost,Sport,Fitnessband,1,7.84,5.0,Lastschrift,6.99,3,5.0,False
103028,2024-07-15,1722,34.0,Süd,Elektronik,Powerbank,1,23.31,0.0,Kreditkarte,0.0,1,5.0,False
102969,2023-09-08,330,19.0,Süd,Mode,Jacke,3,22.0,0.0,Lastschrift,0.0,4,5.0,False
104400,2023-08-04,603,50.0,Ost,Elektronik,Smartphone-Hülle,1,23.67,15.0,Rechnung,0.0,4,5.0,True
101708,2023-11-08,1696,52.0,Mitte,Haushalt,Kaffeemaschine,1,81.45,0.0,Kreditkarte,6.99,4,5.0,False
102953,2023-07-21,474,36.0,West,Elektronik,Smartphone-Hülle,2,32.87,0.0,Kreditkarte,0.0,5,4.0,False
100454,2023-04-10,760,33.0,Ost,Sport,Laufschuhe,1,50.98,10.0,PayPal,2.99,7,4.0,False
102868,2023-12-20,490,43.0,West,Sport,Hantel,1,43.55,0.0,PayPal,0.0,2,4.0,False
102040,2023-06-19,994,55.0,Nord,Elektronik,Powerbank,4,34.11,0.0,Lastschrift,4.99,2,5.0,False
101772,2023-01-15,1031,31.0,Mitte,BÜCHER,Comic,1,13.21,0.0,Lastschrift,4.99,4,4.0,False
102315,2023-07-12,839,41.0,Nord,Haushalt,Lampe,1,70.12,0.0,Rechnung,2.99,6,4.0,False
100609,2024-07-15,772,32.0,Mitte,Haushalt,Kaffeemaschine,1,45.66,0.0,Kreditkarte,2.99,1,5.0,False
100167,2024-05-30,1267,41.0,Süd,Sport,Trinkflasche,1,14.51,15.0,PayPal,2.99,1,4.0,False
100730,2024-08-18,1003,52.0,Nord,Bücher,Sachbuch,2,2.62,0.0,Kreditkarte,2.99,8,4.0,True
104292,2024-01-03,1028,45.0,West,Elektronik,Powerbank,1,18.54,15.0,Kreditkarte,0.0,2,4.0,False
103358,2023-02-11,1661,29.0,West,Sport,Hantel,1,29.4,0.0,PayPal,0.0,2,5.0,False
103896,2023-01-26,1775,38.0,West,Haushalt,Pfannenset,2,20.61,0.0,Lastschrift,0.0,5,4.0,False
102074,2024-12-13,1704,18.0,Nord,Mode,Sneaker,1,45.44,10.0,Sofortüberweisung,0.0,5,5.0,False
104111,2024-06-25,270,49.0,Nord,Sport,Trinkflasche,5,10.39,0.0,Kreditkarte,2.99,2,4.0,False
103700,2024-03-25,229,22.0,Mitte,MODE,Sneaker,1,18.5,0.0,Lastschrift,0.0,4,5.0,False
101622,2023-12-05,160,28.0,Ost,Mode,Jeans,2,45.6,5.0,Rechnung,4.99,5,5.0,False
100587,2024-02-26,1126,,West,Haushalt,Lampe,1,71.0,0.0,Kreditkarte,2.99,7,5.0,False
101401,2024-12-12,1522,18.0,West,Haushalt,Kaffeemaschine,2,17.33,0.0,Rechnung,2.99,5,4.0,True
103045,2023-01-23,293,43.0,Ost,Mode,Mütze,3,4.52,0.0,Sofortüberweisung,6.99,5,5.0,False
103224,2023-10-21,1538,30.0,Süd,Sport,Hantel,1,13.97,0.0,Rechnung,6.99,6,,False
101700,2024-07-22,383,36.0,Süd,Sport,Fitnessband,1,67.11,0.0,Lastschrift,4.99,5,,False
103088,2024-12-15,674,36.0,Nord,Haushalt,Lampe,1,36.92,0.0,Kreditkarte,4.99,4,2.0,False
104434,2024-10-01,528,53.0,Süd,Bücher,Kinderbuch,2,7.22,0.0,Sofortüberweisung,4.99,6,5.0,False
102981,2023-03-07,792,40.0,West,Mode,T-Shirt,1,29.15,0.0,Sofortüberweisung,6.99,5,5.0,False
100040,2023-04-14,1693,56.0,Nord,Bücher,Kinderbuch,2,28.39,0.0,Lastschrift,6.99,2,3.0,False
101379,2024-06-03,1130,25.0,Süd,Elektronik,USB-Kabel,2,55.13,0.0,Sofortüberweisung,6.99,7,5.0,False
102089,2023-08-22,1635,32.0,Nord,Bücher,Kochbuch,1,22.83,20.0,Kreditkarte,4.99,5,5.0,False
103924,2023-01-16,1657,35.0,Mitte,Elektronik ,Smartphone-Hülle,1,27.37,15.0,Rechnung,0.0,4,4.0,False
102175,2024-11-03,616,35.0,West,Elektronik,USB-Kabel,1,55.65,0.0,Rechnung,0.0,3,3.0,False
103217,2024-01-18,397,18.0,Mitte,Bücher,Sachbuch,1,30.27,0.0,Sofortüberweisung,2.99,2,5.0,False
102885,2023-07-13,744,32.0,Süd,Haushalt,Pfannenset,3,27.91,10.0,Rechnung,4.99,1,5.0,False
100074,2023-12-04,1778,40.0,Ost,HAUSHALT,Pfannenset,4,37.55,0.0,PayPal,0.0,4,5.0,False
103986,2023-02-26,773,47.0,Nord,Mode,Jeans,5,194.54869889932374,5.0,Kreditkarte,4.99,5,3.0,True
103967,2023-05-08,1139,35.0,Mitte,Haushalt,Bettwäsche,1,145.59841028528052,20.0,Rechnung,4.99,9,4.0,False
102657,2023-07-11,58,23.0,Nord,Mode,T-Shirt,3,4.78,5.0,Kreditkarte,2.99,4,3.0,False
103180,2024-06-06,430,32.0,Süd,Bücher,Sachbuch,1,15.89,0.0,PayPal,2.99,2,5.0,False
102076,2023-07-06,892,40.0,Süd,Elektronik,Powerbank,1,67.71,5.0,Rechnung,0.0,6,4.0,False
100441,2023-12-06,1762,31.0,Ost,Sport,Trinkflasche,1,104.93,0.0,Sofortüberweisung,6.99,6,5.0,False
104118,2024-08-21,209,64.0,Ost,Elektronik,Smartphone-Hülle,1,38.38,0.0,Lastschrift,2.99,5,5.0,False
102051,2024-11-30,1163,37.0,West,Mode,Sneaker,1,25.53,0.0,Kreditkarte,2.99,9,4.0,False
102541,2024-04-04,919,31.0,Süd,Mode,Jeans,1,32.98,0.0,Sofortüberweisung,0.0,3,3.0,False
103306,2023-09-28,1764,35.0,Mitte,Mode,Jeans,2,13.63,0.0,Kreditkarte,0.0,5,5.0,False
101301,2023-11-19,293,60.0,Süd,Mode,T-Shirt,4,28.96,25.0,Sofortüberweisung,4.99,2,4.0,False
101781,2023-09-20,1157,18.0,Ost,MODE,Sneaker,1,18.65,15.0,Rechnung,4.99,7,2.0,False
104863,2024-08-19,67,41.0,Süd,Haushalt,Staubsauger,1,87.12,5.0,Kreditkarte,0.0,5,5.0,False
103430,2024-07-23,212,43.0,Ost,MODE,Sneaker,1,26.12,0.0,Sofortüberweisung,,1,4.0,False
101304,2023-04-10,1571,42.0,Mitte,Mode,Sneaker,1,11.54,0.0,Kreditkarte,0.0,3,4.0,False
100236,2023-09-15,1504,28.0,Süd,Elektronik,Powerbank,1,72.19,5.0,Rechnung,2.99,4,1.0,False
102599,2023-10-14,39,36.0,Nord,Bücher,Kinderbuch,1,9.87,0.0,Rechnung,0.0,2,5.0,False
100520,2024-05-09,1435,50.0,Süd,Sport ,Hantel,1,25.19,0.0,PayPal,0.0,2,4.0,False
102573,2024-12-21,447,22.0,Ost,Sport,Fitnessband,1,6.67,0.0,Kreditkarte,6.99,2,5.0,False
103280,2024-02-26,1020,51.0,Ost,Haushalt,Staubsauger,1,48.79,5.0,Sofortüberweisung,2.99,4,5.0,True
103186,2024-02-14,782,43.0,Ost,Sport,Trinkflasche,5,55.21,0.0,Rechnung,4.99,2,4.0,False
103953,2024-04-14,1128,18.0,Mitte,Elektronik,Kopfhörer,2,86.8,15.0,PayPal,2.99,4,,False
102768,2023-03-05,1552,22.0,West,Elektronik,Powerbank,1,28.89,0.0,Lastschrift,4.99,4,5.0,False
100735,2023-06-02,1171,37.0,Ost,Haushalt,Pfannenset,5,68.24,0.0,Rechnung,6.99,5,5.0,False
104751,2023-05-22,715,41.0,Nord,Mode,Jeans,2,7.13,5.0,Kreditkarte,4.99,1,,False
104979,2023-11-04,980,44.0,Nord,Haushalt,Pfannenset,3,52.12,10.0,Kreditkarte,0.0,4,4.0,False
102106,2024-03-08,1452,42.0,Mitte,Haushalt,Bettwäsche,1,20.74,0.0,Lastschrift,2.99,5,4.0,True
102679,2023-11-08,350,47.0,West,ELEKTRONIK,USB-Kabel,1,34.56,0.0,Sofortüberweisung,4.99,3,4.0,False
103229,2024-06-19,1607,,Nord,HAUSHALT,Staubsauger,2,44.55,20.0,Rechnung,2.99,1,4.0,False
102761,2024-11-10,778,18.0,Mitte,Mode,Jeans,4,20.09,10.0,Sofortüberweisung,0.0,4,5.0,False
100592,2023-06-27,382,,Nord,Elektronik,Bluetooth-Lautsprecher,1,17.87,0.0,Rechnung,6.99,3,3.0,False
101303,2023-11-22,1132,53.0,Nord,Mode,Sneaker,1,8.16,10.0,Rechnung,0.0,1,5.0,False
101387,2023-09-11,1267,55.0,West,Elektronik,Powerbank,3,59.94,0.0,PayPal,2.99,5,5.0,False
104742,2023-02-04,1622,69.0,Süd,Elektronik,Powerbank,1,46.31,10.0,PayPal,2.99,2,5.0,False
104571,2023-08-09,1371,18.0,Ost,Mode,Jacke,1,58.24,0.0,Sofortüberweisung,0.0,4,,False
104024,2023-11-18,1663,41.0,Mitte,Mode,Jeans,1,21.21,0.0,Sofortüberweisung,0.0,2,4.0,False
101890,2023-10-07,1474,30.0,Nord,Sport,Trinkflasche,1,26.25,15.0,Lastschrift,0.0,5,4.0,False
102987,2023-03-04,739,36.0,Süd,Elektronik,Bluetooth-Lautsprecher,1,86.26,0.0,Sofortüberweisung,0.0,3,3.0,False
104974,2023-10-11,395,38.0,Nord,Mode,Jeans,1,28.09,0.0,Sofortüberweisung,0.0,5,5.0,False
103297,2024-03-17,1139,18.0,Mitte,Mode,Jacke,2,59.68,0.0,Rechnung,6.99,2,,False
100904,2023-10-30,520,41.0,West,Mode,Jeans,1,52.62,0.0,PayPal,0.0,1,4.0,False
104655,2023-12-19,831,32.0,Süd,Haushalt,Lampe,1,51.56,0.0,Rechnung,0.0,5,5.0,True
101279,2024-04-30,596,42.0,Mitte,Elektronik,Powerbank,1,43.21,0.0,PayPal,0.0,5,3.0,False
100933,2024-11-14,225,27.0,Ost,Elektronik,USB-Kabel,1,44.31,0.0,Sofortüberweisung,0.0,5,,False
104949,2023-11-30,195,37.0,Nord,Haushalt,Pfannenset,5,101.39,0.0,PayPal,4.99,3,5.0,False
102308,2023-03-25,1790,30.0,West,Mode,Mütze,1,16.7,0.0,Kreditkarte,4.99,6,4.0,False
101555,2023-05-16,972,25.0,Süd,Elektronik,Kopfhörer,1,58.59,10.0,PayPal,0.0,3,1.0,False
104578,2024-11-15,1581,57.0,Mitte,Sport,Fitnessband,1,55.37,15.0,PayPal,2.99,5,3.0,True
103190,2024-08-29,1600,40.0,West,Haushalt,Lampe,3,88.24,0.0,Kreditkarte,2.99,1,5.0,False
104486,2024-09-30,159,20.0,Süd,Bücher,Sachbuch,1,26.72,5.0,Kreditkarte,2.99,4,3.0,False
100706,2023-06-14,1799,62.0,Ost,Haushalt,Lampe,2,15.9,20.0,Lastschrift,0.0,3,4.0,False
104882,2023-05-06,365,,Süd,Mode,Jeans,1,27.11,5.0,Sofortüberweisung,2.99,2,3.0,False
103070,2023-11-25,452,44.0,Süd,Elektronik,Smartphone-Hülle,1,30.62,15.0,PayPal,4.99,3,,True
100745,2023-12-05,1487,39.0,Mitte,Sport,Laufschuhe,1,50.83,0.0,Sofortüberweisung,6.99,5,3.0,False
103594,2023-11-09,1641,43.0,Süd,Haushalt,Bettwäsche,1,34.85,0.0,Sofortüberweisung,4.99,4,5.0,False
101939,2024-02-07,1145,38.0,Nord,Bücher,Comic,2,14.47,10.0,Rechnung,6.99,2,,False
104444,2023-01-22,802,38.0,Mitte,Mode,Sneaker,2,27.98,0.0,Kreditkarte,0.0,5,,False
102862,2024-01-28,1051,36.0,Ost,Elektronik,USB-Kabel,1,18.81,0.0,Kreditkarte,2.99,5,4.0,False
104075,2024-08-21,79,39.0,Ost,Mode,Mütze,2,37.17,0.0,Sofortüberweisung,0.0,6,5.0,False
100513,2024-09-02,1461,21.0,Nord,Sport,Trinkflasche,2,36.61,15.0,Kreditkarte,2.99,4,4.0,True
100081,2024-10-03,1679,27.0,Süd,Sport,Laufschuhe,1,29.66,25.0,Sofortüberweisung,4.99,6,3.0,False
104066,2023-03-09,1595,34.0,Nord,Elektronik,Bluetooth-Lautsprecher,2,52.48,15.0,Kreditkarte,0.0,6,5.0,False
101308,2024-05-01,1089,18.0,West,Mode,Jacke,1,62.14,15.0,Kreditkarte,2.99,3,4.0,False
104593,2023-02-03,1584,78.0,West,Mode,Sneaker,1,28.84,10.0,Rechnung,0.0,3,5.0,False
100914,2024-08-05,499,25.0,Süd,Mode,Jeans,1,25.21,0.0,Lastschrift,0.0,2,5.0,False
103452,2023-01-28,1204,38.0,Ost,Haushalt ,Pfannenset,2,43.1,20.0,Sofortüberweisung,0.0,3,4.0,False
103695,2023-10-09,277,30.0,Ost,Mode,Jacke,1,13.62,0.0,Kreditkarte,4.99,4,4.0,False
104853,2023-09-02,1244,21.0,Mitte,Elektronik,Powerbank,5,38.7,0.0,Kreditkarte,0.0,7,5.0,False
103156,2023-01-19,179,52.0,Ost,Elektronik,Kopfhörer,1,294.99014140074587,0.0,PayPal,2.99,4,5.0,False
102198,2024-06-21,1623,44.0,Mitte,ELEKTRONIK,Kopfhörer,1,35.6,0.0,Lastschrift,6.99,4,5.0,True
104275,2023-08-04,184,20.0,Süd,Sport,Hantel,1,18.7,0.0,Rechnung,2.99,3,4.0,False
100774,2024-11-06,808,34.0,Süd,Mode,Jacke,2,20.25,15.0,Sofortüberweisung,,1,2.0,False
100329,2024-07-13,519,61.0,West,Sport,Fitnessband,2,5.19,0.0,Rechnung,0.0,4,4.0,False
102054,2024-10-20,1038,36.0,West,Elektronik,Smartphone-Hülle,1,18.24,0.0,Sofortüberweisung,0.0,2,4.0,True
102001,2024-09-14,970,53.0,West,Haushalt,Bettwäsche,1,78.95,5.0,Sofortüberweisung,4.99,6,4.0,False
100943,2023-05-30,1018,43.0,Mitte,Haushalt,Kaffeemaschine,3,90.79,0.0,Sofortüberweisung,2.99,3,2.0,False
100822,2023-05-11,657,38.0,Nord,Haushalt,Lampe,1,17.59,10.0,PayPal,2.99,3,5.0,False
104572,2024-04-04,968,46.0,Ost,BÜCHER,Kinderbuch,1,26.3,5.0,Lastschrift,0.0,4,5.0,False
100909,2024-04-15,1209,54.0,Nord,Mode,Jacke,1,29.51,0.0,Lastschrift,2.99,4,4.0,False
102516,2023-04-19,1248,63.0,Süd,Haushalt ,Lampe,2,30.38,10.0,Lastschrift,2.99,5,4.0,False
100181,2023-01-27,1302,29.0,Süd,Elektronik,Bluetooth-Lautsprecher,2,92.34,0.0,Rechnung,6.99,5,4.0,False
100164,2024-04-24,978,44.0,Süd,Mode,Sneaker,1,7.15,0.0,Lastschrift,2.99,2,4.0,False
101523,2023-01-18,1250,32.0,Mitte,Sport,Trinkflasche,1,54.64,0.0,Lastschrift,0.0,3,5.0,False
100451,2023-04-22,1241,46.0,Nord,Bücher,Kinderbuch,1,6.7,0.0,Rechnung,6.99,4,2.0,False
103983,2024-08-29,1767,33.0,Ost,Mode,Jeans,1,16.79,0.0,Lastschrift,2.99,2,5.0,False
102538,2024-11-24,758,18.0,Mitte,Haushalt,Kaffeemaschine,3,481.8885477405015,0.0,PayPal,6.99,2,5.0,False
104147,2024-12-08,1532,23.0,Ost,Sport,Hantel,1,1010.7566157047773,0.0,Kreditkarte,2.99,3,4.0,False
104824,2023-07-15,1766,55.0,West,Haushalt,Lampe,1,122.88,5.0,Rechnung,2.99,1,5.0,False
101311,2023-04-19,1642,45.0,West,Sport,Yogamatte,3,13.62,0.0,Sofortüberweisung,4.99,5,3.0,False
103149,2023-01-07,1319,65.0,Mitte,Mode,Jacke,1,60.13,0.0,Kreditkarte,6.99,4,2.0,True
101111,2023-06-12,809,33.0,Ost,MODE,T-Shirt,1,19.01,10.0,PayPal,0.0,4,,False
104640,2023-01-12,1111,28.0,Mitte,Sport,Fitnessband,1,26.27,15.0,Sofortüberweisung,4.99,5,3.0,False
103874,2023-12-04,1023,33.0,Nord,Bücher,Sachbuch,2,1.2,0.0,PayPal,0.0,4,5.0,False
103489,2024-06-20,638,29.0,Ost,Elektronik,Smartphone-Hülle,2,49.3,20.0,Kreditkarte,0.0,5,3.0,False
101287,2023-03-06,322,31.0,Mitte,Sport,Laufschuhe,2,16.59,5.0,PayPal,6.99,3,4.0,False
104219,2024-09-16,351,54.0,Nord,Haushalt,Staubsauger,1,71.68,0.0,Lastschrift,4.99,4,5.0,False
104692,2024-11-10,243,38.0,Süd,Haushalt,Kaffeemaschine,4,50.12,0.0,PayPal,2.99,1,5.0,False
103680,2023-09-16,1421,49.0,Süd,Haushalt,Kaffeemaschine,1,29.67,0.0,Kreditkarte,0.0,3,5.0,False
104374,2023-07-02,709,50.0,Ost,MODE,Jacke,4,39.86,0.0,Sofortüberweisung,0.0,4,3.0,False
104210,2024-01-05,664,,Ost,Elektronik,USB-Kabel,1,44.0,5.0,Sofortüberweisung,2.99,3,5.0,False
103300,2024-06-26,1468,33.0,West,Bücher,Kochbuch,1,24.8,0.0,PayPal,6.99,2,3.0,False
103310,2024-09-09,136,25.0,Ost,Elektronik,Smartphone-Hülle,1,62.9,0.0,Sofortüberweisung,2.99,4,4.0,False
104601,2024-09-27,1694,18.0,Süd,Mode,Jacke,2,35.29,0.0,PayPal,0.0,5,4.0,False
103125,2023-06-04,1652,43.0,Ost,Elektronik,USB-Kabel,1,47.54,15.0,PayPal,4.99,1,5.0,False
100327,2024-04-22,747,20.0,Süd,Bücher,Roman,1,16.94,0.0,PayPal,2.99,2,2.0,False
101790,2023-05-23,519,45.0,Süd,Sport ,Hantel,1,30.46,0.0,Rechnung,4.99,1,5.0,False
102490,2024-09-22,931,39.0,Nord,Bücher,Comic,1,13.94,0.0,Kreditkarte,4.99,3,5.0,False
102006,2023-06-01,847,56.0,West,Elektronik,Bluetooth-Lautsprecher,2,54.13,20.0,Lastschrift,6.99,7,4.0,False
102007,2024-02-20,1047,66.0,Süd,Haushalt,Staubsauger,1,109.19,0.0,Rechnung,2.99,3,5.0,False
101858,2023-03-23,504,39.0,West,Elektronik,Smartphone-Hülle,2,82.52,0.0,Kreditkarte,4.99,2,5.0,False
104732,2024-04-15,656,50.0,Mitte,Elektronik,USB-Kabel,1,50.7,5.0,Sofortüberweisung,4.99,5,4.0,False
100312,2023-05-24,904,54.0,Mitte,Elektronik,Bluetooth-Lautsprecher,1,49.94,0.0,Sofortüberweisung,2.99,4,2.0,False
100832,2024-01-07,1023,23.0,Ost,Mode,Sneaker,1,32.68,0.0,PayPal,0.0,6,4.0,True
103079,2024-09-07,773,34.0,Mitte,Haushalt,Pfannenset,1,69.66,0.0,Sofortüberweisung,6.99,6,2.0,False
104765,2023-08-31,846,,West,Bücher,Comic,1,3.92,0.0,Rechnung,6.99,5,5.0,False
103462,2023-10-18,586,31.0,West,Bücher,Kinderbuch,1,6.37,0.0,Sofortüberweisung,4.99,2,4.0,False
101201,2024-12-28,754,41.0,West,Sport,Trinkflasche,1,14.5,0.0,Rechnung,0.0,2,4.0,False
104435,2024-05-20,1792,18.0,West,Sport,Laufschuhe,1,32.9,0.0,Sofortüberweisung,0.0,2,4.0,False
103547,2023-07-07,914,30.0,Nord,Haushalt,Bettwäsche,1,131.25,0.0,Rechnung,4.99,1,5.0,False
104072,2024-12-23,742,60.0,West,Elektronik,USB-Kabel,1,17.01,10.0,Rechnung,6.99,6,5.0,False
102134,2024-11-30,583,36.0,Ost,Mode,Jeans,2,39.4,0.0,Kreditkarte,4.99,4,1.0,False
103451,2023-05-19,1129,35.0,West,Haushalt,Lampe,3,81.51,15.0,PayPal,0.0,2,5.0,False
102209,2024-10-03,153,41.0,Ost,Mode,Jacke,1,41.78,0.0,Sofortüberweisung,6.99,1,3.0,False
101901,2023-12-02,206,47.0,Nord,HAUSHALT,Lampe,1,41.92,10.0,Sofortüberweisung,2.99,1,4.0,False
104050,2023-03-01,1022,27.0,Mitte,Elektronik,USB-Kabel,2,24.57,0.0,Sofortüberweisung,6.99,5,5.0,False
101481,2023-06-20,543,49.0,Süd,Haushalt,Kaffeemaschine,2,43.75,0.0,Lastschrift,4.99,6,5.0,False
100777,2023-06-12,1315,18.0,Ost,Elektronik,Kopfhörer,2,29.22,0.0,Lastschrift,6.99,2,4.0,False
100799,2024-11-23,188,53.0,Mitte,Elektronik,Bluetooth-Lautsprecher,1,20.03,5.0,Kreditkarte,0.0,4,4.0,False
103714,2023-10-28,1374,25.0,Süd,Elektronik,Kopfhörer,1,37.53,5.0,PayPal,6.99,1,3.0,False
103942,2024-04-11,209,44.0,Mitte,Sport,Yogamatte,1,69.97,15.0,Sofortüberweisung,4.99,7,5.0,False
100054,2024-05-25,495,46.0,Ost,Elektronik,Bluetooth-Lautsprecher,1,21.58,0.0,Kreditkarte,2.99,3,5.0,False
102972,2023-02-22,1650,45.0,Süd,Mode,Jacke,1,11.19,0.0,Sofortüberweisung,2.99,4,4.0,True
103335,2024-11-18,775,21.0,West,Mode,Mütze,1,14.22,0.0,Rechnung,4.99,1,1.0,False
101920,2023-07-09,1077,37.0,Ost,Mode,T-Shirt,2,44.91,0.0,PayPal,0.0,6,3.0,False
103715,2024-07-26,778,49.0,Ost,Haushalt,Bettwäsche,1,48.19,0.0,Lastschrift,2.99,3,,False
104693,2023-11-21,1490,38.0,Nord,Mode,T-Shirt,3,92.14,0.0,Kreditkarte,4.99,5,,False
100946,2024-08-27,25,28.0,West,HAUSHALT,Bettwäsche,1,44.16,0.0,Rechnung,0.0,9,5.0,False
101701,2023-10-03,629,40.0,Süd,Haushalt,Staubsauger,1,48.93,10.0,Sofortüberweisung,0.0,3,5.0,False
103293,2024-03-13,1378,38.0,Mitte,Haushalt,Staubsauger,2,23.77,0.0,Sofortüberweisung,4.99,2,5.0,False
102161,2023-03-22,710,48.0,Ost,Sport,Trinkflasche,1,22.81,10.0,Rechnung,0.0,1,,False
101136,2023-08-22,558,18.0,Nord,Mode,T-Shirt,1,36.79,0.0,Kreditkarte,4.99,5,3.0,False
100987,2023-01-29,867,43.0,Süd,Elektronik,Kopfhörer,1,59.6,0.0,Kreditkarte,2.99,4,3.0,False
102549,2024-03-13,1765,66.0,Nord,Sport,Laufschuhe,1,14.9,0.0,Sofortüberweisung,0.0,1,5.0,True
100193,2023-06-26,836,40.0,West,Haushalt,Bettwäsche,1,12.26,0.0,PayPal,2.99,4,5.0,False
103057,2023-08-08,980,49.0,West,Haushalt ,Lampe,2,38.13,0.0,Rechnung,0.0,2,1.0,False
103246,2023-02-22,1282,51.0,West,Haushalt,Bettwäsche,2,29.59,0.0,Sofortüberweisung,0.0,4,4.0,True
101394,2023-12-14,1384,43.0,Mitte,Sport,Hantel,1,46.51,0.0,Kreditkarte,2.99,5,5.0,False
102637,2024-08-04,352,18.0,Mitte,Elektronik,Bluetooth-Lautsprecher,1,29.75,15.0,Kreditkarte,6.99,3,4.0,False
100768,2023-07-06,1604,47.0,Mitte,Mode,Jacke,2,10.93,0.0,Kreditkarte,,4,4.0,True
104750,2024-09-27,732,40.0,Nord,Haushalt,Lampe,1,55.2,0.0,Rechnung,0.0,6,,False
103090,2023-09-17,135,18.0,Mitte,Mode ,T-Shirt,1,11.21,0.0,Kreditkarte,6.99,2,4.0,False
103495,2024-04-27,1051,46.0,Nord,Elektronik,Kopfhörer,2,38.89,20.0,Lastschrift,2.99,5,5.0,False
103215,2023-04-20,913,31.0,West,Elektronik,Smartphone-Hülle,3,30.35,0.0,PayPal,4.99,4,4.0,False
100285,2023-03-05,1529,20.0,Mitte,Bücher ,Kochbuch,3,9.7,5.0,Sofortüberweisung,6.99,5,5.0,False
104988,2023-03-28,1003,34.0,West,Elektronik,Powerbank,2,69.44,10.0,Kreditkarte,0.0,1,2.0,False
104801,2024-12-21,833,52.0,West,Bücher,Sachbuch,2,18.29,0.0,Lastschrift,6.99,1,5.0,False
102332,2023-11-14,91,47.0,West,Mode,Jacke,5,34.61,0.0,Rechnung,2.99,6,5.0,False
102717,2024-05-30,55,31.0,West,Sport,Trinkflasche,1,52.96,0.0,Rechnung,2.99,4,3.0,False
102079,2024-10-15,6,25.0,Süd,Bücher,Roman,1,5.24,0.0,Sofortüberweisung,4.99,4,5.0,False
103389,2023-06-02,1122,48.0,Süd,Elektronik,Kopfhörer,1,24.38,10.0,Sofortüberweisung,4.99,4,5.0,False
100722,2023-06-03,851,36.0,Nord,Haushalt,Bettwäsche,1,58.7,0.0,Rechnung,0.0,1,,False
100951,2023-09-17,101,56.0,West,Bücher,Sachbuch,2,6.99,10.0,PayPal,0.0,6,5.0,False
104410,2024-06-28,1539,24.0,West,Haushalt,Bettwäsche,2,18.75,0.0,Kreditkarte,4.99,1,5.0,False
102262,2024-04-03,1717,33.0,Mitte,Bücher,Kochbuch,1,27.36,0.0,Sofortüberweisung,2.99,5,5.0,False
100989,2023-04-05,625,35.0,Mitte,Mode,Sneaker,1,19.47,0.0,Kreditkarte,6.99,4,3.0,False
103212,2024-08-09,1297,,Mitte,SPORT,Laufschuhe,1,41.47,0.0,Kreditkarte,2.99,5,4.0,False
101759,2024-06-30,1246,18.0,Ost,Mode,Mütze,1,36.56,0.0,Rechnung,2.99,6,5.0,False
104148,2023-01-27,1263,18.0,Mitte,Bücher,Comic,1,13.13,0.0,Sofortüberweisung,6.99,4,4.0,False
101724,2023-03-11,980,44.0,Mitte,Sport,Yogamatte,1,32.28,0.0,Lastschrift,0.0,6,5.0,False
100341,2023-05-27,1520,,Ost,Elektronik,Kopfhörer,1,39.81,25.0,Sofortüberweisung,2.99,4,4.0,False
103701,2024-08-14,918,33.0,Mitte,Elektronik,USB-Kabel,1,110.53,0.0,Rechnung,2.99,7,5.0,False
100688,2023-11-03,744,,Mitte,Mode ,Jeans,1,49.77,15.0,PayPal,4.99,4,4.0,False
103432,2024-07-02,163,63.0,Nord,Bücher,Kinderbuch,2,9.32,0.0,Kreditkarte,0.0,5,5.0,False
100966,2023-04-22,256,19.0,Ost,Sport,Yogamatte,1,20.42,0.0,Rechnung,4.99,2,5.0,False
104775,2024-09-19,703,31.0,Nord,Sport,Fitnessband,2,78.47,0.0,PayPal,0.0,6,4.0,False
102203,2024-06-16,685,36.0,Ost,Haushalt,Staubsauger,1,55.87,25.0,Sofortüberweisung,2.99,5,4.0,False
102713,2023-11-02,1610,18.0,Mitte,Sport,Fitnessband,3,46.2,0.0,Sofortüberweisung,2.99,2,3.0,False
103572,2023-02-07,1795,57.0,West,Mode,T-Shirt,2,500.6246861827258,0.0,PayPal,4.99,5,5.0,False
101990,2024-05-26,154,31.0,Mitte,Haushalt,Staubsauger,1,19.13,0.0,Rechnung,0.0,2,4.0,False
104120,2023-03-06,777,32.0,Nord,Mode,Jeans,1,14.01,5.0,Lastschrift,0.0,8,5.0,True
104361,2024-06-04,912,31.0,Ost,Mode,Jeans,1,30.8,0.0,PayPal,4.99,2,5.0,False
104791,2023-02-02,829,53.0,Mitte,Elektronik,Smartphone-Hülle,2,52.85,0.0,Rechnung,4.99,1,4.0,False
103600,2023-02-23,1253,50.0,Süd,Mode,Jeans,1,72.17,0.0,PayPal,0.0,4,5.0,True
104612,2023-04-16,995,31.0,Ost,MODE,Jeans,1,27.6,0.0,Rechnung,4.99,2,3.0,False
101962,2024-06-29,1264,53.0,Mitte,Bücher,Kochbuch,2,3.68,0.0,PayPal,6.99,3,5.0,True
104166,2023-09-04,243,37.0,Mitte,Elektronik,Kopfhörer,1,71.91,5.0,Sofortüberweisung,0.0,6,2.0,False
100385,2023-10-12,465,55.0,Nord,Mode,T-Shirt,1,29.56,0.0,Sofortüberweisung,0.0,6,,False
104414,2024-09-03,1043,40.0,Nord,Elektronik,Powerbank,3,36.59,0.0,Rechnung,0.0,5,5.0,False
104614,2024-07-02,88,47.0,Süd,Elektronik,Kopfhörer,1,25.12,25.0,Rechnung,2.99,1,4.0,False
100536,2023-10-10,367,77.0,Nord,Mode,Jeans,1,20.33,0.0,Lastschrift,2.99,1,5.0,False
104712,2024-05-18,1028,23.0,West,Elektronik,Kopfhörer,1,11.72,0.0,PayPal,2.99,5,5.0,False
103507,2024-02-19,1073,31.0,West,Haushalt,Pfannenset,1,22.72,0.0,Kreditkarte,4.99,2,3.0,False
100201,2024-09-21,649,18.0,Ost,Elektronik,USB-Kabel,2,53.1,0.0,Lastschrift,4.99,6,5.0,False
101332,2024-07-31,1745,22.0,Ost,Elektronik,USB-Kabel,2,51.63,15.0,Lastschrift,2.99,4,3.0,False
103502,2024-05-27,944,27.0,West,Bücher,Roman,1,10.2,0.0,Sofortüberweisung,0.0,4,5.0,False
102708,2024-07-18,710,45.0,Ost,Haushalt,Bettwäsche,2,111.57,10.0,PayPal,2.99,8,5.0,False
104021,2023-07-07,851,37.0,West,Elektronik,Kopfhörer,4,34.13,15.0,Lastschrift,2.99,3,5.0,False
101854,2023-04-20,441,22.0,Süd,Mode,T-Shirt,1,46.28,20.0,Kreditkarte,2.99,4,5.0,True
104960,2024-12-18,1323,44.0,Nord,Bücher,Comic,2,17.74,0.0,PayPal,6.99,4,3.0,False
102872,2023-08-26,288,21.0,Mitte,Elektronik,USB-Kabel,2,44.21,0.0,Lastschrift,0.0,4,5.0,False
103030,2024-11-10,1505,18.0,Süd,Elektronik,Smartphone-Hülle,1,28.63,20.0,Lastschrift,0.0,2,,False
101205,2023-11-01,1776,20.0,West,Elektronik,Powerbank,1,41.39,5.0,Lastschrift,0.0,2,5.0,False
101645,2023-01-08,1470,25.0,Süd,Mode,Jeans,2,20.08,10.0,Sofortüberweisung,2.99,1,4.0,False
103417,2023-08-17,646,42.0,Mitte,Sport,Fitnessband,1,32.76,10.0,Rechnung,2.99,2,4.0,False
103476,2023-08-04,1498,36.0,West,Bücher,Sachbuch,1,12.76,10.0,Rechnung,0.0,9,5.0,False
102861,2023-12-13,463,28.0,Nord,Elektronik,Powerbank,5,74.91,0.0,Rechnung,6.99,2,3.0,False
101792,2023-04-11,1716,18.0,West,Elektronik,Kopfhörer,1,10.87,0.0,Rechnung,2.99,3,,False
103797,2024-06-27,1764,48.0,West,Elektronik,USB-Kabel,2,53.31,0.0,Lastschrift,2.99,8,4.0,False
103368,2024-08-12,1583,30.0,Süd,Elektronik,Bluetooth-Lautsprecher,1,45.52,0.0,PayPal,0.0,2,5.0,False
103367,2023-08-11,1766,46.0,Nord,Elektronik,Kopfhörer,1,38.92,20.0,Kreditkarte,2.99,4,5.0,False
103533,2023-08-17,1315,34.0,Nord,Mode,T-Shirt,1,59.37,0.0,PayPal,4.99,2,5.0,False
104437,2024-11-17,732,41.0,Ost,Elektronik,USB-Kabel,1,31.8,0.0,Lastschrift,2.99,5,1.0,False
103449,2024-11-30,560,56.0,West,Elektronik,USB-Kabel,3,11.95,0.0,Kreditkarte,2.99,4,3.0,True
100603,2024-12-21,1665,36.0,Süd,Haushalt,Staubsauger,1,58.56,0.0,Rechnung,0.0,4,5.0,False
103056,2023-04-09,1399,50.0,Süd,Elektronik,Bluetooth-Lautsprecher,2,74.72,0.0,PayPal,4.99,1,5.0,False
104404,2024-12-10,1577,18.0,West,Haushalt,Pfannenset,1,35.97,0.0,Sofortüberweisung,4.99,2,5.0,False
100126,2024-12-17,1652,42.0,West,Mode,Jacke,1,28.93,0.0,PayPal,0.0,3,,False
103876,2023-05-17,52,24.0,West,Haushalt,Bettwäsche,2,41.89,0.0,PayPal,6.99,4,4.0,False
102935,2023-11-14,1755,,Nord,Elektronik,Bluetooth-Lautsprecher,1,34.57,5.0,Lastschrift,4.99,5,4.0,False
103531,2023-09-05,1051,49.0,Mitte,Elektronik,USB-Kabel,1,10.16,0.0,PayPal,4.99,3,5.0,False
102730,2023-12-28,197,38.0,Nord,Bücher,Roman,1,13.73,0.0,PayPal,2.99,3,3.0,False
100827,2024-07-05,166,36.0,Süd,Mode,T-Shirt,1,34.09,0.0,Lastschrift,2.99,3,3.0,False
101639,2023-03-21,1219,18.0,West,Mode,Mütze,2,3.77,0.0,PayPal,2.99,1,,False
100984,2023-03-26,1633,24.0,Süd,Haushalt,Bettwäsche,2,87.34,0.0,PayPal,2.99,3,4.0,False
103281,2023-06-07,525,37.0,Süd,Mode,Jacke,2,38.2,15.0,Sofortüberweisung,2.99,5,5.0,False
103049,2024-05-19,600,,Mitte,Haushalt,Bettwäsche,1,110.31,15.0,Lastschrift,0.0,5,5.0,False
102188,2023-11-15,777,29.0,Süd,Elektronik,Kopfhörer,2,36.86,0.0,Sofortüberweisung,4.99,3,5.0,False
104893,2024-08-13,128,26.0,Ost,Bücher,Roman,1,18.24,0.0,Rechnung,6.99,4,5.0,False
102443,2023-06-10,533,53.0,Nord,Mode,Sneaker,3,56.94,0.0,Rechnung,0.0,3,5.0,False
100362,2024-04-05,688,60.0,Nord,Sport,Hantel,1,24.31,0.0,PayPal,6.99,5,5.0,False
102349,2024-12-03,1166,47.0,Nord,Haushalt,Lampe,2,23.42,10.0,Sofortüberweisung,4.99,2,,False
100345,2023-11-17,302,35.0,Nord,Mode,Sneaker,1,35.05,0.0,PayPal,2.99,7,4.0,False
100814,2024-08-19,388,28.0,Nord,Elektronik,Bluetooth-Lautsprecher,1,51.28,15.0,Kreditkarte,6.99,1,5.0,False
103205,2024-05-05,336,42.0,West,Mode,Mütze,2,18.07,20.0,Kreditkarte,2.99,1,4.0,False
103906,2023-04-16,1345,36.0,West,Haushalt,Pfannenset,1,105.78,0.0,Lastschrift,6.99,5,5.0,False
104844,2024-10-21,513,33.0,Nord,Elektronik,Smartphone-Hülle,2,27.34,0.0,Lastschrift,6.99,3,5.0,False
103325,2023-07-09,215,32.0,West,Sport,Fitnessband,1,26.36,0.0,Kreditkarte,6.99,3,4.0,False
104106,2023-12-13,1046,57.0,Mitte,Sport,Laufschuhe,2,29.74,0.0,Sofortüberweisung,2.99,6,4.0,False
102116,2023-09-17,1611,47.0,Nord,Bücher,Roman,1,5.78,15.0,PayPal,0.0,2,5.0,False
101834,2023-12-21,480,62.0,Süd,Elektronik,Smartphone-Hülle,1,23.57,15.0,Sofortüberweisung,,3,3.0,False
100793,2023-03-30,477,29.0,West,Elektronik,Smartphone-Hülle,1,27.92,5.0,PayPal,4.99,1,2.0,False
104996,2023-02-01,70,50.0,Süd,Haushalt,Bettwäsche,2,1165.730985112628,0.0,Lastschrift,2.99,3,5.0,True
102674,2023-04-14,425,35.0,Nord,Bücher,Roman,1,8.27,0.0,PayPal,2.99,5,3.0,False
100094,2024-03-06,1744,18.0,Ost,Sport,Yogamatte,1,75.47,15.0,PayPal,2.99,1,4.0,False
103756,2023-08-30,792,32.0,Süd,Mode,Jeans,1,29.63,0.0,Rechnung,2.99,5,5.0,False
102891,2024-09-02,637,35.0,Mitte,Elektronik,Smartphone-Hülle,1,48.24,0.0,Kreditkarte,2.99,5,4.0,True
102371,2024-06-02,1562,30.0,Ost,Elektronik,USB-Kabel,2,62.97,20.0,Sofortüberweisung,4.99,1,4.0,False
104933,2024-10-13,1303,43.0,Mitte,Sport ,Hantel,1,20.39,20.0,Lastschrift,6.99,2,4.0,False
104476,2024-11-29,25,35.0,Mitte,Haushalt,Lampe,1,31.62,0.0,Lastschrift,2.99,2,4.0,True
103228,2023-01-02,1007,,Nord,Mode,Jacke,1,18.39,10.0,PayPal,2.99,5,4.0,False
102853,2023-10-26,813,28.0,Mitte,Sport,Trinkflasche,1,454.42366822739757,15.0,Sofortüberweisung,4.99,3,5.0,False
102912,2024-06-09,1012,27.0,Süd,Bücher,Roman,2,12.8,0.0,Lastschrift,2.99,4,5.0,False
101865,2023-11-03,672,39.0,Süd,Elektronik,Powerbank,1,91.06,0.0,Lastschrift,6.99,4,5.0,False
101857,2024-07-31,1380,68.0,Mitte,Mode,Jeans,1,57.17,10.0,Rechnung,4.99,4,5.0,False
102645,2023-12-30,741,43.0,Süd,ELEKTRONIK,USB-Kabel,4,54.92,0.0,Sofortüberweisung,0.0,2,3.0,False
102243,2024-08-25,830,50.0,Mitte,Elektronik,Bluetooth-Lautsprecher,1,15.89,0.0,Lastschrift,4.99,5,,False
102336,2023-10-03,1207,31.0,West,Haushalt,Staubsauger,3,78.27,0.0,Kreditkarte,2.99,1,5.0,False
100950,2023-12-14,1467,37.0,Süd,Mode,Sneaker,2,21.7,0.0,Kreditkarte,6.99,3,4.0,False
103068,2024-02-23,869,37.0,Nord,Mode,Mütze,2,23.52,0.0,Lastschrift,2.99,7,5.0,False
101120,2023-05-17,631,39.0,Nord,Haushalt,Kaffeemaschine,4,32.79,0.0,Sofortüberweisung,2.99,3,3.0,False
102597,2023-04-15,911,37.0,Ost,Haushalt,Pfannenset,3,14.32,10.0,Sofortüberweisung,0.0,5,4.0,False
102204,2024-03-15,484,29.0,West,Mode,Mütze,1,12.57,25.0,Lastschrift,0.0,2,3.0,False
100419,2023-06-14,1794,27.0,Nord,Sport,Fitnessband,1,44.51,25.0,Kreditkarte,4.99,4,3.0,False
100922,2023-11-04,1277,38.0,Ost,Elektronik,Kopfhörer,2,21.38,15.0,Kreditkarte,2.99,1,4.0,False
101254,2023-09-22,793,41.0,Mitte,Sport,Laufschuhe,1,24.96,0.0,Kreditkarte,0.0,4,4.0,False
100477,2024-07-06,379,42.0,Süd,Haushalt,Lampe,1,93.79,10.0,PayPal,4.99,8,4.0,False
102035,2023-05-03,469,41.0,Ost,Mode,Jacke,1,22.47,10.0,Lastschrift,6.99,7,4.0,False
101202,2023-09-27,543,,Mitte,Elektronik,Smartphone-Hülle,1,32.97,10.0,PayPal,2.99,3,4.0,False
102626,2023-09-16,930,45.0,West,Elektronik,USB-Kabel,1,49.0,0.0,Rechnung,2.99,2,2.0,False
104867,2024-04-24,450,47.0,Ost,Bücher,Kinderbuch,1,22.81,0.0,PayPal,2.99,6,5.0,False
101970,2023-12-21,1348,38.0,West,ELEKTRONIK,Smartphone-Hülle,2,16.44,0.0,Lastschrift,0.0,3,5.0,False
103110,2024-03-31,1567,29.0,Mitte,Mode,Jeans,1,16.26,0.0,Rechnung,0.0,4,5.0,False
104018,2023-05-22,1690,20.0,West,Sport,Laufschuhe,2,27.38,20.0,Lastschrift,2.99,1,2.0,False
102151,2023-03-08,1411,18.0,Süd,Mode,Jeans,1,48.68,0.0,Lastschrift,4.99,2,5.0,False
103687,2023-04-15,1651,,Süd,Mode,T-Shirt,1,42.48,15.0,Kreditkarte,6.99,3,4.0,False
101997,2024-07-01,849,49.0,Mitte,Haushalt,Kaffeemaschine,1,33.84,5.0,Rechnung,6.99,4,3.0,False
104033,2024-04-12,1631,22.0,Ost,Haushalt,Bettwäsche,1,35.29,5.0,Kreditkarte,6.99,3,5.0,False
103054,2024-07-10,1367,63.0,West,Sport,Yogamatte,3,57.61,0.0,Kreditkarte,,5,5.0,False
101248,2024-03-10,567,44.0,Nord,HAUSHALT,Kaffeemaschine,1,48.18,0.0,Sofortüberweisung,0.0,3,4.0,False
102192,2023-06-17,1434,20.0,Mitte,Bücher,Kinderbuch,1,5.19,0.0,PayPal,4.99,3,3.0,False
102712,2024-05-15,1621,41.0,Ost,MODE,Jacke,1,31.43,5.0,Lastschrift,2.99,6,4.0,False
100992,2023-03-17,907,33.0,Nord,Mode,Sneaker,2,37.46,0.0,Kreditkarte,4.99,6,,False
102190,2023-07-27,1715,44.0,Mitte,Mode,Sneaker,2,4.45,0.0,PayPal,0.0,4,5.0,False
103762,2024-07-18,789,28.0,Nord,Sport,Fitnessband,4,46.93,0.0,Sofortüberweisung,4.99,3,,False
103597,2024-08-24,988,24.0,Nord,Bücher,Sachbuch,1,9.46,0.0,PayPal,2.99,2,4.0,False
101318,2023-06-17,1792,43.0,West,Bücher,Roman,1,10.45,0.0,Sofortüberweisung,,2,4.0,False
101863,2023-04-02,874,31.0,Süd,Haushalt,Bettwäsche,4,30.57,10.0,PayPal,0.0,7,3.0,False
102343,2023-11-03,54,50.0,Ost,Sport,Laufschuhe,3,20.53,0.0,Rechnung,0.0,4,4.0,False
102449,2023-03-28,1644,34.0,Nord,Bücher,Roman,2,22.23,0.0,Rechnung,6.99,6,5.0,False
102136,2024-10-09,96,18.0,Nord,Sport,Laufschuhe,1,81.98,10.0,Kreditkarte,2.99,4,5.0,False
101065,2023-08-01,1102,41.0,Süd,Sport,Trinkflasche,4,50.0,20.0,Kreditkarte,4.99,3,5.0,False
102464,2023-01-28,222,46.0,Nord,Mode,Jacke,1,37.82,0.0,Sofortüberweisung,0.0,5,2.0,False
104227,2023-11-24,69,57.0,West,Haushalt,Lampe,1,37.82,0.0,Kreditkarte,4.99,2,,False
102621,2023-10-01,681,48.0,Ost,ELEKTRONIK,Powerbank,1,72.8,15.0,Kreditkarte,4.99,4,4.0,False
100077,2024-02-04,1262,42.0,West,ELEKTRONIK,Powerbank,1,19.84,0.0,Sofortüberweisung,2.99,4,5.0,False
102898,2023-11-12,1321,38.0,Nord,Mode ,Mütze,1,83.59,10.0,PayPal,2.99,1,4.0,False
101314,2023-12-31,259,40.0,West,Mode,Mütze,1,33.94,0.0,Lastschrift,4.99,5,5.0,False
104416,2023-11-18,1773,19.0,Ost,Mode,Jacke,2,34.36,0.0,Lastschrift,6.99,5,1.0,False
100872,2023-10-18,1239,41.0,Nord,MODE,Mütze,1,69.91,0.0,PayPal,0.0,4,5.0,False
103850,2024-10-19,1194,25.0,West,Mode,Jacke,1,13.77,20.0,Lastschrift,0.0,1,1.0,False
104836,2023-04-12,826,43.0,Ost,Mode,T-Shirt,2,27.75,20.0,Kreditkarte,0.0,4,1.0,False
102965,2024-04-08,322,42.0,Ost,Elektronik,Kopfhörer,1,43.57,0.0,Sofortüberweisung,2.99,4,5.0,False
103391,2024-06-11,1235,36.0,Nord,Haushalt,Staubsauger,3,50.81,10.0,Sofortüberweisung,6.99,2,4.0,False
102560,2024-05-01,853,59.0,West,SPORT,Laufschuhe,2,28.3,0.0,Sofortüberweisung,2.99,6,5.0,False
104946,2023-06-05,186,22.0,West,SPORT,Fitnessband,2,9.19,10.0,Kreditkarte,0.0,5,3.0,False
102635,2024-07-23,792,31.0,Ost,Elektronik,Powerbank,1,49.62,15.0,PayPal,6.99,3,4.0,False
103530,2023-09-15,1130,43.0,Süd,Elektronik,Kopfhörer,2,388.11781311186644,0.0,Kreditkarte,0.0,1,5.0,False
100375,2023-05-12,1083,37.0,Mitte,Elektronik,Bluetooth-Lautsprecher,1,50.33,0.0,Lastschrift,6.99,2,5.0,True
101908,2024-01-25,407,32.0,Ost,Elektronik,Smartphone-Hülle,1,17.36,20.0,Rechnung,6.99,1,5.0,False
104376,2024-03-25,1655,37.0,Mitte,Elektronik,Bluetooth-Lautsprecher,1,27.11,0.0,Kreditkarte,4.99,5,5.0,False
104423,2023-03-07,736,26.0,Ost,Mode,Sneaker,1,15.17,0.0,Rechnung,4.99,3,4.0,False
104027,2023-08-18,621,41.0,Süd,HAUSHALT,Pfannenset,1,16.74,0.0,Lastschrift,6.99,3,3.0,False
101604,2024-12-16,1437,38.0,West,Haushalt,Lampe,2,79.0,0.0,PayPal,6.99,3,4.0,False
101118,2024-04-23,1160,47.0,West,Sport,Fitnessband,1,29.08,15.0,Sofortüberweisung,0.0,2,5.0,False
103677,2023-07-31,451,61.0,Ost,Elektronik,Powerbank,1,71.99,5.0,PayPal,6.99,1,4.0,False
103490,2024-05-01,1582,57.0,Süd,Elektronik,Kopfhörer,1,45.28,0.0,Kreditkarte,4.99,2,5.0,False
104913,2023-06-19,1682,32.0,Süd,Elektronik,Smartphone-Hülle,1,56.65,0.0,Kreditkarte,6.99,2,4.0,False
102958,2024-09-27,1388,32.0,West,SPORT,Yogamatte,3,54.32,10.0,Kreditkarte,4.99,4,5.0,False
101994,2024-12-20,1476,30.0,West,Mode,Sneaker,1,49.64,10.0,Lastschrift,6.99,1,4.0,False
100106,2023-04-23,1173,37.0,Mitte,Elektronik,Smartphone-Hülle,3,29.13,0.0,Lastschrift,4.99,3,,False
104399,2024-02-18,1733,18.0,West,Mode,Sneaker,1,12.79,0.0,Sofortüberweisung,6.99,8,5.0,False
102376,2024-03-31,810,18.0,Nord,Sport,Yogamatte,1,44.95,0.0,PayPal,2.99,4,5.0,False
101342,2023-03-15,658,19.0,Ost,Elektronik,Bluetooth-Lautsprecher,2,23.23,0.0,Kreditkarte,6.99,4,5.0,False
100320,2024-11-27,1405,41.0,Ost,Haushalt,Lampe,1,84.54,0.0,Rechnung,2.99,3,5.0,False
101619,2024-10-03,1663,21.0,Ost,Sport,Laufschuhe,2,43.45,20.0,Kreditkarte,0.0,6,4.0,False
103713,2024-03-31,107,42.0,Ost,Elektronik ,Kopfhörer,1,24.44,15.0,Kreditkarte,2.99,3,3.0,False
102060,2024-04-14,1145,37.0,Nord,Sport,Hantel,3,42.92,0.0,Sofortüberweisung,0.0,4,5.0,False
102219,2023-04-06,981,21.0,West,Elektronik,USB-Kabel,1,131.22,5.0,Lastschrift,4.99,2,5.0,False
101673,2024-05-21,431,41.0,Nord,Mode,Mütze,2,30.78,0.0,Kreditkarte,2.99,7,5.0,False
100260,2024-05-30,247,35.0,Süd,Elektronik,Powerbank,1,60.39,0.0,Lastschrift,0.0,4,4.0,False
104461,2023-03-08,1583,40.0,Süd,Haushalt,Lampe,1,19.05,0.0,Sofortüberweisung,4.99,4,3.0,False
102039,2024-10-21,92,55.0,Ost,Haushalt,Staubsauger,3,93.87,10.0,PayPal,2.99,4,5.0,False
100901,2023-09-30,1248,21.0,Nord,Elektronik,USB-Kabel,1,21.22,0.0,Lastschrift,2.99,2,5.0,False
103744,2024-02-13,657,41.0,Nord,Elektronik ,Smartphone-Hülle,1,14.76,0.0,Rechnung,0.0,1,4.0,False
102026,2023-04-08,183,52.0,Mitte,Mode,T-Shirt,1,9.77,0.0,PayPal,,3,5.0,False
104234,2023-05-30,1743,30.0,West,Elektronik,Bluetooth-Lautsprecher,5,19.18,0.0,PayPal,6.99,2,4.0,True
101917,2024-04-19,417,36.0,Ost,Sport,Hantel,1,58.55,0.0,Sofortüberweisung,2.99,4,5.0,False
101828,2023-02-01,306,20.0,West,Elektronik,Powerbank,3,82.77,0.0,Rechnung,2.99,1,1.0,False
101573,2024-10-05,170,57.0,Ost,Bücher,Kinderbuch,2,23.72,0.0,Lastschrift,6.99,2,3.0,False
104438,2024-06-14,984,47.0,Nord,Haushalt,Kaffeemaschine,1,72.64,0.0,Rechnung,0.0,7,4.0,False
104208,2023-10-21,957,29.0,Mitte,Mode,Sneaker,1,12.24,0.0,Sofortüberweisung,2.99,1,4.0,False
100224,2024-04-14,1518,41.0,Süd,Mode,Jeans,1,17.89,0.0,Rechnung,0.0,3,5.0,False
100723,2023-08-15,1415,31.0,Süd,Haushalt,Kaffeemaschine,1,54.12,0.0,Kreditkarte,0.0,5,2.0,False
104530,2024-06-15,1118,25.0,Ost,Haushalt,Bettwäsche,1,20.93,0.0,PayPal,6.99,3,4.0,False
101141,2024-09-08,1172,26.0,Mitte,Mode,Sneaker,1,13.43,5.0,Lastschrift,2.99,3,5.0,False
102762,2024-08-03,1446,40.0,Mitte,Mode,Jeans,1,37.17,0.0,Lastschrift,0.0,4,4.0,False
100846,2024-07-17,1152,18.0,Mitte,HAUSHALT ,Lampe,1,92.38,5.0,Sofortüberweisung,4.99,5,4.0,True
102551,2023-02-23,429,27.0,Süd,Sport,Fitnessband,2,40.28,0.0,Kreditkarte,2.99,4,5.0,False
102928,2023-03-11,1281,,Süd,Elektronik,USB-Kabel,1,75.56,0.0,Lastschrift,4.99,4,,False
100117,2024-11-04,1644,29.0,West,ELEKTRONIK,Smartphone-Hülle,2,24.75,5.0,Kreditkarte,0.0,5,,False
100645,2023-07-12,1637,39.0,Mitte,Elektronik,USB-Kabel,1,35.23,0.0,Sofortüberweisung,4.99,4,4.0,False
100003,2024-08-11,14,40.0,West,Sport,Trinkflasche,2,13.71,0.0,Lastschrift,0.0,4,5.0,False
104170,2023-07-30,471,28.0,West,Bücher,Kochbuch,1,5.12,0.0,Lastschrift,2.99,4,3.0,False
100467,2023-04-11,1569,37.0,Süd,Elektronik,Powerbank,1,77.68,0.0,Lastschrift,4.99,5,4.0,False
100005,2023-04-03,1003,26.0,Ost,Elektronik,USB-Kabel,2,29.71,0.0,Lastschrift,4.99,4,4.0,False
100919,2024-01-29,1716,54.0,Süd,Elektronik,Smartphone-Hülle,1,63.29,0.0,PayPal,2.99,2,4.0,False
102595,2023-01-12,736,26.0,Ost,Elektronik,Smartphone-Hülle,1,59.67,0.0,Rechnung,0.0,5,,False
101063,2024-08-04,168,26.0,Mitte,Mode,Mütze,1,23.79,0.0,Lastschrift,2.99,2,,False
102590,2023-04-01,103,25.0,Süd,Bücher,Kinderbuch,2,1.9,0.0,Lastschrift,2.99,3,,False
100242,2024-06-10,855,,Süd,Mode,Jacke,4,51.66,10.0,Rechnung,6.99,4,4.0,False
101160,2023-11-10,1318,31.0,Süd,Haushalt,Staubsauger,2,93.21,0.0,Sofortüberweisung,4.99,4,3.0,False
102870,2024-06-29,1602,42.0,West,Mode,Mütze,1,55.23888322797905,0.0,Sofortüberweisung,0.0,3,4.0,False
103735,2023-03-25,355,,Ost,HAUSHALT,Bettwäsche,1,33.74,0.0,Rechnung,2.99,7,4.0,True
102397,2023-11-07,1599,28.0,Nord,Haushalt,Staubsauger,1,33.27,20.0,Sofortüberweisung,4.99,7,5.0,False
103517,2024-09-28,350,58.0,Süd,Elektronik,Smartphone-Hülle,1,22.05,0.0,Sofortüberweisung,2.99,4,4.0,False
103421,2023-04-28,947,46.0,Süd,Mode,Jacke,1,29.82,15.0,Kreditkarte,4.99,4,4.0,False
102563,2024-07-07,547,44.0,West,Elektronik,Powerbank,3,10.63,20.0,Kreditkarte,2.99,3,3.0,False
101605,2024-02-20,1244,44.0,Mitte,Elektronik,Kopfhörer,1,98.32,20.0,Kreditkarte,0.0,1,5.0,False
104877,2023-12-13,638,19.0,Süd,Bücher,Comic,3,28.98,0.0,Kreditkarte,6.99,5,4.0,True
102324,2024-09-21,775,18.0,West,Elektronik,Bluetooth-Lautsprecher,1,91.96,0.0,Sofortüberweisung,2.99,1,4.0,False
102709,2024-09-05,764,39.0,Nord,Haushalt,Kaffeemaschine,2,32.03,0.0,Rechnung,2.99,2,5.0,False
104442,2024-09-14,1383,35.0,Mitte,Mode,Sneaker,4,58.64,0.0,PayPal,2.99,1,4.0,False
101312,2023-03-16,1222,32.0,Süd,Haushalt,Kaffeemaschine,1,29.79,0.0,PayPal,0.0,2,4.0,False
103448,2023-10-14,980,45.0,Süd,Bücher,Comic,1,17.76,5.0,Kreditkarte,2.99,1,4.0,False
103812,2024-04-27,343,53.0,Ost,Haushalt,Kaffeemaschine,4,67.22,5.0,Rechnung,0.0,2,4.0,False
104702,2023-07-28,1563,59.0,Mitte,Bücher,Kinderbuch,2,4.26,0.0,Rechnung,6.99,4,5.0,False
102362,2023-07-12,1227,54.0,West,Sport,Yogamatte,2,16.52,5.0,PayPal,4.99,6,5.0,False
101975,2023-08-28,1384,38.0,Süd,Mode,Jeans,1,20.06,0.0,Kreditkarte,4.99,4,5.0,False
103514,2024-02-08,1163,48.0,Mitte,Haushalt,Lampe,1,45.03,0.0,PayPal,2.99,7,3.0,False
101761,2023-12-13,1494,73.0,Mitte,Mode,Jeans,2,13.16,0.0,Rechnung,4.99,2,5.0,False
102739,2024-12-19,860,27.0,Mitte,Elektronik,Kopfhörer,2,26.35,10.0,Sofortüberweisung,6.99,3,,False
104706,2023-01-27,416,53.0,West,Mode,Mütze,1,35.24,0.0,PayPal,0.0,2,4.0,False
102472,2023-10-19,431,25.0,Ost,Mode,T-Shirt,1,21.92,15.0,Sofortüberweisung,4.99,2,4.0,True
104007,2023-02-24,1293,32.0,Ost,Sport,Fitnessband,4,35.32,5.0,Sofortüberweisung,2.99,2,3.0,False
101493,2024-09-23,1602,30.0,West,MODE,T-Shirt,1,26.52,0.0,PayPal,4.99,3,2.0,False
104206,2023-08-05,1220,44.0,Nord,Elektronik,Bluetooth-Lautsprecher,2,27.92,0.0,Sofortüberweisung,2.99,4,3.0,False
102158,2023-11-30,1334,53.0,Mitte,Haushalt,Bettwäsche,1,26.55,0.0,Kreditkarte,2.99,5,5.0,False
101169,2024-09-26,1720,27.0,Süd,Haushalt,Pfannenset,2,29.55,0.0,PayPal,0.0,6,5.0,True
104561,2024-12-10,1189,64.0,Nord,Sport,Trinkflasche,1,25.02,0.0,Sofortüberweisung,6.99,4,5.0,False
100232,2023-02-21,417,39.0,Nord,Mode,T-Shirt,5,19.01,20.0,Kreditkarte,4.99,6,5.0,False
100066,2023-12-09,563,18.0,West,Mode,T-Shirt,4,25.91,5.0,PayPal,0.0,3,3.0,False
101603,2023-03-16,881,33.0,Ost,Elektronik,Kopfhörer,1,1053.948968030953,0.0,Rechnung,2.99,4,5.0,False
103283,2024-07-05,185,18.0,Ost,Elektronik,Kopfhörer,1,23.53,0.0,PayPal,0.0,2,5.0,False
103596,2023-01-29,661,42.0,Ost,Elektronik,Smartphone-Hülle,2,27.61,0.0,Rechnung,2.99,3,2.0,False
100125,2024-03-25,1576,59.0,Nord,Bücher,Roman,1,20.46,0.0,PayPal,2.99,2,5.0,False
101296,2024-03-08,321,40.0,Süd,Sport,Hantel,1,27.3,0.0,Sofortüberweisung,0.0,1,5.0,False
101976,2023-10-29,1448,32.0,Ost,Sport,Fitnessband,1,8.16,5.0,Rechnung,4.99,5,3.0,False
104562,2024-12-06,754,34.0,Mitte,Haushalt,Staubsauger,1,86.27,0.0,Sofortüberweisung,4.99,4,4.0,False
104526,2024-07-18,319,36.0,Nord,Mode,Mütze,1,36.78,0.0,Kreditkarte,0.0,4,5.0,False
102075,2024-05-10,1756,38.0,West,Mode,Jeans,3,4.64,0.0,Sofortüberweisung,0.0,2,5.0,False
103086,2024-02-06,939,44.0,West,Haushalt,Staubsauger,2,15.21,5.0,PayPal,4.99,4,5.0,False
104870,2023-03-26,1384,41.0,Mitte,Mode,Mütze,1,23.21,15.0,PayPal,6.99,4,4.0,False
103345,2024-10-17,643,41.0,Ost,Mode,Sneaker,2,13.2,0.0,Kreditkarte,0.0,4,2.0,False
104509,2023-03-02,485,59.0,West,Mode,T-Shirt,1,26.78,0.0,Rechnung,2.99,5,,False
102797,2023-10-24,1628,21.0,Mitte,MODE,T-Shirt,1,15.24,5.0,Rechnung,0.0,3,4.0,False
100918,2023-07-08,911,26.0,Mitte,Elektronik,USB-Kabel,1,26.84,0.0,Lastschrift,2.99,3,4.0,False
101646,2024-07-01,1677,28.0,Mitte,Elektronik ,Powerbank,1,17.22,0.0,Sofortüberweisung,4.99,3,3.0,False
100364,2023-09-21,1046,24.0,Nord,Elektronik,Kopfhörer,1,77.2,0.0,Lastschrift,2.99,5,1.0,False
103287,2023-10-03,1664,33.0,Nord,Bücher ,Comic,1,13.79,25.0,Lastschrift,0.0,2,5.0,False
102125,2023-07-20,1183,,Nord,Elektronik,Smartphone-Hülle,2,12.15,0.0,Sofortüberweisung,4.99,4,2.0,False
104123,2023-02-04,1677,30.0,Mitte,Sport,Hantel,2,17.81,0.0,Kreditkarte,2.99,5,5.0,False
100525,2023-07-10,982,31.0,Nord,MODE,T-Shirt,1,33.81,5.0,Lastschrift,2.99,3,4.0,False
100055,2023-12-19,88,26.0,Ost,Sport,Laufschuhe,1,15.42,0.0,Rechnung,6.99,4,,False
100638,2023-12-16,695,24.0,Nord,Mode,Jeans,1,42.1,0.0,Lastschrift,4.99,3,3.0,False
100302,2024-07-17,1072,27.0,Mitte,Sport,Hantel,1,31.21,15.0,Rechnung,4.99,2,4.0,False
102766,2024-08-14,933,56.0,Ost,Haushalt,Pfannenset,1,51.24,15.0,Kreditkarte,2.99,7,5.0,False
101276,2024-11-11,1151,21.0,Ost,Mode,Mütze,2,16.25,5.0,Sofortüberweisung,2.99,5,5.0,False
102055,2024-04-13,877,46.0,West,Haushalt,Lampe,1,67.43,15.0,Sofortüberweisung,6.99,3,4.0,False
103644,2023-11-19,1325,35.0,Nord,Haushalt,Lampe,2,60.61,0.0,Rechnung,4.99,4,,False
104143,2023-08-17,1328,51.0,Nord,Mode,Sneaker,2,25.77,20.0,Kreditkarte,4.99,5,,False
102878,2024-01-16,671,32.0,Süd,BÜCHER,Sachbuch,1,6.89,0.0,PayPal,2.99,4,5.0,False
104202,2023-07-27,54,52.0,Mitte,MODE,Jacke,1,27.77,0.0,Lastschrift,0.0,1,4.0,False
102286,2024-04-30,1602,58.0,Süd,Bücher,Comic,1,17.11,0.0,Lastschrift,0.0,6,,False
102261,2024-02-20,1668,58.0,West,Haushalt,Pfannenset,1,35.66,0.0,Kreditkarte,2.99,5,4.0,False
102296,2023-06-02,881,51.0,Süd,Mode,Sneaker,2,25.2,0.0,PayPal,2.99,1,,False
101753,2024-04-02,1449,41.0,Mitte,Elektronik,Powerbank,2,26.04,0.0,Rechnung,2.99,4,3.0,False
101968,2024-02-07,1553,37.0,Nord,Sport,Laufschuhe,1,32.57,0.0,Lastschrift,2.99,3,5.0,False
104395,2024-11-08,697,37.0,Mitte,Mode,Jeans,2,28.84,15.0,Rechnung,6.99,4,,False
103117,2023-04-17,1538,62.0,West,Mode,Mütze,2,74.82,0.0,Lastschrift,6.99,4,5.0,False
102393,2023-10-23,1231,37.0,Nord,Elektronik,Smartphone-Hülle,2,33.41,0.0,Kreditkarte,0.0,6,5.0,True
100523,2024-08-02,1533,43.0,Ost,Mode,T-Shirt,2,16.55,0.0,Lastschrift,0.0,4,5.0,False
103900,2023-12-25,309,38.0,Ost,Bücher,Kochbuch,1,21.45,0.0,Kreditkarte,4.99,4,4.0,False
103122,2023-08-30,517,,Nord,Sport,Yogamatte,1,48.93,5.0,Rechnung,4.99,4,4.0,False
104156,2024-11-22,297,35.0,Nord,Haushalt,Bettwäsche,1,21.09,15.0,PayPal,,4,5.0,False
101969,2023-06-25,336,44.0,Ost,Elektronik,Powerbank,2,58.12,5.0,PayPal,6.99,3,1.0,False
100671,2024-09-28,1558,18.0,Nord,Mode,T-Shirt,3,25.5,0.0,Lastschrift,2.99,3,4.0,False
104188,2024-10-27,705,44.0,Süd,Haushalt ,Pfannenset,5,48.28,0.0,Kreditkarte,2.99,3,5.0,False
100666,2023-06-01,150,28.0,Süd,Elektronik,Bluetooth-Lautsprecher,2,37.1,0.0,Sofortüberweisung,0.0,3,5.0,False
104382,2023-02-23,471,34.0,Süd,Bücher,Comic,1,4.72,0.0,Rechnung,6.99,6,4.0,False
101887,2024-03-31,1332,48.0,West,Bücher,Comic,2,5.97,0.0,Lastschrift,4.99,2,5.0,False
103266,2023-09-29,289,32.0,Süd,Haushalt ,Bettwäsche,1,23.36,0.0,Lastschrift,0.0,3,4.0,False
100280,2024-11-14,262,45.0,West,Haushalt,Pfannenset,1,82.57,0.0,Sofortüberweisung,0.0,4,4.0,False
101719,2023-04-29,183,33.0,West,SPORT,Trinkflasche,2,27.5,0.0,Kreditkarte,4.99,2,4.0,False
102947,2023-08-26,559,18.0,West,Elektronik,Kopfhörer,2,56.3,0.0,Sofortüberweisung,4.99,1,5.0,False
100899,2023-10-16,364,36.0,Süd,Elektronik,Kopfhörer,1,48.82,0.0,Lastschrift,2.99,1,4.0,False
104899,2024-06-26,762,33.0,Mitte,Mode,T-Shirt,1,24.33,0.0,Lastschrift,2.99,6,5.0,False
100760,2024-01-31,1446,46.0,Nord,Sport,Fitnessband,1,18.2,10.0,Rechnung,0.0,6,4.0,False
101906,2023-08-21,1639,40.0,West,Elektronik ,Smartphone-Hülle,1,30.29,15.0,Rechnung,6.99,5,4.0,True
104042,2024-12-13,902,35.0,Nord,Haushalt,Bettwäsche,3,98.46,0.0,Sofortüberweisung,0.0,2,5.0,False
103823,2024-10-02,72,40.0,Mitte,Mode,Sneaker,1,12.47,5.0,Sofortüberweisung,4.99,8,5.0,False
104138,2023-01-23,360,21.0,Nord,Elektronik,Smartphone-Hülle,1,35.23,0.0,Sofortüberweisung,2.99,3,5.0,True
103818,2023-03-04,1237,58.0,Nord,Sport,Trinkflasche,1,15.5,0.0,Kreditkarte,4.99,3,4.0,False
104300,2024-09-11,462,50.0,Mitte,Elektronik,USB-Kabel,2,20.41,0.0,Lastschrift,4.99,2,2.0,False
102593,2023-04-11,1686,18.0,Süd,Elektronik,Kopfhörer,3,64.74,0.0,Sofortüberweisung,0.0,6,3.0,False
104164,2024-02-21,365,32.0,Ost,Mode ,Jeans,1,37.88,0.0,PayPal,2.99,3,4.0,False
103031,2024-10-21,1141,42.0,Ost,Elektronik,Smartphone-Hülle,1,74.82,10.0,Sofortüberweisung,2.99,2,5.0,False
103579,2023-05-21,372,33.0,Süd,Elektronik,USB-Kabel,1,52.65,0.0,Rechnung,0.0,4,,False
102832,2023-03-20,679,38.0,West,Haushalt,Lampe,2,46.66,5.0,Kreditkarte,4.99,5,5.0,False
103472,2024-01-19,408,28.0,West,Haushalt,Lampe,1,149.97,10.0,PayPal,0.0,6,5.0,False
100137,2024-11-17,792,52.0,Süd,Bücher,Sachbuch,2,22.49,20.0,Sofortüberweisung,2.99,2,4.0,False
102180,2024-01-28,545,,Nord,Bücher,Sachbuch,2,9.47,0.0,Lastschrift,2.99,1,5.0,False
102128,2024-05-27,1257,25.0,Süd,Sport,Laufschuhe,3,29.25,0.0,Kreditkarte,0.0,4,5.0,False
103177,2024-02-10,1724,18.0,West,Elektronik,USB-Kabel,1,862.3021651947546,20.0,Sofortüberweisung,2.99,8,,False
104411,2024-08-18,477,32.0,Mitte,Mode,Jacke,1,48.45,0.0,Sofortüberweisung,2.99,1,2.0,False
104261,2023-11-12,1126,21.0,Süd,Elektronik,Smartphone-Hülle,4,28.92,10.0,Rechnung,4.99,1,3.0,False
104344,2024-02-14,639,42.0,West,Bücher,Kinderbuch,1,37.28,10.0,Lastschrift,0.0,7,5.0,False
101331,2023-11-01,1142,42.0,Mitte,Haushalt,Lampe,4,46.13,0.0,Rechnung,2.99,2,5.0,False
102017,2024-09-24,1184,37.0,Süd,Mode,Mütze,2,6.64,20.0,Kreditkarte,2.99,5,2.0,True
102482,2024-05-31,1530,29.0,Nord,Elektronik,Smartphone-Hülle,1,33.38,0.0,PayPal,2.99,1,4.0,False
101358,2024-02-10,1326,40.0,Mitte,Bücher,Sachbuch,1,29.29,5.0,Rechnung,2.99,5,5.0,False
101329,2024-12-30,629,54.0,Nord,Mode,Jacke,1,45.69,0.0,PayPal,4.99,1,5.0,True
102150,2024-04-18,1529,36.0,Mitte,Bücher,Kochbuch,5,29.22,10.0,PayPal,0.0,2,5.0,False
102122,2024-09-04,618,,Süd,Mode,Mütze,1,21.44,0.0,Rechnung,0.0,4,5.0,False
103981,2023-02-11,1758,41.0,West,Elektronik,Bluetooth-Lautsprecher,2,9.82,0.0,PayPal,0.0,3,4.0,False
101252,2023-12-19,441,58.0,Mitte,Mode,Jacke,1,53.29,0.0,Rechnung,2.99,6,,False
103278,2024-03-01,67,50.0,Süd,Mode,Sneaker,1,28.17,20.0,Rechnung,4.99,4,1.0,False
103374,2024-06-30,914,53.0,Mitte,Elektronik,Powerbank,2,36.32,0.0,PayPal,0.0,4,4.0,False
102814,2024-01-25,809,22.0,Süd,Sport,Fitnessband,1,38.49,20.0,Sofortüberweisung,0.0,5,5.0,False
101848,2023-03-05,1767,40.0,Mitte,Sport,Trinkflasche,1,36.69,0.0,PayPal,2.99,4,3.0,False
103037,2024-04-18,509,47.0,Ost,Elektronik,Smartphone-Hülle,1,45.55,0.0,Lastschrift,0.0,5,3.0,False
100388,2023-10-04,709,18.0,West,Bücher,Roman,1,4.53,0.0,Sofortüberweisung,6.99,6,4.0,False
100235,2023-03-04,7,29.0,Süd,Haushalt,Pfannenset,2,67.13,15.0,Kreditkarte,2.99,5,5.0,False
101077,2024-03-03,1555,29.0,Süd,Mode,T-Shirt,4,39.96,0.0,Lastschrift,4.99,4,5.0,False
101984,2024-05-02,1678,51.0,Mitte,Mode,Jacke,1,49.78,5.0,PayPal,4.99,1,,False
104363,2023-01-01,392,27.0,Nord,Elektronik,Bluetooth-Lautsprecher,3,30.29,0.0,Lastschrift,0.0,5,3.0,False
103962,2024-12-25,801,25.0,Süd,MODE,Jacke,1,18.82,0.0,Lastschrift,4.99,1,4.0,False
100770,2023-09-09,624,29.0,Ost,Sport,Laufschuhe,1,43.39,0.0,Sofortüberweisung,4.99,5,5.0,True
102165,2023-10-04,84,21.0,Ost,Haushalt,Bettwäsche,1,64.71,0.0,Kreditkarte,2.99,1,4.0,False
100673,2023-10-08,1357,37.0,Ost,Sport,Fitnessband,1,25.82,25.0,Lastschrift,4.99,1,5.0,False
100249,2024-09-22,1668,51.0,Mitte,Haushalt,Bettwäsche,1,36.77,0.0,Kreditkarte,4.99,3,5.0,False
101574,2023-06-30,63,18.0,West,Elektronik,USB-Kabel,1,47.04,0.0,Lastschrift,0.0,3,2.0,False
103419,2024-04-24,1119,42.0,Süd,Elektronik,USB-Kabel,1,27.19,0.0,Lastschrift,0.0,3,4.0,False
102081,2024-09-19,919,44.0,Ost,Elektronik,Powerbank,1,21.68,0.0,PayPal,4.99,3,5.0,False
101823,2024-03-25,257,43.0,Mitte,Elektronik,Bluetooth-Lautsprecher,1,41.12,0.0,Sofortüberweisung,2.99,2,3.0,False
100716,2023-08-02,658,49.0,Ost,Sport,Hantel,2,18.69,5.0,Rechnung,4.99,1,4.0,False
104715,2023-07-14,1262,58.0,Süd,Elektronik,Kopfhörer,4,4.95,0.0,Kreditkarte,4.99,4,,False
102048,2024-11-05,659,35.0,Ost,Mode,Sneaker,2,13.2,0.0,Sofortüberweisung,2.99,3,3.0,False
104178,2023-02-12,1564,47.0,Mitte,Mode,T-Shirt,1,7.0,0.0,Kreditkarte,4.99,4,5.0,False
102724,2024-05-21,1189,32.0,Ost,Haushalt,Kaffeemaschine,1,112.14,25.0,Sofortüberweisung,0.0,8,4.0,False
104566,2024-04-02,744,47.0,Mitte,Sport,Yogamatte,1,20.71,0.0,Kreditkarte,4.99,3,4.0,False
101460,2023-12-23,643,40.0,Ost,Elektronik,Smartphone-Hülle,1,67.98,0.0,Sofortüberweisung,4.99,4,4.0,False
101668,2024-04-21,906,44.0,Süd,Haushalt,Pfannenset,1,23.36,5.0,Rechnung,2.99,1,4.0,False
102756,2024-03-08,715,27.0,Mitte,HAUSHALT,Bettwäsche,1,96.06,0.0,Kreditkarte,0.0,1,4.0,False
102000,2023-06-08,696,39.0,Nord,Elektronik,Powerbank,1,20.95,25.0,Rechnung,2.99,5,4.0,False
100404,2023-03-24,158,49.0,Ost,Mode,Jacke,1,26.45,0.0,Lastschrift,2.99,2,5.0,False
100384,2023-06-22,1147,38.0,Ost,Elektronik,Kopfhörer,1,31.4,5.0,PayPal,2.99,7,3.0,False
104537,2023-04-12,962,42.0,Süd,Mode,T-Shirt,1,45.8,5.0,Kreditkarte,4.99,2,3.0,False
102152,2023-12-08,638,48.0,Nord,Mode,Jacke,4,7.48,0.0,PayPal,4.99,5,4.0,False
101633,2024-11-16,461,59.0,Süd,Mode,Jacke,1,28.58,0.0,Kreditkarte,4.99,2,3.0,False
104631,2023-03-23,1738,57.0,Ost,Mode,Jacke,1,33.04,0.0,Sofortüberweisung,0.0,4,4.0,False
103925,2024-11-05,1169,32.0,Mitte,Haushalt,Kaffeemaschine,1,39.96,0.0,Rechnung,4.99,5,5.0,False
104158,2024-11-10,1582,60.0,Mitte,Mode,Jeans,1,20.55,15.0,Lastschrift,6.99,4,5.0,False
100223,2023-11-22,805,37.0,Süd,Elektronik,Kopfhörer,1,85.43,0.0,Lastschrift,4.99,2,4.0,False
102193,2024-04-20,1474,,West,Sport,Hantel,1,36.37,0.0,Sofortüberweisung,0.0,1,4.0,False
103136,2023-12-13,831,45.0,Nord,Mode,Mütze,1,7.1,15.0,Lastschrift,4.99,4,3.0,False
101824,2024-05-03,543,35.0,Ost,Elektronik,Smartphone-Hülle,1,43.6,0.0,Kreditkarte,4.99,6,4.0,False
104657,2023-04-19,1290,52.0,Süd,Mode,Sneaker,1,41.2,0.0,Lastschrift,2.99,3,1.0,False
100797,2024-04-05,1472,23.0,Ost,Mode,Jeans,1,7.19,0.0,PayPal,0.0,7,5.0,False
102871,2024-04-11,353,21.0,Nord,Sport,Yogamatte,1,53.23,0.0,Kreditkarte,4.99,1,5.0,False
100009,2024-12-24,1046,55.0,Ost,Elektronik,USB-Kabel,1,44.55,0.0,PayPal,6.99,2,5.0,False
101944,2023-05-13,1466,36.0,Süd,Mode,Mütze,2,14.59,0.0,Kreditkarte,6.99,1,5.0,False
101838,2024-05-29,142,45.0,Nord,Mode,Mütze,1,16.87,0.0,Rechnung,2.99,4,2.0,False
100255,2024-08-12,1488,45.0,Ost,Haushalt,Pfannenset,1,35.13,0.0,Sofortüberweisung,2.99,2,4.0,False
104553,2024-05-29,284,,Mitte,Elektronik,Smartphone-Hülle,-1,25.33,0.0,Kreditkarte,2.99,6,4.0,False
101581,2023-05-07,678,18.0,Süd,Sport,Trinkflasche,1,28.43,0.0,Kreditkarte,2.99,2,4.0,True
102956,2023-01-23,799,37.0,West,Bücher,Sachbuch,1,35.83,10.0,Rechnung,6.99,2,4.0,False
100924,2023-09-25,1420,39.0,Nord,Sport,Hantel,1,33.72,0.0,Kreditkarte,6.99,4,5.0,False
104473,2024-06-24,837,38.0,Nord,Sport,Hantel,3,65.94,0.0,Kreditkarte,0.0,6,4.0,False
102508,2024-05-19,331,31.0,Nord,Elektronik,Kopfhörer,1,121.11,5.0,Rechnung,0.0,1,4.0,False
103775,2024-12-03,240,43.0,Mitte,Mode ,Jeans,1,19.95,0.0,Sofortüberweisung,0.0,5,2.0,False
104136,2023-06-13,1403,19.0,Süd,Elektronik,USB-Kabel,1,65.85,15.0,Kreditkarte,0.0,1,4.0,False
102779,2023-01-22,1285,38.0,Süd,Mode,Jacke,1,27.98,15.0,Rechnung,4.99,1,4.0,False
100539,2024-02-23,862,45.0,West,Elektronik,Smartphone-Hülle,1,29.19,0.0,Lastschrift,4.99,3,3.0,False
102745,2024-10-30,1306,,Süd,Mode,Jacke,1,18.32,0.0,Lastschrift,4.99,1,5.0,False
104543,2024-10-23,495,60.0,Ost,Elektronik,USB-Kabel,1,45.54,0.0,PayPal,6.99,1,1.0,False
104616,2023-09-25,496,18.0,Nord,Bücher,Roman,2,19.16,0.0,Sofortüberweisung,2.99,5,,False
101145,2024-09-16,937,41.0,Mitte,Mode,T-Shirt,1,7.86,5.0,PayPal,0.0,4,5.0,False
104468,2023-03-08,1122,26.0,Nord,Bücher,Comic,1,14.05,0.0,Kreditkarte,2.99,6,2.0,False
100667,2024-01-22,808,,Süd,Mode,Sneaker,1,18.67,0.0,Sofortüberweisung,0.0,5,5.0,False
103019,2024-02-12,1171,46.0,Nord,Mode,Jeans,1,73.21,0.0,Rechnung,6.99,5,5.0,False
100357,2023-06-27,1052,41.0,West,Sport,Hantel,1,47.78,0.0,Rechnung,4.99,1,4.0,False
102831,2024-09-27,201,52.0,Mitte,Haushalt,Kaffeemaschine,1,26.7,15.0,PayPal,2.99,1,1.0,True
102783,2024-01-20,563,33.0,West,Bücher,Sachbuch,5,8.16,0.0,Rechnung,0.0,2,4.0,False
101353,2023-03-12,384,31.0,Mitte,Haushalt,Bettwäsche,1,59.72,0.0,Kreditkarte,6.99,4,4.0,False
100470,2023-11-14,1251,38.0,West,Sport,Fitnessband,1,54.52,0.0,Rechnung,2.99,2,5.0,False
102703,2023-11-18,1349,18.0,Nord,Elektronik,Kopfhörer,2,29.84,10.0,Sofortüberweisung,4.99,4,5.0,False
103330,2024-03-20,1531,36.0,Nord,Elektronik,Powerbank,2,104.25,0.0,Lastschrift,2.99,5,4.0,False
103637,2023-07-05,996,18.0,Ost,Mode,T-Shirt,1,18.96,10.0,PayPal,2.99,4,5.0,False
101396,2024-03-05,667,29.0,West,Haushalt,Bettwäsche,1,42.82,0.0,Rechnung,2.99,6,4.0,False
103584,2024-04-19,734,42.0,West,Mode,Jacke,1,26.63,0.0,Sofortüberweisung,2.99,1,2.0,False
104531,2023-02-10,99,36.0,Ost,Mode,Jacke,1,36.22,0.0,Sofortüberweisung,0.0,4,5.0,False
103376,2023-12-12,420,32.0,Süd,Haushalt,Bettwäsche,4,58.25,15.0,Kreditkarte,4.99,5,5.0,False
101256,2023-11-16,1242,34.0,Mitte,Elektronik,Bluetooth-Lautsprecher,1,74.82,10.0,Lastschrift,0.0,4,5.0,False
103512,2023-11-27,837,38.0,Nord,Mode,Jeans,2,12.11,0.0,Kreditkarte,0.0,2,4.0,False
101250,2023-07-14,113,31.0,Nord,Bücher,Roman,1,28.16,0.0,Lastschrift,,3,4.0,False
104856,2023-07-22,569,48.0,Nord,Mode,Jeans,1,33.99,15.0,Sofortüberweisung,2.99,4,4.0,False
104298,2023-10-02,1314,36.0,Mitte,Mode,Jeans,2,48.48,0.0,Lastschrift,4.99,3,5.0,True
103284,2023-04-07,699,28.0,West,Elektronik ,Kopfhörer,2,15.55,0.0,Sofortüberweisung,6.99,6,5.0,False
102933,2023-07-14,1663,30.0,Süd,Mode,T-Shirt,4,20.1,10.0,Lastschrift,6.99,6,4.0,False
104175,2024-03-27,224,60.0,Ost,Bücher,Kinderbuch,1,22.2,0.0,PayPal,6.99,3,5.0,False
101852,2024-03-23,1120,60.0,West,Haushalt,Kaffeemaschine,1,26.37,0.0,Lastschrift,2.99,6,5.0,True
104918,2024-06-18,460,36.0,Mitte,MODE,Jeans,2,26.93,5.0,Kreditkarte,6.99,4,5.0,False
102105,2023-07-30,1339,35.0,Ost,HAUSHALT,Staubsauger,1,63.13,15.0,Rechnung,6.99,3,5.0,False
100133,2023-01-28,1368,71.0,Mitte,Elektronik,Powerbank,1,19.37,0.0,Rechnung,2.99,3,4.0,False
100928,2023-05-21,881,39.0,Mitte,Mode,T-Shirt,1,21.44,5.0,PayPal,4.99,1,4.0,False
100823,2023-03-18,528,21.0,Mitte,Bücher,Roman,1,13.74,0.0,Lastschrift,0.0,7,4.0,False
104588,2023-03-02,567,38.0,Mitte,Elektronik,Powerbank,2,5.44,0.0,Kreditkarte,0.0,4,4.0,False
101531,2024-08-22,72,43.0,Süd,Haushalt,Bettwäsche,1,106.29,10.0,PayPal,2.99,2,5.0,False
101214,2024-08-14,1527,32.0,Süd,Elektronik,Bluetooth-Lautsprecher,1,53.95,15.0,Rechnung,2.99,1,3.0,False
100504,2023-09-13,169,55.0,Mitte,Mode,T-Shirt,1,13.27,5.0,Lastschrift,2.99,3,2.0,False
104285,2023-09-21,227,29.0,Mitte,Elektronik,Kopfhörer,2,41.17,0.0,PayPal,2.99,1,5.0,False
101996,2023-05-10,840,40.0,Mitte,Bücher,Roman,1,14.34,5.0,Kreditkarte,4.99,4,1.0,False
103072,2023-09-14,346,27.0,West,Haushalt,Staubsauger,1,148.71,0.0,PayPal,2.99,1,2.0,False
101958,2023-05-15,1060,49.0,West,Bücher,Kochbuch,5,19.56,20.0,Sofortüberweisung,2.99,3,4.0,False
101384,2023-08-05,483,26.0,West,Elektronik,Kopfhörer,2,88.58,0.0,PayPal,4.99,1,5.0,False
100894,2023-01-10,1004,18.0,Nord,MODE,T-Shirt,2,37.2,0.0,Lastschrift,0.0,1,4.0,False
100455,2024-10-22,446,39.0,Süd,Elektronik,USB-Kabel,1,19.37,10.0,Kreditkarte,2.99,4,5.0,False
104683,2023-12-05,1633,53.0,West,HAUSHALT,Bettwäsche,1,43.72,0.0,PayPal,4.99,6,5.0,False
103709,2024-10-26,1411,33.0,Mitte,Elektronik,Smartphone-Hülle,2,29.07,0.0,Rechnung,6.99,6,5.0,False
104665,2023-08-18,797,42.0,Mitte,Sport,Laufschuhe,1,22.01,0.0,Sofortüberweisung,4.99,1,4.0,False
104268,2024-08-01,1118,18.0,West,Haushalt,Bettwäsche,1,14.79,0.0,Sofortüberweisung,6.99,3,5.0,False
103522,2023-05-05,650,43.0,Süd,Haushalt,Pfannenset,1,25.01,15.0,PayPal,2.99,9,,False
104134,2023-08-02,1567,53.0,Mitte,Elektronik,Bluetooth-Lautsprecher,1,26.46,5.0,Lastschrift,4.99,5,5.0,False
103602,2024-04-29,467,18.0,Mitte,Sport,Fitnessband,2,26.75,10.0,Kreditkarte,2.99,4,2.0,True
100713,2023-05-15,678,37.0,West,Bücher,Roman,2,6.41,0.0,Sofortüberweisung,0.0,3,5.0,False
104186,2023-10-19,951,45.0,Süd,BÜCHER,Sachbuch,3,19.21,0.0,Kreditkarte,4.99,6,5.0,False
102214,2024-03-27,374,26.0,West,Mode,Sneaker,1,34.33,20.0,Rechnung,6.99,6,5.0,False
102923,2024-01-29,945,36.0,Mitte,Bücher,Roman,1,7.16,15.0,PayPal,2.99,4,5.0,False
101810,2023-05-19,359,25.0,Mitte,Bücher,Roman,5,3.51,10.0,Rechnung,,1,4.0,False
103486,2023-06-24,324,,Nord,Mode,T-Shirt,1,29.09,0.0,Sofortüberweisung,0.0,4,4.0,False
103141,2023-12-19,575,38.0,West,Sport,Hantel,1,11.13,0.0,Kreditkarte,6.99,4,4.0,False
101827,2024-10-08,308,26.0,Süd,Bücher,Kochbuch,1,30.39,0.0,Lastschrift,6.99,2,5.0,False
101155,2024-04-28,1364,18.0,Mitte,Elektronik,USB-Kabel,1,27.91,20.0,Lastschrift,2.99,5,4.0,False
101324,2024-02-02,871,49.0,Nord,Elektronik ,Smartphone-Hülle,1,41.04,15.0,Sofortüberweisung,0.0,3,4.0,False
104312,2023-03-21,1443,50.0,Mitte,Mode,T-Shirt,1,28.12,0.0,Kreditkarte,4.99,3,5.0,False
100510,2023-07-30,410,46.0,Ost,Mode,Jeans,1,12.38,0.0,Sofortüberweisung,2.99,4,4.0,False
101680,2024-11-26,952,28.0,Nord,Mode,Mütze,1,50.23,0.0,PayPal,2.99,1,5.0,False
100499,2023-10-18,346,31.0,West,Sport,Laufschuhe,2,35.05,0.0,Lastschrift,2.99,2,4.0,False
104581,2023-01-01,489,32.0,West,Elektronik,Smartphone-Hülle,2,31.0,0.0,Lastschrift,2.99,5,4.0,False
101856,2023-08-08,523,26.0,Mitte,Bücher,Kinderbuch,2,15.86,10.0,Rechnung,,7,5.0,False
101388,2023-10-19,198,50.0,West,Sport,Yogamatte,1,13.12,0.0,PayPal,4.99,1,4.0,False
103719,2024-10-06,351,28.0,Mitte,Mode,Jacke,2,10.38,5.0,PayPal,0.0,3,5.0,True
102386,2023-08-20,75,33.0,West,Sport,Hantel,2,6.9,0.0,Kreditkarte,0.0,4,3.0,False
103236,2023-11-24,1205,36.0,Mitte,Bücher,Roman,1,15.41,0.0,Lastschrift,0.0,7,4.0,False
101540,2024-11-23,1783,21.0,Mitte,ELEKTRONIK,USB-Kabel,5,31.83,10.0,Kreditkarte,4.99,6,5.0,False
101217,2023-10-24,1766,34.0,West,Bücher,Kinderbuch,1,23.71,0.0,Kreditkarte,4.99,3,5.0,False
102681,2023-07-29,143,61.0,West,BÜCHER,Roman,4,33.75,0.0,Sofortüberweisung,2.99,3,4.0,False
102993,2023-11-04,1548,35.0,Süd,Sport,Trinkflasche,1,70.18,0.0,Rechnung,,1,5.0,False
101191,2024-11-21,249,48.0,Mitte,Elektronik,Powerbank,1,37.62,0.0,Sofortüberweisung,6.99,6,5.0,False
101542,2024-07-24,1761,30.0,Mitte,Bücher,Kochbuch,2,16.35,10.0,Kreditkarte,0.0,5,5.0,False
103301,2023-04-25,982,,Süd,Sport,Yogamatte,2,56.42,0.0,Lastschrift,6.99,2,4.0,False
103324,2024-05-29,793,36.0,Ost,Bücher,Kochbuch,2,6.39,0.0,Kreditkarte,0.0,1,3.0,False
102539,2024-04-24,93,34.0,Mitte,Haushalt,Bettwäsche,1,117.41,15.0,PayPal,4.99,12,4.0,False
100953,2023-11-06,683,46.0,Mitte,Haushalt,Pfannenset,1,38.51,0.0,Sofortüberweisung,4.99,5,,False
104330,2024-02-05,643,25.0,West,Elektronik,Smartphone-Hülle,1,52.41,0.0,Sofortüberweisung,6.99,4,4.0,False
100732,2023-04-03,1005,23.0,Süd,Elektronik,Powerbank,1,51.92,0.0,PayPal,2.99,2,5.0,False
101156,2024-01-25,485,46.0,West,Elektronik,Smartphone-Hülle,1,55.83,10.0,Lastschrift,0.0,3,4.0,False
103294,2023-06-23,1200,30.0,West,Mode,Sneaker,1,48.33,0.0,Kreditkarte,2.99,4,4.0,False
102982,2024-05-29,373,40.0,Mitte,Elektronik,Kopfhörer,2,27.85,0.0,PayPal,2.99,2,5.0,False
102156,2024-05-05,1792,,Süd,Elektronik,Smartphone-Hülle,1,26.76,0.0,PayPal,6.99,3,3.0,False
101062,2023-04-06,1040,35.0,Ost,Haushalt,Bettwäsche,1,33.42,0.0,Rechnung,4.99,3,2.0,True
102616,2024-08-15,1520,36.0,West,Haushalt,Pfannenset,1,44.65,0.0,Kreditkarte,0.0,5,4.0,False
101167,2024-10-09,1022,22.0,Nord,Elektronik,Powerbank,1,76.89,0.0,Kreditkarte,0.0,2,5.0,False
103222,2024-12-16,1541,36.0,Nord,Elektronik,USB-Kabel,1,80.03,0.0,Rechnung,2.99,3,5.0,False
103636,2023-11-09,805,48.0,Mitte,Sport,Hantel,3,23.78,0.0,Rechnung,2.99,8,4.0,False
102938,2024-02-10,342,34.0,Ost,Mode,Sneaker,1,23.55,0.0,Sofortüberweisung,2.99,4,5.0,False
104491,2024-08-08,757,40.0,Nord,Elektronik,Kopfhörer,1,64.13,0.0,PayPal,0.0,6,5.0,False
103140,2023-08-24,1347,40.0,Süd,Elektronik,Bluetooth-Lautsprecher,5,38.84,0.0,Rechnung,0.0,2,4.0,False
100143,2024-09-30,1373,,West,Mode,Jeans,1,19.97,15.0,Sofortüberweisung,0.0,1,5.0,False
103577,2023-09-08,708,44.0,Mitte,Haushalt,Lampe,2,15.68,0.0,Sofortüberweisung,2.99,1,4.0,False
102782,2023-02-23,1738,,West,Bücher,Kochbuch,2,15.52,0.0,Lastschrift,2.99,4,5.0,False
100717,2023-11-18,386,33.0,Ost,Elektronik,Powerbank,1,29.64,0.0,PayPal,4.99,4,,False
101819,2023-05-21,1699,32.0,Süd,BÜCHER,Roman,1,11.04,0.0,Lastschrift,0.0,4,5.0,False
102502,2024-11-10,1663,25.0,Mitte,Elektronik,Smartphone-Hülle,1,48.31,10.0,PayPal,0.0,3,4.0,False
104360,2023-05-13,978,33.0,Nord,Bücher,Roman,1,11.25,0.0,Lastschrift,0.0,5,5.0,False
104171,2023-08-31,880,36.0,Mitte,Sport,Laufschuhe,2,41.36,5.0,Rechnung,2.99,6,4.0,False
100395,2023-07-31,1674,40.0,Süd,Sport,Trinkflasche,1,48.6,0.0,Rechnung,2.99,5,3.0,False
104885,2023-05-18,64,31.0,Mitte,Haushalt,Bettwäsche,2,85.67,10.0,Sofortüberweisung,4.99,6,5.0,False
104492,2023-02-20,695,20.0,Mitte,Haushalt,Lampe,2,20.66,0.0,Rechnung,2.99,7,4.0,False
101365,2024-08-09,1196,27.0,Süd,Elektronik,Smartphone-Hülle,1,17.78,0.0,Rechnung,0.0,3,5.0,True
104603,2023-04-04,1137,23.0,Süd,HAUSHALT,Bettwäsche,1,8.55,0.0,Sofortüberweisung,4.99,1,5.0,False
100595,2024-07-23,1257,58.0,Süd,MODE,Mütze,1,21.32,5.0,Lastschrift,2.99,1,5.0,False
103952,2024-07-30,1295,,Ost,Mode,T-Shirt,2,60.28,0.0,PayPal,0.0,6,3.0,False
102914,2024-02-18,1473,40.0,West,Elektronik,Powerbank,2,70.23,0.0,PayPal,0.0,4,3.0,False
102326,2023-01-22,1063,32.0,Süd,Elektronik,Bluetooth-Lautsprecher,1,25.21,15.0,PayPal,2.99,1,4.0,False
103766,2024-03-06,255,31.0,Mitte,Sport,Laufschuhe,3,11.88,5.0,Sofortüberweisung,4.99,3,5.0,False
103440,2023-11-12,1391,49.0,Süd,Haushalt,Pfannenset,1,38.6,5.0,PayPal,0.0,3,5.0,False
103851,2023-05-24,406,29.0,Ost,Haushalt,Bettwäsche,1,87.13,0.0,Lastschrift,2.99,6,4.0,False
104132,2024-07-29,312,33.0,Nord,Mode,Sneaker,1,28.63,10.0,Sofortüberweisung,6.99,5,5.0,False
104929,2023-04-05,1558,41.0,Nord,Elektronik,USB-Kabel,1,13.33,0.0,Rechnung,4.99,1,5.0,False
102143,2023-11-20,1452,,Süd,Haushalt,Staubsauger,1,101.78,0.0,Rechnung,2.99,1,4.0,True
101571,2024-12-26,955,37.0,Nord,Elektronik,Smartphone-Hülle,1,54.1,0.0,Rechnung,2.99,5,2.0,True
104079,2024-06-20,270,58.0,Nord,Elektronik,Powerbank,2,89.56,0.0,Sofortüberweisung,2.99,1,5.0,False
101122,2023-06-05,101,22.0,Mitte,Sport,Laufschuhe,2,54.66,0.0,Lastschrift,2.99,7,3.0,False
102786,2024-05-02,961,36.0,West,Bücher,Kochbuch,2,10.03,20.0,Lastschrift,0.0,3,5.0,False
102967,2023-10-25,287,25.0,Nord,Haushalt,Lampe,1,58.14,0.0,PayPal,6.99,3,,False
102504,2023-09-08,472,34.0,Mitte,MODE,Jeans,2,12.67,0.0,Sofortüberweisung,4.99,4,2.0,False
103465,2024-07-08,251,54.0,West,Elektronik,Kopfhörer,1,57.83,0.0,Rechnung,0.0,2,5.0,False
100675,2024-08-04,1339,39.0,Mitte,Sport,Laufschuhe,2,31.25,20.0,Sofortüberweisung,0.0,1,3.0,False
102808,2023-07-28,1698,38.0,Süd,Elektronik,USB-Kabel,1,70.91,0.0,Lastschrift,0.0,6,3.0,False
103348,2024-02-13,1098,38.0,Nord,Mode,Sneaker,1,49.81,0.0,Lastschrift,6.99,2,5.0,False
100728,2024-12-11,203,31.0,Süd,Elektronik,Kopfhörer,1,50.57,0.0,Kreditkarte,6.99,5,4.0,False
100412,2024-06-03,499,47.0,Süd,Elektronik,USB-Kabel,1,58.78,0.0,Rechnung,2.99,2,5.0,False
103146,2023-12-26,1261,32.0,West,Sport,Trinkflasche,4,38.19,0.0,Rechnung,4.99,4,5.0,False
101516,2024-07-29,1502,48.0,Ost,Mode,Mütze,1,7.02,0.0,Kreditkarte,4.99,2,4.0,False
100825,2024-07-25,360,41.0,West,Haushalt,Kaffeemaschine,1,25.33,0.0,Rechnung,0.0,5,4.0,True
103267,2024-10-06,548,41.0,Mitte,Mode,Jacke,1,35.41,0.0,Rechnung,4.99,1,5.0,False
103974,2023-06-25,935,18.0,West,Mode,Jacke,2,41.5,0.0,PayPal,0.0,3,4.0,False
100616,2024-08-26,528,38.0,Mitte,Bücher,Comic,2,10.66,5.0,Lastschrift,0.0,5,5.0,False
100114,2023-04-06,1122,29.0,Mitte,Elektronik,Smartphone-Hülle,1,54.98,10.0,Rechnung,6.99,3,4.0,False
100417,2023-07-04,982,44.0,Nord,Sport,Trinkflasche,1,53.97,0.0,Kreditkarte,6.99,3,3.0,False
103069,2024-01-14,1676,33.0,Süd,HAUSHALT,Lampe,2,79.66,0.0,Rechnung,0.0,1,4.0,False
101625,2023-12-01,230,31.0,Nord,Mode,T-Shirt,1,68.22,0.0,Lastschrift,6.99,6,3.0,False
101501,2024-04-30,853,45.0,West,Sport,Yogamatte,1,50.93,0.0,Kreditkarte,4.99,8,5.0,False
104185,2023-12-20,200,46.0,West,Haushalt,Lampe,1,48.79,0.0,Rechnung,6.99,2,5.0,False
102896,2023-12-22,1278,34.0,Mitte,Elektronik,Smartphone-Hülle,1,29.43,20.0,Sofortüberweisung,4.99,5,2.0,False
104718,2024-02-25,334,29.0,Mitte,Mode,Sneaker,2,55.51,0.0,Kreditkarte,0.0,5,4.0,False
102082,2024-01-19,1356,59.0,Süd,Elektronik,Bluetooth-Lautsprecher,2,24.41,0.0,Lastschrift,2.99,5,3.0,False
100753,2023-04-23,1339,25.0,Nord,Mode,Jeans,2,37.7,15.0,Rechnung,0.0,2,4.0,True
102546,2024-10-14,1196,36.0,Nord,Mode,Jacke,1,17.41,0.0,Lastschrift,6.99,3,3.0,False
103969,2024-09-12,1005,42.0,Ost,Mode,T-Shirt,1,17.3,20.0,Rechnung,2.99,4,5.0,False
103373,2023-02-04,745,44.0,Nord,Mode,Jeans,1,42.07,0.0,PayPal,0.0,3,4.0,False
104107,2023-06-08,1555,19.0,West,Mode,Sneaker,2,41.21,0.0,Lastschrift,0.0,2,4.0,False
102444,2023-02-13,942,34.0,Süd,SPORT,Yogamatte,2,53.71,0.0,PayPal,0.0,3,3.0,False
104380,2023-07-01,1799,46.0,West,Haushalt,Staubsauger,1,37.69,15.0,Sofortüberweisung,0.0,2,3.0,False
101066,2023-08-18,200,32.0,Süd,Haushalt,Lampe,4,64.43,0.0,PayPal,0.0,5,5.0,False
103913,2023-07-10,878,19.0,Nord,Haushalt,Kaffeemaschine,2,24.71,0.0,Kreditkarte,0.0,7,4.0,False
103498,2024-10-20,1208,41.0,West,Haushalt,Kaffeemaschine,2,8.47,0.0,Rechnung,0.0,3,5.0,False
102738,2023-07-16,1750,34.0,Süd,Bücher,Kinderbuch,1,12.86,0.0,Lastschrift,6.99,4,3.0,False
104000,2024-12-20,317,42.0,Süd,Elektronik,USB-Kabel,2,21.36,20.0,Kreditkarte,2.99,4,4.0,False
101568,2024-03-22,636,26.0,West,Haushalt,Lampe,3,77.2,5.0,PayPal,4.99,3,2.0,False
102427,2024-09-24,1617,41.0,Nord,Sport,Hantel,1,29.56,0.0,PayPal,4.99,1,5.0,False
103746,2023-01-04,658,52.0,Nord,Elektronik,Smartphone-Hülle,1,40.71,10.0,Sofortüberweisung,2.99,1,4.0,False
104686,2023-06-22,1412,29.0,Süd,Elektronik,Bluetooth-Lautsprecher,1,85.35,0.0,Sofortüberweisung,0.0,5,5.0,False
101687,2023-01-04,1612,40.0,Nord,Haushalt,Kaffeemaschine,1,33.51,15.0,Kreditkarte,6.99,7,5.0,False
100851,2024-08-05,166,26.0,Süd,Haushalt,Staubsauger,1,14.84,25.0,Kreditkarte,2.99,3,3.0,False
103546,2024-08-22,1579,28.0,West,Mode,Mütze,1,43.28,0.0,Rechnung,4.99,2,3.0,False
100895,2023-10-10,267,41.0,West,Sport,Laufschuhe,3,18.44,0.0,Lastschrift,2.99,8,4.0,True
104592,2023-03-31,513,48.0,Mitte,Haushalt,Kaffeemaschine,5,36.87,0.0,Kreditkarte,2.99,5,3.0,False
100335,2024-11-04,1037,42.0,Ost,Haushalt,Pfannenset,2,166.33,0.0,PayPal,2.99,6,5.0,False
102839,2023-04-27,1365,30.0,West,Bücher,Kochbuch,1,221.54699066389685,0.0,Kreditkarte,6.99,7,3.0,False
103087,2023-10-04,377,48.0,Ost,Elektronik,Powerbank,2,22.0,0.0,Sofortüberweisung,2.99,4,5.0,False
104611,2023-01-26,1312,59.0,Mitte,Haushalt,Staubsauger,2,94.73,10.0,Sofortüberweisung,2.99,3,5.0,True
101348,2024-03-10,1145,53.0,Ost,Elektronik,USB-Kabel,1,34.4,0.0,Sofortüberweisung,6.99,6,5.0,False
101015,2024-06-16,670,23.0,Nord,Haushalt,Pfannenset,1,53.95,0.0,Rechnung,4.99,2,5.0,False
102816,2023-02-20,1451,33.0,Nord,Elektronik,Kopfhörer,1,46.06,0.0,Lastschrift,2.99,4,4.0,False
101631,2023-02-18,440,36.0,Ost,Elektronik,USB-Kabel,1,49.39,10.0,PayPal,2.99,5,5.0,False
102489,2024-01-24,1029,54.0,Ost,Elektronik,Kopfhörer,1,73.85,0.0,Rechnung,4.99,4,5.0,False
103730,2023-09-01,238,26.0,West,Haushalt,Lampe,1,6.4,0.0,PayPal,2.99,1,4.0,False
103251,2024-10-02,71,35.0,Nord,Mode,Mütze,1,70.31,5.0,PayPal,0.0,3,1.0,False
104681,2024-11-19,599,29.0,Ost,Sport,Hantel,1,4.48,0.0,Kreditkarte,2.99,1,4.0,False
102070,2024-04-28,472,30.0,Süd,Haushalt,Bettwäsche,1,56.75,0.0,PayPal,2.99,7,4.0,False
104452,2024-11-05,200,56.0,Süd,Elektronik,Bluetooth-Lautsprecher,1,7.23,10.0,Kreditkarte,4.99,4,5.0,False
104932,2024-04-02,842,34.0,Mitte,Elektronik,Bluetooth-Lautsprecher,1,31.73,0.0,Kreditkarte,2.99,2,4.0,False
101635,2024-09-23,391,45.0,Mitte,Sport,Fitnessband,2,26.03,0.0,Sofortüberweisung,0.0,4,4.0,False
104646,2024-01-10,801,43.0,Süd,Mode,T-Shirt,1,19.62,0.0,Rechnung,2.99,6,2.0,False
102479,2023-03-15,1685,32.0,Nord,Mode,Jeans,1,68.65,0.0,PayPal,4.99,3,5.0,False
102265,2023-01-02,1770,43.0,Süd,Bücher,Comic,2,4.14,10.0,Lastschrift,6.99,5,5.0,True
102959,2024-02-08,1788,30.0,Süd,Sport,Hantel,1,39.86,0.0,Lastschrift,6.99,1,5.0,False
104780,2023-06-18,1469,66.0,Ost,Elektronik,Kopfhörer,2,42.34,0.0,Sofortüberweisung,6.99,2,2.0,False
103059,2023-04-23,438,21.0,West,Sport,Laufschuhe,1,24.58,0.0,Rechnung,6.99,7,4.0,False
102141,2023-12-02,1309,43.0,Süd,Sport,Fitnessband,1,19.36,0.0,Kreditkarte,6.99,4,4.0,False
103118,2024-07-06,194,35.0,Ost,Haushalt,Pfannenset,1,32.89,0.0,Lastschrift,0.0,3,4.0,False
104773,2023-09-28,1701,33.0,West,Elektronik,USB-Kabel,2,31.85,10.0,Kreditkarte,2.99,1,2.0,False
104045,2023-10-16,1089,40.0,Süd,Haushalt,Pfannenset,1,46.25,20.0,PayPal,2.99,2,1.0,False
103356,2024-08-09,483,51.0,Ost,Sport,Fitnessband,2,53.09,0.0,Sofortüberweisung,2.99,4,5.0,False
102744,2024-03-13,1091,,Ost,Mode,Sneaker,1,34.64,10.0,Sofortüberweisung,6.99,3,3.0,False
103506,2024-04-11,1577,33.0,Ost,Elektronik,Smartphone-Hülle,1,19.85,5.0,Kreditkarte,2.99,3,3.0,False
101679,2024-03-25,286,45.0,Ost,HAUSHALT,Bettwäsche,1,42.66,15.0,Sofortüberweisung,0.0,5,4.0,False
104249,2023-04-15,713,37.0,Mitte,Elektronik,Kopfhörer,2,24.56,0.0,Kreditkarte,2.99,7,5.0,True
103147,2024-04-17,230,34.0,Ost,Haushalt,Pfannenset,1,96.73,0.0,Lastschrift,2.99,3,2.0,False
102294,2023-07-08,736,20.0,Mitte,MODE,T-Shirt,1,26.5,0.0,Lastschrift,2.99,1,5.0,False
100580,2023-10-28,1538,45.0,Mitte,Elektronik,Powerbank,3,7.73,0.0,Sofortüberweisung,2.99,3,4.0,False
101470,2024-03-23,1219,24.0,Süd,Haushalt,Kaffeemaschine,1,46.66,15.0,Sofortüberweisung,4.99,3,4.0,False
104070,2023-01-11,144,43.0,Nord,Haushalt,Bettwäsche,1,92.2,0.0,Kreditkarte,0.0,3,5.0,False
103343,2023-03-04,917,27.0,Mitte,Haushalt,Pfannenset,2,63.35,0.0,Sofortüberweisung,2.99,4,5.0,False
104583,2024-01-06,1187,41.0,Nord,Mode,T-Shirt,2,25.48,0.0,Kreditkarte,6.99,3,,False
103672,2023-10-03,507,24.0,Mitte,Elektronik,USB-Kabel,2,51.82,0.0,PayPal,0.0,3,5.0,False
100559,2024-07-28,1708,52.0,Ost,Bücher,Roman,2,18.09,15.0,Rechnung,2.99,4,3.0,False
102849,2024-10-02,585,51.0,Nord,Mode,T-Shirt,1,31.87,25.0,Sofortüberweisung,6.99,1,4.0,False
100512,2024-07-14,452,31.0,Ost,Elektronik,Smartphone-Hülle,1,29.72,0.0,Lastschrift,6.99,4,3.0,False
101081,2023-04-29,1213,69.0,Süd,Elektronik,Powerbank,4,23.02,0.0,PayPal,4.99,3,4.0,False
101664,2024-06-05,715,31.0,Süd,Sport,Trinkflasche,1,40.7,15.0,Rechnung,2.99,4,5.0,False
101012,2023-06-22,1382,35.0,Süd,Haushalt,Bettwäsche,2,56.33,0.0,Lastschrift,0.0,4,,False
101931,2024-06-19,1548,43.0,West,Elektronik,Bluetooth-Lautsprecher,2,32.16,0.0,Lastschrift,0.0,3,4.0,False
101150,2024-08-07,239,33.0,Nord,Elektronik,USB-Kabel,1,76.83,10.0,Rechnung,0.0,4,5.0,True
102838,2024-11-13,190,59.0,Nord,Mode,Sneaker,1,32.93,0.0,Sofortüberweisung,2.99,5,5.0,False
100116,2024-09-11,1790,36.0,Ost,Sport,Yogamatte,1,16.54,0.0,Lastschrift,2.99,3,5.0,False
100740,2024-05-02,811,44.0,Mitte,Mode,Jacke,2,16.0,5.0,Lastschrift,0.0,4,5.0,False
104855,2024-04-02,944,23.0,Nord,Mode,Mütze,2,43.51,5.0,Lastschrift,0.0,4,5.0,False
103675,2023-06-30,1784,27.0,Süd,Mode,T-Shirt,1,6.67,10.0,Sofortüberweisung,2.99,4,3.0,False
100830,2024-03-04,779,39.0,Süd,Mode,T-Shirt,1,18.5,0.0,Sofortüberweisung,2.99,1,5.0,False
100119,2023-06-22,340,29.0,Nord,Haushalt,Staubsauger,1,8.05,10.0,Kreditkarte,2.99,1,4.0,False
104828,2023-06-25,796,18.0,West,Bücher,Kinderbuch,1,11.3,15.0,PayPal,2.99,6,5.0,False
104787,2024-11-22,764,32.0,Nord,Bücher,Sachbuch,2,8.26,20.0,Sofortüberweisung,2.99,4,5.0,False
100635,2024-03-19,1773,21.0,Ost,Bücher,Sachbuch,1,9.22,5.0,Kreditkarte,2.99,5,5.0,False
104465,2023-09-14,674,50.0,Süd,Sport,Fitnessband,1,48.92,10.0,Sofortüberweisung,4.99,4,5.0,False
104364,2024-04-04,1733,25.0,Mitte,Sport,Fitnessband,1,35.18,0.0,Kreditkarte,0.0,4,5.0,False
104142,2023-12-12,603,46.0,Nord,Elektronik,Powerbank,2,37.12,5.0,Lastschrift,4.99,1,5.0,False
100991,2023-08-28,918,48.0,West,Elektronik,Smartphone-Hülle,2,39.78,0.0,PayPal,4.99,6,4.0,False
100876,2024-06-12,911,39.0,Ost,Mode,Jacke,1,16.43,0.0,Lastschrift,2.99,6,3.0,False
100004,2024-07-24,1018,49.0,Ost,Haushalt,Staubsauger,1,36.12,5.0,Kreditkarte,4.99,3,5.0,False
103051,2024-10-04,1749,39.0,Ost,Mode,T-Shirt,2,11.41,0.0,Rechnung,4.99,1,,False
103124,2024-01-21,720,33.0,Mitte,Elektronik,USB-Kabel,2,55.47,0.0,Rechnung,2.99,3,4.0,False
102660,2024-07-13,1564,18.0,Mitte,Mode,Jeans,1,53.81,10.0,Kreditkarte,2.99,1,5.0,False
102491,2024-11-02,1055,29.0,Mitte,Bücher,Comic,1,14.94,0.0,Kreditkarte,2.99,4,5.0,False
103854,2024-02-24,111,20.0,Nord,Sport,Hantel,1,65.48,10.0,Kreditkarte,,4,4.0,False
101715,2024-01-26,1735,29.0,West,Haushalt,Lampe,1,24.78,20.0,Rechnung,4.99,6,5.0,False
101148,2023-11-11,585,43.0,West,Elektronik,Kopfhörer,1,35.93,0.0,Rechnung,4.99,3,3.0,False
103261,2023-07-30,207,35.0,Nord,Haushalt,Kaffeemaschine,1,70.47,20.0,Rechnung,0.0,3,4.0,False
100574,2024-05-16,721,18.0,Süd,Bücher,Kochbuch,1,17.41,0.0,Lastschrift,6.99,1,5.0,False
103769,2024-05-05,1311,21.0,Mitte,Sport,Fitnessband,1,47.63,0.0,Rechnung,2.99,4,5.0,False
103736,2023-10-03,1130,45.0,Süd,Mode,Mütze,1,25.11,15.0,Rechnung,2.99,2,4.0,False
104146,2024-11-28,75,52.0,Süd,Elektronik,Powerbank,1,79.98,0.0,Kreditkarte,4.99,5,1.0,False
100853,2024-06-21,920,39.0,Nord,Mode,Jacke,2,11.32,5.0,Lastschrift,2.99,3,4.0,False
101982,2023-07-13,1703,35.0,Ost,ELEKTRONIK,Kopfhörer,1,32.04,0.0,Sofortüberweisung,2.99,3,5.0,False
102774,2024-09-17,725,53.0,Ost,Bücher,Roman,2,9.02,0.0,Sofortüberweisung,0.0,1,4.0,False
101166,2024-08-25,1094,70.0,West,Mode,Jeans,1,47.91,20.0,Kreditkarte,2.99,3,4.0,False
100971,2024-04-02,237,52.0,Süd,Mode,T-Shirt,2,47.93,0.0,PayPal,0.0,1,5.0,False
102701,2023-11-20,1097,26.0,West,Elektronik,USB-Kabel,1,31.51,0.0,Kreditkarte,2.99,4,3.0,False
104495,2023-06-30,677,48.0,West,Haushalt,Staubsauger,2,36.28,10.0,Kreditkarte,2.99,7,,False
103847,2023-03-03,1401,60.0,Nord,Mode,Mütze,1,17.77,0.0,Lastschrift,4.99,2,5.0,False
102368,2023-03-23,372,35.0,Nord,Haushalt ,Bettwäsche,1,34.51,0.0,Kreditkarte,6.99,1,5.0,False
104115,2023-09-15,605,33.0,West,Mode,Jeans,1,36.9,15.0,Sofortüberweisung,0.0,4,4.0,False
104131,2024-04-07,242,26.0,Süd,Elektronik,Powerbank,1,21.85,0.0,Sofortüberweisung,6.99,5,4.0,False
102950,2023-07-27,1515,23.0,West,Elektronik,Bluetooth-Lautsprecher,1,45.33,0.0,Sofortüberweisung,0.0,3,4.0,True
100524,2024-06-16,812,44.0,Nord,Sport,Laufschuhe,5,13.74,0.0,Kreditkarte,6.99,1,5.0,False
102455,2023-01-05,519,45.0,West,Sport,Hantel,1,20.46,0.0,Rechnung,4.99,3,4.0,False
101841,2024-07-06,1094,49.0,Nord,Mode,T-Shirt,1,37.74,0.0,PayPal,2.99,3,3.0,False
100537,2023-07-29,1184,45.0,Ost,Bücher,Roman,1,31.26,0.0,PayPal,2.99,4,,False
102806,2024-11-13,1515,45.0,Nord,Elektronik,USB-Kabel,1,38.04,10.0,PayPal,0.0,1,1.0,False
104341,2024-02-19,1543,59.0,Süd,Elektronik,Bluetooth-Lautsprecher,2,95.33,10.0,Sofortüberweisung,0.0,3,4.0,False
103175,2023-12-08,76,39.0,Ost,Mode,Jacke,1,25.42,5.0,Rechnung,0.0,2,5.0,False
100784,2024-01-23,1117,40.0,Nord,Haushalt,Bettwäsche,5,69.9,15.0,Rechnung,4.99,5,2.0,False
104057,2023-06-10,379,26.0,Mitte,Elektronik,Bluetooth-Lautsprecher,1,45.87,0.0,Rechnung,2.99,5,4.0,False
101409,2023-05-06,1333,47.0,Mitte,Haushalt,Lampe,1,69.88,10.0,PayPal,4.99,4,4.0,False
102537,2023-03-04,1623,34.0,Süd,Sport,Hantel,3,32.01,15.0,Sofortüberweisung,0.0,2,,True
100154,2024-02-23,1631,51.0,Mitte,Sport,Yogamatte,1,41.59,0.0,PayPal,4.99,4,4.0,False
103009,2023-09-24,1569,40.0,West,Bücher,Sachbuch,4,55.17,0.0,Rechnung,2.99,1,4.0,False
101686,2023-10-24,1506,39.0,West,Elektronik,Smartphone-Hülle,1,57.3,0.0,Rechnung,2.99,3,4.0,False
102901,2023-08-25,970,21.0,West,Mode,Jeans,1,22.17,20.0,PayPal,2.99,3,5.0,False
104999,2023-06-06,1353,25.0,Mitte,Elektronik,Powerbank,1,75.97,0.0,Lastschrift,0.0,1,2.0,True
104721,2023-08-31,927,27.0,Nord,Bücher,Kinderbuch,3,9.12,5.0,Rechnung,2.99,4,5.0,False
103863,2023-11-26,507,45.0,Mitte,Haushalt,Lampe,1,78.21,5.0,Lastschrift,2.99,4,,False
102733,2024-10-19,902,33.0,Süd,Bücher,Kinderbuch,2,11.39,0.0,Rechnung,0.0,4,5.0,False
101895,2024-10-18,903,35.0,Süd,Bücher,Kinderbuch,2,7.76,15.0,Rechnung,4.99,4,,False
100569,2024-05-10,1714,49.0,Süd,Elektronik,Smartphone-Hülle,1,593.270076917929,20.0,Lastschrift,0.0,1,2.0,False
101816,2024-09-21,1200,27.0,Nord,Elektronik,Powerbank,2,23.3,0.0,PayPal,4.99,3,4.0,False
102065,2023-09-26,1186,55.0,Nord,Mode,Jeans,1,11.62,0.0,Sofortüberweisung,0.0,3,2.0,False
100127,2023-06-13,1343,31.0,West,Elektronik,USB-Kabel,1,57.82,20.0,Sofortüberweisung,6.99,3,5.0,False
103394,2023-12-24,804,43.0,Ost,Elektronik,Powerbank,1,41.62,0.0,Kreditkarte,0.0,3,,False
103327,2023-02-05,740,49.0,Süd,Bücher,Roman,1,14.74,0.0,Rechnung,0.0,5,4.0,False
103585,2024-09-12,1748,54.0,West,Haushalt,Lampe,1,123.47,10.0,Sofortüberweisung,4.99,1,1.0,False
102975,2024-12-06,1176,26.0,Mitte,Bücher,Kochbuch,2,2.23,0.0,PayPal,4.99,4,3.0,True
100980,2024-06-19,100,28.0,Süd,Bücher ,Kinderbuch,1,34.06,0.0,Rechnung,0.0,3,3.0,False
102300,2024-11-16,1365,38.0,Ost,Mode,T-Shirt,1,30.16,15.0,Sofortüberweisung,2.99,3,5.0,False
100190,2023-09-02,893,35.0,Nord,Mode ,Mütze,2,18.76,15.0,PayPal,6.99,2,3.0,False
101139,2023-08-17,792,32.0,Nord,Haushalt,Kaffeemaschine,1,24.95,0.0,Lastschrift,4.99,3,3.0,False
100699,2024-09-30,1717,18.0,Süd,Haushalt,Staubsauger,1,34.65,15.0,Rechnung,6.99,2,5.0,False
104829,2024-03-26,94,39.0,Süd,Bücher,Sachbuch,1,15.81,5.0,Lastschrift,2.99,7,5.0,False
100606,2023-05-23,1538,27.0,West,Bücher,Comic,1,31.58,20.0,Lastschrift,2.99,6,4.0,False
104276,2024-07-01,1481,45.0,Ost,Sport,Fitnessband,1,25.74,15.0,Rechnung,0.0,3,5.0,False
100301,2024-03-07,1647,42.0,Ost,Haushalt,Bettwäsche,1,40.25,0.0,Rechnung,4.99,5,3.0,False
103420,2023-08-10,1583,22.0,Nord,Mode,Jacke,1,17.59,0.0,Sofortüberweisung,4.99,3,,False
104869,2023-12-25,1661,58.0,West,Haushalt ,Lampe,1,105.38,0.0,Kreditkarte,4.99,1,4.0,False
101060,2024-06-01,7,18.0,West,Mode,Mütze,1,4.7,0.0,Lastschrift,4.99,2,5.0,False
102565,2023-03-17,120,20.0,Ost,Mode,Sneaker,1,6.02,0.0,Lastschrift,0.0,3,4.0,False
100838,2024-11-19,1278,51.0,Mitte,Sport,Laufschuhe,1,95.11,0.0,Lastschrift,0.0,3,5.0,True
101069,2024-11-19,434,41.0,Nord,Mode,T-Shirt,2,36.09,0.0,PayPal,2.99,1,5.0,False
102524,2024-07-29,704,57.0,Mitte,Haushalt,Lampe,2,20.9,0.0,Sofortüberweisung,0.0,1,5.0,False
102205,2024-05-20,1176,50.0,West,Sport,Laufschuhe,1,61.7,0.0,PayPal,2.99,3,2.0,False
101243,2023-11-14,1546,35.0,Nord,Bücher,Roman,1,27.26,0.0,Rechnung,0.0,7,5.0,False
100016,2023-04-01,1074,54.0,Ost,Elektronik,USB-Kabel,1,53.2,5.0,Kreditkarte,0.0,2,4.0,False
103120,2023-02-07,143,18.0,Ost,Sport,Fitnessband,1,26.79,0.0,Sofortüberweisung,2.99,3,4.0,True
104642,2023-03-23,369,30.0,Nord,Mode,Mütze,1,51.68,0.0,Kreditkarte,2.99,3,5.0,False
104754,2024-12-30,1651,30.0,Mitte,Haushalt,Lampe,1,36.71,20.0,PayPal,4.99,4,5.0,False
100815,2023-01-30,797,39.0,Mitte,Mode,Jacke,1,88.09,0.0,Lastschrift,2.99,4,4.0,False
103067,2024-01-30,1735,44.0,Mitte,Haushalt,Staubsauger,4,25.4,0.0,Sofortüberweisung,6.99,2,2.0,False
104833,2023-02-22,1444,23.0,Nord,Mode,Sneaker,1,40.82,0.0,PayPal,6.99,7,4.0,False
100959,2024-11-11,1301,41.0,Mitte,Elektronik,Powerbank,1,39.86,0.0,Sofortüberweisung,4.99,6,,False
100225,2024-01-24,1735,23.0,Nord,Mode,Jeans,1,63.05,0.0,Sofortüberweisung,0.0,5,5.0,False
103354,2024-06-21,1522,18.0,Ost,Haushalt,Kaffeemaschine,1,6.55,0.0,Sofortüberweisung,0.0,1,5.0,True
102485,2024-09-24,1171,47.0,Süd,Mode,Mütze,3,34.25,0.0,Kreditkarte,4.99,1,4.0,False
100562,2024-04-07,371,49.0,Mitte,Mode,Sneaker,3,28.64,0.0,Rechnung,,3,4.0,False
103436,2024-02-21,695,33.0,Ost,Elektronik,Bluetooth-Lautsprecher,4,7.2,0.0,Sofortüberweisung,2.99,3,4.0,False
101693,2023-07-11,1133,,Mitte,Mode,Sneaker,1,26.34,15.0,Lastschrift,0.0,3,3.0,False
101045,2024-11-18,427,36.0,West,ELEKTRONIK,Smartphone-Hülle,1,57.44,0.0,PayPal,4.99,4,2.0,False
103446,2024-09-23,687,18.0,Süd,Elektronik,USB-Kabel,1,58.64,0.0,Sofortüberweisung,2.99,2,4.0,False
104565,2024-07-01,874,45.0,Ost,Elektronik,Smartphone-Hülle,2,63.38,0.0,Rechnung,0.0,3,5.0,False
100954,2024-02-03,1480,50.0,Ost,Sport,Trinkflasche,1,33.65,0.0,Sofortüberweisung,2.99,3,5.0,False
102515,2024-09-22,714,36.0,Süd,Mode,Jeans,2,16.56,0.0,Lastschrift,0.0,4,5.0,False
102735,2024-09-02,1470,34.0,Süd,Elektronik,Bluetooth-Lautsprecher,2,32.83,0.0,Sofortüberweisung,2.99,3,4.0,False
104953,2023-09-07,849,44.0,Süd,Mode,T-Shirt,1,41.62,10.0,Kreditkarte,0.0,6,3.0,False
104735,2023-03-02,748,58.0,Nord,Sport,Trinkflasche,1,26.06,5.0,Lastschrift,4.99,1,,False
104872,2024-04-10,496,46.0,Ost,Elektronik,Bluetooth-Lautsprecher,2,52.59,5.0,Rechnung,0.0,1,5.0,False
101218,2024-08-05,700,39.0,Mitte,Bücher,Roman,1,13.94,0.0,Rechnung,0.0,2,4.0,False
101527,2024-11-26,1672,39.0,West,Bücher,Kinderbuch,2,12.68,0.0,Lastschrift,6.99,2,4.0,False
103987,2024-09-21,1478,,Nord,Elektronik,Powerbank,1,25.62,0.0,Sofortüberweisung,2.99,4,,False
101300,2024-11-27,1231,,West,Haushalt,Kaffeemaschine,1,29.09,5.0,Kreditkarte,2.99,1,5.0,False
104941,2023-12-13,918,20.0,Nord,Mode,T-Shirt,1,27.2,0.0,Kreditkarte,,4,5.0,False
100160,2024-02-18,1005,41.0,Nord,Mode,Jacke,4,34.17,10.0,PayPal,,3,5.0,False
104067,2024-10-28,116,39.0,Süd,Haushalt,Lampe,1,55.79,0.0,PayPal,4.99,6,3.0,False
100956,2023-12-12,1509,37.0,Nord,Mode,T-Shirt,1,803.7415827862288,0.0,Lastschrift,,3,5.0,False
103791,2023-04-05,1059,47.0,Süd,Elektronik,Smartphone-Hülle,1,59.97,0.0,Lastschrift,0.0,4,5.0,False
103234,2024-06-04,294,34.0,Süd,BÜCHER,Kinderbuch,2,3.64,0.0,Sofortüberweisung,4.99,3,,False
102869,2023-02-15,1328,41.0,West,Haushalt,Lampe,1,27.39,5.0,Lastschrift,6.99,1,5.0,False
103777,2023-11-24,963,35.0,Süd,Haushalt ,Lampe,1,87.05,0.0,Lastschrift,4.99,5,5.0,False
104433,2024-06-13,1606,41.0,Ost,Mode,Jeans,1,10.13,0.0,Sofortüberweisung,4.99,4,4.0,False
102961,2024-04-28,138,38.0,Süd,Haushalt,Pfannenset,1,41.5,0.0,Sofortüberweisung,4.99,4,4.0,False
102200,2023-06-02,606,39.0,Nord,Elektronik ,Bluetooth-Lautsprecher,2,33.65,10.0,Lastschrift,2.99,1,1.0,False
100098,2024-12-05,1148,18.0,Mitte,Bücher,Roman,2,8.63,0.0,Lastschrift,2.99,5,5.0,False
102557,2024-04-09,1151,33.0,Mitte,Sport,Yogamatte,2,35.3,20.0,PayPal,0.0,4,4.0,False
103183,2024-03-19,561,25.0,West,Mode,T-Shirt,1,16.59,10.0,Kreditkarte,2.99,5,5.0,False
100253,2024-11-16,1479,34.0,Nord,Haushalt ,Staubsauger,1,55.63,15.0,Lastschrift,2.99,4,5.0,False
103923,2024-02-07,52,39.0,West,Elektronik,Bluetooth-Lautsprecher,1,48.12,5.0,Kreditkarte,4.99,1,2.0,False
104199,2024-08-01,1629,45.0,Süd,Mode,Jeans,3,22.0,0.0,Rechnung,2.99,3,5.0,False
101445,2024-09-05,239,30.0,Mitte,Haushalt,Pfannenset,1,57.4,0.0,Rechnung,2.99,6,2.0,False
101648,2024-04-20,664,26.0,Nord,Bücher,Sachbuch,1,7.69,15.0,Kreditkarte,2.99,7,5.0,False
104682,2023-01-29,1133,35.0,Mitte,Elektronik,USB-Kabel,2,15.08,0.0,Lastschrift,0.0,5,3.0,False
104723,2023-08-10,181,54.0,Süd,Elektronik,Smartphone-Hülle,1,39.91,20.0,PayPal,4.99,3,2.0,False
103991,2023-12-13,1270,37.0,West,Bücher,Roman,1,26.01,0.0,Lastschrift,2.99,5,4.0,False
101696,2023-04-23,1099,35.0,Süd,Mode,Mütze,1,24.8,0.0,Kreditkarte,0.0,2,3.0,False
103191,2024-10-28,179,24.0,Ost,Haushalt,Lampe,1,40.56,0.0,Rechnung,6.99,4,3.0,False
104499,2023-07-11,1260,41.0,Nord,Sport,Yogamatte,2,23.21,15.0,Sofortüberweisung,0.0,2,5.0,False
101154,2024-05-06,300,48.0,Mitte,Mode,Jacke,2,94.07,20.0,PayPal,6.99,4,4.0,False
102255,2024-05-30,628,40.0,Ost,Elektronik,Bluetooth-Lautsprecher,2,33.85,0.0,Kreditkarte,0.0,3,4.0,False
101682,2023-08-07,1675,21.0,Nord,Mode,Jacke,1,27.89,15.0,Sofortüberweisung,0.0,4,2.0,False
103170,2023-05-12,278,32.0,Mitte,Bücher,Roman,3,13.82,15.0,Sofortüberweisung,4.99,3,5.0,False
102056,2024-08-21,975,26.0,Süd,Haushalt,Kaffeemaschine,1,105.3,20.0,PayPal,0.0,2,5.0,False
104090,2024-11-30,918,45.0,Nord,Mode,T-Shirt,1,21.6,0.0,Rechnung,4.99,4,4.0,True
103108,2024-07-02,497,45.0,West,Mode,Sneaker,1,46.27,20.0,Sofortüberweisung,0.0,3,5.0,False
104548,2023-03-14,1257,,Süd,MODE,Sneaker,3,31.23,0.0,Kreditkarte,0.0,3,4.0,False
103723,2023-01-24,1411,38.0,Nord,Elektronik,Kopfhörer,1,57.75,20.0,Sofortüberweisung,2.99,3,5.0,False
102049,2023-11-09,1553,44.0,Nord,Sport,Laufschuhe,1,32.41,0.0,PayPal,2.99,5,5.0,False
103643,2023-05-31,1315,29.0,Ost,Elektronik,Kopfhörer,3,10.11,0.0,Lastschrift,6.99,5,3.0,False
104977,2023-03-16,850,52.0,West,Mode,Jeans,2,28.93,0.0,Kreditkarte,2.99,7,5.0,False
100623,2024-01-12,1548,44.0,Süd,Elektronik,Bluetooth-Lautsprecher,1,33.82,5.0,PayPal,6.99,1,5.0,False
100262,2024-01-04,1797,50.0,Nord,Haushalt,Pfannenset,2,35.42,15.0,PayPal,4.99,4,5.0,False
103369,2024-05-21,523,35.0,West,Bücher,Comic,2,15.27,10.0,PayPal,2.99,2,4.0,False
104061,2024-06-01,990,57.0,Ost,Mode,Jacke,2,7.52,0.0,Lastschrift,4.99,5,4.0,False
101802,2023-12-07,781,18.0,Süd,Mode,T-Shirt,1,13.98,0.0,PayPal,0.0,4,5.0,False
104736,2024-08-31,439,38.0,Nord,Haushalt,Pfannenset,3,50.13,5.0,Rechnung,4.99,3,5.0,False
100029,2023-02-02,1582,44.0,West,Mode,Jacke,1,8.13,0.0,PayPal,6.99,1,,False
102385,2024-10-01,136,40.0,Ost,Sport,Fitnessband,2,29.3,0.0,Kreditkarte,4.99,4,5.0,False
101959,2023-04-29,238,40.0,Süd,Elektronik,Smartphone-Hülle,1,33.6,0.0,Lastschrift,2.99,2,5.0,False
102976,2024-02-17,926,26.0,Süd,Haushalt,Staubsauger,2,67.45,0.0,Kreditkarte,0.0,5,4.0,False
100488,2024-12-01,1714,18.0,Ost,Haushalt,Pfannenset,3,85.81,0.0,Kreditkarte,4.99,5,4.0,False
101843,2023-01-31,205,34.0,Ost,Mode,Sneaker,1,18.85,0.0,PayPal,2.99,4,5.0,False
101734,2023-07-15,510,31.0,Nord,Sport,Trinkflasche,1,30.28,0.0,Sofortüberweisung,6.99,5,4.0,False
102911,2023-11-20,1793,18.0,Mitte,Elektronik,Kopfhörer,1,58.01,10.0,PayPal,4.99,8,2.0,False
103219,2024-08-23,292,55.0,Ost,Sport,Hantel,5,43.78,15.0,Rechnung,2.99,6,5.0,False
100146,2023-06-26,558,33.0,Nord,Sport,Trinkflasche,2,18.2,25.0,Rechnung,2.99,2,3.0,False
101986,2023-04-06,1362,23.0,Süd,Mode,Sneaker,1,10.05,20.0,Sofortüberweisung,4.99,8,4.0,False
101369,2023-06-19,124,28.0,Nord,Bücher,Sachbuch,2,12.47,10.0,PayPal,4.99,1,,False
102811,2023-07-03,636,37.0,West,Elektronik,Bluetooth-Lautsprecher,1,70.54,15.0,Rechnung,2.99,3,3.0,False
100659,2023-08-03,835,18.0,Nord,Bücher,Kinderbuch,1,15.94,0.0,Sofortüberweisung,4.99,4,4.0,False
101794,2024-08-15,494,40.0,Nord,Bücher,Sachbuch,1,21.01,0.0,Rechnung,4.99,2,4.0,False
102511,2024-08-27,392,50.0,Mitte,SPORT,Fitnessband,1,30.75,0.0,Sofortüberweisung,2.99,5,5.0,False
103397,2024-12-02,1122,38.0,Ost,Bücher,Sachbuch,1,17.26,0.0,Kreditkarte,0.0,3,5.0,False
104282,2023-07-01,499,18.0,West,Mode,Mütze,2,41.37,15.0,PayPal,6.99,3,1.0,False
101147,2024-06-07,1358,40.0,West,Elektronik,Smartphone-Hülle,2,66.08,0.0,Sofortüberweisung,6.99,4,4.0,False
103272,2024-08-08,744,57.0,Mitte,Sport,Fitnessband,5,42.63,10.0,Rechnung,4.99,3,3.0,False
100608,2024-05-18,1369,52.0,West,Elektronik,USB-Kabel,1,26.33,0.0,Sofortüberweisung,2.99,1,4.0,False
103582,2023-07-29,378,36.0,Süd,Sport,Yogamatte,1,30.2,5.0,Lastschrift,4.99,6,,False
101930,2023-11-26,1001,38.0,Nord,Mode,Jacke,3,42.41,0.0,Kreditkarte,6.99,6,5.0,False
100197,2023-05-02,1707,55.0,Süd,Sport,Trinkflasche,1,70.55,5.0,PayPal,2.99,3,5.0,False
102931,2024-12-17,1287,43.0,Ost,Haushalt,Pfannenset,1,38.19,0.0,Lastschrift,6.99,4,1.0,False
102327,2024-03-01,832,41.0,Ost,Bücher,Comic,1,6.09,0.0,Sofortüberweisung,0.0,6,2.0,False
104389,2024-07-24,1407,43.0,Mitte,Elektronik,USB-Kabel,5,11.99,0.0,Kreditkarte,0.0,5,,True
100766,2024-12-24,583,28.0,West,Mode,T-Shirt,2,12.0,0.0,PayPal,6.99,7,4.0,False
104496,2024-11-08,330,58.0,Mitte,Sport,Laufschuhe,1,34.19,0.0,Sofortüberweisung,4.99,2,5.0,False
104218,2024-04-19,495,56.0,Ost,Sport,Laufschuhe,2,27.84,0.0,Lastschrift,0.0,1,5.0,False
103255,2024-01-13,1672,50.0,Süd,Sport,Yogamatte,1,40.23,0.0,Sofortüberweisung,2.99,2,,False
100202,2023-12-30,946,37.0,West,Elektronik,Powerbank,2,34.41,0.0,Rechnung,4.99,6,5.0,False
103510,2023-07-09,210,31.0,Ost,Haushalt,Lampe,1,30.85,0.0,Sofortüberweisung,6.99,3,3.0,False
101733,2023-05-06,1592,27.0,Mitte,Haushalt,Lampe,1,35.36,0.0,Sofortüberweisung,0.0,6,5.0,False
102777,2023-10-25,1258,49.0,Ost,Sport,Trinkflasche,1,21.91,0.0,Lastschrift,2.99,4,5.0,False
101707,2023-12-14,1570,28.0,West,Mode,Jacke,1,14.03,0.0,PayPal,6.99,1,5.0,False
103474,2024-02-26,1103,32.0,West,Bücher,Comic,1,4.24,10.0,Sofortüberweisung,0.0,4,4.0,False
100854,2024-12-10,727,48.0,Mitte,Bücher,Sachbuch,1,5.23,0.0,Rechnung,2.99,6,5.0,False
104737,2024-06-08,451,43.0,Nord,Elektronik,Bluetooth-Lautsprecher,1,26.98,0.0,Sofortüberweisung,4.99,6,1.0,False
104097,2023-11-15,942,28.0,West,Mode,T-Shirt,1,10.84,0.0,Rechnung,4.99,6,5.0,False
102160,2024-10-19,1645,27.0,Ost,Sport,Laufschuhe,2,14.46,20.0,Lastschrift,2.99,5,5.0,True
100698,2023-08-12,957,33.0,Mitte,Mode,Jeans,1,25.6,0.0,Kreditkarte,0.0,4,5.0,False
104997,2023-11-21,167,46.0,West,Elektronik ,Smartphone-Hülle,1,36.2,10.0,Rechnung,4.99,6,4.0,False
102999,2023-06-06,980,25.0,Süd,Sport,Fitnessband,1,10.15,0.0,Kreditkarte,4.99,3,1.0,False
103696,2023-05-20,1284,35.0,Nord,Haushalt,Lampe,1,26.83,15.0,PayPal,0.0,2,5.0,False
101636,2023-02-17,300,,Nord,Sport,Yogamatte,1,57.94,0.0,Rechnung,0.0,4,4.0,False
103457,2023-11-01,765,34.0,Mitte,Mode,Jacke,1,38.35,10.0,Rechnung,0.0,5,4.0,False
103581,2024-01-14,535,47.0,Mitte,Bücher,Comic,1,17.11,10.0,Sofortüberweisung,0.0,5,4.0,False
101291,2023-03-15,256,33.0,West,Haushalt,Lampe,1,60.19,0.0,Rechnung,6.99,5,4.0,False
104659,2024-11-11,928,35.0,Nord,Elektronik,Powerbank,1,21.89,10.0,Lastschrift,2.99,5,1.0,False
101853,2023-05-14,1568,18.0,Süd,Bücher,Comic,1,34.61,10.0,Lastschrift,6.99,2,3.0,False
103763,2024-03-09,470,37.0,West,Haushalt,Staubsauger,1,57.48,5.0,Sofortüberweisung,2.99,3,5.0,False
103304,2024-07-10,1261,25.0,Nord,Mode,Sneaker,2,14.92,0.0,PayPal,2.99,1,3.0,False
104962,2024-08-09,1156,41.0,Mitte,Elektronik,Kopfhörer,2,46.24,5.0,Kreditkarte,2.99,3,4.0,False
103743,2024-05-18,884,45.0,Nord,Haushalt,Kaffeemaschine,1,30.9,15.0,Rechnung,4.99,3,5.0,False
103445,2024-10-06,396,39.0,Ost,Mode,T-Shirt,3,34.82,0.0,Rechnung,0.0,1,3.0,False
101998,2024-04-03,110,44.0,Süd,Elektronik,Kopfhörer,3,32.36,0.0,Lastschrift,2.99,6,4.0,False
100663,2023-01-16,1655,19.0,Ost,Mode,T-Shirt,1,57.53,0.0,Lastschrift,2.99,1,4.0,False
104779,2023-01-25,1325,28.0,Süd,Sport,Yogamatte,1,157.64,0.0,Lastschrift,0.0,3,3.0,False
103748,2023-10-27,1189,47.0,Ost,Mode,Mütze,2,35.43,10.0,Rechnung,4.99,6,1.0,False
104413,2023-09-03,701,25.0,Nord,Bücher,Kochbuch,3,20.05,10.0,Rechnung,2.99,3,5.0,False
104744,2023-07-08,3,33.0,Ost,Elektronik,Bluetooth-Lautsprecher,1,13.88,15.0,Rechnung,0.0,4,,False
100709,2023-07-01,1261,43.0,Ost,Bücher,Roman,4,18.15,15.0,Rechnung,,8,4.0,False
101282,2024-04-02,1382,32.0,Ost,Elektronik,Powerbank,2,28.09,0.0,Lastschrift,4.99,3,,False
102675,2023-04-05,692,46.0,Ost,Elektronik,USB-Kabel,3,39.39,0.0,Lastschrift,0.0,3,5.0,False
104029,2023-01-26,845,26.0,West,Elektronik ,USB-Kabel,1,34.77,0.0,Rechnung,6.99,4,5.0,False
101306,2023-02-03,1045,22.0,Mitte,SPORT,Fitnessband,1,58.99,20.0,Lastschrift,2.99,3,2.0,False
102237,2023-11-08,243,42.0,West,Mode,Jeans,1,4.06,0.0,PayPal,2.99,4,4.0,False
103302,2023-07-30,1024,32.0,West,Mode,Jeans,2,39.1,0.0,Lastschrift,6.99,1,4.0,False
102038,2023-09-17,315,43.0,Süd,Sport ,Hantel,4,54.16,10.0,Rechnung,4.99,4,3.0,False
101529,2024-07-24,1670,39.0,Süd,Sport,Hantel,1,33.56,0.0,PayPal,2.99,1,5.0,False
101663,2023-07-24,115,44.0,Ost,Sport,Fitnessband,2,28.75,0.0,PayPal,4.99,1,4.0,False
104984,2024-07-13,866,43.0,Süd,Haushalt,Bettwäsche,1,26.85,0.0,PayPal,0.0,2,4.0,False
101055,2024-08-13,762,47.0,West,Mode,Mütze,1,17.1,0.0,Lastschrift,2.99,1,,False
103627,2024-07-07,1327,46.0,Ost,Elektronik,USB-Kabel,2,24.32,0.0,Rechnung,0.0,8,5.0,False
104891,2023-08-27,1501,40.0,Süd,Bücher,Kochbuch,5,10.23,5.0,Lastschrift,2.99,1,3.0,False
102693,2023-10-31,1300,54.0,Süd,Elektronik,USB-Kabel,4,43.9,0.0,Rechnung,2.99,2,5.0,False
103060,2023-09-25,1319,44.0,Süd,Haushalt,Pfannenset,1,29.36,15.0,Sofortüberweisung,2.99,3,5.0,False
101597,2024-02-04,65,40.0,Nord,Sport,Trinkflasche,2,11.19,0.0,Lastschrift,6.99,2,5.0,False
102729,2023-03-21,864,18.0,Süd,BÜCHER,Roman,1,20.23,15.0,Sofortüberweisung,6.99,5,5.0,False
102625,2024-05-21,173,62.0,Süd,Bücher,Sachbuch,1,9.55,10.0,Lastschrift,2.99,1,2.0,False
103157,2024-12-15,290,62.0,West,Bücher,Kinderbuch,2,25.14,10.0,PayPal,6.99,3,4.0,False
103314,2024-10-03,473,51.0,Süd,Haushalt,Staubsauger,1,35.1,0.0,Rechnung,2.99,6,,False
101722,2023-04-25,1337,30.0,Mitte,Haushalt,Kaffeemaschine,1,41.33,0.0,Sofortüberweisung,2.99,3,3.0,False
101059,2024-12-24,1392,44.0,Mitte,MODE,Mütze,2,8.16,0.0,Kreditkarte,0.0,4,5.0,False
104636,2023-07-19,826,40.0,Mitte,Haushalt,Kaffeemaschine,1,34.42,0.0,Kreditkarte,2.99,5,,False
103242,2023-05-26,439,48.0,Nord,Sport,Hantel,1,12.63,0.0,Kreditkarte,0.0,7,4.0,False
101678,2023-10-31,1180,49.0,Süd,Mode,Jacke,2,25.04,0.0,Rechnung,0.0,1,5.0,False
101757,2024-09-18,1344,43.0,West,Sport,Trinkflasche,1,39.1,5.0,PayPal,2.99,2,4.0,False
104191,2023-11-15,1007,41.0,Ost,Mode,Jacke,2,36.92,0.0,Lastschrift,6.99,4,4.0,False
100563,2023-03-02,763,49.0,Ost,Haushalt,Lampe,2,109.39,0.0,Rechnung,0.0,2,4.0,False
102790,2023-03-05,556,,Mitte,Mode,Sneaker,1,21.52,25.0,PayPal,2.99,1,3.0,False
100863,2023-11-20,615,36.0,Mitte,Elektronik,USB-Kabel,1,44.38,10.0,Lastschrift,2.99,3,4.0,False
101484,2024-04-11,1186,46.0,Mitte,Elektronik,Powerbank,3,65.47,10.0,Lastschrift,4.99,1,5.0,False
100206,2023-02-14,374,50.0,West,Mode,Jacke,1,38.7,5.0,Rechnung,6.99,3,3.0,True
104488,2024-07-05,294,56.0,Nord,Mode,Sneaker,1,38.9,5.0,Kreditkarte,0.0,4,4.0,False
100870,2024-02-03,1336,50.0,West,Elektronik,USB-Kabel,5,10.76,10.0,Sofortüberweisung,2.99,6,4.0,False
104493,2023-08-30,1466,35.0,Nord,Bücher,Roman,2,16.54,0.0,Kreditkarte,6.99,3,5.0,False
100502,2023-06-12,1432,21.0,Süd,Elektronik,Powerbank,5,31.03,0.0,Kreditkarte,2.99,3,4.0,False
101028,2023-01-29,1283,36.0,West,Elektronik,Smartphone-Hülle,4,118.29,0.0,Rechnung,6.99,5,4.0,False
103840,2024-10-06,1765,48.0,West,Mode,Jeans,1,14.16,0.0,Rechnung,4.99,1,5.0,True
102690,2023-08-01,441,32.0,Süd,Elektronik,Kopfhörer,1,82.87,0.0,Lastschrift,4.99,4,5.0,False
101570,2024-10-23,720,37.0,Nord,Mode,Mütze,1,48.17,0.0,Sofortüberweisung,4.99,6,5.0,False
102773,2023-04-04,1001,22.0,Nord,Mode,Jacke,2,23.78,10.0,Rechnung,2.99,8,5.0,False
102731,2024-10-25,1607,42.0,West,Elektronik,Powerbank,1,65.64,0.0,PayPal,4.99,4,4.0,False
100804,2023-12-26,1484,44.0,West,Haushalt,Kaffeemaschine,4,85.11,5.0,Rechnung,6.99,4,3.0,False
103645,2024-07-09,636,32.0,Nord,Elektronik,Powerbank,4,8.84,0.0,Kreditkarte,2.99,3,,False
102454,2023-06-10,204,35.0,West,Elektronik,Kopfhörer,1,17.55,0.0,Lastschrift,0.0,4,4.0,True
104598,2023-10-18,567,18.0,Süd,Sport,Laufschuhe,2,18.92,0.0,Sofortüberweisung,6.99,1,4.0,False
103104,2024-11-05,230,46.0,Mitte,Elektronik ,Powerbank,1,57.98,5.0,PayPal,4.99,4,4.0,False
104875,2023-10-22,826,52.0,Süd,Elektronik,Powerbank,1,32.09,0.0,Sofortüberweisung,0.0,3,3.0,False
100200,2024-08-13,1273,39.0,Süd,Mode,Mütze,2,13.36,10.0,Kreditkarte,0.0,3,4.0,False
103099,2023-03-21,291,44.0,Mitte,Elektronik,Kopfhörer,1,17.07,0.0,Sofortüberweisung,2.99,3,4.0,False
102278,2024-07-17,1196,39.0,Nord,Haushalt,Pfannenset,1,29.61,20.0,Rechnung,2.99,4,2.0,False
103561,2024-03-10,1715,,West,Mode,Sneaker,1,51.43,0.0,Sofortüberweisung,,6,4.0,False
104474,2023-02-23,1065,18.0,Nord,Mode,Mütze,1,74.79,0.0,Lastschrift,2.99,2,5.0,False
104514,2024-04-25,535,21.0,Süd,Bücher,Kinderbuch,1,28.0,0.0,Kreditkarte,2.99,4,4.0,False
100391,2023-10-23,644,35.0,Süd,Elektronik,Bluetooth-Lautsprecher,1,46.51,0.0,Lastschrift,0.0,1,5.0,False
101495,2023-07-04,729,21.0,West,Sport,Hantel,1,34.61,0.0,Lastschrift,6.99,3,3.0,False
102695,2023-12-06,1624,37.0,West,Mode,Jeans,2,33.25,0.0,Sofortüberweisung,2.99,5,5.0,False
102027,2024-03-04,416,58.0,West,Mode,Mütze,1,23.81,5.0,PayPal,0.0,6,4.0,False
102568,2024-09-05,1046,31.0,Mitte,HAUSHALT,Bettwäsche,1,72.86,0.0,Lastschrift,2.99,1,3.0,False
100064,2023-10-03,908,48.0,Ost,Bücher,Comic,1,33.39,0.0,Kreditkarte,6.99,5,4.0,False
103884,2023-04-19,92,36.0,Nord,Sport,Trinkflasche,1,25.02,0.0,Sofortüberweisung,4.99,4,,False
102062,2024-12-18,1784,34.0,Mitte,Haushalt,Kaffeemaschine,1,24.59,0.0,Kreditkarte,4.99,7,5.0,False
100492,2024-09-17,39,26.0,Süd,ELEKTRONIK,Powerbank,2,30.29,5.0,PayPal,2.99,1,5.0,False
100379,2024-09-04,1126,54.0,West,Bücher ,Sachbuch,2,13.38,0.0,Sofortüberweisung,4.99,1,3.0,True
104859,2024-04-06,1509,36.0,Ost,Mode,Mütze,1,22.68,5.0,Kreditkarte,6.99,4,4.0,False
103993,2024-11-09,1311,49.0,Ost,Elektronik,Powerbank,2,39.71,15.0,Lastschrift,2.99,4,4.0,False
104887,2023-10-21,1100,18.0,Süd,Haushalt,Bettwäsche,2,33.6,5.0,Sofortüberweisung,6.99,3,5.0,False
101076,2023-08-31,1702,35.0,Mitte,Bücher,Comic,1,31.47,10.0,Sofortüberweisung,0.0,7,1.0,False
100878,2024-01-14,1424,60.0,Süd,Mode,Mütze,4,70.65,0.0,Lastschrift,2.99,2,4.0,False
100337,2024-09-27,782,25.0,Süd,Mode,Jacke,1,34.34,0.0,Kreditkarte,6.99,3,4.0,False
101016,2024-03-13,1050,53.0,Ost,Elektronik,Bluetooth-Lautsprecher,1,52.29,10.0,Lastschrift,2.99,7,5.0,False
101275,2024-06-02,1326,27.0,Nord,Haushalt,Lampe,2,41.2,0.0,Rechnung,4.99,5,5.0,False
103798,2024-12-05,1207,43.0,Mitte,Sport,Hantel,1,35.98,0.0,Rechnung,2.99,1,5.0,False
104551,2023-05-15,225,37.0,Nord,Haushalt,Staubsauger,2,37.66,25.0,Rechnung,0.0,3,3.0,False
103342,2024-01-04,713,55.0,Süd,Bücher,Kochbuch,1,12.81,0.0,PayPal,4.99,4,2.0,False
104911,2024-09-04,942,37.0,Nord,HAUSHALT,Pfannenset,3,105.96,15.0,Sofortüberweisung,4.99,4,5.0,False
100995,2023-03-17,258,38.0,Süd,Bücher,Roman,1,30.59,10.0,PayPal,2.99,6,5.0,False
101981,2023-07-23,1154,32.0,Süd,Elektronik,Smartphone-Hülle,2,40.09,25.0,Rechnung,,5,4.0,False
104297,2023-09-08,641,40.0,Süd,Haushalt,Bettwäsche,2,17.27,0.0,Rechnung,0.0,6,3.0,False
100161,2023-08-04,466,26.0,Nord,Elektronik,Bluetooth-Lautsprecher,2,32.4,0.0,Lastschrift,2.99,3,5.0,False
104798,2023-08-12,439,35.0,West,Haushalt,Pfannenset,2,42.02,5.0,Lastschrift,0.0,6,1.0,False
101500,2024-03-27,148,39.0,Süd,Sport,Yogamatte,1,29.06,15.0,Rechnung,4.99,1,4.0,False
103843,2024-07-23,580,30.0,Nord,Elektronik,Bluetooth-Lautsprecher,1,15.12,0.0,Sofortüberweisung,0.0,3,1.0,False
102613,2024-11-17,1507,18.0,Mitte,Mode,Mütze,2,45.16,0.0,Sofortüberweisung,4.99,5,4.0,False
103461,2024-03-09,379,48.0,Mitte,Haushalt,Lampe,1,51.41,10.0,Kreditkarte,4.99,1,4.0,False
101021,2023-01-02,1715,38.0,West,Mode,Sneaker,1,1032.4101033035342,25.0,Lastschrift,2.99,6,2.0,False
103073,2023-03-09,1355,43.0,Mitte,Mode,T-Shirt,1,26.84,0.0,Sofortüberweisung,0.0,1,4.0,False
103943,2024-08-09,1530,39.0,Mitte,Sport,Fitnessband,1,36.46,5.0,Sofortüberweisung,0.0,3,,False
101585,2024-07-25,715,25.0,Mitte,Sport,Yogamatte,1,79.21,0.0,Kreditkarte,2.99,4,5.0,False
101955,2024-09-17,1584,52.0,Ost,Elektronik,Smartphone-Hülle,1,29.93,25.0,Sofortüberweisung,6.99,3,5.0,False
103152,2024-11-04,127,33.0,West,ELEKTRONIK,Bluetooth-Lautsprecher,1,63.26,20.0,Kreditkarte,2.99,4,5.0,False
100034,2023-08-09,1752,36.0,Nord,Bücher,Kochbuch,4,4.54,0.0,Sofortüberweisung,0.0,7,4.0,False
104014,2023-04-25,326,27.0,West,Mode,Sneaker,1,15.14,0.0,Lastschrift,4.99,4,4.0,False
100775,2023-10-14,721,23.0,West,Elektronik,USB-Kabel,2,39.14,0.0,Sofortüberweisung,2.99,3,5.0,False
102556,2024-01-31,1367,18.0,West,Haushalt ,Staubsauger,2,43.37,20.0,Sofortüberweisung,,2,4.0,False
101478,2023-01-30,1514,18.0,Ost,Haushalt,Bettwäsche,2,15.66,0.0,Lastschrift,0.0,4,4.0,False
101363,2023-08-08,1167,31.0,Mitte,Haushalt,Pfannenset,2,52.88,0.0,Kreditkarte,2.99,5,5.0,False
102612,2023-11-21,1734,57.0,Süd,Haushalt,Staubsauger,1,37.01,0.0,Lastschrift,6.99,4,5.0,False
102824,2023-01-22,1418,48.0,West,Mode,Jacke,1,33.22,0.0,Kreditkarte,4.99,7,4.0,False
102041,2023-11-17,1583,52.0,Ost,Sport,Trinkflasche,1,35.72,25.0,Sofortüberweisung,0.0,6,3.0,False
100241,2023-04-10,758,50.0,Nord,Mode,Mütze,1,49.07,0.0,Kreditkarte,4.99,4,3.0,False
102061,2024-07-26,1584,46.0,Ost,Elektronik,Powerbank,1,20.72,0.0,PayPal,6.99,5,2.0,False
102363,2023-10-02,1261,38.0,Süd,Bücher,Roman,1,6.42,0.0,PayPal,2.99,6,4.0,False
100600,2024-11-09,1306,22.0,West,Mode,T-Shirt,2,97.83,15.0,Lastschrift,2.99,4,5.0,False
102435,2023-01-23,896,46.0,West,Haushalt,Staubsauger,1,17.21,0.0,Rechnung,6.99,4,5.0,False
102888,2024-10-31,769,44.0,West,Elektronik,Bluetooth-Lautsprecher,1,38.13,0.0,Sofortüberweisung,2.99,7,4.0,False
100646,2024-03-04,1366,31.0,West,Bücher,Sachbuch,2,5.12,10.0,Lastschrift,2.99,4,,False
103890,2023-03-03,422,18.0,Süd,Mode,T-Shirt,2,37.81,0.0,Rechnung,2.99,3,2.0,False
103556,2023-12-10,464,26.0,Ost,Mode,Jacke,4,17.81,0.0,Lastschrift,2.99,7,4.0,False
103202,2024-09-23,172,32.0,Süd,Mode,Jacke,2,19.03,0.0,Kreditkarte,2.99,5,4.0,False
101528,2024-04-06,875,31.0,West,Bücher,Comic,2,4.84,15.0,Rechnung,6.99,1,4.0,False
101267,2023-02-23,1401,57.0,Süd,Mode,Sneaker,1,43.87,0.0,Lastschrift,0.0,3,5.0,True
101899,2024-12-31,1282,32.0,Süd,Mode,Mütze,1,24.53,0.0,Lastschrift,0.0,4,4.0,False
104658,2023-09-06,1651,50.0,Süd,Mode,Jeans,1,19.22,0.0,PayPal,0.0,3,4.0,False
103005,2023-03-17,43,41.0,Mitte,Haushalt,Bettwäsche,4,110.31,0.0,Sofortüberweisung,0.0,1,5.0,True
102734,2023-04-13,1071,52.0,Ost,Elektronik,Smartphone-Hülle,1,77.72,20.0,Sofortüberweisung,0.0,2,5.0,False
100189,2023-09-17,139,35.0,West,Elektronik,Powerbank,1,27.28,0.0,Kreditkarte,4.99,3,5.0,True
101806,2024-02-18,1598,54.0,Ost,Elektronik,USB-Kabel,2,32.1,5.0,PayPal,0.0,5,4.0,False
100975,2023-07-21,20,36.0,Mitte,Bücher,Comic,1,16.58,25.0,PayPal,0.0,3,4.0,False
102747,2024-12-15,649,36.0,Süd,Mode,Jacke,3,28.0,0.0,Lastschrift,4.99,3,5.0,False
102047,2024-08-29,548,32.0,Ost,Mode,Jeans,1,28.01,0.0,Sofortüberweisung,4.99,6,4.0,False
102558,2023-03-23,692,35.0,West,Sport,Laufschuhe,1,39.31,0.0,Kreditkarte,0.0,1,5.0,False
101082,2023-09-12,767,23.0,Mitte,Mode,Jacke,2,15.13,0.0,Sofortüberweisung,2.99,5,5.0,False
100474,2024-11-28,871,52.0,Süd,Sport,Trinkflasche,5,8.17,0.0,Rechnung,2.99,4,2.0,False
102904,2023-05-14,928,53.0,Ost,Haushalt ,Staubsauger,1,35.34,0.0,Lastschrift,4.99,4,5.0,False
104843,2023-07-26,767,39.0,Ost,Haushalt,Kaffeemaschine,1,22.8,0.0,Sofortüberweisung,6.99,7,4.0,False
104117,2023-02-21,1527,38.0,Ost,Elektronik,Smartphone-Hülle,2,21.5,0.0,Lastschrift,4.99,3,3.0,False
103385,2023-07-10,127,34.0,Süd,ELEKTRONIK,Powerbank,2,68.67,0.0,Sofortüberweisung,4.99,7,4.0,False
104555,2023-06-16,43,18.0,Ost,Sport,Laufschuhe,1,11.1,0.0,Lastschrift,2.99,2,5.0,False
101184,2024-10-07,132,34.0,Mitte,Sport,Hantel,1,23.56,15.0,Lastschrift,4.99,4,3.0,False
102433,2023-02-02,1148,50.0,Nord,Mode,Jacke,2,17.73,0.0,Kreditkarte,0.0,5,3.0,False
102391,2024-06-10,929,39.0,Mitte,Haushalt,Lampe,1,25.41,0.0,Sofortüberweisung,6.99,2,5.0,False
100769,2023-07-28,1710,18.0,West,Sport,Hantel,1,23.1,0.0,Rechnung,2.99,3,5.0,False
101685,2024-04-08,649,20.0,Süd,Haushalt,Bettwäsche,2,17.67,15.0,Sofortüberweisung,0.0,1,5.0,False
100130,2024-12-24,1689,38.0,West,Elektronik,Kopfhörer,1,74.46,10.0,Rechnung,2.99,3,5.0,False
102919,2023-06-20,1785,36.0,Ost,Haushalt,Lampe,1,35.41,20.0,Kreditkarte,4.99,1,5.0,False
103171,2024-11-14,190,29.0,Süd,Elektronik,Powerbank,1,51.03,10.0,Rechnung,4.99,6,2.0,False
103444,2024-10-13,1189,23.0,Mitte,Bücher,Kinderbuch,3,7.86,5.0,PayPal,2.99,4,5.0,False
104426,2024-09-20,581,38.0,Nord,Elektronik,Bluetooth-Lautsprecher,1,19.92,0.0,Kreditkarte,6.99,7,5.0,False
100466,2024-01-07,691,18.0,Ost,Bücher,Roman,1,29.58,0.0,Kreditkarte,0.0,2,4.0,False
103092,2023-03-30,850,34.0,Süd,Elektronik,USB-Kabel,3,12.85,0.0,Lastschrift,2.99,7,4.0,False
103772,2024-04-04,838,43.0,Nord,Elektronik,Kopfhörer,1,36.0,0.0,Kreditkarte,2.99,4,5.0,False
100860,2023-03-11,898,54.0,Mitte,Bücher,Roman,1,7.84,0.0,Sofortüberweisung,0.0,2,5.0,False
